scenario_size,rep,proposal,iteration,gap_percent,objective,reference_objective
1000,1,dual_vmf,0,53.301152087590594,49155.15317218556,32064.438200764547
1000,1,dual_vmf,100,8.044896751060492,34643.98914782365,32064.438200764547
1000,1,dual_vmf,200,2.7975676357375003,32961.46254645019,32064.438200764547
1000,1,dual_vmf,300,0.7369067473987335,32300.72320938148,32064.438200764547
1000,1,dual_vmf,400,0.1465495766286112,32111.42849919611,32064.438200764547
1000,1,dual_vmf,500,0.0578913633649638,32083.00074119429,32064.438200764547
1000,1,dual_vmf,600,0.0419236529861628,32077.8807845678,32064.438200764547
1000,1,dual_vmf,700,0.0341462614913746,32075.38700767832,32064.438200764547
1000,1,dual_vmf,800,0.0312650718814132,32074.463170416388,32064.438200764547
1000,1,dual_vmf,900,0.0282222937123723,32073.48752069079,32064.438200764547
1000,1,dual_vmf,1000,0.0256326408515217,32072.657163049607,32064.438200764547
1000,1,dual_vmf,1100,0.0237598951167386,32072.05667765082,32064.438200764547
1000,1,dual_vmf,1200,0.0217050013658615,32071.39778751398,32064.438200764547
1000,1,dual_vmf,1300,0.0213203530192226,32071.27445218258,32064.438200764547
1000,1,dual_vmf,1400,0.0197725954478741,32070.778172412614,32064.438200764547
1000,1,dual_vmf,1500,0.0177156764569601,32070.118632893937,32064.438200764547
1000,1,dual_vmf,1600,0.0148686193551009,32069.20574002897,32064.438200764547
1000,1,dual_vmf,1700,0.0137735598675239,32068.854615356315,32064.438200764547
1000,1,dual_vmf,1800,0.0130036630357245,32068.607752262476,32064.438200764547
1000,1,dual_vmf,1900,0.0118065328865959,32068.223899205623,32064.438200764547
1000,1,dual_vmf,2000,0.0116433345876892,32068.171570587925,32064.438200764547
1000,1,dual_vmf,2100,0.0105332261956189,32067.81562056859,32064.438200764547
1000,1,dual_vmf,2200,0.0103088188129051,32067.74366560204,32064.438200764547
1000,1,dual_vmf,2300,0.0096433000065912,32067.530270735675,32064.438200764547
1000,1,dual_vmf,2400,0.0092147144810265,32067.392847194693,32064.438200764547
1000,1,dual_vmf,2500,0.0094321526218634,32067.462567512983,32064.438200764547
1000,1,dual_vmf,2600,0.0092375561013511,32067.40017123193,32064.438200764547
1000,1,dual_vmf,2700,0.0083374952056319,32067.11157176225,32064.438200764547
1000,1,dual_vmf,2800,0.0079741670488577,32066.995072629958,32064.438200764547
1000,1,dual_vmf,2900,0.0077787829003595,32066.932423800405,32064.438200764547
1000,1,dual_vmf,3000,0.0078214030031383,32066.94608969692,32064.438200764547
1000,1,dual_vmf,3100,0.0077891599954565,32066.93575115765,32064.438200764547
1000,1,dual_vmf,3200,0.0080037037698774,32067.00454341361,32064.438200764547
1000,1,dual_vmf,3300,0.0080139427106235,32067.00782647244,32064.438200764547
1000,1,dual_vmf,3400,0.0073553227417183,32066.79664367953,32064.438200764547
1000,1,dual_vmf,3500,0.0070221558891021,32066.68981559997,32064.438200764547
1000,1,dual_vmf,3600,0.0069275896766105,32066.659493475207,32064.438200764547
1000,1,dual_vmf,3700,0.0068222559816077,32066.625718817668,32064.438200764547
1000,1,dual_vmf,3800,0.0065620100508153,32066.54227242202,32064.438200764547
1000,1,dual_vmf,3900,0.0061455157494517,32066.40872586415,32064.438200764547
1000,1,dual_vmf,4000,0.0055709329164304,32066.224489106746,32064.438200764547
1000,1,dual_vmf,4100,0.0055206584461397,32066.208368880285,32064.438200764547
1000,1,dual_vmf,4200,0.0053587484957669,32066.156453364307,32064.438200764547
1000,1,dual_vmf,4300,0.0050848501976269,32066.068629413767,32064.438200764547
1000,1,dual_vmf,4400,0.0048354836700003,32065.988671437623,32064.438200764547
1000,1,dual_vmf,4500,0.0048841931274428,32066.004289851506,32064.438200764547
1000,1,dual_vmf,4600,0.0047178056815904,32065.950938651757,32064.438200764547
1000,1,dual_vmf,4700,0.0046378219929322,32065.92529233133,32064.438200764547
1000,1,dual_vmf,4800,0.0043852218010975,32065.844297498927,32064.438200764547
1000,1,dual_vmf,4900,0.0040726254764797,32065.7440652436,32064.438200764547
1000,1,dual_vmf,5000,0.0038407768784237,32065.66972429316,32064.438200764547
1000,1,dual_vmf,5100,0.0036101976012413,32065.595790343323,32064.438200764547
1000,1,dual_vmf,5200,0.0035940903175687,32065.590625633304,32064.438200764547
1000,1,dual_vmf,5300,0.0035973183063851,32065.591660669783,32064.438200764547
1000,1,dual_vmf,5400,0.0033263741146895,32065.50478393688,32064.438200764547
1000,1,dual_vmf,5500,0.0031615824727546,32065.45194442269,32064.438200764547
1000,1,dual_vmf,5600,0.0033675491105087,32065.517986467967,32064.438200764547
1000,1,dual_vmf,5700,0.0034891037498022,32065.556962280163,32064.438200764547
1000,1,dual_vmf,5800,0.0034343359732681,32065.539401300302,32064.438200764547
1000,1,dual_vmf,5900,0.0032376836578133,32065.476345840143,32064.438200764547
1000,1,dual_vmf,6000,0.0031080761114058,32065.43478790852,32064.438200764547
1000,1,dual_vmf,6100,0.0031627221682037,32065.452309859636,32064.438200764547
1000,1,dual_vmf,6200,0.0031732178667668,32065.45567524641,32064.438200764547
1000,1,dual_vmf,6300,0.0029979227305218,32065.399467845786,32064.438200764547
1000,1,dual_vmf,6400,0.0028496755384336,32065.35193321649,32064.438200764547
1000,1,dual_vmf,6500,0.0024741126144702,32065.23151107483,32064.438200764547
1000,1,dual_vmf,6600,0.0021051386064123,32065.11320163204,32064.438200764547
1000,1,dual_vmf,6700,0.0018312680727941,32065.02538658404,32064.438200764547
1000,1,dual_vmf,6800,0.0020927041890983,32065.109214605985,32064.438200764547
1000,1,dual_vmf,6900,0.002072012029918,32065.102579781396,32064.438200764547
1000,1,dual_vmf,7000,0.0021367140715333,32065.12332612754,32064.438200764547
1000,1,dual_vmf,7100,0.0018704194256391,32065.037940245376,32064.438200764547
1000,1,dual_vmf,7200,0.0017712199749215,32065.00613249881,32064.438200764547
1000,1,dual_vmf,7300,0.0019523271886817,32065.06420350944,32064.438200764547
1000,1,dual_vmf,7400,0.0018690162927499,32065.0374903387,32064.438200764547
1000,1,dual_vmf,7500,0.0019901426744048,32065.07632883249,32064.438200764547
1000,1,dual_vmf,7600,0.0020723849197941,32065.10269934644,32064.438200764547
1000,1,dual_vmf,7700,0.0020622299833622,32065.09944322312,32064.438200764547
1000,1,dual_vmf,7800,0.0020074801224035,32065.081887987788,32064.438200764547
1000,1,dual_vmf,7900,0.0020000213973491,32065.079496389502,32064.438200764547
1000,1,dual_vmf,8000,0.0020070201039896,32065.081740485468,32064.438200764547
1000,1,dual_vmf,8100,0.0019956471173516,32065.0780938012,32064.438200764547
1000,1,dual_vmf,8200,0.001864163714732,32065.03593438682,32064.438200764547
1000,1,dual_vmf,8300,0.0019138282414288,32065.05185903829,32064.438200764547
1000,1,dual_vmf,8400,0.0020254331495412,32065.08764452508,32064.438200764547
1000,1,dual_vmf,8500,0.0020290962511281,32065.088819078024,32064.438200764547
1000,1,dual_vmf,8600,0.0022184612038275,32065.149537886256,32064.438200764547
1000,1,dual_vmf,8700,0.0023026047846724,32065.176518052736,32064.438200764547
1000,1,dual_vmf,8800,0.0021834040664432,32065.138297012105,32064.438200764547
1000,1,dual_vmf,8900,0.0019879357787855,32065.075621203807,32064.438200764547
1000,1,dual_vmf,9000,0.0019935075258145,32065.07740775319,32064.438200764547
1000,1,dual_vmf,9100,0.0019341646157392,32065.058379782466,32064.438200764547
1000,1,dual_vmf,9200,0.0019108099090732,32065.050891226976,32064.438200764547
1000,1,dual_vmf,9300,0.0019125653087152,32065.05145408601,32064.438200764547
1000,1,dual_vmf,9400,0.0021115566060463,32065.115259527567,32064.438200764547
1000,1,dual_vmf,9500,0.0021714030523091,32065.134448954344,32064.438200764547
1000,1,dual_vmf,9600,0.0022906404012643,32065.17268174041,32064.438200764547
1000,1,dual_vmf,9700,0.002217456281148,32065.149215663445,32064.438200764547
1000,1,dual_vmf,9800,0.0021709447491929,32065.134302002025,32064.438200764547
1000,1,dual_vmf,9900,0.0021798277572283,32065.137150288647,32064.438200764547
1000,1,dual_vmf,10000,0.0023598565650006,32065.19487551446,32064.438200764547
1000,2,dual_vmf,0,56.83985025964285,49544.408190758986,31589.17080623321
1000,2,dual_vmf,100,6.192020593133899,33545.17876775542,31589.17080623321
1000,2,dual_vmf,200,2.900795379895126,32505.508013527608,31589.17080623321
1000,2,dual_vmf,300,0.7274769568293098,31818.974744702013,31589.17080623321
1000,2,dual_vmf,400,0.1157501148702804,31625.735307728,31589.17080623321
1000,2,dual_vmf,500,0.0407682800100719,31602.04916784036,31589.17080623321
1000,2,dual_vmf,600,0.0247817044103066,31596.99914116808,31589.17080623321
1000,2,dual_vmf,700,0.0194013579676076,31595.29953434033,31589.17080623321
1000,2,dual_vmf,800,0.0144700786115818,31593.741784081623,31589.17080623321
1000,2,dual_vmf,900,0.014225920479211,31593.66465655215,31589.17080623321
1000,2,dual_vmf,1000,0.0125539542034274,31593.13649626947,31589.17080623321
1000,2,dual_vmf,1100,0.0116832572333929,31592.861450316403,31589.17080623321
1000,2,dual_vmf,1200,0.009526687519738,31592.180207826,31589.17080623321
1000,2,dual_vmf,1300,0.0074347186469973,31591.519372205577,31589.17080623321
1000,2,dual_vmf,1400,0.0065950320488888,31591.254122171864,31589.17080623321
1000,2,dual_vmf,1500,0.0060910227537725,31591.09490981475,31589.17080623321
1000,2,dual_vmf,1600,0.0069620774441136,31591.370068768694,31589.17080623321
1000,2,dual_vmf,1700,0.0062141222089858,31591.13379591192,31589.17080623321
1000,2,dual_vmf,1800,0.0049499317628545,31590.73444863257,31589.17080623321
1000,2,dual_vmf,1900,0.0034614342387728,31590.26424460725,31589.17080623321
1000,2,dual_vmf,2000,0.0040581931176734,31590.452755788803,31589.17080623321
1000,2,dual_vmf,2100,0.003379837786098,31590.23846896444,31589.17080623321
1000,2,dual_vmf,2200,0.0036563031032737,31590.3258020657,31589.17080623321
1000,2,dual_vmf,2300,0.0035734721016169,31590.299636439107,31589.17080623321
1000,2,dual_vmf,2400,0.0038559582874134,31590.388871482843,31589.17080623321
1000,2,dual_vmf,2500,0.0031453795789403,31590.16440556091,31589.17080623321
1000,2,dual_vmf,2600,0.002988146567326,31590.114736956308,31589.17080623321
1000,2,dual_vmf,2700,0.0018525747235224,31589.75601922694,31589.17080623321
1000,2,dual_vmf,2800,0.0012810448422433,31589.57547767653,31589.17080623321
1000,2,dual_vmf,2900,0.0010332512761634,31589.4972017437,31589.17080623321
1000,2,dual_vmf,3000,0.0011963599453518,31589.54872641981,31589.17080623321
1000,2,dual_vmf,3100,0.0012139587617859,31589.554285739992,31589.17080623321
1000,2,dual_vmf,3200,0.0010348672961345,31589.49771223101,31589.17080623321
1000,2,dual_vmf,3300,0.0016032662960794,31589.67726476196,31589.17080623321
1000,2,dual_vmf,3400,0.0029254289318918,31590.094924975325,31589.17080623321
1000,2,dual_vmf,3500,0.0034140088853874,31590.24926333136,31589.17080623321
1000,2,dual_vmf,3600,0.003188243555489,31590.17794593568,31589.17080623321
1000,2,dual_vmf,3700,0.004390935459053,31590.557866335366,31589.17080623321
1000,2,dual_vmf,3800,0.0054073452512049,31590.8789417607,31589.17080623321
1000,2,dual_vmf,3900,0.0061391244491941,31591.11010474148,31589.17080623321
1000,2,dual_vmf,4000,0.0060273303010626,31591.074789897077,31589.17080623321
1000,2,dual_vmf,4100,0.0060902876421874,31591.094677599096,31589.17080623321
1000,2,dual_vmf,4200,0.0061822170790236,31591.12371734592,31589.17080623321
1000,2,dual_vmf,4300,0.0057023684489523,31590.972137142555,31589.17080623321
1000,2,dual_vmf,4400,0.0066450615180432,31591.26992606633,31589.17080623321
1000,2,dual_vmf,4500,0.0085102210258315,31591.85911448905,31589.17080623321
1000,2,dual_vmf,4600,0.0087309028496557,31591.92882604732,31589.17080623321
1000,2,dual_vmf,4700,0.0099084916645474,31592.30081658945,31589.17080623321
1000,2,dual_vmf,4800,0.0107408460111237,31592.563750425703,31589.17080623321
1000,2,dual_vmf,4900,0.0119490801764264,31592.94542157992,31589.17080623321
1000,2,dual_vmf,5000,0.0111953165222821,31592.707313891737,31589.17080623321
1000,2,dual_vmf,5100,0.0109743559049354,31592.63751426491,31589.17080623321
1000,2,dual_vmf,5200,0.0106615947668424,31592.53871561478,31589.17080623321
1000,2,dual_vmf,5300,0.0100461511404062,31592.34430207641,31589.17080623321
1000,2,dual_vmf,5400,0.0093789605985922,31592.133542116557,31589.17080623321
1000,2,dual_vmf,5500,0.0082062600620817,31591.76309574103,31589.17080623321
1000,2,dual_vmf,5600,0.0102994050717403,31592.424302893352,31589.17080623321
1000,2,dual_vmf,5700,0.0120913718321976,31592.990370334104,31589.17080623321
1000,2,dual_vmf,5800,0.0104712928595627,31592.478600820243,31589.17080623321
1000,2,dual_vmf,5900,0.0113365802948861,31592.751937946152,31589.17080623321
1000,2,dual_vmf,6000,0.0117207468530134,31592.87329297638,31589.17080623321
1000,2,dual_vmf,6100,0.011635011828543,31592.84620999306,31589.17080623321
1000,2,dual_vmf,6200,0.0114453925841973,31592.78631084608,31589.17080623321
1000,2,dual_vmf,6300,0.0133000840540531,31593.372192502426,31589.17080623321
1000,2,dual_vmf,6400,0.013474714710804,31593.427356878863,31589.17080623321
1000,2,dual_vmf,6500,0.0144184052176088,31593.72546088494,31589.17080623321
1000,2,dual_vmf,6600,0.0154448403711885,31594.04970323882,31589.17080623321
1000,2,dual_vmf,6700,0.0154584812114591,31594.054012267152,31589.17080623321
1000,2,dual_vmf,6800,0.0153963544745752,31594.03438694612,31589.17080623321
1000,2,dual_vmf,6900,0.0156800866962823,31594.12401560227,31589.17080623321
1000,2,dual_vmf,7000,0.0157577771336849,31594.14855736724,31589.17080623321
1000,2,dual_vmf,7100,0.0171573796543236,31594.590680198093,31589.17080623321
1000,2,dual_vmf,7200,0.0166875438040239,31594.442262948836,31589.17080623321
1000,2,dual_vmf,7300,0.0169232564713476,31594.516722625925,31589.17080623321
1000,2,dual_vmf,7400,0.0181744481649265,31594.911963707124,31589.17080623321
1000,2,dual_vmf,7500,0.0186051273544698,31595.04801169193,31589.17080623321
1000,2,dual_vmf,7600,0.019235397334825,31595.24710875257,31589.17080623321
1000,2,dual_vmf,7700,0.0181151890443507,31594.893244242307,31589.17080623321
1000,2,dual_vmf,7800,0.0170388624880795,31594.553241608013,31589.17080623321
1000,2,dual_vmf,7900,0.0171148245558802,31594.57723739536,31589.17080623321
1000,2,dual_vmf,8000,0.0172451563658847,31594.61840813344,31589.17080623321
1000,2,dual_vmf,8100,0.0173669054296459,31594.656867653142,31589.17080623321
1000,2,dual_vmf,8200,0.017222243746202,31594.611170226868,31589.17080623321
1000,2,dual_vmf,8300,0.0174682948218958,31594.68889572144,31589.17080623321
1000,2,dual_vmf,8400,0.0181312065349137,31594.89830403476,31589.17080623321
1000,2,dual_vmf,8500,0.018748995042501,31595.09345830164,31589.17080623321
1000,2,dual_vmf,8600,0.0188922667846865,31595.138716657,31589.17080623321
1000,2,dual_vmf,8700,0.0185187792975849,31595.02073505676,31589.17080623321
1000,2,dual_vmf,8800,0.0198755324831561,31595.449322137967,31589.17080623321
1000,2,dual_vmf,8900,0.020649925102538,31595.69394634521,31589.17080623321
1000,2,dual_vmf,9000,0.0210951671407278,31595.83459461316,31589.17080623321
1000,2,dual_vmf,9100,0.0201564749432991,31595.53806953157,31589.17080623321
1000,2,dual_vmf,9200,0.0203234877572321,31595.59082749463,31589.17080623321
1000,2,dual_vmf,9300,0.0205975513008688,31595.677401895548,31589.17080623321
1000,2,dual_vmf,9400,0.0203235347925807,31595.590842352707,31589.17080623321
1000,2,dual_vmf,9500,0.0211838556793197,31595.8626105871,31589.17080623321
1000,2,dual_vmf,9600,0.0201470879887773,31595.53510427047,31589.17080623321
1000,2,dual_vmf,9700,0.0193933158167828,31595.29699389157,31589.17080623321
1000,2,dual_vmf,9800,0.0188453077071151,31595.12388267377,31589.17080623321
1000,2,dual_vmf,9900,0.0192077477094913,31595.2383744652,31589.17080623321
1000,2,dual_vmf,10000,0.0193222353187268,31595.27454015163,31589.17080623321
1000,3,dual_vmf,0,56.23239484750437,57753.838075810345,36966.62150777553
1000,3,dual_vmf,100,5.516635018895917,39005.93509517619,36966.62150777553
1000,3,dual_vmf,200,3.056320771420163,38096.44003940995,36966.62150777553
1000,3,dual_vmf,300,0.8072003324847282,37265.01619949467,36966.62150777553
1000,3,dual_vmf,400,0.1446423035064671,37020.0908806529,36966.62150777553
1000,3,dual_vmf,500,0.0541112077501617,36986.62459313782,36966.62150777553
1000,3,dual_vmf,600,0.0401569226047644,36981.46616536401,36966.62150777553
1000,3,dual_vmf,700,0.0299679127657392,36977.699632661424,36966.62150777553
1000,3,dual_vmf,800,0.0277273756342495,36976.871381780285,36966.62150777553
1000,3,dual_vmf,900,0.0211911597691171,36974.45516360049,36966.62150777553
1000,3,dual_vmf,1000,0.0172963407877277,36973.01538060923,36966.62150777553
1000,3,dual_vmf,1100,0.0158960892367536,36972.49775491822,36966.62150777553
1000,3,dual_vmf,1200,0.011676861420064,36970.93804894068,36966.62150777553
1000,3,dual_vmf,1300,0.0120078481839125,36971.06040356491,36966.62150777553
1000,3,dual_vmf,1400,0.0120307938446874,36971.06888580048,36966.62150777553
1000,3,dual_vmf,1500,0.0094722555562106,36970.12308063525,36966.62150777553
1000,3,dual_vmf,1600,0.0077777918796791,36969.49669466136,36966.62150777553
1000,3,dual_vmf,1700,0.00842657600253,36969.73652823245,36966.62150777553
1000,3,dual_vmf,1800,0.0080953684057632,36969.61409197375,36966.62150777553
1000,3,dual_vmf,1900,0.0075642946049634,36969.41777193188,36966.62150777553
1000,3,dual_vmf,2000,0.0084159976314587,36969.73261776606,36966.62150777553
1000,3,dual_vmf,2100,0.0064680278424585,36969.01251914707,36966.62150777553
1000,3,dual_vmf,2200,0.0050877624183744,36968.50228165195,36966.62150777553
1000,3,dual_vmf,2300,0.0051118334314475,36968.51117989224,36966.62150777553
1000,3,dual_vmf,2400,0.005964870664819,36968.826518937625,36966.62150777553
1000,3,dual_vmf,2500,0.0052015016910685,36968.54432721839,36966.62150777553
1000,3,dual_vmf,2600,0.0062135989672296,36968.91846538776,36966.62150777553
1000,3,dual_vmf,2700,0.0066222096898612,36969.06951496704,36966.62150777553
1000,3,dual_vmf,2800,0.0052749997639255,36968.5714969728,36966.62150777553
1000,3,dual_vmf,2900,0.0056986169589916,36968.72809393794,36966.62150777553
1000,3,dual_vmf,3000,0.0055790417950082,36968.683891039655,36966.62150777553
1000,3,dual_vmf,3100,0.0053121614697452,36968.585234399936,36966.62150777553
1000,3,dual_vmf,3200,0.0044129169491683,36968.25281408159,36966.62150777553
1000,3,dual_vmf,3300,0.0044373036627736,36968.2618290257,36966.62150777553
1000,3,dual_vmf,3400,0.0042186262416489,36968.18099137111,36966.62150777553
1000,3,dual_vmf,3500,0.0042856683307363,36968.20577456644,36966.62150777553
1000,3,dual_vmf,3600,0.0045117189766211,36968.28933785312,36966.62150777553
1000,3,dual_vmf,3700,0.0049011862954041,36968.433310762746,36966.62150777553
1000,3,dual_vmf,3800,0.0049496271173879,36968.451217698064,36966.62150777553
1000,3,dual_vmf,3900,0.004768370780395,36968.38421335401,36966.62150777553
1000,3,dual_vmf,4000,0.004956288713456,36968.45368026507,36966.62150777553
1000,3,dual_vmf,4100,0.004344409189907,36968.22748907752,36966.62150777553
1000,3,dual_vmf,4200,0.0044736102413019,36968.27525034117,36966.62150777553
1000,3,dual_vmf,4300,0.0041550106397178,36968.157474832326,36966.62150777553
1000,3,dual_vmf,4400,0.0041264950250625,36968.146933572985,36966.62150777553
1000,3,dual_vmf,4500,0.003919869252019,36968.07055100553,36966.62150777553
1000,3,dual_vmf,4600,0.0036479207177915,36967.97002082018,36966.62150777553
1000,3,dual_vmf,4700,0.0037947239567371,36968.024289017885,36966.62150777553
1000,3,dual_vmf,4800,0.0033260415096167,36967.85103295159,36966.62150777553
1000,3,dual_vmf,4900,0.0033592491886132,36967.86330870859,36966.62150777553
1000,3,dual_vmf,5000,0.0034703204144566,36967.90436798825,36966.62150777553
1000,3,dual_vmf,5100,0.0026401745725254,36967.5974911169,36966.62150777553
1000,3,dual_vmf,5200,0.0028066039685655,36967.659014441815,36966.62150777553
1000,3,dual_vmf,5300,0.0023805748440024,36967.50152586783,36966.62150777553
1000,3,dual_vmf,5400,0.0021960518342662,36967.43331394522,36966.62150777553
1000,3,dual_vmf,5500,0.0019750851982257,36967.35163004522,36966.62150777553
1000,3,dual_vmf,5600,0.001911239388067,36967.32802840623,36966.62150777553
1000,3,dual_vmf,5700,0.0023001653435092,36967.47180119212,36966.62150777553
1000,3,dual_vmf,5800,0.0020367735976281,36967.37443416234,36966.62150777553
1000,3,dual_vmf,5900,0.0042409053897562,36968.18922721947,36966.62150777553
1000,3,dual_vmf,6000,0.0051227942492051,36968.51523173626,36966.62150777553
1000,3,dual_vmf,6100,0.0040144638503193,36968.10551943265,36966.62150777553
1000,3,dual_vmf,6200,0.0034172135808614,36967.88473618608,36966.62150777553
1000,3,dual_vmf,6300,0.0027152283606805,36967.6252359667,36966.62150777553
1000,3,dual_vmf,6400,0.002783725303578,36967.65055697232,36966.62150777553
1000,3,dual_vmf,6500,0.0032268776956928,36967.81437543982,36966.62150777553
1000,3,dual_vmf,6600,0.0030179778985541,36967.73715224248,36966.62150777553
1000,3,dual_vmf,6700,0.0022377346359969,36967.44872266877,36966.62150777553
1000,3,dual_vmf,6800,0.0021655212250144,36967.422027810455,36966.62150777553
1000,3,dual_vmf,6900,0.0025513853813076,36967.564668752646,36966.62150777553
1000,3,dual_vmf,7000,0.0021046540297496,36967.39952726476,36966.62150777553
1000,3,dual_vmf,7100,0.0022380959793952,36967.44885624522,36966.62150777553
1000,3,dual_vmf,7200,0.0022114157171209,36967.438993453645,36966.62150777553
1000,3,dual_vmf,7300,0.0021235545017129,36967.40651413069,36966.62150777553
1000,3,dual_vmf,7400,0.0027365854544796,36967.63313096273,36966.62150777553
1000,3,dual_vmf,7500,0.0028057837291661,36967.65871122702,36966.62150777553
1000,3,dual_vmf,7600,0.0032934401558566,36967.83898133253,36966.62150777553
1000,3,dual_vmf,7700,0.0044728620677067,36968.27497376667,36966.62150777553
1000,3,dual_vmf,7800,0.0038115079477751,36968.030493492326,36966.62150777553
1000,3,dual_vmf,7900,0.0033541680047437,36967.86143036658,36966.62150777553
1000,3,dual_vmf,8000,0.0043605724253019,36968.23346407957,36966.62150777553
1000,3,dual_vmf,8100,0.0036654206816672,36967.97648996559,36966.62150777553
1000,3,dual_vmf,8200,0.003399518699984,36967.87819498644,36966.62150777553
1000,3,dual_vmf,8300,0.0041236458195772,36968.14588031798,36966.62150777553
1000,3,dual_vmf,8400,0.0046885508130079,36968.35470660878,36966.62150777553
1000,3,dual_vmf,8500,0.005245781143366,36968.56069583593,36966.62150777553
1000,3,dual_vmf,8600,0.005418182790115,36968.62442690016,36966.62150777553
1000,3,dual_vmf,8700,0.0046116183647776,36968.326267281824,36966.62150777553
1000,3,dual_vmf,8800,0.0040894914597569,36968.133254605054,36966.62150777553
1000,3,dual_vmf,8900,0.0056114708180134,36968.69587895385,36966.62150777553
1000,3,dual_vmf,9000,0.0049267255315903,36968.44275175552,36966.62150777553
1000,3,dual_vmf,9100,0.0048098533916295,36968.399548073896,36966.62150777553
1000,3,dual_vmf,9200,0.00494807854495,36968.45064524315,36966.62150777553
1000,3,dual_vmf,9300,0.0050541189904569,36968.48984481329,36966.62150777553
1000,3,dual_vmf,9400,0.0047870668973784,36968.39112467681,36966.62150777553
1000,3,dual_vmf,9500,0.0052140862806413,36968.54897931599,36966.62150777553
1000,3,dual_vmf,9600,0.0042511484106588,36968.19301371824,36966.62150777553
1000,3,dual_vmf,9700,0.00382150189091,36968.03418791546,36966.62150777553
1000,3,dual_vmf,9800,0.0035236093828008,36967.924067119486,36966.62150777553
1000,3,dual_vmf,9900,0.0032628311250241,36967.82766620796,36966.62150777553
1000,3,dual_vmf,10000,0.0041411713270947,36968.15235890601,36966.62150777553
1000,4,dual_vmf,0,41.47177659342462,54966.54330372883,38853.36328368664
1000,4,dual_vmf,100,6.231213647565474,41274.39935915791,38853.36328368664
1000,4,dual_vmf,200,3.1927925101518158,40093.87055655026,38853.36328368664
1000,4,dual_vmf,300,1.0932357451148338,39278.12213928322,38853.36328368664
1000,4,dual_vmf,400,0.4841644989597228,39041.4774753581,38853.36328368664
1000,4,dual_vmf,500,0.404610960015649,39010.56824986713,38853.36328368664
1000,4,dual_vmf,600,0.3907489144799546,39005.1823789566,38853.36328368664
1000,4,dual_vmf,700,0.3789460299930919,39000.59656136896,38853.36328368664
1000,4,dual_vmf,800,0.3739281034087486,38998.64692812384,38853.36328368664
1000,4,dual_vmf,900,0.3702029551248063,38997.19958272822,38853.36328368664
1000,4,dual_vmf,1000,0.3681221589045332,38996.39112341357,38853.36328368664
1000,4,dual_vmf,1100,0.3653255935105082,38995.30456370156,38853.36328368664
1000,4,dual_vmf,1200,0.360893292262682,38993.58246559592,38853.36328368664
1000,4,dual_vmf,1300,0.3569664622502087,38992.05676006564,38853.36328368664
1000,4,dual_vmf,1400,0.3534111887312537,38990.67541672959,38853.36328368664
1000,4,dual_vmf,1500,0.3514598516251515,38989.917256634864,38853.36328368664
1000,4,dual_vmf,1600,0.3484931778543528,38988.76460409725,38853.36328368664
1000,4,dual_vmf,1700,0.3473581759196091,38988.32361767227,38853.36328368664
1000,4,dual_vmf,1800,0.347221548079542,38988.27053316122,38853.36328368664
1000,4,dual_vmf,1900,0.3470123848863953,38988.189266225934,38853.36328368664
1000,4,dual_vmf,2000,0.3445669175864498,38987.2391199319,38853.36328368664
1000,4,dual_vmf,2100,0.3435395779694989,38986.83996393837,38853.36328368664
1000,4,dual_vmf,2200,0.3431561989979042,38986.691008313785,38853.36328368664
1000,4,dual_vmf,2300,0.3433514487677773,38986.76686941618,38853.36328368664
1000,4,dual_vmf,2400,0.3422528279929826,38986.34001829544,38853.36328368664
1000,4,dual_vmf,2500,0.341639582936403,38986.10175196579,38853.36328368664
1000,4,dual_vmf,2600,0.3402677589139281,38985.568752194726,38853.36328368664
1000,4,dual_vmf,2700,0.3400377187878966,38985.47937386886,38853.36328368664
1000,4,dual_vmf,2800,0.339460861397806,38985.25524537146,38853.36328368664
1000,4,dual_vmf,2900,0.3380333600972161,38984.70061310526,38853.36328368664
1000,4,dual_vmf,3000,0.3364842883205937,38984.098746620366,38853.36328368664
1000,4,dual_vmf,3100,0.3354583530970561,38983.70013628091,38853.36328368664
1000,4,dual_vmf,3200,0.3346136994283231,38983.37195992251,38853.36328368664
1000,4,dual_vmf,3300,0.3345129918579502,38983.33283164434,38853.36328368664
1000,4,dual_vmf,3400,0.3335995979607061,38982.97794739523,38853.36328368664
1000,4,dual_vmf,3500,0.3332989990408679,38982.86115460488,38853.36328368664
1000,4,dual_vmf,3600,0.3326236468570421,38982.59875756745,38853.36328368664
1000,4,dual_vmf,3700,0.331878032056393,38982.30906114026,38853.36328368664
1000,4,dual_vmf,3800,0.3309084061106986,38981.932328849085,38853.36328368664
1000,4,dual_vmf,3900,0.3301122818259853,38981.62300778856,38853.36328368664
1000,4,dual_vmf,4000,0.3295468086065212,38981.403302424325,38853.36328368664
1000,4,dual_vmf,4100,0.329464407084676,38981.37128666169,38853.36328368664
1000,4,dual_vmf,4200,0.3285903903665751,38981.03170177105,38853.36328368664
1000,4,dual_vmf,4300,0.3276486764945125,38980.66581425924,38853.36328368664
1000,4,dual_vmf,4400,0.3271459211918486,38980.47047691507,38853.36328368664
1000,4,dual_vmf,4500,0.3266166577972033,38980.26484028562,38853.36328368664
1000,4,dual_vmf,4600,0.3257850289113918,38979.941724493445,38853.36328368664
1000,4,dual_vmf,4700,0.3248621968459116,38979.58317319855,38853.36328368664
1000,4,dual_vmf,4800,0.3248667954715568,38979.58495991927,38853.36328368664
1000,4,dual_vmf,4900,0.324625628206705,38979.49125832574,38853.36328368664
1000,4,dual_vmf,5000,0.3245696050541888,38979.46949144677,38853.36328368664
1000,4,dual_vmf,5100,0.3245480774782348,38979.46112725948,38853.36328368664
1000,4,dual_vmf,5200,0.3238768869076688,38979.20034714877,38853.36328368664
1000,4,dual_vmf,5300,0.32281294914894,38978.78697154626,38853.36328368664
1000,4,dual_vmf,5400,0.3221020832950251,38978.51077625358,38853.36328368664
1000,4,dual_vmf,5500,0.321983460608981,38978.46468735043,38853.36328368664
1000,4,dual_vmf,5600,0.3213386516803869,38978.21415739492,38853.36328368664
1000,4,dual_vmf,5700,0.3206710696915955,38977.9547793396,38853.36328368664
1000,4,dual_vmf,5800,0.3203344846719196,38977.824004739145,38853.36328368664
1000,4,dual_vmf,5900,0.3203002708702631,38977.810711526494,38853.36328368664
1000,4,dual_vmf,6000,0.3202442970824658,38977.78896382738,38853.36328368664
1000,4,dual_vmf,6100,0.3198678242827533,38977.64269148284,38853.36328368664
1000,4,dual_vmf,6200,0.3196329765816403,38977.55144525237,38853.36328368664
1000,4,dual_vmf,6300,0.3193550185583199,38977.44344921179,38853.36328368664
1000,4,dual_vmf,6400,0.3190192122409466,38977.31297716337,38853.36328368664
1000,4,dual_vmf,6500,0.3183459816793134,38977.05140444752,38853.36328368664
1000,4,dual_vmf,6600,0.3177032204673419,38976.80167009879,38853.36328368664
1000,4,dual_vmf,6700,0.3172714244331442,38976.633902816975,38853.36328368664
1000,4,dual_vmf,6800,0.3166553536274377,38976.39453858875,38853.36328368664
1000,4,dual_vmf,6900,0.3160311979196313,38976.15203310414,38853.36328368664
1000,4,dual_vmf,7000,0.3155206787217864,38975.95367922557,38853.36328368664
1000,4,dual_vmf,7100,0.3146482039298952,38975.61469342512,38853.36328368664
1000,4,dual_vmf,7200,0.3141984585765661,38975.439952229135,38853.36328368664
1000,4,dual_vmf,7300,0.3139454043747206,38975.34163216079,38853.36328368664
1000,4,dual_vmf,7400,0.3134961262619867,38975.16707250349,38853.36328368664
1000,4,dual_vmf,7500,0.3132269708741927,38975.06249658288,38853.36328368664
1000,4,dual_vmf,7600,0.3131511679562365,38975.03304459978,38853.36328368664
1000,4,dual_vmf,7700,0.3128845208110665,38974.92944321578,38853.36328368664
1000,4,dual_vmf,7800,0.3123349276686354,38974.71590779557,38853.36328368664
1000,4,dual_vmf,7900,0.3120569919117132,38974.60792040624,38853.36328368664
1000,4,dual_vmf,8000,0.311964481643584,38974.57197705569,38853.36328368664
1000,4,dual_vmf,8100,0.3112368811000878,38974.28927977327,38853.36328368664
1000,4,dual_vmf,8200,0.3108399659894111,38974.13506490339,38853.36328368664
1000,4,dual_vmf,8300,0.3105808454551215,38974.03438786086,38853.36328368664
1000,4,dual_vmf,8400,0.3101698365295594,38973.874697069885,38853.36328368664
1000,4,dual_vmf,8500,0.309852831669599,38973.75153002002,38853.36328368664
1000,4,dual_vmf,8600,0.3095806566281139,38973.64578086238,38853.36328368664
1000,4,dual_vmf,8700,0.3093337904112567,38973.54986503432,38853.36328368664
1000,4,dual_vmf,8800,0.3090899374873941,38973.455119971935,38853.36328368664
1000,4,dual_vmf,8900,0.3084690434575164,38973.2138817589,38853.36328368664
1000,4,dual_vmf,9000,0.307923479640957,38973.00191186731,38853.36328368664
1000,4,dual_vmf,9100,0.3075993474175767,38972.87597559704,38853.36328368664
1000,4,dual_vmf,9200,0.3075059288069087,38972.83967932486,38853.36328368664
1000,4,dual_vmf,9300,0.3070185018903818,38972.65029757424,38853.36328368664
1000,4,dual_vmf,9400,0.3068613040676663,38972.58922093311,38853.36328368664
1000,4,dual_vmf,9500,0.3066026940404867,38972.48874223976,38853.36328368664
1000,4,dual_vmf,9600,0.3063726591906503,38972.39936596387,38853.36328368664
1000,4,dual_vmf,9700,0.3060798219659039,38972.28558885311,38853.36328368664
1000,4,dual_vmf,9800,0.3053830217392022,38972.01485852967,38853.36328368664
1000,4,dual_vmf,9900,0.3049460127018796,38971.84506582082,38853.36328368664
1000,4,dual_vmf,10000,0.3045771164321895,38971.70173721301,38853.36328368664
1000,5,dual_vmf,0,49.64075821873356,50618.01757729345,33826.35732392097
1000,5,dual_vmf,100,5.534475192850481,35698.46867865834,33826.35732392097
1000,5,dual_vmf,200,2.9497311202745653,34824.143912759944,33826.35732392097
1000,5,dual_vmf,300,0.7506983819198184,34080.29124101406,33826.35732392097
1000,5,dual_vmf,400,0.1198556085123156,33866.90011032911,33826.35732392097
1000,5,dual_vmf,500,0.0332635691328223,33837.60917767453,33826.35732392097
1000,5,dual_vmf,600,0.0266453594581715,33835.37047842154,33826.35732392097
1000,5,dual_vmf,700,0.0215505591580899,33833.64709306709,33826.35732392097
1000,5,dual_vmf,800,0.0199007765949685,33833.08903172222,33826.35732392097
1000,5,dual_vmf,900,0.0181667486886857,33832.502473246546,33826.35732392097
1000,5,dual_vmf,1000,0.0169148704014333,33832.07900842384,33826.35732392097
1000,5,dual_vmf,1100,0.0159200044193491,33831.742481501846,33826.35732392097
1000,5,dual_vmf,1200,0.0149508125202867,33831.414639186914,33826.35732392097
1000,5,dual_vmf,1300,0.0144846801206747,33831.25696357582,33826.35732392097
1000,5,dual_vmf,1400,0.0138846620374722,33831.05399931499,33826.35732392097
1000,5,dual_vmf,1500,0.0131628774858746,33830.809845893455,33826.35732392097
1000,5,dual_vmf,1600,0.0127657375540342,33830.675507921034,33826.35732392097
1000,5,dual_vmf,1700,0.0121920464367921,33830.48144911378,33826.35732392097
1000,5,dual_vmf,1800,0.0117708829007583,33830.33898483116,33826.35732392097
1000,5,dual_vmf,1900,0.0114020992820419,33830.214238766544,33826.35732392097
1000,5,dual_vmf,2000,0.0110801580855568,33830.10533778705,33826.35732392097
1000,5,dual_vmf,2100,0.0107176516546877,33829.98271506642,33826.35732392097
1000,5,dual_vmf,2200,0.010420172421112,33829.88208867791,33826.35732392097
1000,5,dual_vmf,2300,0.0101238177889945,33829.7818427011,33826.35732392097
1000,5,dual_vmf,2400,0.0098702869086644,33829.696082439594,33826.35732392097
1000,5,dual_vmf,2500,0.0096082403934887,33829.607441649016,33826.35732392097
1000,5,dual_vmf,2600,0.0093869383093846,33829.53258321528,33826.35732392097
1000,5,dual_vmf,2700,0.0091627991580862,33829.45676510506,33826.35732392097
1000,5,dual_vmf,2800,0.009023190629305,33829.40954062526,33826.35732392097
1000,5,dual_vmf,2900,0.0088648515166823,33829.35598027124,33826.35732392097
1000,5,dual_vmf,3000,0.0086607504317725,33829.28694030896,33826.35732392097
1000,5,dual_vmf,3100,0.0085151689261799,33829.23769538868,33826.35732392097
1000,5,dual_vmf,3200,0.0083646345424984,33829.18677509016,33826.35732392097
1000,5,dual_vmf,3300,0.0082245415280121,33829.13938672649,33826.35732392097
1000,5,dual_vmf,3400,0.008121572124781,33829.10455592822,33826.35732392097
1000,5,dual_vmf,3500,0.0079542732788762,33829.04796482281,33826.35732392097
1000,5,dual_vmf,3600,0.0078565876444906,33829.014921331065,33826.35732392097
1000,5,dual_vmf,3700,0.0077374819174413,33828.97463220224,33826.35732392097
1000,5,dual_vmf,3800,0.0076181755364381,33828.93427519949,33826.35732392097
1000,5,dual_vmf,3900,0.0075108637144622,33828.89797551914,33826.35732392097
1000,5,dual_vmf,4000,0.0074315976908044,33828.87116271074,33826.35732392097
1000,5,dual_vmf,4100,0.0073021188170516,33828.827364724246,33826.35732392097
1000,5,dual_vmf,4200,0.0072191791728723,33828.79930926384,33826.35732392097
1000,5,dual_vmf,4300,0.0071343433511838,33828.77061239566,33826.35732392097
1000,5,dual_vmf,4400,0.0070379762789635,33828.73801492547,33826.35732392097
1000,5,dual_vmf,4500,0.0069537805822345,33828.70953458824,33826.35732392097
1000,5,dual_vmf,4600,0.006866742686391,33828.680092838586,33826.35732392097
1000,5,dual_vmf,4700,0.0068069770080434,33828.65987628667,33826.35732392097
1000,5,dual_vmf,4800,0.0067286189864486,33828.633370622294,33826.35732392097
1000,5,dual_vmf,4900,0.0066574337138169,33828.60929123761,33826.35732392097
1000,5,dual_vmf,5000,0.0065913805499256,33828.58694785837,33826.35732392097
1000,5,dual_vmf,5100,0.0065046517299087,33828.55761065781,33826.35732392097
1000,5,dual_vmf,5200,0.006430956008448,33828.532682079735,33826.35732392097
1000,5,dual_vmf,5300,0.0063752361461229,33828.513834080004,33826.35732392097
1000,5,dual_vmf,5400,0.0063183977087847,33828.49460770709,33826.35732392097
1000,5,dual_vmf,5500,0.0062506015594552,33828.47167473937,33826.35732392097
1000,5,dual_vmf,5600,0.0061959403703241,33828.453184850216,33826.35732392097
1000,5,dual_vmf,5700,0.0061372830025472,33828.433343199395,33826.35732392097
1000,5,dual_vmf,5800,0.0060772868085048,33828.41304867242,33826.35732392097
1000,5,dual_vmf,5900,0.0060343797380099,33828.398534773434,33826.35732392097
1000,5,dual_vmf,6000,0.0059877334428594,33828.38275603096,33826.35732392097
1000,5,dual_vmf,6100,0.0059338712054258,33828.36453639806,33826.35732392097
1000,5,dual_vmf,6200,0.0058709251727911,33828.34324404814,33826.35732392097
1000,5,dual_vmf,6300,0.0058280141170167,33828.32872880108,33826.35732392097
1000,5,dual_vmf,6400,0.005771827345231,33828.30972286289,33826.35732392097
1000,5,dual_vmf,6500,0.0057261898188117,33828.29428535013,33826.35732392097
1000,5,dual_vmf,6600,0.0056829592550353,33828.279662025154,33826.35732392097
1000,5,dual_vmf,6700,0.0056347759214931,33828.26336335858,33826.35732392097
1000,5,dual_vmf,6800,0.0055943803646017,33828.24969901316,33826.35732392097
1000,5,dual_vmf,6900,0.0055543689447674,33828.23616460732,33826.35732392097
1000,5,dual_vmf,7000,0.005520383819113,33828.22466867728,33826.35732392097
1000,5,dual_vmf,7100,0.0054733646659188,33828.20876381051,33826.35732392097
1000,5,dual_vmf,7200,0.005431489141968,33828.194598846145,33826.35732392097
1000,5,dual_vmf,7300,0.0053904462091663,33828.18071551704,33826.35732392097
1000,5,dual_vmf,7400,0.0053611548044335,33828.17080730181,33826.35732392097
1000,5,dual_vmf,7500,0.0053235402086317,33828.15808365423,33826.35732392097
1000,5,dual_vmf,7600,0.0052831930704833,33828.14443568711,33826.35732392097
1000,5,dual_vmf,7700,0.0052420120352657,33828.130505642985,33826.35732392097
1000,5,dual_vmf,7800,0.0052101632624687,33828.119732363295,33826.35732392097
1000,5,dual_vmf,7900,0.0051764591059003,33828.10833147486,33826.35732392097
1000,5,dual_vmf,8000,0.005140657725854,33828.09622117212,33826.35732392097
1000,5,dual_vmf,8100,0.0051124724310746,33828.086687113595,33826.35732392097
1000,5,dual_vmf,8200,0.0050862715057991,33828.07782429499,33826.35732392097
1000,5,dual_vmf,8300,0.0050454632830462,33828.06402035974,33826.35732392097
1000,5,dual_vmf,8400,0.0050130078910798,33828.053041882886,33826.35732392097
1000,5,dual_vmf,8500,0.0049817440348029,33828.04246645915,33826.35732392097
1000,5,dual_vmf,8600,0.0049531197247875,33828.03278389776,33826.35732392097
1000,5,dual_vmf,8700,0.004931146362437,33828.025351109696,33826.35732392097
1000,5,dual_vmf,8800,0.0048986964202615,33828.014374476305,33826.35732392097
1000,5,dual_vmf,8900,0.0048706500773387,33828.00488742013,33826.35732392097
1000,5,dual_vmf,9000,0.0048355660125151,33827.993019759,33826.35732392097
1000,5,dual_vmf,9100,0.004804369971809,33827.9824672748,33826.35732392097
1000,5,dual_vmf,9200,0.0047741884713459,33827.97225797261,33826.35732392097
1000,5,dual_vmf,9300,0.0047503406437717,33827.96419112124,33826.35732392097
1000,5,dual_vmf,9400,0.0047212777145145,33827.95436019094,33826.35732392097
1000,5,dual_vmf,9500,0.0046963640323363,33827.94593279978,33826.35732392097
1000,5,dual_vmf,9600,0.0046713891114018,33827.937484693786,33826.35732392097
1000,5,dual_vmf,9700,0.0046409250875168,33827.92717982421,33826.35732392097
1000,5,dual_vmf,9800,0.0046190879444269,33827.91979311416,33826.35732392097
1000,5,dual_vmf,9900,0.0045965481404556,33827.91216871953,33826.35732392097
1000,5,dual_vmf,10000,0.004568158843303,33827.90256565443,33826.35732392097
1000,6,dual_vmf,0,39.53160514378771,48363.44310904264,34661.281979236155
1000,6,dual_vmf,100,7.04528240879173,37103.26718118098,34661.281979236155
1000,6,dual_vmf,200,3.279778771980239,35798.095347687355,34661.281979236155
1000,6,dual_vmf,300,0.9061718572898272,34975.37276190786,34661.281979236155
1000,6,dual_vmf,400,0.197803822901678,34729.843320057815,34661.281979236155
1000,6,dual_vmf,500,0.0762120890222824,34687.698066314435,34661.281979236155
1000,6,dual_vmf,600,0.0588290081393263,34681.672867632915,34661.281979236155
1000,6,dual_vmf,700,0.0523150621823374,34679.41505045679,34661.281979236155
1000,6,dual_vmf,800,0.0461507118249003,34677.27840759721,34661.281979236155
1000,6,dual_vmf,900,0.0417984829690351,34675.769869281095,34661.281979236155
1000,6,dual_vmf,1000,0.0373533082009603,34674.22911472026,34661.281979236155
1000,6,dual_vmf,1100,0.0332025872239506,34672.79042161825,34661.281979236155
1000,6,dual_vmf,1200,0.0303190706847215,34671.79095781967,34661.281979236155
1000,6,dual_vmf,1300,0.0285451695775867,34671.17610095489,34661.281979236155
1000,6,dual_vmf,1400,0.0266793906794428,34670.5293980699,34661.281979236155
1000,6,dual_vmf,1500,0.0260340547301915,34670.305716356816,34661.281979236155
1000,6,dual_vmf,1600,0.0249218146685346,34669.92019969276,34661.281979236155
1000,6,dual_vmf,1700,0.0242025232231272,34669.67088405661,34661.281979236155
1000,6,dual_vmf,1800,0.0229284260464075,34669.2292656415,34661.281979236155
1000,6,dual_vmf,1900,0.0217044006446569,34668.8050027455,34661.281979236155
1000,6,dual_vmf,2000,0.0204739801366897,34668.378523223706,34661.281979236155
1000,6,dual_vmf,2100,0.0198207273959508,34668.1520974492,34661.281979236155
1000,6,dual_vmf,2200,0.0195838163540959,34668.069981044944,34661.281979236155
1000,6,dual_vmf,2300,0.0193030298883879,34667.972656856306,34661.281979236155
1000,6,dual_vmf,2400,0.0183625495289917,34667.646674306976,34661.281979236155
1000,6,dual_vmf,2500,0.017862305924123,34667.47328346051,34661.281979236155
1000,6,dual_vmf,2600,0.0170756796432015,34667.20062870716,34661.281979236155
1000,6,dual_vmf,2700,0.0166440894093629,34667.05103399921,34661.281979236155
1000,6,dual_vmf,2800,0.0163095860399486,34666.93509084311,34661.281979236155
1000,6,dual_vmf,2900,0.0158111563243654,34666.76232871392,34661.281979236155
1000,6,dual_vmf,3000,0.0154330907809335,34666.631286349846,34661.281979236155
1000,6,dual_vmf,3100,0.0151236104206153,34666.524016489486,34661.281979236155
1000,6,dual_vmf,3200,0.0148586011621074,34666.43216088312,34661.281979236155
1000,6,dual_vmf,3300,0.0141158944726667,34666.17472922322,34661.281979236155
1000,6,dual_vmf,3400,0.013959978194957,34666.12068664255,34661.281979236155
1000,6,dual_vmf,3500,0.0136249469088898,34666.00456050377,34661.281979236155
1000,6,dual_vmf,3600,0.0136244671270669,34666.00439420524,34661.281979236155
1000,6,dual_vmf,3700,0.0132321901061128,34665.86842596086,34661.281979236155
1000,6,dual_vmf,3800,0.0132861304446807,34665.887122373715,34661.281979236155
1000,6,dual_vmf,3900,0.0129508591090895,34665.77091303069,34661.281979236155
1000,6,dual_vmf,4000,0.0127397538251281,34665.69774123294,34661.281979236155
1000,6,dual_vmf,4100,0.0128679076399599,34665.74216098807,34661.281979236155
1000,6,dual_vmf,4200,0.0128826330839785,34665.74726501574,34661.281979236155
1000,6,dual_vmf,4300,0.0128240311616567,34665.7269528382,34661.281979236155
1000,6,dual_vmf,4400,0.0125455566789743,34665.63043001252,34661.281979236155
1000,6,dual_vmf,4500,0.01249564766863,34665.61313090971,34661.281979236155
1000,6,dual_vmf,4600,0.0126191123324895,34665.655925345,34661.281979236155
1000,6,dual_vmf,4700,0.0123912839394981,34665.57695710327,34661.281979236155
1000,6,dual_vmf,4800,0.0122959499120545,34665.5439131072,34661.281979236155
1000,6,dual_vmf,4900,0.0123269812552508,34665.554668968565,34661.281979236155
1000,6,dual_vmf,5000,0.0121440819300996,34665.49127371774,34661.281979236155
1000,6,dual_vmf,5100,0.012110210071877,34665.479533297446,34661.281979236155
1000,6,dual_vmf,5200,0.0119395215446329,34665.42037046571,34661.281979236155
1000,6,dual_vmf,5300,0.0119736536842724,34665.43220110288,34661.281979236155
1000,6,dual_vmf,5400,0.0118530909106579,34665.39041249995,34661.281979236155
1000,6,dual_vmf,5500,0.0115649930332539,34665.29055408229,34661.281979236155
1000,6,dual_vmf,5600,0.0114610118258802,34665.2545128628,34661.281979236155
1000,6,dual_vmf,5700,0.0112131570794518,34665.16860323024,34661.281979236155
1000,6,dual_vmf,5800,0.0110081005323328,34665.097528002225,34661.281979236155
1000,6,dual_vmf,5900,0.0109803527068136,34665.08791025018,34661.281979236155
1000,6,dual_vmf,6000,0.0107546986682364,34665.00969566757,34661.281979236155
1000,6,dual_vmf,6100,0.0108467334687923,34665.04159610931,34661.281979236155
1000,6,dual_vmf,6200,0.0104365528032242,34664.89942223219,34661.281979236155
1000,6,dual_vmf,6300,0.010457465056417,34664.90667068724,34661.281979236155
1000,6,dual_vmf,6400,0.0103894723866088,34664.88310355623,34661.281979236155
1000,6,dual_vmf,6500,0.0102906631277256,34664.84885500039,34661.281979236155
1000,6,dual_vmf,6600,0.0102914361245605,34664.849122931,34661.281979236155
1000,6,dual_vmf,6700,0.0102227870846432,34664.8253282937,34661.281979236155
1000,6,dual_vmf,6800,0.0102221315362713,34664.82510107223,34661.281979236155
1000,6,dual_vmf,6900,0.0100716989268311,34664.772959201284,34661.281979236155
1000,6,dual_vmf,7000,0.010098091360602,34664.782107157174,34661.281979236155
1000,6,dual_vmf,7100,0.0098216473666771,34664.686288124925,34661.281979236155
1000,6,dual_vmf,7200,0.0097829494359726,34664.672874926044,34661.281979236155
1000,6,dual_vmf,7300,0.0096845115042164,34664.63875507694,34661.281979236155
1000,6,dual_vmf,7400,0.0097881511228428,34664.6746778974,34661.281979236155
1000,6,dual_vmf,7500,0.0097795853099433,34664.671708876835,34661.281979236155
1000,6,dual_vmf,7600,0.0094713047870902,34664.56485489552,34661.281979236155
1000,6,dual_vmf,7700,0.0095951258464998,34664.60777286207,34661.281979236155
1000,6,dual_vmf,7800,0.0094072865064628,34664.542665338755,34661.281979236155
1000,6,dual_vmf,7900,0.0094397566394802,34664.55391990312,34661.281979236155
1000,6,dual_vmf,8000,0.0092899906402923,34664.50200908783,34661.281979236155
1000,6,dual_vmf,8100,0.0092635439168074,34664.49284231443,34661.281979236155
1000,6,dual_vmf,8200,0.009128299119522,34664.44596473388,34661.281979236155
1000,6,dual_vmf,8300,0.0090321307989323,34664.41263156111,34661.281979236155
1000,6,dual_vmf,8400,0.0089839306160709,34664.39592475981,34661.281979236155
1000,6,dual_vmf,8500,0.008920275999419,34664.37386125364,34661.281979236155
1000,6,dual_vmf,8600,0.0087627958094421,34664.31927660093,34661.281979236155
1000,6,dual_vmf,8700,0.0087560293796251,34664.31693126961,34661.281979236155
1000,6,dual_vmf,8800,0.0087979309360768,34664.33145488625,34661.281979236155
1000,6,dual_vmf,8900,0.008608193138127,34664.26568933308,34661.281979236155
1000,6,dual_vmf,9000,0.008555413343898,34664.24739517977,34661.281979236155
1000,6,dual_vmf,9100,0.0085047148668986,34664.2298224377,34661.281979236155
1000,6,dual_vmf,9200,0.0083377695765589,34664.171957059865,34661.281979236155
1000,6,dual_vmf,9300,0.0081955002821707,34664.12264469857,34661.281979236155
1000,6,dual_vmf,9400,0.0082908457974563,34664.155692676475,34661.281979236155
1000,6,dual_vmf,9500,0.0081997143568811,34664.124105350886,34661.281979236155
1000,6,dual_vmf,9600,0.008144792724625,34664.10506880906,34661.281979236155
1000,6,dual_vmf,9700,0.0079924317633445,34664.052258546646,34661.281979236155
1000,6,dual_vmf,9800,0.0078376270816773,34663.998601259416,34661.281979236155
1000,6,dual_vmf,9900,0.0079200993914058,34664.027187219246,34661.281979236155
1000,6,dual_vmf,10000,0.007919474442594,34664.026970603976,34661.281979236155
1000,7,dual_vmf,0,36.95864905290134,45250.06939458463,33039.220018230786
1000,7,dual_vmf,100,8.391858224159419,35811.82452052881,33039.220018230786
1000,7,dual_vmf,200,4.420482061959187,34499.71281254791,33039.220018230786
1000,7,dual_vmf,300,1.191076714866795,33432.74247464154,33039.220018230786
1000,7,dual_vmf,400,0.3465165197576807,33153.70637359304,33039.220018230786
1000,7,dual_vmf,500,0.202543576584181,33106.13883613123,33039.220018230786
1000,7,dual_vmf,600,0.1760767050481039,33097.39438821248,33039.220018230786
1000,7,dual_vmf,700,0.1601720553101857,33092.13961599244,33039.220018230786
1000,7,dual_vmf,800,0.1491637422958757,33088.50255523535,33039.220018230786
1000,7,dual_vmf,900,0.1389243206725703,33085.11953019663,33039.220018230786
1000,7,dual_vmf,1000,0.1311548223011615,33082.55254853539,33039.220018230786
1000,7,dual_vmf,1100,0.1230240991387441,33079.86622102068,33039.220018230786
1000,7,dual_vmf,1200,0.1158009610200916,33077.47975252544,33039.220018230786
1000,7,dual_vmf,1300,0.1091569245488735,33075.28461469762,33039.220018230786
1000,7,dual_vmf,1400,0.1039792442351424,33073.57394950693,33039.220018230786
1000,7,dual_vmf,1500,0.0982784445514311,33071.69044975663,33039.220018230786
1000,7,dual_vmf,1600,0.0938398056975044,33070.223958099865,33039.220018230786
1000,7,dual_vmf,1700,0.0896111290463767,33068.82683631724,33039.220018230786
1000,7,dual_vmf,1800,0.0849417840430919,33067.284121148194,33039.220018230786
1000,7,dual_vmf,1900,0.0813433642477247,33066.09523131482,33039.220018230786
1000,7,dual_vmf,2000,0.0779547128821194,33064.97564733449,33039.220018230786
1000,7,dual_vmf,2100,0.0738225702920633,33063.610419652694,33039.220018230786
1000,7,dual_vmf,2200,0.0699654270325372,33062.33604960476,33039.220018230786
1000,7,dual_vmf,2300,0.0662797534726633,33061.11833180816,33039.220018230786
1000,7,dual_vmf,2400,0.0628173225982207,33059.974371653574,33039.220018230786
1000,7,dual_vmf,2500,0.0591424676773312,33058.76022825091,33039.220018230786
1000,7,dual_vmf,2600,0.0558607214449953,33057.67596489277,33039.220018230786
1000,7,dual_vmf,2700,0.0525724455869535,33056.589544197224,33039.220018230786
1000,7,dual_vmf,2800,0.0490983790100029,33055.441739697286,33039.220018230786
1000,7,dual_vmf,2900,0.0462334934058481,33054.49520383926,33039.220018230786
1000,7,dual_vmf,3000,0.0437112338394006,33053.66186895167,33039.220018230786
1000,7,dual_vmf,3100,0.0408380672881626,33052.712597133315,33039.220018230786
1000,7,dual_vmf,3200,0.0378030265290233,33051.70984333926,33039.220018230786
1000,7,dual_vmf,3300,0.0343980382827821,33050.58486178099,33039.220018230786
1000,7,dual_vmf,3400,0.0316535422574065,33049.678101700774,33039.220018230786
1000,7,dual_vmf,3500,0.0288287695087241,33048.74481881732,33039.220018230786
1000,7,dual_vmf,3600,0.0263744723776395,33047.93393818828,33039.220018230786
1000,7,dual_vmf,3700,0.0243015052658854,33047.249046023324,33039.220018230786
1000,7,dual_vmf,3800,0.0224688168124493,33046.643540052944,33039.220018230786
1000,7,dual_vmf,3900,0.0204986359421847,33045.99260766046,33039.220018230786
1000,7,dual_vmf,4000,0.0187857917907802,33045.42669731271,33039.220018230786
1000,7,dual_vmf,4100,0.0172568694891211,33044.92155330956,33039.220018230786
1000,7,dual_vmf,4200,0.0159650376375433,33044.49474214185,33039.220018230786
1000,7,dual_vmf,4300,0.014697609254046,33044.07599368965,33039.220018230786
1000,7,dual_vmf,4400,0.0136976270193054,33043.74560735897,33039.220018230786
1000,7,dual_vmf,4500,0.0126157128064365,33043.38815134177,33039.220018230786
1000,7,dual_vmf,4600,0.011823395414931,33043.12637585555,33039.220018230786
1000,7,dual_vmf,4700,0.0107978162597648,33042.787532502014,33039.220018230786
1000,7,dual_vmf,4800,0.0099213285101364,33042.49794778598,33039.220018230786
1000,7,dual_vmf,4900,0.0090412399906262,33042.207173403665,33039.220018230786
1000,7,dual_vmf,5000,0.0085666126388803,33042.050360228655,33039.220018230786
1000,7,dual_vmf,5100,0.0081512988100336,33041.91314377898,33039.220018230786
1000,7,dual_vmf,5200,0.0077073405152127,33041.76646342116,33039.220018230786
1000,7,dual_vmf,5300,0.0073139253425238,33041.63648211667,33039.220018230786
1000,7,dual_vmf,5400,0.0068262107077694,33041.475345005434,33039.220018230786
1000,7,dual_vmf,5500,0.0063609050647977,33041.321611650295,33039.220018230786
1000,7,dual_vmf,5600,0.0059309496910169,33041.17955774837,33039.220018230786
1000,7,dual_vmf,5700,0.0057527650705675,33041.12068693958,33039.220018230786
1000,7,dual_vmf,5800,0.0054618863970399,33041.02458289465,33039.220018230786
1000,7,dual_vmf,5900,0.004991282496675,33040.869099036594,33039.220018230786
1000,7,dual_vmf,6000,0.0046395692128921,33040.75289571093,33039.220018230786
1000,7,dual_vmf,6100,0.0044905933112615,33040.70367523502,33039.220018230786
1000,7,dual_vmf,6200,0.0043966842203642,33040.67264840386,33039.220018230786
1000,7,dual_vmf,6300,0.004394086659682,33040.67179019007,33039.220018230786
1000,7,dual_vmf,6400,0.0043809206463109,33040.667440241945,33039.220018230786
1000,7,dual_vmf,6500,0.0042697120758276,33040.630697797664,33039.220018230786
1000,7,dual_vmf,6600,0.0041603927525808,33040.594579545934,33039.220018230786
1000,7,dual_vmf,6700,0.0041933631833394,33040.60547271909,33039.220018230786
1000,7,dual_vmf,6800,0.0041095183233709,33040.577771031334,33039.220018230786
1000,7,dual_vmf,6900,0.0041955844896013,33040.60620662136,33039.220018230786
1000,7,dual_vmf,7000,0.0042728838111408,33040.63174571427,33039.220018230786
1000,7,dual_vmf,7100,0.0043024862006234,33040.641526112864,33039.220018230786
1000,7,dual_vmf,7200,0.0042595372947055,33040.62733612934,33039.220018230786
1000,7,dual_vmf,7300,0.0042186773952194,33040.61383633725,33039.220018230786
1000,7,dual_vmf,7400,0.0042397639129608,33040.62080315824,33039.220018230786
1000,7,dual_vmf,7500,0.0042465160452138,33040.623034010074,33039.220018230786
1000,7,dual_vmf,7600,0.0041732095159918,33040.5988141046,33039.220018230786
1000,7,dual_vmf,7700,0.0042244070775571,33040.615729379606,33039.220018230786
1000,7,dual_vmf,7800,0.0042222241693943,33040.615008163775,33039.220018230786
1000,7,dual_vmf,7900,0.0042346003265042,33040.61909714955,33039.220018230786
1000,7,dual_vmf,8000,0.0041223364824598,33040.58200605112,33039.220018230786
1000,7,dual_vmf,8100,0.0040611415408139,33040.56178771971,33039.220018230786
1000,7,dual_vmf,8200,0.0040462411612748,33040.55686475053,33039.220018230786
1000,7,dual_vmf,8300,0.0040283782945362,33040.550962998685,33039.220018230786
1000,7,dual_vmf,8400,0.0040994416586734,33040.574441779914,33039.220018230786
1000,7,dual_vmf,8500,0.0041477445182003,33040.59040066795,33039.220018230786
1000,7,dual_vmf,8600,0.0041703253703532,33040.59786120537,33039.220018230786
1000,7,dual_vmf,8700,0.00416880492719,33040.59735886281,33039.220018230786
1000,7,dual_vmf,8800,0.0041525929777617,33040.59200256117,33039.220018230786
1000,7,dual_vmf,8900,0.004049923149057,33040.55808125057,33039.220018230786
1000,7,dual_vmf,9000,0.0039879970605729,33040.53762135395,33039.220018230786
1000,7,dual_vmf,9100,0.003848799170637,33040.49163145683,33039.220018230786
1000,7,dual_vmf,9200,0.0037447029594782,33040.4572388806,33039.220018230786
1000,7,dual_vmf,9300,0.0037669426831659,33040.46458671184,33039.220018230786
1000,7,dual_vmf,9400,0.0037928030861986,33040.47313078729,33039.220018230786
1000,7,dual_vmf,9500,0.0038085662053176,33040.4783387989,33039.220018230786
1000,7,dual_vmf,9600,0.0038603526560321,33040.49544863829,33039.220018230786
1000,7,dual_vmf,9700,0.0039176569955807,33040.51438154512,33039.220018230786
1000,7,dual_vmf,9800,0.0038365387250595,33040.48758070124,33039.220018230786
1000,7,dual_vmf,9900,0.0038629049534417,33040.49629189745,33039.220018230786
1000,7,dual_vmf,10000,0.0038521016440992,33040.492722568306,33039.220018230786
1000,8,dual_vmf,0,33.765153677468284,63504.0488000436,47474.28388798717
1000,8,dual_vmf,100,4.020122026093821,49382.80803129845,47474.28388798717
1000,8,dual_vmf,200,2.13952578042907,48490.00843084474,47474.28388798717
1000,8,dual_vmf,300,0.5352617784919199,47728.39558425232,47474.28388798717
1000,8,dual_vmf,400,0.1448648311466676,47543.05742917959,47474.28388798717
1000,8,dual_vmf,500,0.074715218572862,47509.75440295998,47474.28388798717
1000,8,dual_vmf,600,0.0708554100592725,47507.92198650871,47474.28388798717
1000,8,dual_vmf,700,0.0524176454759842,47499.16878980784,47474.28388798717
1000,8,dual_vmf,800,0.0447864613761611,47495.54593980427,47474.28388798717
1000,8,dual_vmf,900,0.04984365734145,47497.946807373606,47474.28388798717
1000,8,dual_vmf,1000,0.0512719907969888,47498.62489845316,47474.28388798717
1000,8,dual_vmf,1100,0.0462629302908736,47496.24688284836,47474.28388798717
1000,8,dual_vmf,1200,0.043433876169952,47494.90380966365,47474.28388798717
1000,8,dual_vmf,1300,0.0419060088227431,47494.178465581805,47474.28388798717
1000,8,dual_vmf,1400,0.0453504858638191,47495.81370639074,47474.28388798717
1000,8,dual_vmf,1500,0.0446265314399163,47495.47001421232,47474.28388798717
1000,8,dual_vmf,1600,0.0470669622193613,47496.62859124864,47474.28388798717
1000,8,dual_vmf,1700,0.0455997139129041,47495.93202562229,47474.28388798717
1000,8,dual_vmf,1800,0.0441427735394811,47495.240353613335,47474.28388798717
1000,8,dual_vmf,1900,0.0447344109504791,47495.52122923742,47474.28388798717
1000,8,dual_vmf,2000,0.0434511633665911,47494.91201663646,47474.28388798717
1000,8,dual_vmf,2100,0.0406185420647288,47493.56724995814,47474.28388798717
1000,8,dual_vmf,2200,0.0396072540018939,47493.087148192266,47474.28388798717
1000,8,dual_vmf,2300,0.0366802237628647,47491.6975615471,47474.28388798717
1000,8,dual_vmf,2400,0.0370129113087714,47491.85550257711,47474.28388798717
1000,8,dual_vmf,2500,0.0356269107189363,47491.1975087224,47474.28388798717
1000,8,dual_vmf,2600,0.0343692088972733,47490.60042378912,47474.28388798717
1000,8,dual_vmf,2700,0.0350066062335829,47490.90302361005,47474.28388798717
1000,8,dual_vmf,2800,0.0344489965296488,47490.63830239622,47474.28388798717
1000,8,dual_vmf,2900,0.0343549308236528,47490.59364537591,47474.28388798717
1000,8,dual_vmf,3000,0.0344617644020376,47490.6443638522,47474.28388798717
1000,8,dual_vmf,3100,0.0326563789827318,47489.78727005297,47474.28388798717
1000,8,dual_vmf,3200,0.0307001901330112,47488.85858340507,47474.28388798717
1000,8,dual_vmf,3300,0.0278824319871322,47487.52087290362,47474.28388798717
1000,8,dual_vmf,3400,0.028082504696068,47487.61585598944,47474.28388798717
1000,8,dual_vmf,3500,0.0277176524099148,47487.44264497934,47474.28388798717
1000,8,dual_vmf,3600,0.025164569383633,47486.230587095546,47474.28388798717
1000,8,dual_vmf,3700,0.0246095856456383,47485.96711254024,47474.28388798717
1000,8,dual_vmf,3800,0.0239451562623476,47485.65167944858,47474.28388798717
1000,8,dual_vmf,3900,0.0230225068144193,47485.21365823038,47474.28388798717
1000,8,dual_vmf,4000,0.0226894920036925,47485.05556183375,47474.28388798717
1000,8,dual_vmf,4100,0.0232460189358957,47485.31976900945,47474.28388798717
1000,8,dual_vmf,4200,0.0232332678874146,47485.3137155405,47474.28388798717
1000,8,dual_vmf,4300,0.0239885781049843,47485.67229365742,47474.28388798717
1000,8,dual_vmf,4400,0.023531970584233,47485.45552250677,47474.28388798717
1000,8,dual_vmf,4500,0.0217494735780743,47484.60929481777,47474.28388798717
1000,8,dual_vmf,4600,0.0209542489840969,47484.23176763648,47474.28388798717
1000,8,dual_vmf,4700,0.0208961978254082,47484.2042082646,47474.28388798717
1000,8,dual_vmf,4800,0.0211085247827848,47484.30500896712,47474.28388798717
1000,8,dual_vmf,4900,0.0207731201703759,47484.14577802925,47474.28388798717
1000,8,dual_vmf,5000,0.019021160573092,47483.31404775643,47474.28388798717
1000,8,dual_vmf,5100,0.0190166582476049,47483.31191030965,47474.28388798717
1000,8,dual_vmf,5200,0.0191003193022822,47483.35162779625,47474.28388798717
1000,8,dual_vmf,5300,0.0194300101064698,47483.50814614458,47474.28388798717
1000,8,dual_vmf,5400,0.0199465850737258,47483.75338641103,47474.28388798717
1000,8,dual_vmf,5500,0.0191631350594519,47483.38144912713,47474.28388798717
1000,8,dual_vmf,5600,0.0181341950419773,47482.8929672222,47474.28388798717
1000,8,dual_vmf,5700,0.0168583979813817,47482.28729170382,47474.28388798717
1000,8,dual_vmf,5800,0.0167407450521,47482.23143681817,47474.28388798717
1000,8,dual_vmf,5900,0.0168272364582996,47482.27249799389,47474.28388798717
1000,8,dual_vmf,6000,0.0173148517881102,47482.50398987984,47474.28388798717
1000,8,dual_vmf,6100,0.0166207600157448,47482.17447478139,47474.28388798717
1000,8,dual_vmf,6200,0.0172416072225109,47482.46921754684,47474.28388798717
1000,8,dual_vmf,6300,0.0174418959779105,47482.56430319917,47474.28388798717
1000,8,dual_vmf,6400,0.0175271083596694,47482.6047571672,47474.28388798717
1000,8,dual_vmf,6500,0.0181257584844881,47482.88896202695,47474.28388798717
1000,8,dual_vmf,6600,0.0182202240096425,47482.933808858535,47474.28388798717
1000,8,dual_vmf,6700,0.0175472493876351,47482.61431897599,47474.28388798717
1000,8,dual_vmf,6800,0.015909156993093,47481.83664634226,47474.28388798717
1000,8,dual_vmf,6900,0.0152197212936639,47481.509341681085,47474.28388798717
1000,8,dual_vmf,7000,0.0148652270652082,47481.3410480847,47474.28388798717
1000,8,dual_vmf,7100,0.0151341935515434,47481.46873799799,47474.28388798717
1000,8,dual_vmf,7200,0.0145815290758305,47481.20636449584,47474.28388798717
1000,8,dual_vmf,7300,0.0137159388048086,47480.79543171327,47474.28388798717
1000,8,dual_vmf,7400,0.0128789399856558,47480.39807251773,47474.28388798717
1000,8,dual_vmf,7500,0.0126540255833721,47480.29129601588,47474.28388798717
1000,8,dual_vmf,7600,0.0123734756068629,47480.15810692358,47474.28388798717
1000,8,dual_vmf,7700,0.0125879798242925,47480.25994126472,47474.28388798717
1000,8,dual_vmf,7800,0.0119571682123458,47479.960467969264,47474.28388798717
1000,8,dual_vmf,7900,0.0118274620420573,47479.89889089376,47474.28388798717
1000,8,dual_vmf,8000,0.0110364122643874,47479.523345676615,47474.28388798717
1000,8,dual_vmf,8100,0.0109297042930717,47479.47268683138,47474.28388798717
1000,8,dual_vmf,8200,0.0109242172425894,47479.47008189346,47474.28388798717
1000,8,dual_vmf,8300,0.0112019688789009,47479.60194249378,47474.28388798717
1000,8,dual_vmf,8400,0.0114183044471446,47479.7046462556,47474.28388798717
1000,8,dual_vmf,8500,0.0109460285413453,47479.48043665135,47474.28388798717
1000,8,dual_vmf,8600,0.0110186770969785,47479.51492603289,47474.28388798717
1000,8,dual_vmf,8700,0.0109630648992287,47479.488524540255,47474.28388798717
1000,8,dual_vmf,8800,0.0109428697060412,47479.47893701691,47474.28388798717
1000,8,dual_vmf,8900,0.0109921507591321,47479.50233284396,47474.28388798717
1000,8,dual_vmf,9000,0.011194293779111,47479.59829879512,47474.28388798717
1000,8,dual_vmf,9100,0.0111521303166544,47479.57828199326,47474.28388798717
1000,8,dual_vmf,9200,0.0107567886752274,47479.39059638008,47474.28388798717
1000,8,dual_vmf,9300,0.0104716068179128,47479.25520833554,47474.28388798717
1000,8,dual_vmf,9400,0.0095376417491156,47478.811815107365,47474.28388798717
1000,8,dual_vmf,9500,0.0097769838240761,47478.925441043495,47474.28388798717
1000,8,dual_vmf,9600,0.0093323960837858,47478.71437619754,47474.28388798717
1000,8,dual_vmf,9700,0.0099364091763673,47479.00112708783,47474.28388798717
1000,8,dual_vmf,9800,0.0094364780312908,47478.76378835677,47474.28388798717
1000,8,dual_vmf,9900,0.0085059811396447,47478.322041620864,47474.28388798717
1000,8,dual_vmf,10000,0.0084183742023071,47478.28045085473,47474.28388798717
1000,9,dual_vmf,0,41.146232453523744,66767.99057569557,47304.12524307424
1000,9,dual_vmf,100,4.31061701505516,49343.2249146252,47304.12524307424
1000,9,dual_vmf,200,2.0017029654060656,48251.013320824255,47304.12524307424
1000,9,dual_vmf,300,0.4493580502834519,47516.69013797016,47304.12524307424
1000,9,dual_vmf,400,0.0505453825633505,47328.0352941466,47304.12524307424
1000,9,dual_vmf,500,0.0199636125499194,47313.568855357895,47304.12524307424
1000,9,dual_vmf,600,0.0134587502985335,47310.49178717161,47304.12524307424
1000,9,dual_vmf,700,0.0103873952281738,47309.03890952247,47304.12524307424
1000,9,dual_vmf,800,0.0094192531058799,47308.58093836041,47304.12524307424
1000,9,dual_vmf,900,0.0074845476694219,47307.66574287766,47304.12524307424
1000,9,dual_vmf,1000,0.0061130352058085,47307.01696090415,47304.12524307424
1000,9,dual_vmf,1100,0.0064690871149126,47307.18538814516,47304.12524307424
1000,9,dual_vmf,1200,0.0060590232446373,47306.99141101839,47304.12524307424
1000,9,dual_vmf,1300,0.005606813746245,47306.77749727091,47304.12524307424
1000,9,dual_vmf,1400,0.0047965973689282,47306.39423150104,47304.12524307424
1000,9,dual_vmf,1500,0.0038063143426068,47305.92578677801,47304.12524307424
1000,9,dual_vmf,1600,0.0033894568108274,47305.72859596909,47304.12524307424
1000,9,dual_vmf,1700,0.0030584689021549,47305.57202503424,47304.12524307424
1000,9,dual_vmf,1800,0.0034292401790944,47305.74741514344,47304.12524307424
1000,9,dual_vmf,1900,0.0039615677670604,47305.99922805236,47304.12524307424
1000,9,dual_vmf,2000,0.0033251593646062,47305.69818062461,47304.12524307424
1000,9,dual_vmf,2100,0.0028247160257904,47305.46145028084,47304.12524307424
1000,9,dual_vmf,2200,0.0030391756669808,47305.5628985381,47304.12524307424
1000,9,dual_vmf,2300,0.0030180233711711,47305.5528926296,47304.12524307424
1000,9,dual_vmf,2400,0.0028787467398529,47305.48700903749,47304.12524307424
1000,9,dual_vmf,2500,0.0032338874864921,47305.65500526107,47304.12524307424
1000,9,dual_vmf,2600,0.0029710315516968,47305.53066356047,47304.12524307424
1000,9,dual_vmf,2700,0.0031938374954449,47305.63605996314,47304.12524307424
1000,9,dual_vmf,2800,0.0034611021822446,47305.76248718532,47304.12524307424
1000,9,dual_vmf,2900,0.003494400192406,47305.77823851775,47304.12524307424
1000,9,dual_vmf,3000,0.0034948831252772,47305.77846696492,47304.12524307424
1000,9,dual_vmf,3100,0.0034037924233191,47305.73537730518,47304.12524307424
1000,9,dual_vmf,3200,0.003421136524251,47305.74358178041,47304.12524307424
1000,9,dual_vmf,3300,0.0036790722747767,47305.86559603088,47304.12524307424
1000,9,dual_vmf,3400,0.003560058026607,47305.80929738187,47304.12524307424
1000,9,dual_vmf,3500,0.0032806488738734,47305.67712532632,47304.12524307424
1000,9,dual_vmf,3600,0.0029419399547916,47305.51690203503,47304.12524307424
1000,9,dual_vmf,3700,0.0024490675402224,47305.28375305075,47304.12524307424
1000,9,dual_vmf,3800,0.0021727334848804,47305.153035643125,47304.12524307424
1000,9,dual_vmf,3900,0.0019660078006829,47305.05524586656,47304.12524307424
1000,9,dual_vmf,4000,0.0017547579900846,47304.95531599158,47304.12524307424
1000,9,dual_vmf,4100,0.0018176503094418,47304.9850666531,47304.12524307424
1000,9,dual_vmf,4200,0.0015449570861992,47304.856071509246,47304.12524307424
1000,9,dual_vmf,4300,0.0013184020028935,47304.748901608895,47304.12524307424
1000,9,dual_vmf,4400,0.0013273172912132,47304.75311890805,47304.12524307424
1000,9,dual_vmf,4500,0.0012996229995382,47304.74001836563,47304.12524307424
1000,9,dual_vmf,4600,0.0011338134479537,47304.66158360768,47304.12524307424
1000,9,dual_vmf,4700,0.000980303797397,47304.58896721032,47304.12524307424
1000,9,dual_vmf,4800,0.0009843709634147,47304.59089114763,47304.12524307424
1000,9,dual_vmf,4900,0.0009288718655996,47304.56463778489,47304.12524307424
1000,9,dual_vmf,5000,0.0007745973192267,47304.491659560255,47304.12524307424
1000,9,dual_vmf,5100,0.0010101474259014,47304.60308447773,47304.12524307424
1000,9,dual_vmf,5200,0.0012072084440888,47304.696302468576,47304.12524307424
1000,9,dual_vmf,5300,0.0012558055514234,47304.71929090509,47304.12524307424
1000,9,dual_vmf,5400,0.0013670520575071,47304.77191509166,47304.12524307424
1000,9,dual_vmf,5500,0.0013313421002383,47304.75502280875,47304.12524307424
1000,9,dual_vmf,5600,0.0012374355635028,47304.710601143,47304.12524307424
1000,9,dual_vmf,5700,0.001329787330945,47304.754287338736,47304.12524307424
1000,9,dual_vmf,5800,0.0012208372353157,47304.70274944905,47304.12524307424
1000,9,dual_vmf,5900,0.0011373421265023,47304.6632528182,47304.12524307424
1000,9,dual_vmf,6000,0.0011281384236256,47304.658899087066,47304.12524307424
1000,9,dual_vmf,6100,0.0012173018280469,47304.701077055564,47304.12524307424
1000,9,dual_vmf,6200,0.0011973901891633,47304.69165802897,47304.12524307424
1000,9,dual_vmf,6300,0.0012740440062706,47304.72791844662,47304.12524307424
1000,9,dual_vmf,6400,0.0012593751089358,47304.72097945305,47304.12524307424
1000,9,dual_vmf,6500,0.0013595297834998,47304.76835674574,47304.12524307424
1000,9,dual_vmf,6600,0.0011332567829898,47304.66132028219,47304.12524307424
1000,9,dual_vmf,6700,0.0010579813154353,47304.62571188074,47304.12524307424
1000,9,dual_vmf,6800,0.0009196837057509,47304.56029140625,47304.12524307424
1000,9,dual_vmf,6900,0.0008997544712601,47304.55086405621,47304.12524307424
1000,9,dual_vmf,7000,0.0009023825057843,47304.55210722495,47304.12524307424
1000,9,dual_vmf,7100,0.0008354179284677,47304.520430217424,47304.12524307424
1000,9,dual_vmf,7200,0.0007979733223874,47304.50271737407,47304.12524307424
1000,9,dual_vmf,7300,0.0007257825211202,47304.46856814702,47304.12524307424
1000,9,dual_vmf,7400,0.0008445990425274,47304.52477326312,47304.12524307424
1000,9,dual_vmf,7500,0.0008506347884493,47304.52762841993,47304.12524307424
1000,9,dual_vmf,7600,0.0008102129661438,47304.50850723048,47304.12524307424
1000,9,dual_vmf,7700,0.0008432271127474,47304.52412428374,47304.12524307424
1000,9,dual_vmf,7800,0.000745552148973,47304.47791999654,47304.12524307424
1000,9,dual_vmf,7900,0.0007996498089128,47304.50351042135,47304.12524307424
1000,9,dual_vmf,8000,0.0007608000682472,47304.48513289137,47304.12524307424
1000,9,dual_vmf,8100,0.0007968735935608,47304.502197156966,47304.12524307424
1000,9,dual_vmf,8200,0.0008612731447119,47304.5326608013,47304.12524307424
1000,9,dual_vmf,8300,0.0009118082832074,47304.5565660065,47304.12524307424
1000,9,dual_vmf,8400,0.0007795624784978,47304.494008285415,47304.12524307424
1000,9,dual_vmf,8500,0.0006750368681976,47304.44456335981,47304.12524307424
1000,9,dual_vmf,8600,0.0006022594006105,47304.41013661539,47304.12524307424
1000,9,dual_vmf,8700,0.0007603037474741,47304.48489811117,47304.12524307424
1000,9,dual_vmf,8800,0.0008379766310547,47304.5216405893,47304.12524307424
1000,9,dual_vmf,8900,0.0007784207819777,47304.49346821586,47304.12524307424
1000,9,dual_vmf,9000,0.0007586656054237,47304.484123202405,47304.12524307424
1000,9,dual_vmf,9100,0.0008206864749824,47304.51346163222,47304.12524307424
1000,9,dual_vmf,9200,0.000875230712158,47304.53926330648,47304.12524307424
1000,9,dual_vmf,9300,0.0008495233435071,47304.52710266062,47304.12524307424
1000,9,dual_vmf,9400,0.0009142975052591,47304.55774351122,47304.12524307424
1000,9,dual_vmf,9500,0.0009315851794464,47304.56592129427,47304.12524307424
1000,9,dual_vmf,9600,0.0008167232618728,47304.511586868924,47304.12524307424
1000,9,dual_vmf,9700,0.0007446677805232,47304.47750165378,47304.12524307424
1000,9,dual_vmf,9800,0.0007119633934133,47304.46203112954,47304.12524307424
1000,9,dual_vmf,9900,0.0006073262979229,47304.41253346684,47304.12524307424
1000,9,dual_vmf,10000,0.0006116391144253,47304.41457360696,47304.12524307424
1000,10,dual_vmf,0,37.52623663462878,41388.716765444144,30095.14240937395
1000,10,dual_vmf,100,6.203735113735422,31962.165326552964,30095.14240937395
1000,10,dual_vmf,200,3.5908725089929394,31175.82060469444,30095.14240937395
1000,10,dual_vmf,300,1.2850153112304994,30481.86959727103,30095.14240937395
1000,10,dual_vmf,400,0.5917106025092411,30273.218557850472,30095.14240937395
1000,10,dual_vmf,500,0.5129073568085785,30249.50260883365,30095.14240937395
1000,10,dual_vmf,600,0.4980210202855412,30245.022544657502,30095.14240937395
1000,10,dual_vmf,700,0.4898696391664615,30242.569374901384,30095.14240937395
1000,10,dual_vmf,800,0.4827529666424414,30240.42760217047,30095.14240937395
1000,10,dual_vmf,900,0.4781785358657051,30239.050920713795,30095.14240937395
1000,10,dual_vmf,1000,0.474789272832823,30238.03091717742,30095.14240937395
1000,10,dual_vmf,1100,0.4714536620401083,30237.02706035913,30095.14240937395
1000,10,dual_vmf,1200,0.4672919888048814,30235.774598872376,30095.14240937395
1000,10,dual_vmf,1300,0.4649475141305126,30235.069025880373,30095.14240937395
1000,10,dual_vmf,1400,0.4627399880356159,30234.40466775839,30095.14240937395
1000,10,dual_vmf,1500,0.4610724166754445,30233.90280978277,30095.14240937395
1000,10,dual_vmf,1600,0.4586780319515689,30233.18221629029,30095.14240937395
1000,10,dual_vmf,1700,0.4562079834051123,30232.438851662653,30095.14240937395
1000,10,dual_vmf,1800,0.4546869045348973,30231.981080810503,30095.14240937395
1000,10,dual_vmf,1900,0.4533052417731698,30231.565267434744,30095.14240937395
1000,10,dual_vmf,2000,0.4519288140153147,30231.15102954085,30095.14240937395
1000,10,dual_vmf,2100,0.4506340088300858,30230.76135607644,30095.14240937395
1000,10,dual_vmf,2200,0.4498113880173059,30230.51378717134,30095.14240937395
1000,10,dual_vmf,2300,0.4478785292375083,30229.93209056899,30095.14240937395
1000,10,dual_vmf,2400,0.4470138086393279,30229.671851673524,30095.14240937395
1000,10,dual_vmf,2500,0.4458627010493398,30229.32542420503,30095.14240937395
1000,10,dual_vmf,2600,0.4447388002969272,30228.987184673053,30095.14240937395
1000,10,dual_vmf,2700,0.4435036581101108,30228.61546687297,30095.14240937395
1000,10,dual_vmf,2800,0.4423717359453339,30228.27481328552,30095.14240937395
1000,10,dual_vmf,2900,0.4413987743686749,30227.981999113435,30095.14240937395
1000,10,dual_vmf,3000,0.4404098860278,30227.68439175898,30095.14240937395
1000,10,dual_vmf,3100,0.4394650413677161,30227.40003941298,30095.14240937395
1000,10,dual_vmf,3200,0.4386681670453419,30227.16021895084,30095.14240937395
1000,10,dual_vmf,3300,0.4378601180655017,30226.917035459617,30095.14240937395
1000,10,dual_vmf,3400,0.4370664522720574,30226.678180608826,30095.14240937395
1000,10,dual_vmf,3500,0.436125871040608,30226.395111347745,30095.14240937395
1000,10,dual_vmf,3600,0.4352629726947902,30226.135420861723,30095.14240937395
1000,10,dual_vmf,3700,0.4344289361067842,30225.884416362816,30095.14240937395
1000,10,dual_vmf,3800,0.4335954061370303,30225.633564331398,30095.14240937395
1000,10,dual_vmf,3900,0.4327685177383667,30225.38471109025,30095.14240937395
1000,10,dual_vmf,4000,0.4319864534862173,30225.149347739836,30095.14240937395
1000,10,dual_vmf,4100,0.4312440136485695,30224.92590941339,30095.14240937395
1000,10,dual_vmf,4200,0.4303951127576213,30224.670431481343,30095.14240937395
1000,10,dual_vmf,4300,0.4295296497507366,30224.40996915692,30095.14240937395
1000,10,dual_vmf,4400,0.4287856705292301,30224.186067550712,30095.14240937395
1000,10,dual_vmf,4500,0.4282040173375555,30224.01101819435,30095.14240937395
1000,10,dual_vmf,4600,0.4275819819671768,30223.8238157638,30095.14240937395
1000,10,dual_vmf,4700,0.4264963040594429,30223.49707945136,30095.14240937395
1000,10,dual_vmf,4800,0.4258457334529261,30223.301289300853,30095.14240937395
1000,10,dual_vmf,4900,0.4252283687391389,30223.115492511053,30095.14240937395
1000,10,dual_vmf,5000,0.4245737286116316,30222.91847763241,30095.14240937395
1000,10,dual_vmf,5100,0.423694686406243,30222.65392862886,30095.14240937395
1000,10,dual_vmf,5200,0.4230765844471547,30222.46790996404,30095.14240937395
1000,10,dual_vmf,5300,0.4225003875286865,30222.294502680867,30095.14240937395
1000,10,dual_vmf,5400,0.4219025969120336,30222.114596743475,30095.14240937395
1000,10,dual_vmf,5500,0.421369409128693,30221.95413312077,30095.14240937395
1000,10,dual_vmf,5600,0.4207349436437601,30221.76318982954,30095.14240937395
1000,10,dual_vmf,5700,0.4201483474331258,30221.586652864586,30095.14240937395
1000,10,dual_vmf,5800,0.4195649794839814,30221.41108744952,30095.14240937395
1000,10,dual_vmf,5900,0.4189936222666779,30221.239136681303,30095.14240937395
1000,10,dual_vmf,6000,0.4181567693358065,30220.9872846,30095.14240937395
1000,10,dual_vmf,6100,0.4176102863416574,30220.822819764668,30095.14240937395
1000,10,dual_vmf,6200,0.4169798868299921,30220.633100133884,30095.14240937395
1000,10,dual_vmf,6300,0.4164149811725797,30220.463090971807,30095.14240937395
1000,10,dual_vmf,6400,0.4158738042259932,30220.300222999045,30095.14240937395
1000,10,dual_vmf,6500,0.415351713451307,30220.143099036897,30095.14240937395
1000,10,dual_vmf,6600,0.4148713062241168,30219.99851979773,30095.14240937395
1000,10,dual_vmf,6700,0.4143777994665297,30219.849998236237,30095.14240937395
1000,10,dual_vmf,6800,0.4138848859134125,30219.701655200468,30095.14240937395
1000,10,dual_vmf,6900,0.4135764693478484,30219.608836795847,30095.14240937395
1000,10,dual_vmf,7000,0.4130525266905422,30219.451155506988,30095.14240937395
1000,10,dual_vmf,7100,0.4125401663171121,30219.296959922955,30095.14240937395
1000,10,dual_vmf,7200,0.4120400763468628,30219.146457134237,30095.14240937395
1000,10,dual_vmf,7300,0.4115500340802996,30218.998978216245,30095.14240937395
1000,10,dual_vmf,7400,0.410854005703625,30218.789507485075,30095.14240937395
1000,10,dual_vmf,7500,0.4103654685136311,30218.642481522023,30095.14240937395
1000,10,dual_vmf,7600,0.4098640156221412,30218.491568560214,30095.14240937395
1000,10,dual_vmf,7700,0.4093947546068818,30218.3503437894,30095.14240937395
1000,10,dual_vmf,7800,0.4089333521170274,30218.211484053,30095.14240937395
1000,10,dual_vmf,7900,0.4084527697096384,30218.0668520931,30095.14240937395
1000,10,dual_vmf,8000,0.4079937713582103,30217.92871588558,30095.14240937395
1000,10,dual_vmf,8100,0.4075318114276413,30217.7896883866,30095.14240937395
1000,10,dual_vmf,8200,0.4070843769763009,30217.65503235128,30095.14240937395
1000,10,dual_vmf,8300,0.4065696219709295,30217.50011609936,30095.14240937395
1000,10,dual_vmf,8400,0.4061382383183616,30217.370290574785,30095.14240937395
1000,10,dual_vmf,8500,0.405782321199862,30217.263176811117,30095.14240937395
1000,10,dual_vmf,8600,0.4052776673005516,30217.11130050144,30095.14240937395
1000,10,dual_vmf,8700,0.4048001692401436,30216.96759678016,30095.14240937395
1000,10,dual_vmf,8800,0.4042127558848648,30216.79081389436,30095.14240937395
1000,10,dual_vmf,8900,0.4037619188127253,30216.655133835466,30095.14240937395
1000,10,dual_vmf,9000,0.4033478875293542,30216.530530531112,30095.14240937395
1000,10,dual_vmf,9100,0.4028907771591583,30216.392962514237,30095.14240937395
1000,10,dual_vmf,9200,0.4024696555002244,30216.26622535126,30095.14240937395
1000,10,dual_vmf,9300,0.4020511094839123,30216.140263331603,30095.14240937395
1000,10,dual_vmf,9400,0.4017262459765525,30216.042495196427,30095.14240937395
1000,10,dual_vmf,9500,0.4013001506966871,30215.91426121515,30095.14240937395
1000,10,dual_vmf,9600,0.4008826853427106,30215.788624422363,30095.14240937395
1000,10,dual_vmf,9700,0.4004633187560139,30215.66241545088,30095.14240937395
1000,10,dual_vmf,9800,0.4000504420021718,30215.538159603835,30095.14240937395
1000,10,dual_vmf,9900,0.3996396632733276,30215.4145351604,30095.14240937395
1000,10,dual_vmf,10000,0.3992365236309585,30215.29320971092,30095.14240937395
1000,11,dual_vmf,0,52.56764091987143,43634.00463340689,28599.77670908832
1000,11,dual_vmf,100,6.408886543158912,30432.70394997058,28599.77670908832
1000,11,dual_vmf,200,3.389290456294657,29569.106211611037,28599.77670908832
1000,11,dual_vmf,300,1.0796510620580155,28908.554502074214,28599.77670908832
1000,11,dual_vmf,400,0.2807544353089994,28680.07185068756,28599.77670908832
1000,11,dual_vmf,500,0.1278480392327882,28636.34096283585,28599.77670908832
1000,11,dual_vmf,600,0.0704557114051499,28619.926885228997,28599.77670908832
1000,11,dual_vmf,700,0.041574950447155,28611.66705208312,28599.77670908832
1000,11,dual_vmf,800,0.0260804626980863,28607.23566318467,28599.77670908832
1000,11,dual_vmf,900,0.0182649908618719,28605.00045569075,28599.77670908832
1000,11,dual_vmf,1000,0.0138518104142052,28603.73829593695,28599.77670908832
1000,11,dual_vmf,1100,0.0118252079741402,28603.15869216431,28599.77670908832
1000,11,dual_vmf,1200,0.0105431747311271,28602.792033519472,28599.77670908832
1000,11,dual_vmf,1300,0.0105684147593733,28602.799252111192,28599.77670908832
1000,11,dual_vmf,1400,0.0095120599818728,28602.49713700357,28599.77670908832
1000,11,dual_vmf,1500,0.0098713206930515,28602.59988476477,28599.77670908832
1000,11,dual_vmf,1600,0.0090118296336525,28602.35407224095,28599.77670908832
1000,11,dual_vmf,1700,0.0082926882420391,28602.148399408725,28599.77670908832
1000,11,dual_vmf,1800,0.0081817357896555,28602.11666725509,28599.77670908832
1000,11,dual_vmf,1900,0.0076161451459668,28601.954909593907,28599.77670908832
1000,11,dual_vmf,2000,0.007822613474962,28602.01395907497,28599.77670908832
1000,11,dual_vmf,2100,0.0078282503556594,28602.015571210268,28599.77670908832
1000,11,dual_vmf,2200,0.0086880850766874,28602.26148202055,28599.77670908832
1000,11,dual_vmf,2300,0.0086138433656443,28602.24024905697,28599.77670908832
1000,11,dual_vmf,2400,0.0090391640964603,28602.36188983628,28599.77670908832
1000,11,dual_vmf,2500,0.0093357627331399,28602.44671638409,28599.77670908832
1000,11,dual_vmf,2600,0.0089274830760696,28602.32994931382,28599.77670908832
1000,11,dual_vmf,2700,0.0090173763832301,28602.355658598943,28599.77670908832
1000,11,dual_vmf,2800,0.0092533563284784,28602.42314833636,28599.77670908832
1000,11,dual_vmf,2900,0.0085884444580801,28602.23298502612,28599.77670908832
1000,11,dual_vmf,3000,0.0084628982508459,28602.19707909118,28599.77670908832
1000,11,dual_vmf,3100,0.0084141399565318,28602.18313432788,28599.77670908832
1000,11,dual_vmf,3200,0.0085679985651943,28602.227137546404,28599.77670908832
1000,11,dual_vmf,3300,0.0085632454903677,28602.225778177617,28599.77670908832
1000,11,dual_vmf,3400,0.0089081201840053,28602.324411569924,28599.77670908832
1000,11,dual_vmf,3500,0.0087117601785944,28602.26825304683,28599.77670908832
1000,11,dual_vmf,3600,0.0085522650585813,28602.222637798644,28599.77670908832
1000,11,dual_vmf,3700,0.0084720118153817,28602.199685550288,28599.77670908832
1000,11,dual_vmf,3800,0.0087309504475473,28602.2737414209,28599.77670908832
1000,11,dual_vmf,3900,0.0089000372094546,28602.32209985725,28599.77670908832
1000,11,dual_vmf,4000,0.0090893837761465,28602.37625255253,28599.77670908832
1000,11,dual_vmf,4100,0.0089251528858951,28602.32928288463,28599.77670908832
1000,11,dual_vmf,4200,0.0087053682128877,28602.26642495891,28599.77670908832
1000,11,dual_vmf,4300,0.0082769329880804,28602.143893441276,28599.77670908832
1000,11,dual_vmf,4400,0.0079140426903042,28602.04010762641,28599.77670908832
1000,11,dual_vmf,4500,0.0076200828628707,28601.95603577215,28599.77670908832
1000,11,dual_vmf,4600,0.0075114057421589,28601.92495435829,28599.77670908832
1000,11,dual_vmf,4700,0.0073504724929382,28601.878927808364,28599.77670908832
1000,11,dual_vmf,4800,0.0070622216127717,28601.796488700274,28599.77670908832
1000,11,dual_vmf,4900,0.0067249066360168,28601.70001737012,28599.77670908832
1000,11,dual_vmf,5000,0.0065993643876594,28601.66411256741,28599.77670908832
1000,11,dual_vmf,5100,0.0065048566595273,28601.637083568192,28599.77670908832
1000,11,dual_vmf,5200,0.0062194113771052,28601.555446854796,28599.77670908832
1000,11,dual_vmf,5300,0.0059501271047701,28601.478432154192,28599.77670908832
1000,11,dual_vmf,5400,0.0056625364334631,28601.39618186436,28599.77670908832
1000,11,dual_vmf,5500,0.005412449008501,28601.324657419245,28599.77670908832
1000,11,dual_vmf,5600,0.0052151388475745,28601.2682271538,28599.77670908832
1000,11,dual_vmf,5700,0.0050535761974242,28601.222020596608,28599.77670908832
1000,11,dual_vmf,5800,0.005297313432756,28601.29172890167,28599.77670908832
1000,11,dual_vmf,5900,0.0053678888452058,28601.31191331204,28599.77670908832
1000,11,dual_vmf,6000,0.0051666394423253,28601.25435643219,28599.77670908832
1000,11,dual_vmf,6100,0.0051822711748471,28601.258827072787,28599.77670908832
1000,11,dual_vmf,6200,0.0050708004311968,28601.226946689007,28599.77670908832
1000,11,dual_vmf,6300,0.0049698162445516,28601.198065437115,28599.77670908832
1000,11,dual_vmf,6400,0.0048002970341647,28601.149583321465,28599.77670908832
1000,11,dual_vmf,6500,0.0046193840966783,28601.097842625302,28599.77670908832
1000,11,dual_vmf,6600,0.0045553020260589,28601.0795152962,28599.77670908832
1000,11,dual_vmf,6700,0.0043196207348334,28601.012110973163,28599.77670908832
1000,11,dual_vmf,6800,0.0042374127427221,28600.98859967098,28599.77670908832
1000,11,dual_vmf,6900,0.0043031560999211,28601.00740212434,28599.77670908832
1000,11,dual_vmf,7000,0.0043384773606059,28601.01750392603,28599.77670908832
1000,11,dual_vmf,7100,0.0041923398261231,28600.97570891748,28599.77670908832
1000,11,dual_vmf,7200,0.0042623921013025,28600.99574371176,28599.77670908832
1000,11,dual_vmf,7300,0.0040968235940679,28600.94839148839,28599.77670908832
1000,11,dual_vmf,7400,0.0039444506196983,28600.904813157955,28599.77670908832
1000,11,dual_vmf,7500,0.003924919968322,28600.89922743527,28599.77670908832
1000,11,dual_vmf,7600,0.0037363313688951,28600.845291516936,28599.77670908832
1000,11,dual_vmf,7700,0.0036332626776544,28600.815814101385,28599.77670908832
1000,11,dual_vmf,7800,0.0036410804845377,28600.818049976697,28599.77670908832
1000,11,dual_vmf,7900,0.0035697613613718,28600.79765286672,28599.77670908832
1000,11,dual_vmf,8000,0.0034914320750036,28600.77525086572,28599.77670908832
1000,11,dual_vmf,8100,0.0033876624508981,28600.74557298493,28599.77670908832
1000,11,dual_vmf,8200,0.0032236860952331,28600.69867611336,28599.77670908832
1000,11,dual_vmf,8300,0.0031134561817502,28600.66715060424,28599.77670908832
1000,11,dual_vmf,8400,0.0032723888451781,28600.71260499109,28599.77670908832
1000,11,dual_vmf,8500,0.0034217097112996,28600.755310425386,28599.77670908832
1000,11,dual_vmf,8600,0.0033128475227441,28600.724176082535,28599.77670908832
1000,11,dual_vmf,8700,0.0033343429665906,28600.73032373148,28599.77670908832
1000,11,dual_vmf,8800,0.0033049753902496,28600.721924670223,28599.77670908832
1000,11,dual_vmf,8900,0.003241165617461,28600.703675217686,28599.77670908832
1000,11,dual_vmf,9000,0.0031674404701783,28600.682589990185,28599.77670908832
1000,11,dual_vmf,9100,0.0032556990904305,28600.707831758504,28599.77670908832
1000,11,dual_vmf,9200,0.0031946966039941,28600.6903851836,28599.77670908832
1000,11,dual_vmf,9300,0.0031778520977565,28600.685567692424,28599.77670908832
1000,11,dual_vmf,9400,0.0032225599177152,28600.698354029104,28599.77670908832
1000,11,dual_vmf,9500,0.0032544261585893,28600.70746770284,28599.77670908832
1000,11,dual_vmf,9600,0.0032608656587017,28600.709309385493,28599.77670908832
1000,11,dual_vmf,9700,0.003238059534924,28600.702786885016,28599.77670908832
1000,11,dual_vmf,9800,0.0032140107124933,28600.6959089755,28599.77670908832
1000,11,dual_vmf,9900,0.0031157959499201,28600.66781977271,28599.77670908832
1000,11,dual_vmf,10000,0.0029877808459305,28600.63120773881,28599.77670908832
1000,12,dual_vmf,0,49.02951196260079,64422.76248673051,43228.19127455608
1000,12,dual_vmf,100,5.578568218833409,45639.705414574986,43228.19127455608
1000,12,dual_vmf,200,2.3895225886343336,44261.13866971966,43228.19127455608
1000,12,dual_vmf,300,0.6455035732777168,43507.23079389667,43228.19127455608
1000,12,dual_vmf,400,0.1287404254820835,43283.84343193116,43228.19127455608
1000,12,dual_vmf,500,0.0519023217072846,43250.627709459644,43228.19127455608
1000,12,dual_vmf,600,0.039192978091331,43245.1336900916,43228.19127455608
1000,12,dual_vmf,700,0.0327147424524681,43242.333265998415,43228.19127455608
1000,12,dual_vmf,800,0.028043007740336,43240.313759581215,43228.19127455608
1000,12,dual_vmf,900,0.0249026049265504,43238.95622024608,43228.19127455608
1000,12,dual_vmf,1000,0.0188053969762649,43236.32050753092,43228.19127455608
1000,12,dual_vmf,1100,0.0150537210167388,43234.69872587114,43228.19127455608
1000,12,dual_vmf,1200,0.010396604906861,43232.68553881128,43228.19127455608
1000,12,dual_vmf,1300,0.0096196026163309,43232.34965477493,43228.19127455608
1000,12,dual_vmf,1400,0.0108860217387896,43232.89710485552,43228.19127455608
1000,12,dual_vmf,1500,0.0227285511778439,43238.01641613318,43228.19127455608
1000,12,dual_vmf,1600,0.0203281697884414,43236.97877467485,43228.19127455608
1000,12,dual_vmf,1700,0.017917313382484,43235.936605056326,43228.19127455608
1000,12,dual_vmf,1800,0.019075564437374,43236.43729603777,43228.19127455608
1000,12,dual_vmf,1900,0.0193849484726778,43236.57103716033,43228.19127455608
1000,12,dual_vmf,2000,0.0111927863622381,43233.029713653705,43228.19127455608
1000,12,dual_vmf,2100,0.0099141927333754,43232.4770007542,43228.19127455608
1000,12,dual_vmf,2200,0.0123425779678456,43233.52674776824,43228.19127455608
1000,12,dual_vmf,2300,0.0122170355964099,43233.47247807178,43228.19127455608
1000,12,dual_vmf,2400,0.0156223470997797,43234.94453264195,43228.19127455608
1000,12,dual_vmf,2500,0.0139614533988056,43234.22655833603,43228.19127455608
1000,12,dual_vmf,2600,0.0126177017409264,43233.64567879911,43228.19127455608
1000,12,dual_vmf,2700,0.0151673660529047,43234.747852564746,43228.19127455608
1000,12,dual_vmf,2800,0.0140617494742465,43234.26991451536,43228.19127455608
1000,12,dual_vmf,2900,0.0126498488302833,43233.65957540438,43228.19127455608
1000,12,dual_vmf,3000,0.0138342861684389,43234.171586242446,43228.19127455608
1000,12,dual_vmf,3100,0.0136838005536703,43234.10653403305,43228.19127455608
1000,12,dual_vmf,3200,0.0159349335171493,43235.07965809635,43228.19127455608
1000,12,dual_vmf,3300,0.0162628357974519,43235.22140432127,43228.19127455608
1000,12,dual_vmf,3400,0.0168820027772853,43235.489059007625,43228.19127455608
1000,12,dual_vmf,3500,0.0191111731707659,43236.452689049154,43228.19127455608
1000,12,dual_vmf,3600,0.0179318778254143,43235.94290100157,43228.19127455608
1000,12,dual_vmf,3700,0.018138935497199,43236.03240828798,43228.19127455608
1000,12,dual_vmf,3800,0.0191865830010005,43236.48528735481,43228.19127455608
1000,12,dual_vmf,3900,0.0211370455509994,43237.32843703666,43228.19127455608
1000,12,dual_vmf,4000,0.0218477052559363,43237.63564237322,43228.19127455608
1000,12,dual_vmf,4100,0.0257017424243995,43239.3016729322,43228.19127455608
1000,12,dual_vmf,4200,0.0256136913509133,43239.26361004573,43228.19127455608
1000,12,dual_vmf,4300,0.0269745754585792,43239.85189563082,43228.19127455608
1000,12,dual_vmf,4400,0.0245763874036439,43238.81520231131,43228.19127455608
1000,12,dual_vmf,4500,0.024840954612073,43238.92956993022,43228.19127455608
1000,12,dual_vmf,4600,0.0242187515340029,43238.66060279351,43228.19127455608
1000,12,dual_vmf,4700,0.0232811907585458,43238.25531222818,43228.19127455608
1000,12,dual_vmf,4800,0.0269755339496049,43239.85230996915,43228.19127455608
1000,12,dual_vmf,4900,0.0279597548845321,43240.27777087747,43228.19127455608
1000,12,dual_vmf,5000,0.02694693442593,43239.839946912354,43228.19127455608
1000,12,dual_vmf,5100,0.0273977576298062,43240.03482962924,43228.19127455608
1000,12,dual_vmf,5200,0.0271666295120669,43239.93491712441,43228.19127455608
1000,12,dual_vmf,5300,0.025592411205997,43239.25441102398,43228.19127455608
1000,12,dual_vmf,5400,0.0254762265190879,43239.204186485294,43228.19127455608
1000,12,dual_vmf,5500,0.0271761115811207,43239.93901605136,43228.19127455608
1000,12,dual_vmf,5600,0.0266912097241936,43239.72940174915,43228.19127455608
1000,12,dual_vmf,5700,0.0273563161818052,43240.01691524083,43228.19127455608
1000,12,dual_vmf,5800,0.0264653274893677,43239.63175694463,43228.19127455608
1000,12,dual_vmf,5900,0.0258098065065588,43239.34838708033,43228.19127455608
1000,12,dual_vmf,6000,0.0270732143127229,43239.89453542336,43228.19127455608
1000,12,dual_vmf,6100,0.0276985890786803,43240.16487362337,43228.19127455608
1000,12,dual_vmf,6200,0.0265761452685237,43239.679661466165,43228.19127455608
1000,12,dual_vmf,6300,0.0248312349492804,43238.92536829579,43228.19127455608
1000,12,dual_vmf,6400,0.025317899504371,43239.13574458053,43228.19127455608
1000,12,dual_vmf,6500,0.0245507075806849,43238.80410138832,43228.19127455608
1000,12,dual_vmf,6600,0.0236912005746496,43238.43255205573,43228.19127455608
1000,12,dual_vmf,6700,0.0229977853147723,43238.13280118087,43228.19127455608
1000,12,dual_vmf,6800,0.0228318253972808,43238.06105971029,43228.19127455608
1000,12,dual_vmf,6900,0.0247651241000603,43238.89678977144,43228.19127455608
1000,12,dual_vmf,7000,0.0245228614852645,43238.79206402493,43228.19127455608
1000,12,dual_vmf,7100,0.0251511527123769,43239.063662958346,43228.19127455608
1000,12,dual_vmf,7200,0.0263693116367187,43239.59025102819,43228.19127455608
1000,12,dual_vmf,7300,0.0262059887465881,43239.51964949685,43228.19127455608
1000,12,dual_vmf,7400,0.0254055520363661,43239.17363518472,43228.19127455608
1000,12,dual_vmf,7500,0.0252433816353004,43239.10353185356,43228.19127455608
1000,12,dual_vmf,7600,0.0240368903671204,43238.58198750044,43228.19127455608
1000,12,dual_vmf,7700,0.0238712787084968,43238.51039657588,43228.19127455608
1000,12,dual_vmf,7800,0.024881380393366,43238.94704526428,43228.19127455608
1000,12,dual_vmf,7900,0.0266804469952323,43239.72474921609,43228.19127455608
1000,12,dual_vmf,8000,0.026431049358611,43239.6169391287,43228.19127455608
1000,12,dual_vmf,8100,0.0252299871254948,43239.09774164924,43228.19127455608
1000,12,dual_vmf,8200,0.0235868160733993,43238.38742852387,43228.19127455608
1000,12,dual_vmf,8300,0.0248155670970613,43238.91859536667,43228.19127455608
1000,12,dual_vmf,8400,0.0252369968803172,43239.10077183946,43228.19127455608
1000,12,dual_vmf,8500,0.0239363436643593,43238.53852297945,43228.19127455608
1000,12,dual_vmf,8600,0.0228124258806083,43238.05267365012,43228.19127455608
1000,12,dual_vmf,8700,0.0232803716666635,43238.25495814958,43228.19127455608
1000,12,dual_vmf,8800,0.0227097229659332,43238.00827703772,43228.19127455608
1000,12,dual_vmf,8900,0.0222913361544989,43237.827415986605,43228.19127455608
1000,12,dual_vmf,9000,0.0236159090867326,43238.40000490732,43228.19127455608
1000,12,dual_vmf,9100,0.0238600756598449,43238.505553700576,43228.19127455608
1000,12,dual_vmf,9200,0.0245235766247777,43238.792373166805,43228.19127455608
1000,12,dual_vmf,9300,0.0247962847252118,43238.91025994608,43228.19127455608
1000,12,dual_vmf,9400,0.0246915455840997,43238.86498310982,43228.19127455608
1000,12,dual_vmf,9500,0.0241640386432873,43238.63695140046,43228.19127455608
1000,12,dual_vmf,9600,0.0239425570015997,43238.54120889276,43228.19127455608
1000,12,dual_vmf,9700,0.0235294553020787,43238.36263249993,43228.19127455608
1000,12,dual_vmf,9800,0.0249729271560848,43238.98661927397,43228.19127455608
1000,12,dual_vmf,9900,0.0244625105553462,43238.76597540951,43228.19127455608
1000,12,dual_vmf,10000,0.0245337986756781,43238.79679197452,43228.19127455608
1000,13,dual_vmf,0,45.623027358157785,51614.804471561874,35444.12268302594
1000,13,dual_vmf,100,5.489733422580669,37389.91053229651,35444.12268302594
1000,13,dual_vmf,200,2.858678393596694,36457.35615996551,35444.12268302594
1000,13,dual_vmf,300,0.745212216215969,35708.256615190425,35444.12268302594
1000,13,dual_vmf,400,0.1397113629381868,35493.64214990788,35444.12268302594
1000,13,dual_vmf,500,0.0582031983195832,35464.75229604378,35444.12268302594
1000,13,dual_vmf,600,0.0439673763055739,35459.7065338242,35444.12268302594
1000,13,dual_vmf,700,0.0368456002427107,35457.182282779264,35444.12268302594
1000,13,dual_vmf,800,0.0334793893398241,35455.989158857075,35444.12268302594
1000,13,dual_vmf,900,0.0308883447560359,35455.070785836026,35444.12268302594
1000,13,dual_vmf,1000,0.0286503003883897,35454.27753064466,35444.12268302594
1000,13,dual_vmf,1100,0.0272627022583669,35453.785708661104,35444.12268302594
1000,13,dual_vmf,1200,0.0258835658320903,35453.29688585421,35444.12268302594
1000,13,dual_vmf,1300,0.0243517493580712,35452.75394694388,35444.12268302594
1000,13,dual_vmf,1400,0.0237534607916876,35452.54188881041,35444.12268302594
1000,13,dual_vmf,1500,0.0221704870850937,35451.980817667805,35444.12268302594
1000,13,dual_vmf,1600,0.020267583277201,35451.3063501076,35444.12268302594
1000,13,dual_vmf,1700,0.0178779674793415,35450.45937175255,35444.12268302594
1000,13,dual_vmf,1800,0.0174920224545944,35450.32257692449,35444.12268302594
1000,13,dual_vmf,1900,0.0170657902143919,35450.17150264636,35444.12268302594
1000,13,dual_vmf,2000,0.0165778121174251,35449.998543091,35444.12268302594
1000,13,dual_vmf,2100,0.0162438608207334,35449.8801769837,35444.12268302594
1000,13,dual_vmf,2200,0.0159384931386047,35449.77194208781,35444.12268302594
1000,13,dual_vmf,2300,0.0155283369383926,35449.62656582102,35444.12268302594
1000,13,dual_vmf,2400,0.0153969182524123,35449.57998562073,35444.12268302594
1000,13,dual_vmf,2500,0.0152370888697692,35449.52333549826,35444.12268302594
1000,13,dual_vmf,2600,0.0148295495170781,35449.37888675011,35444.12268302594
1000,13,dual_vmf,2700,0.014708122603985,35449.33584804607,35444.12268302594
1000,13,dual_vmf,2800,0.0144501319012444,35449.24440550488,35444.12268302594
1000,13,dual_vmf,2900,0.0145075087187319,35449.26474221446,35444.12268302594
1000,13,dual_vmf,3000,0.0140580272062935,35449.10542743575,35444.12268302594
1000,13,dual_vmf,3100,0.0135258956029271,35448.91681805742,35444.12268302594
1000,13,dual_vmf,3200,0.0134717139400984,35448.897613842375,35444.12268302594
1000,13,dual_vmf,3300,0.0135766551282196,35448.93480932584,35444.12268302594
1000,13,dual_vmf,3400,0.0134779075044381,35448.89980909692,35444.12268302594
1000,13,dual_vmf,3500,0.0128137949493894,35448.66442022815,35444.12268302594
1000,13,dual_vmf,3600,0.012631237184926,35448.59971423015,35444.12268302594
1000,13,dual_vmf,3700,0.012447955803261,35448.53475175238,35444.12268302594
1000,13,dual_vmf,3800,0.0123956956968819,35448.51622861616,35444.12268302594
1000,13,dual_vmf,3900,0.0122467901741614,35448.46345036,35444.12268302594
1000,13,dual_vmf,4000,0.0119336503604716,35448.35246070027,35444.12268302594
1000,13,dual_vmf,4100,0.0117990344683292,35448.30474727831,35444.12268302594
1000,13,dual_vmf,4200,0.0116768602924652,35448.26144371353,35444.12268302594
1000,13,dual_vmf,4300,0.0115568688279514,35448.21891379164,35444.12268302594
1000,13,dual_vmf,4400,0.0113986282416769,35448.1628268041,35444.12268302594
1000,13,dual_vmf,4500,0.0111740587869448,35448.08323013106,35444.12268302594
1000,13,dual_vmf,4600,0.0108594754479062,35447.97172882643,35444.12268302594
1000,13,dual_vmf,4700,0.0107576171091827,35447.93562603189,35444.12268302594
1000,13,dual_vmf,4800,0.0104825714863477,35447.8381385239,35444.12268302594
1000,13,dual_vmf,4900,0.0104412261561429,35447.823484034336,35444.12268302594
1000,13,dual_vmf,5000,0.0101748644532764,35447.72907446559,35444.12268302594
1000,13,dual_vmf,5100,0.0100678621054573,35447.69114842216,35444.12268302594
1000,13,dual_vmf,5200,0.0099517652684668,35447.64999891682,35444.12268302594
1000,13,dual_vmf,5300,0.0098645040682324,35447.61906994996,35444.12268302594
1000,13,dual_vmf,5400,0.0097041511043268,35447.562234248704,35444.12268302594
1000,13,dual_vmf,5500,0.0094728765443427,35447.48026100993,35444.12268302594
1000,13,dual_vmf,5600,0.0092996529967575,35447.41886344321,35444.12268302594
1000,13,dual_vmf,5700,0.0091677151575613,35447.37209923362,35444.12268302594
1000,13,dual_vmf,5800,0.0089047167751937,35447.27888176432,35444.12268302594
1000,13,dual_vmf,5900,0.0088333005538016,35447.25356891119,35444.12268302594
1000,13,dual_vmf,6000,0.0086814735565644,35447.19975516402,35444.12268302594
1000,13,dual_vmf,6100,0.0086717721865371,35447.19631659853,35444.12268302594
1000,13,dual_vmf,6200,0.0087353912947567,35447.218865833296,35444.12268302594
1000,13,dual_vmf,6300,0.0086380322296557,35447.18435776682,35444.12268302594
1000,13,dual_vmf,6400,0.0085234005039919,35447.14372755734,35444.12268302594
1000,13,dual_vmf,6500,0.0085894650081449,35447.16714354124,35444.12268302594
1000,13,dual_vmf,6600,0.0085008808602853,35447.1357456672,35444.12268302594
1000,13,dual_vmf,6700,0.0084577243774274,35447.12044923047,35444.12268302594
1000,13,dual_vmf,6800,0.0083464414415414,35447.08100597015,35444.12268302594
1000,13,dual_vmf,6900,0.0081399367218523,35447.007812183954,35444.12268302594
1000,13,dual_vmf,7000,0.0082563219265601,35447.049063898696,35444.12268302594
1000,13,dual_vmf,7100,0.0081255038825967,35447.0026965907,35444.12268302594
1000,13,dual_vmf,7200,0.0080533445447954,35446.977120346484,35444.12268302594
1000,13,dual_vmf,7300,0.0080322897635345,35446.96965766398,35444.12268302594
1000,13,dual_vmf,7400,0.0080486937985313,35446.97547193027,35444.12268302594
1000,13,dual_vmf,7500,0.0080250506959658,35446.96709183999,35444.12268302594
1000,13,dual_vmf,7600,0.0079114768918421,35446.926836601524,35444.12268302594
1000,13,dual_vmf,7700,0.0077326935062827,35446.86346839901,35444.12268302594
1000,13,dual_vmf,7800,0.0077099957228129,35446.85542336879,35444.12268302594
1000,13,dual_vmf,7900,0.0077376366667574,35446.86522045887,35444.12268302594
1000,13,dual_vmf,8000,0.0077774634764035,35446.879336722144,35444.12268302594
1000,13,dual_vmf,8100,0.0076823738721763,35446.84563304616,35444.12268302594
1000,13,dual_vmf,8200,0.0076576747800603,35446.83687866965,35444.12268302594
1000,13,dual_vmf,8300,0.0075582785332196,35446.80164854198,35444.12268302594
1000,13,dual_vmf,8400,0.0075162296358063,35446.78674467919,35444.12268302594
1000,13,dual_vmf,8500,0.0074276020454735,35446.755331407345,35444.12268302594
1000,13,dual_vmf,8600,0.007444553525309,35446.761339710654,35444.12268302594
1000,13,dual_vmf,8700,0.007418431666976,35446.75208104714,35444.12268302594
1000,13,dual_vmf,8800,0.0072992253515455,35446.70982941445,35444.12268302594
1000,13,dual_vmf,8900,0.0073277603701098,35446.71994340144,35444.12268302594
1000,13,dual_vmf,9000,0.0074046628149977,35446.74720079835,35444.12268302594
1000,13,dual_vmf,9100,0.0074338792438072,35446.75755630522,35444.12268302594
1000,13,dual_vmf,9200,0.007363650372989,35446.73266429809,35444.12268302594
1000,13,dual_vmf,9300,0.0073903466519615,35446.74212655996,35444.12268302594
1000,13,dual_vmf,9400,0.0073398187430987,35446.72421738596,35444.12268302594
1000,13,dual_vmf,9500,0.0071861541635337,35446.669752323854,35444.12268302594
1000,13,dual_vmf,9600,0.0072039283355165,35446.67605222318,35444.12268302594
1000,13,dual_vmf,9700,0.0070954503674889,35446.637603159106,35444.12268302594
1000,13,dual_vmf,9800,0.0070320973126149,35446.61514822461,35444.12268302594
1000,13,dual_vmf,9900,0.0069583400175733,35446.58900559847,35444.12268302594
1000,13,dual_vmf,10000,0.0069730074794766,35446.59420435166,35444.12268302594
1000,14,dual_vmf,0,40.09767258821176,50354.34055225719,35942.31054805842
1000,14,dual_vmf,100,5.247797308535361,37828.49015362485,35942.31054805842
1000,14,dual_vmf,200,2.597082730172171,36875.762088126896,35942.31054805842
1000,14,dual_vmf,300,0.6917416984313559,36190.93849749903,35942.31054805842
1000,14,dual_vmf,400,0.1172681151117844,35984.45941816575,35942.31054805842
1000,14,dual_vmf,500,0.0371739529319424,35955.67172566421,35942.31054805842
1000,14,dual_vmf,600,0.0238041722571525,35950.86631757448,35942.31054805842
1000,14,dual_vmf,700,0.0182703736230561,35948.87734248431,35942.31054805842
1000,14,dual_vmf,800,0.0160423161378029,35948.07652714377,35942.31054805842
1000,14,dual_vmf,900,0.0112296196882346,35946.34673284013,35942.31054805842
1000,14,dual_vmf,1000,0.0105428035572836,35946.09987525345,35942.31054805842
1000,14,dual_vmf,1100,0.0078244329496173,35945.1228300478,35942.31054805842
1000,14,dual_vmf,1200,0.0077524480595365,35945.096957015056,35942.31054805842
1000,14,dual_vmf,1300,0.0026021186540635,35943.24580962589,35942.31054805842
1000,14,dual_vmf,1400,0.002924444822825,35943.361661098446,35942.31054805842
1000,14,dual_vmf,1500,0.0009034300588378,35942.63526169575,35942.31054805842
1000,14,dual_vmf,1600,0.0009377745597411,35942.64760590292,35942.31054805842
1000,14,dual_vmf,1700,0.0008975346915532,35942.633142764535,35942.31054805842
1000,14,dual_vmf,1800,0.0010256465057863,35942.679189110655,35942.31054805842
1000,14,dual_vmf,1900,0.0091843009244475,35945.61159801835,35942.31054805842
1000,14,dual_vmf,2000,0.0117448346322687,35946.531912995306,35942.31054805842
1000,14,dual_vmf,2100,0.010302127767799,35946.01337081378,35942.31054805842
1000,14,dual_vmf,2200,0.0100944879822211,35945.938740277226,35942.31054805842
1000,14,dual_vmf,2300,0.0079490268971612,35945.167611991346,35942.31054805842
1000,14,dual_vmf,2400,0.0022831255505805,35943.13115613401,35942.31054805842
1000,14,dual_vmf,2500,0.0104693467335125,35946.07347317373,35942.31054805842
1000,14,dual_vmf,2600,0.0099341563510468,35945.88111338444,35942.31054805842
1000,14,dual_vmf,2700,0.0114959013647716,35946.442440627245,35942.31054805842
1000,14,dual_vmf,2800,0.0109153470867194,35946.23377600573,35942.31054805842
1000,14,dual_vmf,2900,0.013533600026497,35947.17483660828,35942.31054805842
1000,14,dual_vmf,3000,0.0156440153378849,35947.93336863335,35942.31054805842
1000,14,dual_vmf,3100,0.0191105523283681,35949.17932212373,35942.31054805842
1000,14,dual_vmf,3200,0.0151863780488026,35947.76888321772,35942.31054805842
1000,14,dual_vmf,3300,0.0194906630786131,35949.31594271001,35942.31054805842
1000,14,dual_vmf,3400,0.0187813248557828,35949.060990163125,35942.31054805842
1000,14,dual_vmf,3500,0.0206160784339867,35949.720442991995,35942.31054805842
1000,14,dual_vmf,3600,0.0227812930716973,35950.49867116111,35942.31054805842
1000,14,dual_vmf,3700,0.0214779400170848,35950.030215958686,35942.31054805842
1000,14,dual_vmf,3800,0.0227584545354221,35950.49046246348,35942.31054805842
1000,14,dual_vmf,3900,0.0224805987065399,35950.39059465859,35942.31054805842
1000,14,dual_vmf,4000,0.0227207610959798,35950.47691457042,35942.31054805842
1000,14,dual_vmf,4100,0.0234542165286464,35950.74053539976,35942.31054805842
1000,14,dual_vmf,4200,0.0243732704065688,35951.07086459867,35942.31054805842
1000,14,dual_vmf,4300,0.0258684658740418,35951.60827239689,35942.31054805842
1000,14,dual_vmf,4400,0.0266816877376593,35951.90056312455,35942.31054805842
1000,14,dual_vmf,4500,0.0253347759723939,35951.41645191507,35942.31054805842
1000,14,dual_vmf,4600,0.0253476359012756,35951.42107407065,35942.31054805842
1000,14,dual_vmf,4700,0.0279681101826919,35952.362933074706,35942.31054805842
1000,14,dual_vmf,4800,0.028035045929619,35952.386991328734,35942.31054805842
1000,14,dual_vmf,4900,0.0284044149819249,35952.51975110058,35942.31054805842
1000,14,dual_vmf,5000,0.0290396514483822,35952.74806976407,35942.31054805842
1000,14,dual_vmf,5100,0.0306113056675216,35953.312958604256,35942.31054805842
1000,14,dual_vmf,5200,0.0323359635809853,35953.932840507405,35942.31054805842
1000,14,dual_vmf,5300,0.0313486652287284,35953.5779826676,35942.31054805842
1000,14,dual_vmf,5400,0.0313809211747523,35953.58957619989,35942.31054805842
1000,14,dual_vmf,5500,0.031371455492108,35953.58617401484,35942.31054805842
1000,14,dual_vmf,5600,0.0317658295702354,35953.72792117072,35942.31054805842
1000,14,dual_vmf,5700,0.0311408424411583,35953.5032863559,35942.31054805842
1000,14,dual_vmf,5800,0.0318901664835075,35953.772610730215,35942.31054805842
1000,14,dual_vmf,5900,0.0329257581165591,35954.144826290976,35942.31054805842
1000,14,dual_vmf,6000,0.0326245083502617,35954.03655016445,35942.31054805842
1000,14,dual_vmf,6100,0.0318863827523408,35953.77125076981,35942.31054805842
1000,14,dual_vmf,6200,0.0324241245279707,35953.96452758875,35942.31054805842
1000,14,dual_vmf,6300,0.0332314181594947,35954.25468757283,35942.31054805842
1000,14,dual_vmf,6400,0.0327565065555364,35954.083993369306,35942.31054805842
1000,14,dual_vmf,6500,0.0330320330178892,35954.18302394605,35942.31054805842
1000,14,dual_vmf,6600,0.032231168613105,35953.89517477461,35942.31054805842
1000,14,dual_vmf,6700,0.0333712855835924,35954.304959156754,35942.31054805842
1000,14,dual_vmf,6800,0.0337222623736199,35954.43110832458,35942.31054805842
1000,14,dual_vmf,6900,0.033287372226449,35954.27479875734,35942.31054805842
1000,14,dual_vmf,7000,0.0312295257864351,35953.53516119927,35942.31054805842
1000,14,dual_vmf,7100,0.0303935200100054,35953.2346814069,35942.31054805842
1000,14,dual_vmf,7200,0.0289112590716232,35952.7019225773,35942.31054805842
1000,14,dual_vmf,7300,0.0303667524607069,35953.22506053121,35942.31054805842
1000,14,dual_vmf,7400,0.0308764475745794,35953.408256731884,35942.31054805842
1000,14,dual_vmf,7500,0.0316419749444909,35953.68340495651,35942.31054805842
1000,14,dual_vmf,7600,0.0313341952885733,35953.572781836774,35942.31054805842
1000,14,dual_vmf,7700,0.0317245644004984,35953.713089515266,35942.31054805842
1000,14,dual_vmf,7800,0.0328818821223998,35954.1290562449,35942.31054805842
1000,14,dual_vmf,7900,0.0336081841327646,35954.39010596898,35942.31054805842
1000,14,dual_vmf,8000,0.0341125813395448,35954.57139797944,35942.31054805842
1000,14,dual_vmf,8100,0.0329029520454267,35954.136629262066,35942.31054805842
1000,14,dual_vmf,8200,0.0324248564137904,35953.96479064543,35942.31054805842
1000,14,dual_vmf,8300,0.0318974046390512,35953.77521229056,35942.31054805842
1000,14,dual_vmf,8400,0.0320362328131659,35953.82511034403,35942.31054805842
1000,14,dual_vmf,8500,0.0332009891153568,35954.24375067129,35942.31054805842
1000,14,dual_vmf,8600,0.033366292835101,35954.30316464759,35942.31054805842
1000,14,dual_vmf,8700,0.0332323400844299,35954.25501893395,35942.31054805842
1000,14,dual_vmf,8800,0.0330009714942819,35954.17185971677,35942.31054805842
1000,14,dual_vmf,8900,0.0341094122990722,35954.57025895307,35942.31054805842
1000,14,dual_vmf,9000,0.0352315392115849,35954.97357729271,35942.31054805842
1000,14,dual_vmf,9100,0.0353716124737047,35955.023922859575,35942.31054805842
1000,14,dual_vmf,9200,0.0344163206043047,35954.680568889235,35942.31054805842
1000,14,dual_vmf,9300,0.033832553101734,35954.47074936058,35942.31054805842
1000,14,dual_vmf,9400,0.0331559617746608,35954.227566804664,35942.31054805842
1000,14,dual_vmf,9500,0.0332120850764533,35954.247738816084,35942.31054805842
1000,14,dual_vmf,9600,0.0337113347844043,35954.427180696526,35942.31054805842
1000,14,dual_vmf,9700,0.0340743002153425,35954.557638858896,35942.31054805842
1000,14,dual_vmf,9800,0.0332426853502576,35954.25873726152,35942.31054805842
1000,14,dual_vmf,9900,0.0337602726545735,35954.4447700978,35942.31054805842
1000,14,dual_vmf,10000,0.0334100975130825,35954.31890906098,35942.31054805842
1000,15,dual_vmf,0,46.40364654936029,49386.62299890918,33733.19187255242
1000,15,dual_vmf,100,5.206163805749055,35489.39709834513,33733.19187255242
1000,15,dual_vmf,200,2.7055725732275704,34645.86785993043,33733.19187255242
1000,15,dual_vmf,300,0.7259475790690956,33978.07716229395,33733.19187255242
1000,15,dual_vmf,400,0.1218114453836854,33774.28276114643,33733.19187255242
1000,15,dual_vmf,500,0.0274989711315592,33742.46815324721,33733.19187255242
1000,15,dual_vmf,600,0.0185349881932684,33739.44431568321,33733.19187255242
1000,15,dual_vmf,700,0.0162743061129962,33738.68171545945,33733.19187255242
1000,15,dual_vmf,800,0.0146525100401959,33738.13463187843,33733.19187255242
1000,15,dual_vmf,900,0.0136141928279753,33737.78437434098,33733.19187255242
1000,15,dual_vmf,1000,0.0126377865599958,33737.45500134115,33733.19187255242
1000,15,dual_vmf,1100,0.0115956087112292,33737.10344148777,33733.19187255242
1000,15,dual_vmf,1200,0.0109639835208154,33736.890374150375,33733.19187255242
1000,15,dual_vmf,1300,0.0101867126448273,33736.62817587441,33733.19187255242
1000,15,dual_vmf,1400,0.0097476625317326,33736.48007025734,33733.19187255242
1000,15,dual_vmf,1500,0.0093682709367447,33736.352089362656,33733.19187255242
1000,15,dual_vmf,1600,0.0089503295570764,33736.21110439514,33733.19187255242
1000,15,dual_vmf,1700,0.0086043463393793,33736.094393212465,33733.19187255242
1000,15,dual_vmf,1800,0.0082644218685576,33735.9797258385,33733.19187255242
1000,15,dual_vmf,1900,0.0079864730685995,33735.8859648365,33733.19187255242
1000,15,dual_vmf,2000,0.0078622945334385,33735.84407545297,33733.19187255242
1000,15,dual_vmf,2100,0.0076235307930673,33735.76353282231,33733.19187255242
1000,15,dual_vmf,2200,0.0074257559084164,33735.696817041,33733.19187255242
1000,15,dual_vmf,2300,0.0072272104863992,33735.62984133283,33733.19187255242
1000,15,dual_vmf,2400,0.0070531172900186,33735.57111414086,33733.19187255242
1000,15,dual_vmf,2500,0.0068873848148543,33735.51520728702,33733.19187255242
1000,15,dual_vmf,2600,0.006767367810587,33735.47472172069,33733.19187255242
1000,15,dual_vmf,2700,0.0065848647775682,33735.41315762239,33733.19187255242
1000,15,dual_vmf,2800,0.0064248862577341,33735.35919176134,33733.19187255242
1000,15,dual_vmf,2900,0.0062732929795557,33735.308054509944,33733.19187255242
1000,15,dual_vmf,3000,0.0061374003933291,33735.26221360309,33733.19187255242
1000,15,dual_vmf,3100,0.0060494093082115,33735.23253140152,33733.19187255242
1000,15,dual_vmf,3200,0.0059236493544377,33735.19010855501,33733.19187255242
1000,15,dual_vmf,3300,0.0058162815901947,33735.15388998109,33733.19187255242
1000,15,dual_vmf,3400,0.0057003831299023,33735.1147937311,33733.19187255242
1000,15,dual_vmf,3500,0.0056061296753769,33735.08299903244,33733.19187255242
1000,15,dual_vmf,3600,0.0055162570568073,33735.05268212958,33733.19187255242
1000,15,dual_vmf,3700,0.0054304209082899,33735.0237268569,33733.19187255242
1000,15,dual_vmf,3800,0.00533453385935,33734.991381094704,33733.19187255242
1000,15,dual_vmf,3900,0.00529580078178,33734.97831519133,33733.19187255242
1000,15,dual_vmf,4000,0.0051911204977785,33734.943003190274,33733.19187255242
1000,15,dual_vmf,4100,0.0051247230531944,33734.920605212894,33733.19187255242
1000,15,dual_vmf,4200,0.0050524043343839,33734.89620980072,33733.19187255242
1000,15,dual_vmf,4300,0.0049808969643527,33734.87208808238,33733.19187255242
1000,15,dual_vmf,4400,0.0049070327537743,33734.8471713265,33733.19187255242
1000,15,dual_vmf,4500,0.0048423276010286,33734.825344213175,33733.19187255242
1000,15,dual_vmf,4600,0.0047772900421194,33734.80340496864,33733.19187255242
1000,15,dual_vmf,4700,0.0047077091724626,33734.77993312037,33733.19187255242
1000,15,dual_vmf,4800,0.0046617045051302,33734.76441427767,33733.19187255242
1000,15,dual_vmf,4900,0.0046240284394233,33734.751704938135,33733.19187255242
1000,15,dual_vmf,5000,0.0045697455478973,33734.73339358618,33733.19187255242
1000,15,dual_vmf,5100,0.0045031383459581,33734.71092485095,33733.19187255242
1000,15,dual_vmf,5200,0.0044553287402987,33734.69479714494,33733.19187255242
1000,15,dual_vmf,5300,0.004418150393614,33734.68225570192,33733.19187255242
1000,15,dual_vmf,5400,0.0043750149883652,33734.6677047529,33733.19187255242
1000,15,dual_vmf,5500,0.0043297817105956,33734.65244612452,33733.19187255242
1000,15,dual_vmf,5600,0.0042920403135973,33734.639714746656,33733.19187255242
1000,15,dual_vmf,5700,0.0042436766977016,33734.62340015531,33733.19187255242
1000,15,dual_vmf,5800,0.0042046030799456,33734.61021937686,33733.19187255242
1000,15,dual_vmf,5900,0.0041580933382573,33734.59453015646,33733.19187255242
1000,15,dual_vmf,6000,0.0041140211708188,33734.57966320765,33733.19187255242
1000,15,dual_vmf,6100,0.0040726893506495,33734.56572066545,33733.19187255242
1000,15,dual_vmf,6200,0.0040246721709276,33734.54952293808,33733.19187255242
1000,15,dual_vmf,6300,0.0039790181549171,33734.534122381265,33733.19187255242
1000,15,dual_vmf,6400,0.0039623353310281,33734.52849473227,33733.19187255242
1000,15,dual_vmf,6500,0.0039225887795191,33734.51508695179,33733.19187255242
1000,15,dual_vmf,6600,0.003881402519993,33734.50119351184,33733.19187255242
1000,15,dual_vmf,6700,0.0038564228874478,33734.49276708446,33733.19187255242
1000,15,dual_vmf,6800,0.0038216098050926,33734.481023520595,33733.19187255242
1000,15,dual_vmf,6900,0.0037873820266175,33734.46947739841,33733.19187255242
1000,15,dual_vmf,7000,0.0037539991034078,33734.45821627287,33733.19187255242
1000,15,dual_vmf,7100,0.0037234313689353,33734.44790480035,33733.19187255242
1000,15,dual_vmf,7200,0.0036902432752334,33734.43670939702,33733.19187255242
1000,15,dual_vmf,7300,0.0036575935743554,33734.42569561078,33733.19187255242
1000,15,dual_vmf,7400,0.003623052028426,33734.414043644814,33733.19187255242
1000,15,dual_vmf,7500,0.0035921986924243,33734.40363582978,33733.19187255242
1000,15,dual_vmf,7600,0.0035873745021056,33734.402008476405,33733.19187255242
1000,15,dual_vmf,7700,0.0035637686526171,33734.394045469904,33733.19187255242
1000,15,dual_vmf,7800,0.003523843953169,33734.380577594435,33733.19187255242
1000,15,dual_vmf,7900,0.0034980567493551,33734.37187874749,33733.19187255242
1000,15,dual_vmf,8000,0.0034739829891084,33734.36375789976,33733.19187255242
1000,15,dual_vmf,8100,0.0034558358129991,33734.35763627802,33733.19187255242
1000,15,dual_vmf,8200,0.0034393706872932,33734.352082065576,33733.19187255242
1000,15,dual_vmf,8300,0.0034207460486422,33734.345799380484,33733.19187255242
1000,15,dual_vmf,8400,0.003437618838307,33734.351491111,33733.19187255242
1000,15,dual_vmf,8500,0.0034312526382552,33734.34934358852,33733.19187255242
1000,15,dual_vmf,8600,0.0034237243168406,33734.34680404541,33733.19187255242
1000,15,dual_vmf,8700,0.0034057269182914,33734.340732948425,33733.19187255242
1000,15,dual_vmf,8800,0.0033788481559568,33734.331665883954,33733.19187255242
1000,15,dual_vmf,8900,0.003354907497568,33734.323589935724,33733.19187255242
1000,15,dual_vmf,9000,0.003328377825748,33734.314640630626,33733.19187255242
1000,15,dual_vmf,9100,0.0033022487733643,33734.30582646725,33733.19187255242
1000,15,dual_vmf,9200,0.0032937079173034,33734.30294536389,33733.19187255242
1000,15,dual_vmf,9300,0.0032694607402641,33734.294766017134,33733.19187255242
1000,15,dual_vmf,9400,0.0032536286258703,33734.28942533961,33733.19187255242
1000,15,dual_vmf,9500,0.0032306772555831,33734.28168310983,33733.19187255242
1000,15,dual_vmf,9600,0.0032067992753529,33734.273628304945,33733.19187255242
1000,15,dual_vmf,9700,0.0031849646735912,33734.26626279684,33733.19187255242
1000,15,dual_vmf,9800,0.0031558592519126,33734.2564446091,33733.19187255242
1000,15,dual_vmf,9900,0.0031362794164932,33734.24983970565,33733.19187255242
1000,15,dual_vmf,10000,0.0031164828042811,33734.243161676466,33733.19187255242
1000,16,dual_vmf,0,35.29012764737126,48600.28586547138,35923.009838638216
1000,16,dual_vmf,100,5.538445427949035,37912.58613462796,35923.009838638216
1000,16,dual_vmf,200,2.415417313674168,36790.70043787356,35923.009838638216
1000,16,dual_vmf,300,0.5595674919344173,36124.02332381964,35923.009838638216
1000,16,dual_vmf,400,0.115078520907878,35964.34950702611,35923.009838638216
1000,16,dual_vmf,500,0.0409146162149732,35937.70760024656,35923.009838638216
1000,16,dual_vmf,600,0.0272646836172624,35932.80413361652,35923.009838638216
1000,16,dual_vmf,700,0.0205406056450649,35930.38864242501,35923.009838638216
1000,16,dual_vmf,800,0.0164352517545203,35928.913875743,35923.009838638216
1000,16,dual_vmf,900,0.0144142105696518,35928.187856919314,35923.009838638216
1000,16,dual_vmf,1000,0.0127237856093366,35927.580605394505,35923.009838638216
1000,16,dual_vmf,1100,0.0115258486730917,35927.15027039104,35923.009838638216
1000,16,dual_vmf,1200,0.0096573701057858,35926.47905665147,35923.009838638216
1000,16,dual_vmf,1300,0.0084907941472312,35926.059987455104,35923.009838638216
1000,16,dual_vmf,1400,0.0079656341026066,35925.871334160605,35923.009838638216
1000,16,dual_vmf,1500,0.0070373883693401,35925.53788035452,35923.009838638216
1000,16,dual_vmf,1600,0.0060024758510469,35925.16610862875,35923.009838638216
1000,16,dual_vmf,1700,0.0053295936747507,35924.92438909836,35923.009838638216
1000,16,dual_vmf,1800,0.0061302726773219,35925.212017095226,35923.009838638216
1000,16,dual_vmf,1900,0.0056758402672196,35925.048771295835,35923.009838638216
1000,16,dual_vmf,2000,0.004492699939514,35924.62375167951,35923.009838638216
1000,16,dual_vmf,2100,0.0043835585465039,35924.58454480616,35923.009838638216
1000,16,dual_vmf,2200,0.0036723812830564,35924.32906852784,35923.009838638216
1000,16,dual_vmf,2300,0.0031287372460687,35924.13377522695,35923.009838638216
1000,16,dual_vmf,2400,0.0029393680195659,35924.06574810108,35923.009838638216
1000,16,dual_vmf,2500,0.0024903729637697,35923.90445556301,35923.009838638216
1000,16,dual_vmf,2600,0.0017502670666566,35923.63858724877,35923.009838638216
1000,16,dual_vmf,2700,0.0012223879621333,35923.44895718612,35923.009838638216
1000,16,dual_vmf,2800,0.0009039484076314,35923.334564113626,35923.009838638216
1000,16,dual_vmf,2900,0.0005147720390705,35923.19476024846,35923.009838638216
1000,16,dual_vmf,3000,0.0007219757758534,35923.26919406721,35923.009838638216
1000,16,dual_vmf,3100,0.0004511112669114,35923.17189138301,35923.009838638216
1000,16,dual_vmf,3200,0.0004365576960709,35923.16666330233,35923.009838638216
1000,16,dual_vmf,3300,0.0005697503585986,35923.21451011559,35923.009838638216
1000,16,dual_vmf,3400,0.0008107339168699,35923.30107866294,35923.009838638216
1000,16,dual_vmf,3500,0.0004090837876399,35923.1567938475,35923.009838638216
1000,16,dual_vmf,3600,0.0011907097566668,35923.43757742125,35923.009838638216
1000,16,dual_vmf,3700,0.001348787574597,35923.49436373134,35923.009838638216
1000,16,dual_vmf,3800,0.001083942647751,35923.39922346221,35923.009838638216
1000,16,dual_vmf,3900,0.0008962190162704,35923.33178748361,35923.009838638216
1000,16,dual_vmf,4000,0.0017602805635659,35923.64218439825,35923.009838638216
1000,16,dual_vmf,4100,0.0015563318521095,35923.56891988257,35923.009838638216
1000,16,dual_vmf,4200,0.001569284034761,35923.57357269642,35923.009838638216
1000,16,dual_vmf,4300,0.0022508863130874,35923.81842474992,35923.009838638216
1000,16,dual_vmf,4400,0.0021205021286779,35923.77158682653,35923.009838638216
1000,16,dual_vmf,4500,0.002983699205433,35924.08167319734,35923.009838638216
1000,16,dual_vmf,4600,0.0035477497804497,35924.2842971409,35923.009838638216
1000,16,dual_vmf,4700,0.0038640979365403,35924.397938920134,35923.009838638216
1000,16,dual_vmf,4800,0.004551341739054,35924.64481757893,35923.009838638216
1000,16,dual_vmf,4900,0.0049324251095925,35924.78171419562,35923.009838638216
1000,16,dual_vmf,5000,0.0058569399697917,35925.11382775981,35923.009838638216
1000,16,dual_vmf,5100,0.0063770203643013,35925.300656291096,35923.009838638216
1000,16,dual_vmf,5200,0.0066715204034714,35925.40644956914,35923.009838638216
1000,16,dual_vmf,5300,0.0074322828524838,35925.67973833855,35923.009838638216
1000,16,dual_vmf,5400,0.0066275769200279,35925.39066374726,35923.009838638216
1000,16,dual_vmf,5500,0.0074406532254371,35925.68274522845,35923.009838638216
1000,16,dual_vmf,5600,0.0085179157982196,35926.06973036846,35923.009838638216
1000,16,dual_vmf,5700,0.0091321537299767,35926.290383121115,35923.009838638216
1000,16,dual_vmf,5800,0.009359550213442,35926.37207078224,35923.009838638216
1000,16,dual_vmf,5900,0.0091549199394258,35926.298561428775,35923.009838638216
1000,16,dual_vmf,6000,0.0096390480737076,35926.472474826085,35923.009838638216
1000,16,dual_vmf,6100,0.0096513862598264,35926.4769070739,35923.009838638216
1000,16,dual_vmf,6200,0.0097479106133436,35926.51158152691,35923.009838638216
1000,16,dual_vmf,6300,0.0102575516996318,35926.69465994448,35923.009838638216
1000,16,dual_vmf,6400,0.0101184786122216,35926.644700705605,35923.009838638216
1000,16,dual_vmf,6500,0.0104824418675997,35926.77544726164,35923.009838638216
1000,16,dual_vmf,6600,0.0109947686175088,35926.95949045042,35923.009838638216
1000,16,dual_vmf,6700,0.010911934532216,35926.92973395381,35923.009838638216
1000,16,dual_vmf,6800,0.0112691988681577,35927.05807405636,35923.009838638216
1000,16,dual_vmf,6900,0.0120689267740662,35927.34536039068,35923.009838638216
1000,16,dual_vmf,7000,0.0119732863805354,35927.311003482704,35923.009838638216
1000,16,dual_vmf,7100,0.0116446980065376,35927.192964648784,35923.009838638216
1000,16,dual_vmf,7200,0.0111145930271199,35927.00253498487,35923.009838638216
1000,16,dual_vmf,7300,0.0111552824229911,35927.017151840555,35923.009838638216
1000,16,dual_vmf,7400,0.0128451527137325,35927.62420411136,35923.009838638216
1000,16,dual_vmf,7500,0.0122499274167599,35927.410381269365,35923.009838638216
1000,16,dual_vmf,7600,0.0129682369156839,35927.668419661335,35923.009838638216
1000,16,dual_vmf,7700,0.0134583813436732,35927.844494292425,35923.009838638216
1000,16,dual_vmf,7800,0.0133829514462839,35927.817397602965,35923.009838638216
1000,16,dual_vmf,7900,0.0135107806441307,35927.863317698284,35923.009838638216
1000,16,dual_vmf,8000,0.0134635092732973,35927.84633639909,35923.009838638216
1000,16,dual_vmf,8100,0.0135657105907977,35927.88305018843,35923.009838638216
1000,16,dual_vmf,8200,0.0140802507826756,35928.06788851218,35923.009838638216
1000,16,dual_vmf,8300,0.0144220652181392,35928.19067854546,35923.009838638216
1000,16,dual_vmf,8400,0.0150659429645659,35928.42197881166,35923.009838638216
1000,16,dual_vmf,8500,0.0152105962278649,35928.47394261767,35923.009838638216
1000,16,dual_vmf,8600,0.0155309212096204,35928.58901299238,35923.009838638216
1000,16,dual_vmf,8700,0.0153371598037445,35928.51940806348,35923.009838638216
1000,16,dual_vmf,8800,0.015957570424339,35928.74227823176,35923.009838638216
1000,16,dual_vmf,8900,0.0160077935195049,35928.76031987918,35923.009838638216
1000,16,dual_vmf,9000,0.016019675653473,35928.76458829933,35923.009838638216
1000,16,dual_vmf,9100,0.0160447983618489,35928.77361313233,35923.009838638216
1000,16,dual_vmf,9200,0.0157438857595012,35928.665516268586,35923.009838638216
1000,16,dual_vmf,9300,0.0167511353366215,35929.027350633274,35923.009838638216
1000,16,dual_vmf,9400,0.0166283451337105,35928.9832406966,35923.009838638216
1000,16,dual_vmf,9500,0.0164506244216703,35928.91939806773,35923.009838638216
1000,16,dual_vmf,9600,0.0167259815412629,35929.01831463289,35923.009838638216
1000,16,dual_vmf,9700,0.0165328674485575,35928.94894223837,35923.009838638216
1000,16,dual_vmf,9800,0.0171427913199703,35929.168045250706,35923.009838638216
1000,16,dual_vmf,9900,0.0170862723404052,35929.14774193212,35923.009838638216
1000,16,dual_vmf,10000,0.0178337027481884,35929.41624143104,35923.009838638216
1000,17,dual_vmf,0,47.34147174909215,52385.8083052316,35554.01455093337
1000,17,dual_vmf,100,4.596167406218185,37188.13657932544,35554.01455093337
1000,17,dual_vmf,200,2.62426725363705,36487.04691214686,35554.01455093337
1000,17,dual_vmf,300,0.8772564612777396,35865.91444082506,35554.01455093337
1000,17,dual_vmf,400,0.2557207624982028,35644.933548041736,35554.01455093337
1000,17,dual_vmf,500,0.1572024641507813,35609.90633791196,35554.01455093337
1000,17,dual_vmf,600,0.1328593411809486,35601.25138042912,35554.01455093337
1000,17,dual_vmf,700,0.120367004771821,35596.80985332446,35554.01455093337
1000,17,dual_vmf,800,0.1092274485394485,35592.849293880696,35554.01455093337
1000,17,dual_vmf,900,0.1015559809828849,35590.121779189365,35554.01455093337
1000,17,dual_vmf,1000,0.0936408853432468,35587.30764493393,35554.01455093337
1000,17,dual_vmf,1100,0.0878142328405652,35585.23603605529,35554.01455093337
1000,17,dual_vmf,1200,0.0816728569880308,35583.052530391054,35554.01455093337
1000,17,dual_vmf,1300,0.0772378669551685,35581.47571338944,35554.01455093337
1000,17,dual_vmf,1400,0.0723230268798197,35579.72829043389,35554.01455093337
1000,17,dual_vmf,1500,0.0682118561962591,35578.26660421085,35554.01455093337
1000,17,dual_vmf,1600,0.063968449162583,35576.75790265664,35554.01455093337
1000,17,dual_vmf,1700,0.0601011637285792,35575.382927430706,35554.01455093337
1000,17,dual_vmf,1800,0.0562200025381256,35574.00301881631,35554.01455093337
1000,17,dual_vmf,1900,0.0526836561717196,35572.745705714624,35554.01455093337
1000,17,dual_vmf,2000,0.0493381003454988,35571.55622630936,35554.01455093337
1000,17,dual_vmf,2100,0.0461278264791646,35570.4148450718,35554.01455093337
1000,17,dual_vmf,2200,0.0432452152617984,35569.38996106013,35554.01455093337
1000,17,dual_vmf,2300,0.0401162347423992,35568.277482870966,35554.01455093337
1000,17,dual_vmf,2400,0.0373338900484533,35567.28824763362,35554.01455093337
1000,17,dual_vmf,2500,0.0341298310232697,35566.14907602159,35554.01455093337
1000,17,dual_vmf,2600,0.0307832543175827,35564.95923365269,35554.01455093337
1000,17,dual_vmf,2700,0.0278535670835428,35563.917612227204,35554.01455093337
1000,17,dual_vmf,2800,0.0253100801803463,35563.01330052354,35554.01455093337
1000,17,dual_vmf,2900,0.0230213698009612,35562.199572102225,35554.01455093337
1000,17,dual_vmf,3000,0.0210464601047645,35561.49741242147,35554.01455093337
1000,17,dual_vmf,3100,0.0193501942999491,35560.894321830405,35554.01455093337
1000,17,dual_vmf,3200,0.0176971927783527,35560.30661342889,35554.01455093337
1000,17,dual_vmf,3300,0.0163813124060071,35559.83876512983,35554.01455093337
1000,17,dual_vmf,3400,0.0151055945443277,35559.38519621566,35554.01455093337
1000,17,dual_vmf,3500,0.0139782313210683,35558.98437333122,35554.01455093337
1000,17,dual_vmf,3600,0.013011779556884,35558.64076093036,35554.01455093337
1000,17,dual_vmf,3700,0.0120558391190139,35558.30088572798,35554.01455093337
1000,17,dual_vmf,3800,0.0113006829229405,35558.032397384144,35554.01455093337
1000,17,dual_vmf,3900,0.0105595677858478,35557.76890120046,35554.01455093337
1000,17,dual_vmf,4000,0.0099790991771305,35557.562521306856,35554.01455093337
1000,17,dual_vmf,4100,0.0093519113985342,35557.33953087279,35554.01455093337
1000,17,dual_vmf,4200,0.0088756607665906,35557.17020465381,35554.01455093337
1000,17,dual_vmf,4300,0.0084020548963932,35557.00181875381,35554.01455093337
1000,17,dual_vmf,4400,0.0079823932642144,35556.85261219604,35554.01455093337
1000,17,dual_vmf,4500,0.0076469749407579,35556.73335751651,35554.01455093337
1000,17,dual_vmf,4600,0.0073020173425234,35556.61071124184,35554.01455093337
1000,17,dual_vmf,4700,0.0070703348388895,35556.528338810785,35554.01455093337
1000,17,dual_vmf,4800,0.0067723429858507,35556.422390743995,35554.01455093337
1000,17,dual_vmf,4900,0.0065947505724702,35556.3592495115,35554.01455093337
1000,17,dual_vmf,5000,0.0064515607272484,35556.308339773095,35554.01455093337
1000,17,dual_vmf,5100,0.006393755031499,35556.28778752762,35554.01455093337
1000,17,dual_vmf,5200,0.0063467854847735,35556.27108796814,35554.01455093337
1000,17,dual_vmf,5300,0.0062882816549759,35556.25028750798,35554.01455093337
1000,17,dual_vmf,5400,0.006223497029527,35556.22725397282,35554.01455093337
1000,17,dual_vmf,5500,0.0061603321084038,35556.204796307575,35554.01455093337
1000,17,dual_vmf,5600,0.0060799261826058,35556.17620877302,35554.01455093337
1000,17,dual_vmf,5700,0.0060159904901023,35556.1534770676,35554.01455093337
1000,17,dual_vmf,5800,0.0059540131708659,35556.1314416425,35554.01455093337
1000,17,dual_vmf,5900,0.0058893273406799,35556.108443233024,35554.01455093337
1000,17,dual_vmf,6000,0.0058166859712576,35556.08261630997,35554.01455093337
1000,17,dual_vmf,6100,0.0057568634372422,35556.06134699752,35554.01455093337
1000,17,dual_vmf,6200,0.0056932144613296,35556.038717231364,35554.01455093337
1000,17,dual_vmf,6300,0.0056414281053047,35556.02030510281,35554.01455093337
1000,17,dual_vmf,6400,0.0056069103321842,35556.00803264873,35554.01455093337
1000,17,dual_vmf,6500,0.0055439816114197,35555.98565896219,35554.01455093337
1000,17,dual_vmf,6600,0.0054856485717953,35555.9649192248,35554.01455093337
1000,17,dual_vmf,6700,0.0054400421609686,35555.948704314855,35554.01455093337
1000,17,dual_vmf,6800,0.0053862849659612,35555.92959147392,35554.01455093337
1000,17,dual_vmf,6900,0.0053463541679689,35555.91539447219,35554.01455093337
1000,17,dual_vmf,7000,0.0053024003170057,35555.899767113624,35554.01455093337
1000,17,dual_vmf,7100,0.005257255754777,35555.8837164094,35554.01455093337
1000,17,dual_vmf,7200,0.0052072975155684,35555.86595424976,35554.01455093337
1000,17,dual_vmf,7300,0.0051636115061575,35555.85042211962,35554.01455093337
1000,17,dual_vmf,7400,0.0051262132160764,35555.83712552612,35554.01455093337
1000,17,dual_vmf,7500,0.005088427017992,35555.82369101576,35554.01455093337
1000,17,dual_vmf,7600,0.0050536975763945,35555.81134330504,35554.01455093337
1000,17,dual_vmf,7700,0.0050289236660924,35555.802535185365,35554.01455093337
1000,17,dual_vmf,7800,0.0050040396870747,35555.793687931844,35554.01455093337
1000,17,dual_vmf,7900,0.0049732883839069,35555.78275460904,35554.01455093337
1000,17,dual_vmf,8000,0.0049420546654236,35555.77164976823,35554.01455093337
1000,17,dual_vmf,8100,0.0049136395679028,35555.76154706032,35554.01455093337
1000,17,dual_vmf,8200,0.0048765769477083,35555.74836981094,35554.01455093337
1000,17,dual_vmf,8300,0.0048320112733354,35555.73252492459,35554.01455093337
1000,17,dual_vmf,8400,0.0047990856929845,35555.72081855896,35554.01455093337
1000,17,dual_vmf,8500,0.0047680954733868,35555.70980029178,35554.01455093337
1000,17,dual_vmf,8600,0.0047348758526034,35555.69798938297,35554.01455093337
1000,17,dual_vmf,8700,0.0047002189251008,35555.68566745392,35554.01455093337
1000,17,dual_vmf,8800,0.0046755224061408,35555.67688684998,35554.01455093337
1000,17,dual_vmf,8900,0.0046489012270989,35555.66742195211,35554.01455093337
1000,17,dual_vmf,9000,0.004628518060076,35555.66017491794,35554.01455093337
1000,17,dual_vmf,9100,0.0045943881592688,35555.64804036804,35554.01455093337
1000,17,dual_vmf,9200,0.0045714753503495,35555.63989394462,35554.01455093337
1000,17,dual_vmf,9300,0.0045521439116208,35555.633020842084,35554.01455093337
1000,17,dual_vmf,9400,0.0045140562010172,35555.619479131914,35554.01455093337
1000,17,dual_vmf,9500,0.0045024264369312,35555.6153442839,35554.01455093337
1000,17,dual_vmf,9600,0.0044790580919809,35555.607035899135,35554.01455093337
1000,17,dual_vmf,9700,0.004445237817035,35555.59501143366,35554.01455093337
1000,17,dual_vmf,9800,0.0044177464339004,35555.5852371433,35554.01455093337
1000,17,dual_vmf,9900,0.0043822448383193,35555.57261490084,35554.01455093337
1000,17,dual_vmf,10000,0.0043725528226226,35555.56916900017,35554.01455093337
1000,18,dual_vmf,0,34.12923960588457,40431.563548976446,30143.735749026506
1000,18,dual_vmf,100,8.039287825662182,32567.07742729777,30143.735749026506
1000,18,dual_vmf,200,3.773356713499637,31281.166425611988,30143.735749026506
1000,18,dual_vmf,300,1.0013975343831367,30445.594375588225,30143.735749026506
1000,18,dual_vmf,400,0.2216855456520475,30210.560054101647,30143.735749026506
1000,18,dual_vmf,500,0.1012186315531702,30174.246825850674,30143.735749026506
1000,18,dual_vmf,600,0.0738541785496068,30165.998157448117,30143.735749026506
1000,18,dual_vmf,700,0.0606381789300056,30162.01436144619,30143.735749026506
1000,18,dual_vmf,800,0.0525361380227597,30159.57210364483,30143.735749026506
1000,18,dual_vmf,900,0.0440663255070933,30157.01898574167,30143.735749026506
1000,18,dual_vmf,1000,0.0437442528346475,30156.921901006368,30143.735749026506
1000,18,dual_vmf,1100,0.0392100271784421,30155.555116006297,30143.735749026506
1000,18,dual_vmf,1200,0.0390195961647904,30155.49771298476,30143.735749026506
1000,18,dual_vmf,1300,0.0366503029518816,30154.78351949954,30143.735749026506
1000,18,dual_vmf,1400,0.0329932624907477,30153.6811508867,30143.735749026506
1000,18,dual_vmf,1500,0.0293124311687718,30152.57161081964,30143.735749026506
1000,18,dual_vmf,1600,0.0265311374419202,30151.73322498821,30143.735749026506
1000,18,dual_vmf,1700,0.0237136531121095,30150.88392995706,30143.735749026506
1000,18,dual_vmf,1800,0.0235077161976546,30150.82185287776,30143.735749026506
1000,18,dual_vmf,1900,0.0219012888132365,30150.337615652,30143.735749026506
1000,18,dual_vmf,2000,0.0220580271054161,30150.38486242861,30143.735749026506
1000,18,dual_vmf,2100,0.0225154677866644,30150.52275213877,30143.735749026506
1000,18,dual_vmf,2200,0.0197928056237405,30149.702040051045,30143.735749026506
1000,18,dual_vmf,2300,0.0195394433683318,30149.625667202286,30143.735749026506
1000,18,dual_vmf,2400,0.0199178404156247,30149.739730208305,30143.735749026506
1000,18,dual_vmf,2500,0.0171901884287095,30148.917514001216,30143.735749026506
1000,18,dual_vmf,2600,0.0164258918081086,30148.687126447563,30143.735749026506
1000,18,dual_vmf,2700,0.0161642143395078,30148.608247082917,30143.735749026506
1000,18,dual_vmf,2800,0.0162799869140483,30148.643145261853,30143.735749026506
1000,18,dual_vmf,2900,0.0160072252406572,30148.5609247038,30143.735749026506
1000,18,dual_vmf,3000,0.0156827360161288,30148.463111529425,30143.735749026506
1000,18,dual_vmf,3100,0.0152237746677339,30148.32476343337,30143.735749026506
1000,18,dual_vmf,3200,0.014855470821667,30148.213742895263,30143.735749026506
1000,18,dual_vmf,3300,0.0140204986428165,30147.96205108809,30143.735749026506
1000,18,dual_vmf,3400,0.0135370381763301,30147.816318042624,30143.735749026506
1000,18,dual_vmf,3500,0.0135601153029687,30147.823274350696,30143.735749026506
1000,18,dual_vmf,3600,0.0128884573636892,30147.620811556342,30143.735749026506
1000,18,dual_vmf,3700,0.0134744768771032,30147.797459729903,30143.735749026506
1000,18,dual_vmf,3800,0.0134018491606351,30147.77556702297,30143.735749026506
1000,18,dual_vmf,3900,0.013234767000339,30147.725202218087,30143.735749026506
1000,18,dual_vmf,4000,0.011932241179441,30147.332572276573,30143.735749026506
1000,18,dual_vmf,4100,0.0119449023714742,30147.33638883284,30143.735749026506
1000,18,dual_vmf,4200,0.0115113279628273,30147.205693308824,30143.735749026506
1000,18,dual_vmf,4300,0.0117646938861773,30147.28206726324,30143.735749026506
1000,18,dual_vmf,4400,0.0115690830262587,30147.223102842527,30143.735749026506
1000,18,dual_vmf,4500,0.0108373012673273,30147.00251648285,30143.735749026506
1000,18,dual_vmf,4600,0.0100866895612721,30146.77625407368,30143.735749026506
1000,18,dual_vmf,4700,0.0100861723579488,30146.77609816928,30143.735749026506
1000,18,dual_vmf,4800,0.0093284687554744,30146.547697997587,30143.735749026506
1000,18,dual_vmf,4900,0.0097594221683407,30146.67760345556,30143.735749026506
1000,18,dual_vmf,5000,0.0097427808771289,30146.672587148714,30143.735749026506
1000,18,dual_vmf,5100,0.0092926726636503,30146.53690771826,30143.735749026506
1000,18,dual_vmf,5200,0.0095382020599106,30146.610919450653,30143.735749026506
1000,18,dual_vmf,5300,0.0089093684463664,30146.42136550789,30143.735749026506
1000,18,dual_vmf,5400,0.0088495776951869,30146.403342341848,30143.735749026506
1000,18,dual_vmf,5500,0.0089704797743212,30146.439786745097,30143.735749026506
1000,18,dual_vmf,5600,0.0089345026025422,30146.428941881502,30143.735749026506
1000,18,dual_vmf,5700,0.0089055100228838,30146.420202434907,30143.735749026506
1000,18,dual_vmf,5800,0.0080859348963264,30146.173151874493,30143.735749026506
1000,18,dual_vmf,5900,0.0082655662861972,30146.227299485978,30143.735749026506
1000,18,dual_vmf,6000,0.0084516438251657,30146.283390207613,30143.735749026506
1000,18,dual_vmf,6100,0.0079937228065295,30146.145355705816,30143.735749026506
1000,18,dual_vmf,6200,0.0076586219492731,30146.04434378891,30143.735749026506
1000,18,dual_vmf,6300,0.0072306260422271,30145.915329833675,30143.735749026506
1000,18,dual_vmf,6400,0.0069153702542914,30145.820299962023,30143.735749026506
1000,18,dual_vmf,6500,0.0069502242224304,30145.83080625008,30143.735749026506
1000,18,dual_vmf,6600,0.0065406269308043,30145.707338324857,30143.735749026506
1000,18,dual_vmf,6700,0.0063885511589374,30145.661497006047,30143.735749026506
1000,18,dual_vmf,6800,0.0062697601307941,30145.62568895243,30143.735749026506
1000,18,dual_vmf,6900,0.0059116331949694,30145.51773611525,30143.735749026506
1000,18,dual_vmf,7000,0.0055905968496378,30145.42096376765,30143.735749026506
1000,18,dual_vmf,7100,0.0054547495253104,30145.380014309187,30143.735749026506
1000,18,dual_vmf,7200,0.0048005165678066,30145.182804055294,30143.735749026506
1000,18,dual_vmf,7300,0.0043890611933414,30145.05877603449,30143.735749026506
1000,18,dual_vmf,7400,0.0039987882140505,30144.941133178912,30143.735749026506
1000,18,dual_vmf,7500,0.0041773887704881,30144.99497005869,30143.735749026506
1000,18,dual_vmf,7600,0.004389750505503,30145.058983818926,30143.735749026506
1000,18,dual_vmf,7700,0.0049093615442792,30145.215613997378,30143.735749026506
1000,18,dual_vmf,7800,0.0070033393826213,30145.84681714361,30143.735749026506
1000,18,dual_vmf,7900,0.0077937753355267,30146.08508406852,30143.735749026506
1000,18,dual_vmf,8000,0.007994394053453,30146.145558044715,30143.735749026506
1000,18,dual_vmf,8100,0.0108025735539575,30146.992048252705,30143.735749026506
1000,18,dual_vmf,8200,0.0109207428142108,30147.02766888225,30143.735749026506
1000,18,dual_vmf,8300,0.0102616731436169,30146.829000662347,30143.735749026506
1000,18,dual_vmf,8400,0.0103241684169444,30146.847839072398,30143.735749026506
1000,18,dual_vmf,8500,0.0115050787710595,30147.20380956897,30143.735749026506
1000,18,dual_vmf,8600,0.0134469401685965,30147.789159137257,30143.735749026506
1000,18,dual_vmf,8700,0.0156112738600809,30148.441570165945,30143.735749026506
1000,18,dual_vmf,8800,0.0151810451303408,30148.311883154536,30143.735749026506
1000,18,dual_vmf,8900,0.0154014186726192,30148.37831197278,30143.735749026506
1000,18,dual_vmf,9000,0.0157429726316965,30148.48126909565,30143.735749026506
1000,18,dual_vmf,9100,0.0161123243210449,30148.592605492868,30143.735749026506
1000,18,dual_vmf,9200,0.0158437990973182,30148.511661959008,30143.735749026506
1000,18,dual_vmf,9300,0.0167883383154439,30148.79638136497,30143.735749026506
1000,18,dual_vmf,9400,0.0172714353163481,30148.94200484833,30143.735749026506
1000,18,dual_vmf,9500,0.0160093340484014,30148.561560377235,30143.735749026506
1000,18,dual_vmf,9600,0.0161875216663784,30148.61527278193,30143.735749026506
1000,18,dual_vmf,9700,0.0167460305158772,30148.783628213663,30143.735749026506
1000,18,dual_vmf,9800,0.0165419053400916,30148.72209726008,30143.735749026506
1000,18,dual_vmf,9900,0.0165398687738094,30148.72148336292,30143.735749026506
1000,18,dual_vmf,10000,0.0167225047244969,30148.77653666128,30143.735749026506
1000,19,dual_vmf,0,51.68834984322061,57847.952804168,38136.05518417036
1000,19,dual_vmf,100,4.3462773734232005,39793.55392175614,38136.05518417036
1000,19,dual_vmf,200,2.7420480878153906,39181.76415611612,38136.05518417036
1000,19,dual_vmf,300,0.8535580483003514,38461.56855249911,38136.05518417036
1000,19,dual_vmf,400,0.125057014730482,38183.74699631965,38136.05518417036
1000,19,dual_vmf,500,0.0400762315662537,38151.3386779562,38136.05518417036
1000,19,dual_vmf,600,0.0263927832791239,38146.12035056632,38136.05518417036
1000,19,dual_vmf,700,0.0221685607724164,38144.50939874006,38136.05518417036
1000,19,dual_vmf,800,0.0197146024620154,38143.57355584461,38136.05518417036
1000,19,dual_vmf,900,0.018161284417509,38142.98118161797,38136.05518417036
1000,19,dual_vmf,1000,0.0167587984193901,38142.44632878378,38136.05518417036
1000,19,dual_vmf,1100,0.0156002530995545,38142.00450530127,38136.05518417036
1000,19,dual_vmf,1200,0.0145093463537905,38141.5884765027,38136.05518417036
1000,19,dual_vmf,1300,0.0139014527637822,38141.35664986776,38136.05518417036
1000,19,dual_vmf,1400,0.0131565897815033,38141.072588509785,38136.05518417036
1000,19,dual_vmf,1500,0.0125538713502537,38140.84273547624,38136.05518417036
1000,19,dual_vmf,1600,0.012073431813402,38140.65951478934,38136.05518417036
1000,19,dual_vmf,1700,0.0116217326760189,38140.48725455704,38136.05518417036
1000,19,dual_vmf,1800,0.0112308108537958,38140.33817239519,38136.05518417036
1000,19,dual_vmf,1900,0.0109022802988761,38140.21288380147,38136.05518417036
1000,19,dual_vmf,2000,0.0105739935354995,38140.08768818023,38136.05518417036
1000,19,dual_vmf,2100,0.010275564336392,38139.97387905617,38136.05518417036
1000,19,dual_vmf,2200,0.0099737670987839,38139.85878549509,38136.05518417036
1000,19,dual_vmf,2300,0.0096692763499042,38139.742664735066,38136.05518417036
1000,19,dual_vmf,2400,0.0095173028790721,38139.68470804837,38136.05518417036
1000,19,dual_vmf,2500,0.0092662614240946,38139.58897074056,38136.05518417036
1000,19,dual_vmf,2600,0.0090387859353609,38139.502220562645,38136.05518417036
1000,19,dual_vmf,2700,0.0089092674510805,38139.452827322006,38136.05518417036
1000,19,dual_vmf,2800,0.0086842498652454,38139.3670144913,38136.05518417036
1000,19,dual_vmf,2900,0.008511436319924,38139.30111022229,38136.05518417036
1000,19,dual_vmf,3000,0.008382442177812,38139.25191694507,38136.05518417036
1000,19,dual_vmf,3100,0.0082033551655318,38139.18362022324,38136.05518417036
1000,19,dual_vmf,3200,0.0080644132033545,38139.13063323987,38136.05518417036
1000,19,dual_vmf,3300,0.0079307987801247,38139.07967796969,38136.05518417036
1000,19,dual_vmf,3400,0.0077888922948369,38139.02556043415,38136.05518417036
1000,19,dual_vmf,3500,0.0076713890702283,38138.98074933957,38136.05518417036
1000,19,dual_vmf,3600,0.0075377820171574,38138.92979688008,38136.05518417036
1000,19,dual_vmf,3700,0.0074323427613437,38138.8895865073,38136.05518417036
1000,19,dual_vmf,3800,0.0073109055631991,38138.8432751504,38136.05518417036
1000,19,dual_vmf,3900,0.0072140572063041,38138.80634100757,38136.05518417036
1000,19,dual_vmf,4000,0.0071016924984024,38138.76348954056,38136.05518417036
1000,19,dual_vmf,4100,0.0069905830101202,38138.72111676479,38136.05518417036
1000,19,dual_vmf,4200,0.0069205558252894,38138.69441115894,38136.05518417036
1000,19,dual_vmf,4300,0.0068342047493397,38138.66148026496,38136.05518417036
1000,19,dual_vmf,4400,0.0067469984057857,38138.62822320566,38136.05518417036
1000,19,dual_vmf,4500,0.0066506761848808,38138.59148971034,38136.05518417036
1000,19,dual_vmf,4600,0.0066142032777412,38138.57758038235,38136.05518417036
1000,19,dual_vmf,4700,0.0065317129034342,38138.54612180768,38136.05518417036
1000,19,dual_vmf,4800,0.0064359990479399,38138.50962031893,38136.05518417036
1000,19,dual_vmf,4900,0.0063715405468728,38138.48503838939,38136.05518417036
1000,19,dual_vmf,5000,0.0063044999338324,38138.45947174421,38136.05518417036
1000,19,dual_vmf,5100,0.0062390976876909,38138.43452990753,38136.05518417036
1000,19,dual_vmf,5200,0.0062001108431108,38138.419661862965,38136.05518417036
1000,19,dual_vmf,5300,0.0061328675324796,38138.39401791692,38136.05518417036
1000,19,dual_vmf,5400,0.0060435578499917,38138.35995872712,38136.05518417036
1000,19,dual_vmf,5500,0.0059990402208877,38138.34298145952,38136.05518417036
1000,19,dual_vmf,5600,0.0059451488549902,38138.32242941848,38136.05518417036
1000,19,dual_vmf,5700,0.0059007869110066,38138.30551152304,38136.05518417036
1000,19,dual_vmf,5800,0.0058439940035666,38138.28385294852,38136.05518417036
1000,19,dual_vmf,5900,0.0057758291031923,38138.25785754449,38136.05518417036
1000,19,dual_vmf,6000,0.0057171777353271,38138.23549022648,38136.05518417036
1000,19,dual_vmf,6100,0.0056672476059981,38138.2164488448,38136.05518417036
1000,19,dual_vmf,6200,0.0056284504756711,38138.20165314977,38136.05518417036
1000,19,dual_vmf,6300,0.0055782560664905,38138.18251098219,38136.05518417036
1000,19,dual_vmf,6400,0.0055462051233276,38138.170288016816,38136.05518417036
1000,19,dual_vmf,6500,0.0055131781764837,38138.15769284214,38136.05518417036
1000,19,dual_vmf,6600,0.0054562122097761,38138.13596826964,38136.05518417036
1000,19,dual_vmf,6700,0.0054093441664793,38138.11809464679,38136.05518417036
1000,19,dual_vmf,6800,0.0053622180949485,38138.10012262214,38136.05518417036
1000,19,dual_vmf,6900,0.0053121681749424,38138.08103555703,38136.05518417036
1000,19,dual_vmf,7000,0.0052711713029122,38138.06540096729,38136.05518417036
1000,19,dual_vmf,7100,0.0052451002220768,38138.05545848551,38136.05518417036
1000,19,dual_vmf,7200,0.0052088920069512,38138.04165010061,38136.05518417036
1000,19,dual_vmf,7300,0.0051780375829268,38138.02988344044,38136.05518417036
1000,19,dual_vmf,7400,0.0051484703793529,38138.01860767537,38136.05518417036
1000,19,dual_vmf,7500,0.0051213732645535,38138.00827390472,38136.05518417036
1000,19,dual_vmf,7600,0.0050709172130139,38137.989031957055,38136.05518417036
1000,19,dual_vmf,7700,0.0050282153014085,38137.97274713248,38136.05518417036
1000,19,dual_vmf,7800,0.0049883488758541,38137.95754365043,38136.05518417036
1000,19,dual_vmf,7900,0.0049554518769748,38137.944998032784,38136.05518417036
1000,19,dual_vmf,8000,0.0049215680469977,38137.932076076686,38136.05518417036
1000,19,dual_vmf,8100,0.0048920426981873,38137.92081627337,38136.05518417036
1000,19,dual_vmf,8200,0.0048613966646633,38137.90912908512,38136.05518417036
1000,19,dual_vmf,8300,0.0048316918075199,38137.8978008244,38136.05518417036
1000,19,dual_vmf,8400,0.0048039175349435,38137.88720881248,38136.05518417036
1000,19,dual_vmf,8500,0.0047700271169298,38137.87428434397,38136.05518417036
1000,19,dual_vmf,8600,0.004751609111166,38137.86726044313,38136.05518417036
1000,19,dual_vmf,8700,0.0047250162509417,38137.85711897528,38136.05518417036
1000,19,dual_vmf,8800,0.0047037125206355,38137.84899457293,38136.05518417036
1000,19,dual_vmf,8900,0.0046809958900652,38137.84033134616,38136.05518417036
1000,19,dual_vmf,9000,0.0046614435229593,38137.83287484465,38136.05518417036
1000,19,dual_vmf,9100,0.004640432871774,38137.82486221112,38136.05518417036
1000,19,dual_vmf,9200,0.0046075583436011,38137.81232516292,38136.05518417036
1000,19,dual_vmf,9300,0.0045763421887966,38137.80042055289,38136.05518417036
1000,19,dual_vmf,9400,0.0045441315358669,38137.78813668052,38136.05518417036
1000,19,dual_vmf,9500,0.0045209269327136,38137.77928736025,38136.05518417036
1000,19,dual_vmf,9600,0.0044907395918283,38137.76777509927,38136.05518417036
1000,19,dual_vmf,9700,0.0044595209539943,38137.75586954232,38136.05518417036
1000,19,dual_vmf,9800,0.0044328603231766,38137.74570222944,38136.05518417036
1000,19,dual_vmf,9900,0.0044089836612665,38137.73659661248,38136.05518417036
1000,19,dual_vmf,10000,0.004383901201821,38137.7270311519,38136.05518417036
1000,20,dual_vmf,0,51.23788466049336,58140.70073793333,38443.21207510313
1000,20,dual_vmf,100,4.576679377686483,40202.63463426466,38443.21207510313
1000,20,dual_vmf,200,2.2822922691244774,39320.59853229634,38443.21207510313
1000,20,dual_vmf,300,0.6703052770909874,38700.89895432583,38443.21207510313
1000,20,dual_vmf,400,0.1023187351902493,38482.54668346488,38443.21207510313
1000,20,dual_vmf,500,0.0366990483480839,38457.32036808913,38443.21207510313
1000,20,dual_vmf,600,0.0229235681803096,38452.02463103387,38443.21207510313
1000,20,dual_vmf,700,0.0192419338551055,38450.6092925424,38443.21207510313
1000,20,dual_vmf,800,0.0176838681114625,38450.0103220243,38443.21207510313
1000,20,dual_vmf,900,0.0159750428752829,38449.353394714766,38443.21207510313
1000,20,dual_vmf,1000,0.0149291272904132,38448.95131116835,38443.21207510313
1000,20,dual_vmf,1100,0.0134022622697109,38448.36433521034,38443.21207510313
1000,20,dual_vmf,1200,0.0122597751152819,38447.92512645063,38443.21207510313
1000,20,dual_vmf,1300,0.0118732604551115,38447.77653780012,38443.21207510313
1000,20,dual_vmf,1400,0.0103744273203327,38447.200338199465,38443.21207510313
1000,20,dual_vmf,1500,0.0094234019019293,38446.83473348098,38443.21207510313
1000,20,dual_vmf,1600,0.0085623823777489,38446.50372991929,38443.21207510313
1000,20,dual_vmf,1700,0.0087841676739796,38446.58899131107,38443.21207510313
1000,20,dual_vmf,1800,0.0075342664574494,38446.10848913567,38443.21207510313
1000,20,dual_vmf,1900,0.0068065424674838,38445.82872865889,38443.21207510313
1000,20,dual_vmf,2000,0.0051023829546169,38445.17359500326,38443.21207510313
1000,20,dual_vmf,2100,0.004363691470038,38444.88961826926,38443.21207510313
1000,20,dual_vmf,2200,0.0046385651784241,38444.99528855192,38443.21207510313
1000,20,dual_vmf,2300,0.0049415067999852,38445.11174904196,38443.21207510313
1000,20,dual_vmf,2400,0.0044262885499778,38444.91368259746,38443.21207510313
1000,20,dual_vmf,2500,0.0036253272523396,38444.605767347166,38443.21207510313
1000,20,dual_vmf,2600,0.0037443997977681,38444.65154265833,38443.21207510313
1000,20,dual_vmf,2700,0.003565591771173,38444.58280310946,38443.21207510313
1000,20,dual_vmf,2800,0.0026778596843173,38444.24153038065,38443.21207510313
1000,20,dual_vmf,2900,0.0025689253110549,38444.19965250851,38443.21207510313
1000,20,dual_vmf,3000,0.0020650747807284,38444.0059561806,38443.21207510313
1000,20,dual_vmf,3100,0.0015699968709266,38443.8156323298,38443.21207510313
1000,20,dual_vmf,3200,0.0022794365242039,38444.08836372025,38443.21207510313
1000,20,dual_vmf,3300,0.0023560905898153,38444.11783200526,38443.21207510313
1000,20,dual_vmf,3400,0.0021169196304979,38444.025887006144,38443.21207510313
1000,20,dual_vmf,3500,0.0022348797447535,38444.07123466303,38443.21207510313
1000,20,dual_vmf,3600,0.0021666914979058,38444.045020910686,38443.21207510313
1000,20,dual_vmf,3700,0.0019534836509703,38443.96305696593,38443.21207510313
1000,20,dual_vmf,3800,0.0023605696186273,38444.1195538878,38443.21207510313
1000,20,dual_vmf,3900,0.0025416387655337,38444.18916268395,38443.21207510313
1000,20,dual_vmf,4000,0.0023505344189103,38444.11569603469,38443.21207510313
1000,20,dual_vmf,4100,0.0024440968047616,38444.15166442111,38443.21207510313
1000,20,dual_vmf,4200,0.0020242894072656,38443.99027697298,38443.21207510313
1000,20,dual_vmf,4300,0.0019806848431263,38443.97351397792,38443.21207510313
1000,20,dual_vmf,4400,0.0026736351254906,38444.23990632454,38443.21207510313
1000,20,dual_vmf,4500,0.0021754233979729,38444.04837773355,38443.21207510313
1000,20,dual_vmf,4600,0.0019882199452751,38443.976410713214,38443.21207510313
1000,20,dual_vmf,4700,0.0025578613132054,38444.19539915236,38443.21207510313
1000,20,dual_vmf,4800,0.0018973029004907,38443.94145928088,38443.21207510313
1000,20,dual_vmf,4900,0.0026559883084466,38444.23312232124,38443.21207510313
1000,20,dual_vmf,5000,0.0021037901206174,38444.02083960082,38443.21207510313
1000,20,dual_vmf,5100,0.0021922734892021,38444.05485544985,38443.21207510313
1000,20,dual_vmf,5200,0.0019250888035861,38443.95214107453,38443.21207510313
1000,20,dual_vmf,5300,0.0028504315785395,38444.307872559926,38443.21207510313
1000,20,dual_vmf,5400,0.0031347525496988,38444.41717467384,38443.21207510313
1000,20,dual_vmf,5500,0.0025101880557864,38444.1770720209,38443.21207510313
1000,20,dual_vmf,5600,0.0023621624953262,38444.12016624077,38443.21207510313
1000,20,dual_vmf,5700,0.002808597997356,38444.29179038759,38443.21207510313
1000,20,dual_vmf,5800,0.0024635690909227,38444.15915019337,38443.21207510313
1000,20,dual_vmf,5900,0.0022615736245807,38444.081496647865,38443.21207510313
1000,20,dual_vmf,6000,0.0023416902439966,38444.112296049774,38443.21207510313
1000,20,dual_vmf,6100,0.0026462839585685,38444.22939165744,38443.21207510313
1000,20,dual_vmf,6200,0.0035670776021166,38444.5833743106,38443.21207510313
1000,20,dual_vmf,6300,0.0032952614897995,38444.478879466085,38443.21207510313
1000,20,dual_vmf,6400,0.003657007665809,38444.6179463157,38443.21207510313
1000,20,dual_vmf,6500,0.0032992978441308,38444.48043117034,38443.21207510313
1000,20,dual_vmf,6600,0.0041588588952943,38444.81087404816,38443.21207510313
1000,20,dual_vmf,6700,0.0052393461588562,38445.22624805833,38443.21207510313
1000,20,dual_vmf,6800,0.0049289151426631,38445.10690840443,38443.21207510313
1000,20,dual_vmf,6900,0.0058422720503861,38445.45803213747,38443.21207510313
1000,20,dual_vmf,7000,0.0058167459380338,38445.44821907996,38443.21207510313
1000,20,dual_vmf,7100,0.0065558468266582,38445.73235320202,38443.21207510313
1000,20,dual_vmf,7200,0.0072419802024049,38445.99612491078,38443.21207510313
1000,20,dual_vmf,7300,0.0079295264045951,38446.2604397554,38443.21207510313
1000,20,dual_vmf,7400,0.0078026977417742,38446.21168274358,38443.21207510313
1000,20,dual_vmf,7500,0.0079950395254841,38446.2856251034,38443.21207510313
1000,20,dual_vmf,7600,0.0087653659299987,38446.58176331676,38443.21207510313
1000,20,dual_vmf,7700,0.0097964391874117,38446.97814099576,38443.21207510313
1000,20,dual_vmf,7800,0.0090474222451289,38446.69019482416,38443.21207510313
1000,20,dual_vmf,7900,0.0091200516314904,38446.71811589319,38443.21207510313
1000,20,dual_vmf,8000,0.0088520682621503,38446.61509447818,38443.21207510313
1000,20,dual_vmf,8100,0.0118330599187523,38447.76108342267,38443.21207510313
1000,20,dual_vmf,8200,0.0112581321612013,38447.54006272556,38443.21207510313
1000,20,dual_vmf,8300,0.0116777341167143,38447.70137119519,38443.21207510313
1000,20,dual_vmf,8400,0.0114591905606117,38447.61735603244,38443.21207510313
1000,20,dual_vmf,8500,0.0107261804336185,38447.33556339479,38443.21207510313
1000,20,dual_vmf,8600,0.0108157015721252,38447.36997819592,38443.21207510313
1000,20,dual_vmf,8700,0.010740840609561,38447.34119923732,38443.21207510313
1000,20,dual_vmf,8800,0.0103965082265959,38447.20882680909,38443.21207510313
1000,20,dual_vmf,8900,0.0107007408347129,38447.32578359583,38443.21207510313
1000,20,dual_vmf,9000,0.0115263027913611,38447.643156129634,38443.21207510313
1000,20,dual_vmf,9100,0.0114809776396705,38447.625731685446,38443.21207510313
1000,20,dual_vmf,9200,0.0117484070984646,38447.72854015944,38443.21207510313
1000,20,dual_vmf,9300,0.0120769780597671,38447.85485339091,38443.21207510313
1000,20,dual_vmf,9400,0.0116202254862366,38447.67926303041,38443.21207510313
1000,20,dual_vmf,9500,0.0117031645056782,38447.71114745355,38443.21207510313
1000,20,dual_vmf,9600,0.012154001901442,38447.88446382972,38443.21207510313
1000,20,dual_vmf,9700,0.0118130799969978,38447.75340249898,38443.21207510313
1000,20,dual_vmf,9800,0.0122806829609315,38447.93316409808,38443.21207510313
1000,20,dual_vmf,9900,0.0122495976606753,38447.92121391017,38443.21207510313
1000,20,dual_vmf,10000,0.012024153975885,38447.83454611632,38443.21207510313
1000,1,uniform,0,53.301152087590594,49155.15317218556,32064.438200764547
1000,1,uniform,100,7.68561613170714,34528.787835663774,32064.438200764547
1000,1,uniform,200,2.857016495321941,32980.5244892927,32064.438200764547
1000,1,uniform,300,0.7953151429752199,32319.45153328516,32064.438200764547
1000,1,uniform,400,0.1808052594799418,32122.412391454225,32064.438200764547
1000,1,uniform,500,0.0662366761995018,32085.676618870777,32064.438200764547
1000,1,uniform,600,0.0516562347124629,32081.001482220767,32064.438200764547
1000,1,uniform,700,0.0423013596786105,32078.00189409678,32064.438200764547
1000,1,uniform,800,0.0299956066244326,32074.056123513583,32064.438200764547
1000,1,uniform,900,0.0190718965538702,32070.553497248777,32064.438200764547
1000,1,uniform,1000,0.0104202060346996,32067.779381288936,32064.438200764547
1000,1,uniform,1100,0.0117581463404372,32068.208384331432,32064.438200764547
1000,1,uniform,1200,0.0429600580233985,32078.213102020472,32064.438200764547
1000,1,uniform,1300,0.047754569049568,32079.750435045487,32064.438200764547
1000,1,uniform,1400,0.0546632134190499,32081.96565304985,32064.438200764547
1000,1,uniform,1500,0.0436256167846437,32078.42650969816,32064.438200764547
1000,1,uniform,1600,0.0299693772512289,32074.04771321242,32064.438200764547
1000,1,uniform,1700,0.0174696710761006,32070.03975265062,32064.438200764547
1000,1,uniform,1800,0.0079502438842413,32066.98740180162,32064.438200764547
1000,1,uniform,1900,0.0033376761805102,32065.50840788079,32064.438200764547
1000,1,uniform,2000,0.0024330157824916,32065.21833360654,32064.438200764547
1000,1,uniform,2100,0.0053876402251882,32066.165717335032,32064.438200764547
1000,1,uniform,2200,0.0079267063832793,32066.97985463417,32064.438200764547
1000,1,uniform,2300,0.0093867642638336,32067.448013990976,32064.438200764547
1000,1,uniform,2400,0.0098041695625472,32067.58185265503,32064.438200764547
1000,1,uniform,2500,0.0096908180125875,32067.545507117346,32064.438200764547
1000,1,uniform,2600,0.0093114717188079,32067.42387185941,32064.438200764547
1000,1,uniform,2700,0.0090933567273766,32067.35393451277,32064.438200764547
1000,1,uniform,2800,0.0086445718155457,32067.210034152064,32064.438200764547
1000,1,uniform,2900,0.0070616824602725,32066.70248957296,32064.438200764547
1000,1,uniform,3000,0.006140864879387,32066.40723458879,32064.438200764547
1000,1,uniform,3100,0.0056352311995517,32066.24510599,32064.438200764547
1000,1,uniform,3200,0.0034758738485543,32065.552720186653,32064.438200764547
1000,1,uniform,3300,0.0027608958391427,32065.32346650468,32064.438200764547
1000,1,uniform,3400,0.0025615192922802,32065.25953753502,32064.438200764547
1000,1,uniform,3500,0.0032363006472081,32065.47590238556,32064.438200764547
1000,1,uniform,3600,0.0026178761626111,32065.27760804888,32064.438200764547
1000,1,uniform,3700,0.0035703711974899,32065.583020230704,32064.438200764547
1000,1,uniform,3800,0.0139642445093733,32068.91575731546,32064.438200764547
1000,1,uniform,3900,0.0169993934045235,32069.88896075725,32064.438200764547
1000,1,uniform,4000,0.0155902354682735,32069.437122181625,32064.438200764547
1000,1,uniform,4100,0.015539797395181,32069.42094949685,32064.438200764547
1000,1,uniform,4200,0.0156688333052949,32069.462324136504,32064.438200764547
1000,1,uniform,4300,0.0158017751526427,32069.50495119299,32064.438200764547
1000,1,uniform,4400,0.0158813424882814,32069.530464012158,32064.438200764547
1000,1,uniform,4500,0.0158570107538327,32069.5226621782,32064.438200764547
1000,1,uniform,4600,0.0137622745606046,32068.85099678605,32064.438200764547
1000,1,uniform,4700,0.0104956768470437,32067.80358058092,32064.438200764547
1000,1,uniform,4800,0.0081062063642793,32067.037410294648,32064.438200764547
1000,1,uniform,4900,0.0051005563121296,32066.073665491145,32064.438200764547
1000,1,uniform,5000,0.0031140473880973,32065.436702564846,32064.438200764547
1000,1,uniform,5100,0.0013701897928451,32064.877544423907,32064.438200764547
1000,1,uniform,5200,0.0017035375053034,32064.98443049516,32064.438200764547
1000,1,uniform,5300,0.0020509819716151,32065.095836611345,32064.438200764547
1000,1,uniform,5400,0.0023802734907013,32065.201422086982,32064.438200764547
1000,1,uniform,5500,0.002670821676672,32065.29458473052,32064.438200764547
1000,1,uniform,5600,0.0029888836371183,32065.396569511264,32064.438200764547
1000,1,uniform,5700,0.0033411067580572,32065.50950787621,32064.438200764547
1000,1,uniform,5800,0.003736834988309,32065.63639591004,32064.438200764547
1000,1,uniform,5900,0.0041174900057484,32065.758450802863,32064.438200764547
1000,1,uniform,6000,0.0042700452361987,32065.807366780453,32064.438200764547
1000,1,uniform,6100,0.0035253111802939,32065.568571989337,32064.438200764547
1000,1,uniform,6200,0.0036990640208242,32065.62428486151,32064.438200764547
1000,1,uniform,6300,0.0033408986910915,32065.509441160702,32064.438200764547
1000,1,uniform,6400,0.0026488729650413,32065.28754699944,32064.438200764547
1000,1,uniform,6500,0.0020066839942982,32065.081632713784,32064.438200764547
1000,1,uniform,6600,0.0021424233768257,32065.12515678421,32064.438200764547
1000,1,uniform,6700,0.0016672941124577,32064.97280925486,32064.438200764547
1000,1,uniform,6800,0.0015739483325141,32064.94287845494,32064.438200764547
1000,1,uniform,6900,0.0007082981333431,32064.66531258179,32064.438200764547
1000,1,uniform,7000,0.0006052120394067,32064.632258604903,32064.438200764547
1000,1,uniform,7100,0.0007864615343731,32064.69037523721,32064.438200764547
1000,1,uniform,7200,0.0011742636062553,32064.81472179289,32064.438200764547
1000,1,uniform,7300,0.0011098383994483,32064.794064212267,32064.438200764547
1000,1,uniform,7400,0.0018925707550004,32065.04504294469,32064.438200764547
1000,1,uniform,7500,0.0021981626500696,32065.14302926903,32064.438200764547
1000,1,uniform,7600,0.0026741971142693,32065.29566704562,32064.438200764547
1000,1,uniform,7700,0.0030210234073979,32065.406874948043,32064.438200764547
1000,1,uniform,7800,0.0029643055303212,32065.3886886794,32064.438200764547
1000,1,uniform,7900,0.0027488851366738,32065.31961534041,32064.438200764547
1000,1,uniform,8000,0.0025236325280851,32065.24738935693,32064.438200764547
1000,1,uniform,8100,0.0022918707753863,32065.17307625296,32064.438200764547
1000,1,uniform,8200,0.0011298529166393,32064.800481754763,32064.438200764547
1000,1,uniform,8300,0.0006964884185938,32064.661525863103,32064.438200764547
1000,1,uniform,8400,0.0009670771494906,32064.7482886195,32064.438200764547
1000,1,uniform,8500,0.0013002334134118,32064.855113303856,32064.438200764547
1000,1,uniform,8600,0.0015883591723715,32064.94749920978,32064.438200764547
1000,1,uniform,8700,0.0018388268399454,32065.02781026026,32064.438200764547
1000,1,uniform,8800,0.0020606177495953,32065.09892626942,32064.438200764547
1000,1,uniform,8900,0.0022549753588493,32065.161245944928,32064.438200764547
1000,1,uniform,9000,0.0024181517293283,32065.2135675314,32064.438200764547
1000,1,uniform,9100,0.0025362074311493,32065.25142142895,32064.438200764547
1000,1,uniform,9200,0.0025850904312314,32065.267095488303,32064.438200764547
1000,1,uniform,9300,0.0026468717081177,32065.28690530765,32064.438200764547
1000,1,uniform,9400,0.0021681466149758,32065.133404796008,32064.438200764547
1000,1,uniform,9500,0.0014325577709816,32064.897542365718,32064.438200764547
1000,1,uniform,9600,0.006371480748833,32066.48118027173,32064.438200764547
1000,1,uniform,9700,0.0103418626733141,32067.75426093024,32064.438200764547
1000,1,uniform,9800,0.0141160488727459,32068.96443253174,32064.438200764547
1000,1,uniform,9900,0.0148794724790623,32069.2092200222,32064.438200764547
1000,1,uniform,10000,0.013783773328448,32068.85789024518,32064.438200764547
1000,2,uniform,0,56.83985025964285,49544.408190758986,31589.17080623321
1000,2,uniform,100,5.694130095525242,33387.899288037814,31589.17080623321
1000,2,uniform,200,2.981470160803854,32530.99250786642,31589.17080623321
1000,2,uniform,300,0.7506389877568735,31826.291438213917,31589.17080623321
1000,2,uniform,400,0.0895275264838208,31617.451809492784,31589.17080623321
1000,2,uniform,500,0.0382307623237716,31601.2475870442,31589.17080623321
1000,2,uniform,600,0.0246906628023858,31596.97038187905,31589.17080623321
1000,2,uniform,700,0.0243401217290378,31596.859648860645,31589.17080623321
1000,2,uniform,800,0.0130589570213142,31593.29602247219,31589.17080623321
1000,2,uniform,900,0.0125537434976459,31593.136429709262,31589.17080623321
1000,2,uniform,1000,0.0067140749142667,31591.29172682594,31589.17080623321
1000,2,uniform,1100,0.0087904088142293,31591.947623488108,31589.17080623321
1000,2,uniform,1200,0.0078390486740105,31591.64709670843,31589.17080623321
1000,2,uniform,1300,0.0075601308517835,31591.55898888116,31589.17080623321
1000,2,uniform,1400,0.0074032394897575,31591.50942820083,31589.17080623321
1000,2,uniform,1500,0.0083243624897557,31591.800403318637,31589.17080623321
1000,2,uniform,1600,0.0074481025973366,31591.52360008451,31589.17080623321
1000,2,uniform,1700,0.0059225021748749,31591.04167556124,31589.17080623321
1000,2,uniform,1800,0.0045176702006789,31590.59790078937,31589.17080623321
1000,2,uniform,1900,0.0028132521607028,31590.05948926347,31589.17080623321
1000,2,uniform,2000,0.0010148574898102,31589.49139129911,31589.17080623321
1000,2,uniform,2100,0.000906502135537,31589.45716274117,31589.17080623321
1000,2,uniform,2200,0.005455209009496,31590.89406152506,31589.17080623321
1000,2,uniform,2300,0.0031428520337062,31590.16360713033,31589.17080623321
1000,2,uniform,2400,0.0031574161363079,31590.168207809576,31589.17080623321
1000,2,uniform,2500,0.0032142979546977,31590.186176304345,31589.17080623321
1000,2,uniform,2600,0.0031424014739241,31590.16346480223,31589.17080623321
1000,2,uniform,2700,0.0031687888582654,31590.17180035814,31589.17080623321
1000,2,uniform,2800,0.0031370021879641,31590.16175921257,31589.17080623321
1000,2,uniform,2900,0.0039649092809504,31590.42328819829,31589.17080623321
1000,2,uniform,3000,0.0079776517704794,31591.69088027732,31589.17080623321
1000,2,uniform,3100,0.0120521782494785,31592.977989406318,31589.17080623321
1000,2,uniform,3200,0.0154587511289326,31594.054097531844,31589.17080623321
1000,2,uniform,3300,0.0183649755601205,31594.972149731424,31589.17080623321
1000,2,uniform,3400,0.0200821174534783,31595.514580617102,31589.17080623321
1000,2,uniform,3500,0.0212514823092446,31595.88397327874,31589.17080623321
1000,2,uniform,3600,0.0226408338028985,31596.322857895168,31589.17080623321
1000,2,uniform,3700,0.0238988990888537,31596.7202702872,31589.17080623321
1000,2,uniform,3800,0.0262849414650364,31597.474001288923,31589.17080623321
1000,2,uniform,3900,0.0226253033715962,31596.317951960697,31589.17080623321
1000,2,uniform,4000,0.0193568466173942,31595.285473573884,31589.17080623321
1000,2,uniform,4100,0.0199869010211403,31595.48450253565,31589.17080623321
1000,2,uniform,4200,0.0208348986146664,31595.752377943907,31589.17080623321
1000,2,uniform,4300,0.0261334629411944,31597.42615047929,31589.17080623321
1000,2,uniform,4400,0.0299936078005961,31598.645538232297,31589.17080623321
1000,2,uniform,4500,0.0304391046620169,31598.786266996787,31589.17080623321
1000,2,uniform,4600,0.0318729971216401,31599.239221735035,31589.17080623321
1000,2,uniform,4700,0.030659941816147,31598.85602762261,31589.17080623321
1000,2,uniform,4800,0.0337653412272257,31599.83699754679,31589.17080623321
1000,2,uniform,4900,0.0301648791447824,31598.699641429757,31589.17080623321
1000,2,uniform,5000,0.0263595468599773,31597.49756851456,31589.17080623321
1000,2,uniform,5100,0.0261048115418478,31597.41709973981,31589.17080623321
1000,2,uniform,5200,0.0228228986938786,31596.38037068456,31589.17080623321
1000,2,uniform,5300,0.0231594546107362,31596.486685907992,31589.17080623321
1000,2,uniform,5400,0.0238755425362465,31596.712892145904,31589.17080623321
1000,2,uniform,5500,0.0254301697841745,31597.203986002653,31589.17080623321
1000,2,uniform,5600,0.0268402975561341,31597.649433673123,31589.17080623321
1000,2,uniform,5700,0.0285408018074859,31598.18660886565,31589.17080623321
1000,2,uniform,5800,0.0303483855984506,31598.757609596843,31589.17080623321
1000,2,uniform,5900,0.0320959861252019,31599.30966211225,31589.17080623321
1000,2,uniform,6000,0.0314685928546707,31599.111473780395,31589.17080623321
1000,2,uniform,6100,0.0301642635925609,31598.69944698191,31589.17080623321
1000,2,uniform,6200,0.0275862151334162,31597.885062850684,31589.17080623321
1000,2,uniform,6300,0.0275027129192698,31597.85868519363,31589.17080623321
1000,2,uniform,6400,0.02656519219516,31597.562530170748,31589.17080623321
1000,2,uniform,6500,0.0241714468058342,31596.806365851047,31589.17080623321
1000,2,uniform,6600,0.0243853981345603,31596.87395130172,31589.17080623321
1000,2,uniform,6700,0.0249869334655342,31597.06397132488,31589.17080623321
1000,2,uniform,6800,0.0260070454984396,31597.38621625737,31589.17080623321
1000,2,uniform,6900,0.0275134537249499,31597.862078125083,31589.17080623321
1000,2,uniform,7000,0.0293333180302452,31598.436958168924,31589.17080623321
1000,2,uniform,7100,0.0310256805210118,31598.971561446797,31589.17080623321
1000,2,uniform,7200,0.0326881817306532,31599.496731793563,31589.17080623321
1000,2,uniform,7300,0.0342067794885534,31599.976444233165,31589.17080623321
1000,2,uniform,7400,0.035737378871064,31600.459947886466,31589.17080623321
1000,2,uniform,7500,0.0369344573352152,31600.83809504719,31589.17080623321
1000,2,uniform,7600,0.0357309625697481,31600.457921030084,31589.17080623321
1000,2,uniform,7700,0.037291745025317,31600.950959265887,31589.17080623321
1000,2,uniform,7800,0.040037845351717,31601.818429588504,31589.17080623321
1000,2,uniform,7900,0.0458841750705553,31603.665236669283,31589.17080623321
1000,2,uniform,8000,0.0442043012425269,31603.13457845642,31589.17080623321
1000,2,uniform,8100,0.0401781120103599,31601.862738662887,31589.17080623321
1000,2,uniform,8200,0.0385028690706528,31601.333543309243,31589.17080623321
1000,2,uniform,8300,0.0400635626910117,31601.82655348274,31589.17080623321
1000,2,uniform,8400,0.0436510707468514,31602.959817530187,31589.17080623321
1000,2,uniform,8500,0.0472155669463378,31604.085812323025,31589.17080623321
1000,2,uniform,8600,0.047514107990799,31604.18011896349,31589.17080623321
1000,2,uniform,8700,0.0429190249522169,31602.72857033374,31589.17080623321
1000,2,uniform,8800,0.039548505326959,31601.66385113226,31589.17080623321
1000,2,uniform,8900,0.041666680596029,31602.33296513598,31589.17080623321
1000,2,uniform,9000,0.0432406737966978,31602.83017653662,31589.17080623321
1000,2,uniform,9100,0.0453123416967993,31603.48459924812,31589.17080623321
1000,2,uniform,9200,0.0481797423259693,31604.390387330568,31589.17080623321
1000,2,uniform,9300,0.0511766196854503,31605.337076038508,31589.17080623321
1000,2,uniform,9400,0.0542429212318557,31606.30569527144,31589.17080623321
1000,2,uniform,9500,0.0553482442620455,31606.654857651403,31589.17080623321
1000,2,uniform,9600,0.055349694116019,31606.65531564825,31589.17080623321
1000,2,uniform,9700,0.0594365554440057,31607.946321253763,31589.17080623321
1000,2,uniform,9800,0.0607553788072846,31608.36292661862,31589.17080623321
1000,2,uniform,9900,0.0600377924548332,31608.136247040064,31589.17080623321
1000,2,uniform,10000,0.0609961554613602,31608.43898596714,31589.17080623321
1000,3,uniform,0,56.23239484750437,57753.838075810345,36966.62150777553
1000,3,uniform,100,6.554894164964908,39389.744423973374,36966.62150777553
1000,3,uniform,200,2.977273695663744,38067.21900610211,36966.62150777553
1000,3,uniform,300,0.7610332347081925,37247.94978319849,36966.62150777553
1000,3,uniform,400,0.158864613967351,37025.34838833063,36966.62150777553
1000,3,uniform,500,0.0677205134015482,36991.655493647806,36966.62150777553
1000,3,uniform,600,0.0483621562519499,36984.49936303019,36966.62150777553
1000,3,uniform,700,0.0447934872740242,36983.180146676255,36966.62150777553
1000,3,uniform,800,0.0358479147503195,36979.873270739714,36966.62150777553
1000,3,uniform,900,0.0231786429442586,36975.189868983376,36966.62150777553
1000,3,uniform,1000,0.0243219646269099,36975.61251638242,36966.62150777553
1000,3,uniform,1100,0.0301892638882822,36977.7814586931,36966.62150777553
1000,3,uniform,1200,0.0353554769351732,36979.69123311643,36966.62150777553
1000,3,uniform,1300,0.0359701172935921,36979.91844489136,36966.62150777553
1000,3,uniform,1400,0.0334679300271231,36978.99347079515,36966.62150777553
1000,3,uniform,1500,0.031602548085064,36978.30390211295,36966.62150777553
1000,3,uniform,1600,0.0186742989925596,36973.52476520334,36966.62150777553
1000,3,uniform,1700,0.0187746758246059,36973.56187112693,36966.62150777553
1000,3,uniform,1800,0.0172791805029911,36973.00903703172,36966.62150777553
1000,3,uniform,1900,0.0145377880740768,36971.99563686848,36966.62150777553
1000,3,uniform,2000,0.0140031051103587,36971.797982641016,36966.62150777553
1000,3,uniform,2100,0.0063287390957815,36968.961028803285,36966.62150777553
1000,3,uniform,2200,0.0109277566178813,36970.66113020376,36966.62150777553
1000,3,uniform,2300,0.0059478436729675,36968.82022463399,36966.62150777553
1000,3,uniform,2400,0.0037120911432799,36967.99374245849,36966.62150777553
1000,3,uniform,2500,0.003806976890961,36968.0288185137,36966.62150777553
1000,3,uniform,2600,0.0039939576674841,36968.09793898965,36966.62150777553
1000,3,uniform,2700,0.0052821567670242,36968.57414267505,36966.62150777553
1000,3,uniform,2800,0.0055804913403676,36968.6844268876,36966.62150777553
1000,3,uniform,2900,0.0067959304219089,36969.13373365253,36966.62150777553
1000,3,uniform,3000,0.0077689904621856,36969.493441074665,36966.62150777553
1000,3,uniform,3100,0.0083751229508445,36969.71750777758,36966.62150777553
1000,3,uniform,3200,0.0090609256496479,36969.97102586554,36966.62150777553
1000,3,uniform,3300,0.0085802831646446,36969.7933485773,36966.62150777553
1000,3,uniform,3400,0.006997210277771,36969.20814001502,36966.62150777553
1000,3,uniform,3500,0.008297894762033,36969.68895912533,36966.62150777553
1000,3,uniform,3600,0.0076086545941796,36969.4341703212,36966.62150777553
1000,3,uniform,3700,0.0065296084863388,36969.03528343062,36966.62150777553
1000,3,uniform,3800,0.0163436827386165,36972.66321511395,36966.62150777553
1000,3,uniform,3900,0.0148892934637457,36972.12557653546,36966.62150777553
1000,3,uniform,4000,0.0110708681173704,36970.71403369011,36966.62150777553
1000,3,uniform,4100,0.0079257329171754,36969.55138346474,36966.62150777553
1000,3,uniform,4200,0.0080204074431815,36969.58638143844,36966.62150777553
1000,3,uniform,4300,0.0080473905664396,36969.59635618748,36966.62150777553
1000,3,uniform,4400,0.0074673783702702,36969.38194527423,36966.62150777553
1000,3,uniform,4500,0.0096282684162969,36970.18075331874,36966.62150777553
1000,3,uniform,4600,0.013526786928325,36971.62190390149,36966.62150777553
1000,3,uniform,4700,0.0108339946482521,36970.626469571325,36966.62150777553
1000,3,uniform,4800,0.0205508965070906,36974.21847990376,36966.62150777553
1000,3,uniform,4900,0.0396820938680733,36981.2906372221,36966.62150777553
1000,3,uniform,5000,0.0496670788383657,36984.98174882368,36966.62150777553
1000,3,uniform,5100,0.058167311918132,36988.12399781356,36966.62150777553
1000,3,uniform,5200,0.0593599993722933,36988.56489407051,36966.62150777553
1000,3,uniform,5300,0.0598292283944656,36988.73835218714,36966.62150777553
1000,3,uniform,5400,0.0589990881962373,36988.43147740208,36966.62150777553
1000,3,uniform,5500,0.0561661356315717,36987.38423055,36966.62150777553
1000,3,uniform,5600,0.0574583113746897,36987.861904266174,36966.62150777553
1000,3,uniform,5700,0.0581550767978951,36988.11947490297,36966.62150777553
1000,3,uniform,5800,0.0581686566482996,36988.12449491487,36966.62150777553
1000,3,uniform,5900,0.057707679076348,36987.95408708061,36966.62150777553
1000,3,uniform,6000,0.0550288094761809,36986.96379949483,36966.62150777553
1000,3,uniform,6100,0.0519933003538174,36985.84167432673,36966.62150777553
1000,3,uniform,6200,0.0512852254914015,36985.57992297235,36966.62150777553
1000,3,uniform,6300,0.0478513831471628,36984.31054746978,36966.62150777553
1000,3,uniform,6400,0.0473790615322651,36984.1359461261,36966.62150777553
1000,3,uniform,6500,0.0446217109163702,36983.11664676028,36966.62150777553
1000,3,uniform,6600,0.044401822812118,36983.03536155704,36966.62150777553
1000,3,uniform,6700,0.0445824543523935,36983.10213493486,36966.62150777553
1000,3,uniform,6800,0.0441804569005333,36982.95353005836,36966.62150777553
1000,3,uniform,6900,0.0421458316144389,36982.20139782975,36966.62150777553
1000,3,uniform,7000,0.0412922794476127,36981.88586843087,36966.62150777553
1000,3,uniform,7100,0.0378423119598682,36980.61053200753,36966.62150777553
1000,3,uniform,7200,0.0346774062401535,36979.440573289045,36966.62150777553
1000,3,uniform,7300,0.0342084510893887,36979.26721641342,36966.62150777553
1000,3,uniform,7400,0.0383891237315209,36980.81266984552,36966.62150777553
1000,3,uniform,7500,0.0394886244973318,36981.21911813209,36966.62150777553
1000,3,uniform,7600,0.0407431797589087,36981.68288482724,36966.62150777553
1000,3,uniform,7700,0.0412682040864181,36981.876968583216,36966.62150777553
1000,3,uniform,7800,0.0387145166480875,36980.9329566134,36966.62150777553
1000,3,uniform,7900,0.0378681667377881,36980.62008964543,36966.62150777553
1000,3,uniform,8000,0.0365271046300059,36980.12434429186,36966.62150777553
1000,3,uniform,8100,0.0353299142107303,36979.68178344084,36966.62150777553
1000,3,uniform,8200,0.0356301443614205,36979.79276838429,36966.62150777553
1000,3,uniform,8300,0.0340224461013214,36979.198456653496,36966.62150777553
1000,3,uniform,8400,0.0327741775760434,36978.73701395236,36966.62150777553
1000,3,uniform,8500,0.0319812618489627,36978.44389979665,36966.62150777553
1000,3,uniform,8600,0.0350977319018175,36979.59595348549,36966.62150777553
1000,3,uniform,8700,0.0447014955454705,36983.14614044214,36966.62150777553
1000,3,uniform,8800,0.0435690809078515,36982.72752500916,36966.62150777553
1000,3,uniform,8900,0.0440571674038791,36982.90795409677,36966.62150777553
1000,3,uniform,9000,0.0440338909705943,36982.89934958578,36966.62150777553
1000,3,uniform,9100,0.0464224604756998,36983.78232303418,36966.62150777553
1000,3,uniform,9200,0.0511372535956127,36985.525222761695,36966.62150777553
1000,3,uniform,9300,0.0546748784557272,36986.8329631541,36966.62150777553
1000,3,uniform,9400,0.0529943482284243,36986.21172790565,36966.62150777553
1000,3,uniform,9500,0.0502267236573008,36985.18863060568,36966.62150777553
1000,3,uniform,9600,0.047032867075402,36984.00796973155,36966.62150777553
1000,3,uniform,9700,0.0433709391642503,36982.65427870075,36966.62150777553
1000,3,uniform,9800,0.0398461622163556,36981.35128774743,36966.62150777553
1000,3,uniform,9900,0.0400093034231892,36981.41159553988,36966.62150777553
1000,3,uniform,10000,0.039571668356157,36981.249816641066,36966.62150777553
1000,4,uniform,0,41.47177659342462,54966.54330372883,38853.36328368664
1000,4,uniform,100,6.231213647565736,41274.399359158015,38853.36328368664
1000,4,uniform,200,3.192792510153182,40093.87055655079,38853.36328368664
1000,4,uniform,300,1.0932357451165005,39278.12213928387,38853.36328368664
1000,4,uniform,400,0.4739262906402071,39037.49958708598,38853.36328368664
1000,4,uniform,500,0.388629136397243,39004.35877387731,38853.36328368664
1000,4,uniform,600,0.3757855470074147,38999.36860743302,38853.36328368664
1000,4,uniform,700,0.371376835862579,38997.65567487579,38853.36328368664
1000,4,uniform,800,0.3683325420438559,38996.472864338975,38853.36328368664
1000,4,uniform,900,0.36829017217039,38996.45640221812,38853.36328368664
1000,4,uniform,1000,0.36778693780786,38996.26087874307,38853.36328368664
1000,4,uniform,1100,0.3670675368679331,38995.98136728242,38853.36328368664
1000,4,uniform,1200,0.3662538146206971,38995.66520882158,38853.36328368664
1000,4,uniform,1300,0.3653178281582017,38995.30154660102,38853.36328368664
1000,4,uniform,1400,0.3634402637333022,38994.57204967413,38853.36328368664
1000,4,uniform,1500,0.3583327512097306,38992.58760927858,38853.36328368664
1000,4,uniform,1600,0.3549291212168373,38991.26518455261,38853.36328368664
1000,4,uniform,1700,0.3511424545304912,38989.793937188624,38853.36328368664
1000,4,uniform,1800,0.3478791253788248,38988.526024058185,38853.36328368664
1000,4,uniform,1900,0.3474378616450771,38988.35457825667,38853.36328368664
1000,4,uniform,2000,0.346971734403691,38988.17347214621,38853.36328368664
1000,4,uniform,2100,0.3464285986915239,38987.96244565484,38853.36328368664
1000,4,uniform,2200,0.3459519470489469,38987.77725046055,38853.36328368664
1000,4,uniform,2300,0.3453671614763807,38987.55004159761,38853.36328368664
1000,4,uniform,2400,0.3448645392021209,38987.35475593945,38853.36328368664
1000,4,uniform,2500,0.3443257632779362,38987.14542337234,38853.36328368664
1000,4,uniform,2600,0.3437398105750586,38986.91776104002,38853.36328368664
1000,4,uniform,2700,0.3431324156152225,38986.68176766971,38853.36328368664
1000,4,uniform,2800,0.3425246953136083,38986.445647893175,38853.36328368664
1000,4,uniform,2900,0.3423812124137299,38986.38989996084,38853.36328368664
1000,4,uniform,3000,0.3421926726808609,38986.31664593349,38853.36328368664
1000,4,uniform,3100,0.3419007238394798,38986.203213989545,38853.36328368664
1000,4,uniform,3200,0.3416539913788777,38986.10735013029,38853.36328368664
1000,4,uniform,3300,0.341325310685138,38985.97964662631,38853.36328368664
1000,4,uniform,3400,0.3408330616847282,38985.78839133392,38853.36328368664
1000,4,uniform,3500,0.3391259112011183,38985.12510595472,38853.36328368664
1000,4,uniform,3600,0.3375327719911957,38984.50611778988,38853.36328368664
1000,4,uniform,3700,0.3356715784390762,38983.78298149766,38853.36328368664
1000,4,uniform,3800,0.334766640527709,38983.43138268346,38853.36328368664
1000,4,uniform,3900,0.3343106528425995,38983.25421613164,38853.36328368664
1000,4,uniform,4000,0.3339051557692041,38983.09666688061,38853.36328368664
1000,4,uniform,4100,0.3334526373968256,38982.92084827346,38853.36328368664
1000,4,uniform,4200,0.3330073649459532,38982.74784495052,38853.36328368664
1000,4,uniform,4300,0.3325246689274594,38982.5603013129,38853.36328368664
1000,4,uniform,4400,0.3312504482617018,38982.0652237286,38853.36328368664
1000,4,uniform,4500,0.3303534086557825,38981.71669367171,38853.36328368664
1000,4,uniform,4600,0.3299624618750456,38981.564797698746,38853.36328368664
1000,4,uniform,4700,0.3295499149730558,38981.4045093522,38853.36328368664
1000,4,uniform,4800,0.3291189172761187,38981.23705225127,38853.36328368664
1000,4,uniform,4900,0.3287060733072146,38981.07664848423,38853.36328368664
1000,4,uniform,5000,0.3282967507251411,38980.91761289442,38853.36328368664
1000,4,uniform,5100,0.3279050210705391,38980.765412748624,38853.36328368664
1000,4,uniform,5200,0.3274864897132994,38980.60279923994,38853.36328368664
1000,4,uniform,5300,0.3270944617206888,38980.4504831798,38853.36328368664
1000,4,uniform,5400,0.3264483875526492,38980.199461636206,38853.36328368664
1000,4,uniform,5500,0.3260435069615037,38980.04215190926,38853.36328368664
1000,4,uniform,5600,0.3256617347837839,38979.89382057814,38853.36328368664
1000,4,uniform,5700,0.3252708256233269,38979.74193922192,38853.36328368664
1000,4,uniform,5800,0.3248680560661596,38979.585449702674,38853.36328368664
1000,4,uniform,5900,0.3244589205970334,38979.42648681253,38853.36328368664
1000,4,uniform,6000,0.3240692565136822,38979.27508921064,38853.36328368664
1000,4,uniform,6100,0.3236740386126503,38979.12153376379,38853.36328368664
1000,4,uniform,6200,0.3233075845137165,38978.979154021465,38853.36328368664
1000,4,uniform,6300,0.3229127840044192,38978.82576074534,38853.36328368664
1000,4,uniform,6400,0.3225109302712997,38978.66962705454,38853.36328368664
1000,4,uniform,6500,0.321430840290301,38978.24997577044,38853.36328368664
1000,4,uniform,6600,0.3203229109264011,38977.81950794975,38853.36328368664
1000,4,uniform,6700,0.319247125560726,38977.401529153474,38853.36328368664
1000,4,uniform,6800,0.3182446703228213,38977.012041578135,38853.36328368664
1000,4,uniform,6900,0.3181124987316017,38976.96068846964,38853.36328368664
1000,4,uniform,7000,0.3179640254069616,38976.90300158944,38853.36328368664
1000,4,uniform,7100,0.3178419646447361,38976.855576878064,38853.36328368664
1000,4,uniform,7200,0.3176995551034037,38976.80024598162,38853.36328368664
1000,4,uniform,7300,0.3175477196593824,38976.74125280496,38853.36328368664
1000,4,uniform,7400,0.3173677074769338,38976.67131201776,38853.36328368664
1000,4,uniform,7500,0.3171452238616196,38976.58486965045,38853.36328368664
1000,4,uniform,7600,0.3168260578664593,38976.46086292688,38853.36328368664
1000,4,uniform,7700,0.3164957268311483,38976.33251820969,38853.36328368664
1000,4,uniform,7800,0.3161524251693134,38976.19913396786,38853.36328368664
1000,4,uniform,7900,0.3158161152459982,38976.06846625159,38853.36328368664
1000,4,uniform,8000,0.3154706978207726,38975.93425996453,38853.36328368664
1000,4,uniform,8100,0.315148249480247,38975.80897793938,38853.36328368664
1000,4,uniform,8200,0.3148194739014389,38975.68123756936,38853.36328368664
1000,4,uniform,8300,0.3144950424548757,38975.555185040816,38853.36328368664
1000,4,uniform,8400,0.3141687414479502,38975.4284061252,38853.36328368664
1000,4,uniform,8500,0.3138432803084033,38975.3019535263,38853.36328368664
1000,4,uniform,8600,0.3135307656523033,38975.18053107165,38853.36328368664
1000,4,uniform,8700,0.3132670421162355,38975.07806560812,38853.36328368664
1000,4,uniform,8800,0.3130883399120413,38975.00863379153,38853.36328368664
1000,4,uniform,8900,0.3128805114433946,38974.9278854416,38853.36328368664
1000,4,uniform,9000,0.3125587287581699,38974.80286204592,38853.36328368664
1000,4,uniform,9100,0.3122364697377595,38974.67765357801,38853.36328368664
1000,4,uniform,9200,0.3119031528270275,38974.5481487478,38853.36328368664
1000,4,uniform,9300,0.3115880692344105,38974.42572817491,38853.36328368664
1000,4,uniform,9400,0.3112623783656303,38974.29918631848,38853.36328368664
1000,4,uniform,9500,0.3107560406179894,38974.10245707395,38853.36328368664
1000,4,uniform,9600,0.3099265042058306,38973.78015427816,38853.36328368664
1000,4,uniform,9700,0.3091108064447407,38973.46322826375,38853.36328368664
1000,4,uniform,9800,0.3085776948263644,38973.25609646995,38853.36328368664
1000,4,uniform,9900,0.3080762575144222,38973.0612712095,38853.36328368664
1000,4,uniform,10000,0.3073009230931,38972.76002771012,38853.36328368664
1000,5,uniform,0,49.64075821873356,50618.01757729345,33826.35732392097
1000,5,uniform,100,5.557978704365841,35706.419060447195,33826.35732392097
1000,5,uniform,200,2.8047747274591885,34775.11044536235,33826.35732392097
1000,5,uniform,300,0.8654745496825744,34119.1158376442,33826.35732392097
1000,5,uniform,400,0.1415844341812616,33874.25018054218,33826.35732392097
1000,5,uniform,500,0.0359980585227001,33838.534155826535,33826.35732392097
1000,5,uniform,600,0.0271625563085727,33835.54542727622,33826.35732392097
1000,5,uniform,700,0.0232190466158336,33834.21148159645,33826.35732392097
1000,5,uniform,800,0.0204113322960959,33833.26173411802,33826.35732392097
1000,5,uniform,900,0.0183978416406897,33832.58064357424,33826.35732392097
1000,5,uniform,1000,0.0171115415716264,33832.14553511662,33826.35732392097
1000,5,uniform,1100,0.0159532068185029,33831.75371266402,33826.35732392097
1000,5,uniform,1200,0.015109278256207,33831.46824237298,33826.35732392097
1000,5,uniform,1300,0.0143268241875572,33831.203566663826,33826.35732392097
1000,5,uniform,1400,0.0135853630367939,33830.95275736555,33826.35732392097
1000,5,uniform,1500,0.0130418191209246,33830.76889625836,33826.35732392097
1000,5,uniform,1600,0.0126235840116884,33830.62742255585,33826.35732392097
1000,5,uniform,1700,0.0122085807354349,33830.48704206472,33826.35732392097
1000,5,uniform,1800,0.0117489358216398,33830.33156093376,33826.35732392097
1000,5,uniform,1900,0.0113456512701728,33830.19514446035,33826.35732392097
1000,5,uniform,2000,0.0109916599535493,33830.07540209269,33826.35732392097
1000,5,uniform,2100,0.0107105427433508,33829.98031038067,33826.35732392097
1000,5,uniform,2200,0.0104047606535516,33829.87687543834,33826.35732392097
1000,5,uniform,2300,0.0101457556153592,33829.78926346864,33826.35732392097
1000,5,uniform,2400,0.0098646522251827,33829.694176431425,33826.35732392097
1000,5,uniform,2500,0.0096445519839288,33829.61972453735,33826.35732392097
1000,5,uniform,2600,0.0094327883352513,33829.548092608864,33826.35732392097
1000,5,uniform,2700,0.0092332349276922,33829.48059096017,33826.35732392097
1000,5,uniform,2800,0.0090241525218848,33829.40986599848,33826.35732392097
1000,5,uniform,2900,0.0088709264989285,33829.35803521644,33826.35732392097
1000,5,uniform,3000,0.0086915849885212,33829.2973705163,33826.35732392097
1000,5,uniform,3100,0.0085555408186488,33829.25135172928,33826.35732392097
1000,5,uniform,3200,0.0083694249893995,33829.188395523845,33826.35732392097
1000,5,uniform,3300,0.0082397927339028,33829.14454565389,33826.35732392097
1000,5,uniform,3400,0.008086535689702,33829.0927043785,33826.35732392097
1000,5,uniform,3500,0.0079545009528131,33829.048041836606,33826.35732392097
1000,5,uniform,3600,0.0078283229497534,33829.00536041443,33826.35732392097
1000,5,uniform,3700,0.0077104710343919,33828.96549540442,33826.35732392097
1000,5,uniform,3800,0.0075789906053354,33828.92102036468,33826.35732392097
1000,5,uniform,3900,0.0074955474253816,33828.892794576466,33826.35732392097
1000,5,uniform,4000,0.0073946149811337,33828.85865280722,33826.35732392097
1000,5,uniform,4100,0.0072950647422938,33828.82497858771,33826.35732392097
1000,5,uniform,4200,0.0071603946386127,33828.77942459723,33826.35732392097
1000,5,uniform,4300,0.0070822439228122,33828.752989056855,33826.35732392097
1000,5,uniform,4400,0.0069857250930261,33828.72034025261,33826.35732392097
1000,5,uniform,4500,0.0069209562290128,33828.69843130523,33826.35732392097
1000,5,uniform,4600,0.0068367083845282,33828.66993332832,33826.35732392097
1000,5,uniform,4700,0.006768654996054,33828.64691334596,33826.35732392097
1000,5,uniform,4800,0.0067077147124102,33828.62629946786,33826.35732392097
1000,5,uniform,4900,0.0066593581947948,33828.609942219424,33826.35732392097
1000,5,uniform,5000,0.0066010487115785,33828.59021824528,33826.35732392097
1000,5,uniform,5100,0.0065433082703371,33828.5706867573,33826.35732392097
1000,5,uniform,5200,0.00648943970401,33828.55246498357,33826.35732392097
1000,5,uniform,5300,0.0064445134907603,33828.537268082146,33826.35732392097
1000,5,uniform,5400,0.0063889170237893,33828.51846182257,33826.35732392097
1000,5,uniform,5500,0.006332162464132,33828.49926382242,33826.35732392097
1000,5,uniform,5600,0.0062860524826569,33828.483666495325,33826.35732392097
1000,5,uniform,5700,0.0062291702223658,33828.464425298705,33826.35732392097
1000,5,uniform,5800,0.0061621013341855,33828.44173833694,33826.35732392097
1000,5,uniform,5900,0.0061014865524876,33828.42123456429,33826.35732392097
1000,5,uniform,6000,0.0060308219860723,33828.39733131555,33826.35732392097
1000,5,uniform,6100,0.0059689211320948,33828.3763925115,33826.35732392097
1000,5,uniform,6200,0.0059103081108175,33828.35656586148,33826.35732392097
1000,5,uniform,6300,0.0058733940823981,33828.34407919033,33826.35732392097
1000,5,uniform,6400,0.0058279398273833,33828.32870367161,33826.35732392097
1000,5,uniform,6500,0.0057855685021907,33828.314370995744,33826.35732392097
1000,5,uniform,6600,0.0057187753129547,33828.291777292885,33826.35732392097
1000,5,uniform,6700,0.0056713888686281,33828.275748184904,33826.35732392097
1000,5,uniform,6800,0.0056338541233482,33828.263051547845,33826.35732392097
1000,5,uniform,6900,0.0055979432679472,33828.25090421358,33826.35732392097
1000,5,uniform,7000,0.0055448382431207,33828.232940718124,33826.35732392097
1000,5,uniform,7100,0.0054960718800638,33828.2164448339,33826.35732392097
1000,5,uniform,7200,0.0054617195518325,33828.204824692606,33826.35732392097
1000,5,uniform,7300,0.0054222753700382,33828.19148216273,33826.35732392097
1000,5,uniform,7400,0.0053779029343845,33828.17647258409,33826.35732392097
1000,5,uniform,7500,0.0053464542318038,33828.16583463358,33826.35732392097
1000,5,uniform,7600,0.0053117550304638,33828.15409715775,33826.35732392097
1000,5,uniform,7700,0.0052718163297946,33828.14058735015,33826.35732392097
1000,5,uniform,7800,0.0052309654837939,33828.12676899701,33826.35732392097
1000,5,uniform,7900,0.0051993699789726,33828.11608138865,33826.35732392097
1000,5,uniform,8000,0.0051572990059491,33828.10185031099,33826.35732392097
1000,5,uniform,8100,0.0051240143581752,33828.0905913271,33826.35732392097
1000,5,uniform,8200,0.0050988358325824,33828.08207434906,33826.35732392097
1000,5,uniform,8300,0.0050631487285612,33828.07000270174,33826.35732392097
1000,5,uniform,8400,0.0050351904508117,33828.060545434804,33826.35732392097
1000,5,uniform,8500,0.0050052032927242,33828.05040187156,33826.35732392097
1000,5,uniform,8600,0.0049696689965674,33828.03838191357,33826.35732392097
1000,5,uniform,8700,0.0049429204079223,33828.02933384039,33826.35732392097
1000,5,uniform,8800,0.0049122237746285,33828.01895028753,33826.35732392097
1000,5,uniform,8900,0.0048879943725803,33828.010754363415,33826.35732392097
1000,5,uniform,9000,0.0048554653345516,33827.99975097478,33826.35732392097
1000,5,uniform,9100,0.0048232947637194,33827.988868842534,33826.35732392097
1000,5,uniform,9200,0.0047986746039628,33827.98054073932,33826.35732392097
1000,5,uniform,9300,0.0047643622132531,33827.96893410743,33826.35732392097
1000,5,uniform,9400,0.0047412492699404,33827.96111584064,33826.35732392097
1000,5,uniform,9500,0.0047100902465736,33827.95057587806,33826.35732392097
1000,5,uniform,9600,0.0046841947129385,33827.94181636232,33826.35732392097
1000,5,uniform,9700,0.0046542105480158,33827.93167381155,33826.35732392097
1000,5,uniform,9800,0.0046254647712086,33827.921950162374,33826.35732392097
1000,5,uniform,9900,0.0045978186176014,33827.91259847567,33826.35732392097
1000,5,uniform,10000,0.004569750338111,33827.90310399915,33826.35732392097
1000,6,uniform,0,39.53160514378771,48363.44310904264,34661.281979236155
1000,6,uniform,100,6.940021292787756,37066.78232894835,34661.281979236155
1000,6,uniform,200,3.327220379282296,35814.5392169698,34661.281979236155
1000,6,uniform,300,0.983552624320236,35002.19392776597,34661.281979236155
1000,6,uniform,400,0.2120497455354661,34734.781139472456,34661.281979236155
1000,6,uniform,500,0.0775355079941109,34688.15678029603,34661.281979236155
1000,6,uniform,600,0.0576640847775427,34681.269090261645,34661.281979236155
1000,6,uniform,700,0.0382482929563786,34674.53932791001,34661.281979236155
1000,6,uniform,800,0.0224758899290278,34669.0724108218,34661.281979236155
1000,6,uniform,900,0.0231023278835795,34669.28954224765,34661.281979236155
1000,6,uniform,1000,0.0242647225479576,34669.69244313998,34661.281979236155
1000,6,uniform,1100,0.0239819381479368,34669.5944264417,34661.281979236155
1000,6,uniform,1200,0.0272426670647021,34670.72463688612,34661.281979236155
1000,6,uniform,1300,0.0317190898453262,34672.27622240869,34661.281979236155
1000,6,uniform,1400,0.0312093361596723,34672.09953524631,34661.281979236155
1000,6,uniform,1500,0.0270771183915556,34670.667255593704,34661.281979236155
1000,6,uniform,1600,0.0306354697076391,34671.90062577718,34661.281979236155
1000,6,uniform,1700,0.0350944351626578,34673.446160366904,34661.281979236155
1000,6,uniform,1800,0.0386723565385073,34674.68631378398,34661.281979236155
1000,6,uniform,1900,0.0416637368536535,34675.72316455009,34661.281979236155
1000,6,uniform,2000,0.0377793649193517,34674.376791440816,34661.281979236155
1000,6,uniform,2100,0.029605502081212,34671.54362579389,34661.281979236155
1000,6,uniform,2200,0.0224661750583509,34669.06904352308,34661.281979236155
1000,6,uniform,2300,0.019576525106406,34668.06745380502,34661.281979236155
1000,6,uniform,2400,0.0147847071245905,34666.406548262414,34661.281979236155
1000,6,uniform,2500,0.0157808594216199,34666.75182741903,34661.281979236155
1000,6,uniform,2600,0.0127109987283751,34665.687774347774,34661.281979236155
1000,6,uniform,2700,0.0141277639612456,34666.17884334012,34661.281979236155
1000,6,uniform,2800,0.0194752529744635,34668.0323515858,34661.281979236155
1000,6,uniform,2900,0.0217822343986895,34668.83198092246,34661.281979236155
1000,6,uniform,3000,0.0231352362507749,34669.3009487096,34661.281979236155
1000,6,uniform,3100,0.0174966889487703,34667.34655592972,34661.281979236155
1000,6,uniform,3200,0.013883410089616,34666.09414715565,34661.281979236155
1000,6,uniform,3300,0.012760749600832,34665.705018637964,34661.281979236155
1000,6,uniform,3400,0.0118758836513588,34665.39831275608,34661.281979236155
1000,6,uniform,3500,0.0126122466131609,34665.65354559866,34661.281979236155
1000,6,uniform,3600,0.0078598127526577,34664.006291097394,34661.281979236155
1000,6,uniform,3700,0.008006989752354,34664.05730453227,34661.281979236155
1000,6,uniform,3800,0.0079583206800429,34664.04043520788,34661.281979236155
1000,6,uniform,3900,0.0075338004922659,34663.89329106853,34661.281979236155
1000,6,uniform,4000,0.0047510273345401,34662.92874621749,34661.281979236155
1000,6,uniform,4100,0.0048370879766847,34662.95857593934,34661.281979236155
1000,6,uniform,4200,0.0054783039113727,34663.18082960256,34661.281979236155
1000,6,uniform,4300,0.0052454848008471,34663.100131514155,34661.281979236155
1000,6,uniform,4400,0.0049353203756354,34662.99262454813,34661.281979236155
1000,6,uniform,4500,0.0049040842958661,34662.981797722445,34661.281979236155
1000,6,uniform,4600,0.0054151499234275,34663.15893962071,34661.281979236155
1000,6,uniform,4700,0.004991085895983,34663.01195359239,34661.281979236155
1000,6,uniform,4800,0.0026057524596005,34662.18516644386,34661.281979236155
1000,6,uniform,4900,0.0035164343973282,34662.50082047823,34661.281979236155
1000,6,uniform,5000,0.0026432298507351,34662.19815658808,34661.281979236155
1000,6,uniform,5100,0.0032974057000581,34662.42490232385,34661.281979236155
1000,6,uniform,5200,0.0031185965400659,34662.3629247767,34661.281979236155
1000,6,uniform,5300,0.0033095733416918,34662.42911978443,34661.281979236155
1000,6,uniform,5400,0.0034356019988626,34662.472802932665,34661.281979236155
1000,6,uniform,5500,0.0026854871682868,34662.21280351607,34661.281979236155
1000,6,uniform,5600,0.0026945403605199,34662.21594146856,34661.281979236155
1000,6,uniform,5700,0.0030001078478136,34662.32185507697,34661.281979236155
1000,6,uniform,5800,0.0032855924448473,34662.42080769815,34661.281979236155
1000,6,uniform,5900,0.0034904703920762,34662.491821021154,34661.281979236155
1000,6,uniform,6000,0.0037262860330968,34662.57355774544,34661.281979236155
1000,6,uniform,6100,0.0043384200937684,34662.7857312583,34661.281979236155
1000,6,uniform,6200,0.0043215885108771,34662.77989721589,34661.281979236155
1000,6,uniform,6300,0.0024231801750733,34662.1218845495,34661.281979236155
1000,6,uniform,6400,0.0027343576383731,34662.22974264751,34661.281979236155
1000,6,uniform,6500,0.0029678333852652,34662.310668334496,34661.281979236155
1000,6,uniform,6600,0.0029739143983716,34662.3127760916,34661.281979236155
1000,6,uniform,6700,0.0028122279420767,34662.25673349306,34661.281979236155
1000,6,uniform,6800,0.0028588914589278,34662.272907666214,34661.281979236155
1000,6,uniform,6900,0.0027090826003928,34662.22098199533,34661.281979236155
1000,6,uniform,7000,0.0025699698485169,34662.17276373213,34661.281979236155
1000,6,uniform,7100,0.0023035998955936,34662.08043649164,34661.281979236155
1000,6,uniform,7200,0.0025030647561836,34662.14957356942,34661.281979236155
1000,6,uniform,7300,0.0026142288175319,34662.18810445818,34661.281979236155
1000,6,uniform,7400,0.0026242661748941,34662.19158353492,34661.281979236155
1000,6,uniform,7500,0.0027688203883211,34662.24168787845,34661.281979236155
1000,6,uniform,7600,0.0022216448368751,34662.05202981764,34661.281979236155
1000,6,uniform,7700,0.0029028558360078,34662.288146282925,34661.281979236155
1000,6,uniform,7800,0.0023571418312084,34662.09899481292,34661.281979236155
1000,6,uniform,7900,0.0030132988885274,34662.326427260785,34661.281979236155
1000,6,uniform,8000,0.0034710509764694,34662.48509000275,34661.281979236155
1000,6,uniform,8100,0.0025574923001277,34662.1684388539,34661.281979236155
1000,6,uniform,8200,0.0030321729121213,34662.33296923932,34661.281979236155
1000,6,uniform,8300,0.003319529615599,34662.4325707566,34661.281979236155
1000,6,uniform,8400,0.0035425540634379,34662.50987388935,34661.281979236155
1000,6,uniform,8500,0.0037309004166297,34662.57515714993,34661.281979236155
1000,6,uniform,8600,0.0038300621204648,34662.60952786771,34661.281979236155
1000,6,uniform,8700,0.0035672840228099,34662.5184456103,34661.281979236155
1000,6,uniform,8800,0.0034467381392046,34662.47666286167,34661.281979236155
1000,6,uniform,8900,0.0032387402069013,34662.404568111844,34661.281979236155
1000,6,uniform,9000,0.0025491722440954,34662.16555501582,34661.281979236155
1000,6,uniform,9100,0.002587516417537,34662.1788455979,34661.281979236155
1000,6,uniform,9200,0.0026926377802346,34662.21528200984,34661.281979236155
1000,6,uniform,9300,0.0027425675418669,34662.23258830531,34661.281979236155
1000,6,uniform,9400,0.0017596082145113,34661.89188200112,34661.281979236155
1000,6,uniform,9500,0.0022140983106123,34662.049414094894,34661.281979236155
1000,6,uniform,9600,0.0029488532592519,34662.3040895795,34661.281979236155
1000,6,uniform,9700,0.0035130369250931,34662.4996428708,34661.281979236155
1000,6,uniform,9800,0.0037102524661095,34662.568000305575,34661.281979236155
1000,6,uniform,9900,0.0038427285933786,34662.6139182296,34661.281979236155
1000,6,uniform,10000,0.0039084971339109,34662.63671444889,34661.281979236155
1000,7,uniform,0,36.95864905290134,45250.06939458463,33039.220018230786
1000,7,uniform,100,8.639888816440532,35893.77189362509,33039.220018230786
1000,7,uniform,200,4.4976855573415575,34525.22024524905,33039.220018230786
1000,7,uniform,300,1.2546959754571947,33453.761782121976,33039.220018230786
1000,7,uniform,400,0.3478076597147601,33154.132956164205,33039.220018230786
1000,7,uniform,500,0.2127570186247799,33109.513277718455,33039.220018230786
1000,7,uniform,600,0.1850568515139954,33100.361358561306,33039.220018230786
1000,7,uniform,700,0.1696953374168046,33095.2860341206,33039.220018230786
1000,7,uniform,800,0.1572151656374107,33091.16268270776,33039.220018230786
1000,7,uniform,900,0.1472077639079771,33087.85631523226,33039.220018230786
1000,7,uniform,1000,0.1389122932660014,33085.11555643531,33039.220018230786
1000,7,uniform,1100,0.130924520245875,33082.476458532634,33039.220018230786
1000,7,uniform,1200,0.124207887344219,33080.25733541044,33039.220018230786
1000,7,uniform,1300,0.1183764973637157,33078.33068964466,33039.220018230786
1000,7,uniform,1400,0.1125012400979195,33076.389550469976,33039.220018230786
1000,7,uniform,1500,0.1072637310621093,33074.65911833616,33039.220018230786
1000,7,uniform,1600,0.1022671924363897,33073.00830094631,33039.220018230786
1000,7,uniform,1700,0.0977329301081728,33071.51021603949,33039.220018230786
1000,7,uniform,1800,0.0933724528908217,33070.0695483778,33039.220018230786
1000,7,uniform,1900,0.0894307584234936,33068.7672432703,33039.220018230786
1000,7,uniform,2000,0.0852362597924561,33067.38141363893,33039.220018230786
1000,7,uniform,2100,0.0812212259693752,33066.05487778031,33039.220018230786
1000,7,uniform,2200,0.0778964965213305,33064.95641310296,33039.220018230786
1000,7,uniform,2300,0.0741733851823513,33063.72632615615,33039.220018230786
1000,7,uniform,2400,0.0708731040295102,33062.635939004846,33039.220018230786
1000,7,uniform,2500,0.0677299086397972,33061.597451764435,33039.220018230786
1000,7,uniform,2600,0.0651739078099509,33060.752969026595,33039.220018230786
1000,7,uniform,2700,0.0624849545546354,33059.86455984438,33039.220018230786
1000,7,uniform,2800,0.0601195460635286,33059.08304732868,33039.220018230786
1000,7,uniform,2900,0.0575339733087411,33058.22879425749,33039.220018230786
1000,7,uniform,3000,0.0551351327353393,33057.43623604256,33039.220018230786
1000,7,uniform,3100,0.0525454557237461,33056.58062695694,33039.220018230786
1000,7,uniform,3200,0.0502859268476646,33055.83409624019,33039.220018230786
1000,7,uniform,3300,0.0476628404984416,33054.967448970005,33039.220018230786
1000,7,uniform,3400,0.0455726902000195,33054.2768796142,33039.220018230786
1000,7,uniform,3500,0.0429414572251799,33053.40754076245,33039.220018230786
1000,7,uniform,3600,0.0408666396080106,33052.722037204934,33039.220018230786
1000,7,uniform,3700,0.0384114917299003,33051.91087549571,33039.220018230786
1000,7,uniform,3800,0.0357002864868094,33051.0151144303,33039.220018230786
1000,7,uniform,3900,0.0333544987469356,33050.240084457764,33039.220018230786
1000,7,uniform,4000,0.0311603464820371,33049.51515366343,33039.220018230786
1000,7,uniform,4100,0.029103544864378,33048.83560245163,33039.220018230786
1000,7,uniform,4200,0.0272889804765651,33048.23608453117,33039.220018230786
1000,7,uniform,4300,0.0254938425846622,33047.642984973434,33039.220018230786
1000,7,uniform,4400,0.0238786290579647,33047.109331022584,33039.220018230786
1000,7,uniform,4500,0.0224696696136601,33046.64382181181,33039.220018230786
1000,7,uniform,4600,0.0211440225116569,33046.20583834912,33039.220018230786
1000,7,uniform,4700,0.0199453024137575,33045.80979057857,33039.220018230786
1000,7,uniform,4800,0.018830111461974,33045.441340186386,33039.220018230786
1000,7,uniform,4900,0.0178005813294853,33045.10119146076,33039.220018230786
1000,7,uniform,5000,0.0168012530836701,33044.77102120292,33039.220018230786
1000,7,uniform,5100,0.015798965151811,33044.4398730879,33039.220018230786
1000,7,uniform,5200,0.0149638740720178,33044.16396550869,33039.220018230786
1000,7,uniform,5300,0.014204291908803,33043.91300548657,33039.220018230786
1000,7,uniform,5400,0.0134621914997029,33043.66782129965,33039.220018230786
1000,7,uniform,5500,0.0127220885023916,33043.423297042005,33039.220018230786
1000,7,uniform,5600,0.0121064403164754,33043.21989168332,33039.220018230786
1000,7,uniform,5700,0.0115487845808649,33043.03564657789,33039.220018230786
1000,7,uniform,5800,0.0109974190616608,33042.853479710895,33039.220018230786
1000,7,uniform,5900,0.0104384159406474,33042.668789439835,33039.220018230786
1000,7,uniform,6000,0.0100260741368518,33042.53255492405,33039.220018230786
1000,7,uniform,6100,0.0096357402866756,33042.403591664486,33039.220018230786
1000,7,uniform,6200,0.0092409125382744,33042.273143656,33039.220018230786
1000,7,uniform,6300,0.0088408383052898,33042.14096224993,33039.220018230786
1000,7,uniform,6400,0.0085343992200362,33042.03971716633,33039.220018230786
1000,7,uniform,6500,0.0082566416666901,33041.94794823716,33039.220018230786
1000,7,uniform,6600,0.0079873851450404,33041.85898798256,33039.220018230786
1000,7,uniform,6700,0.0077139785913187,33041.76865658973,33039.220018230786
1000,7,uniform,6800,0.0074678613685619,33041.687341379,33039.220018230786
1000,7,uniform,6900,0.0072974256643509,33041.6310307517,33039.220018230786
1000,7,uniform,7000,0.0071348013199268,33041.57730093674,33039.220018230786
1000,7,uniform,7100,0.0069486411446037,33041.51579506683,33039.220018230786
1000,7,uniform,7200,0.0067679067598463,33041.4560818358,33039.220018230786
1000,7,uniform,7300,0.006628528506643,33041.41003234807,33039.220018230786
1000,7,uniform,7400,0.0065806716074503,33041.39422080185,33039.220018230786
1000,7,uniform,7500,0.0065435910566339,33041.38196967708,33039.220018230786
1000,7,uniform,7600,0.0064990074837509,33041.367239612344,33039.220018230786
1000,7,uniform,7700,0.0064552159906869,33041.3527712446,33039.220018230786
1000,7,uniform,7800,0.0064221971148908,33041.34186206558,33039.220018230786
1000,7,uniform,7900,0.0062466378386184,33041.28385865003,33039.220018230786
1000,7,uniform,8000,0.0059935110889682,33041.20022754629,33039.220018230786
1000,7,uniform,8100,0.0057539227782003,33041.121069437155,33039.220018230786
1000,7,uniform,8200,0.0055229454049973,33041.04475631463,33039.220018230786
1000,7,uniform,8300,0.0053069657113735,33040.97339830846,33039.220018230786
1000,7,uniform,8400,0.0050935934478715,33040.90290177686,33039.220018230786
1000,7,uniform,8500,0.0048892870287146,33040.835400529526,33039.220018230786
1000,7,uniform,8600,0.0046948154057385,33040.77114862214,33039.220018230786
1000,7,uniform,8700,0.0044986090121351,33040.706323560065,33039.220018230786
1000,7,uniform,8800,0.0043139546019477,33040.64531518321,33039.220018230786
1000,7,uniform,8900,0.0041295544400695,33040.58439080801,33039.220018230786
1000,7,uniform,9000,0.003951345572051,33040.52551198802,33039.220018230786
1000,7,uniform,9100,0.0037819498932854,33040.46954497701,33039.220018230786
1000,7,uniform,9200,0.0036069575140612,33040.41172885982,33039.220018230786
1000,7,uniform,9300,0.0034423907446635,33040.3573572828,33039.220018230786
1000,7,uniform,9400,0.0032787213627654,33040.303282195615,33039.220018230786
1000,7,uniform,9500,0.0031230657971264,33040.25185481081,33039.220018230786
1000,7,uniform,9600,0.0030206460840479,33040.21801613647,33039.220018230786
1000,7,uniform,9700,0.0030177755453438,33040.21706773287,33039.220018230786
1000,7,uniform,9800,0.00302111331246,33040.21817050509,33039.220018230786
1000,7,uniform,9900,0.0030294211415599,33040.220915347025,33039.220018230786
1000,7,uniform,10000,0.0030275636515449,33040.22030164681,33039.220018230786
1000,8,uniform,0,33.765153677468284,63504.0488000436,47474.28388798717
1000,8,uniform,100,3.7755707413301582,49266.70906011803,47474.28388798717
1000,8,uniform,200,2.309949524059949,48570.9158827086,47474.28388798717
1000,8,uniform,300,0.5083855157211999,47715.63627096606,47474.28388798717
1000,8,uniform,400,0.1113671145611824,47527.154628111806,47474.28388798717
1000,8,uniform,500,0.0626557243245473,47504.02924442508,47474.28388798717
1000,8,uniform,600,0.0881608470432879,47516.13761879056,47474.28388798717
1000,8,uniform,700,0.0970302436017855,47520.34830129189,47474.28388798717
1000,8,uniform,800,0.1014207925632202,47522.43268297008,47474.28388798717
1000,8,uniform,900,0.1048669352612857,47524.06871453775,47474.28388798717
1000,8,uniform,1000,0.1060260418338242,47524.61899208256,47474.28388798717
1000,8,uniform,1100,0.1069202405596165,47525.04350652416,47474.28388798717
1000,8,uniform,1200,0.1080218549563648,47525.56649007023,47474.28388798717
1000,8,uniform,1300,0.1053299740663797,47524.28853889459,47474.28388798717
1000,8,uniform,1400,0.0932906125049064,47518.57293820859,47474.28388798717
1000,8,uniform,1500,0.0857379234833796,47514.987353181335,47474.28388798717
1000,8,uniform,1600,0.0702741759893953,47507.64604979632,47474.28388798717
1000,8,uniform,1700,0.0560209708837689,47500.87944274134,47474.28388798717
1000,8,uniform,1800,0.0437467594796793,47495.05234877435,47474.28388798717
1000,8,uniform,1900,0.0345650652113951,47490.693405171696,47474.28388798717
1000,8,uniform,2000,0.0366227300996148,47491.67026684219,47474.28388798717
1000,8,uniform,2100,0.0372665498525839,47491.975915659445,47474.28388798717
1000,8,uniform,2200,0.0419940930954033,47494.22028295947,47474.28388798717
1000,8,uniform,2300,0.0457676956735606,47496.01177376023,47474.28388798717
1000,8,uniform,2400,0.0453879449916712,47495.83148984344,47474.28388798717
1000,8,uniform,2500,0.0404839724392389,47493.50336399211,47474.28388798717
1000,8,uniform,2600,0.0340851036431324,47490.46554685423,47474.28388798717
1000,8,uniform,2700,0.0401509107363384,47493.34524533375,47474.28388798717
1000,8,uniform,2800,0.046086029559147,47496.16290049278,47474.28388798717
1000,8,uniform,2900,0.0513474233170424,47498.66070950187,47474.28388798717
1000,8,uniform,3000,0.0571692574495604,47501.42458356543,47474.28388798717
1000,8,uniform,3100,0.0630244632618813,47504.204300595,47474.28388798717
1000,8,uniform,3200,0.0686676684631522,47506.88337185263,47474.28388798717
1000,8,uniform,3300,0.0650354663338708,47505.15900990239,47474.28388798717
1000,8,uniform,3400,0.0615123686548179,47503.48644450858,47474.28388798717
1000,8,uniform,3500,0.058005778099482,47501.82171575356,47474.28388798717
1000,8,uniform,3600,0.0545643554941208,47500.1879250161,47474.28388798717
1000,8,uniform,3700,0.0512148753955076,47498.59778332531,47474.28388798717
1000,8,uniform,3800,0.0476327276861341,47496.89718435248,47474.28388798717
1000,8,uniform,3900,0.0450977740559172,47495.69373326964,47474.28388798717
1000,8,uniform,4000,0.0480248108249391,47497.08332301487,47474.28388798717
1000,8,uniform,4100,0.0507331275827763,47498.36907700107,47474.28388798717
1000,8,uniform,4200,0.05321495663472,47499.54730757081,47474.28388798717
1000,8,uniform,4300,0.0555958478161308,47500.67761860933,47474.28388798717
1000,8,uniform,4400,0.055555999848616,47500.65870107211,47474.28388798717
1000,8,uniform,4500,0.0534251339641796,47499.64708775286,47474.28388798717
1000,8,uniform,4600,0.0510280583434821,47498.50909326768,47474.28388798717
1000,8,uniform,4700,0.0498720602058985,47497.96029143011,47474.28388798717
1000,8,uniform,4800,0.0519250359341334,47498.93492695548,47474.28388798717
1000,8,uniform,4900,0.0523978773743263,47499.15940504314,47474.28388798717
1000,8,uniform,5000,0.0486288504044135,47497.37008647963,47474.28388798717
1000,8,uniform,5100,0.045036147175817,47495.66447634963,47474.28388798717
1000,8,uniform,5200,0.0414168423689064,47493.946237310825,47474.28388798717
1000,8,uniform,5300,0.0379443385919869,47492.29769100975,47474.28388798717
1000,8,uniform,5400,0.0352901214624016,47491.03762043465,47474.28388798717
1000,8,uniform,5500,0.0354645053263628,47491.12040792528,47474.28388798717
1000,8,uniform,5600,0.0364793695983165,47491.60220747082,47474.28388798717
1000,8,uniform,5700,0.0372009633668921,47491.94477894504,47474.28388798717
1000,8,uniform,5800,0.0378661154911882,47492.26055515281,47474.28388798717
1000,8,uniform,5900,0.0385759672861756,47492.59755220915,47474.28388798717
1000,8,uniform,6000,0.0365079328355812,47491.61576766317,47474.28388798717
1000,8,uniform,6100,0.0343738926122768,47490.60264734928,47474.28388798717
1000,8,uniform,6200,0.0324455635621188,47489.68718694171,47474.28388798717
1000,8,uniform,6300,0.0344923568164797,47490.65888738189,47474.28388798717
1000,8,uniform,6400,0.0365469308302707,47491.63428168188,47474.28388798717
1000,8,uniform,6500,0.0396744176343385,47493.1190336458,47474.28388798717
1000,8,uniform,6600,0.0427980667831214,47494.60196371036,47474.28388798717
1000,8,uniform,6700,0.0458265709027191,47496.03972435366,47474.28388798717
1000,8,uniform,6800,0.0486260484426576,47497.36875626835,47474.28388798717
1000,8,uniform,6900,0.0513944751608444,47498.68304702777,47474.28388798717
1000,8,uniform,7000,0.0541068645006105,47499.97073444308,47474.28388798717
1000,8,uniform,7100,0.0568092773139957,47501.25368557393,47474.28388798717
1000,8,uniform,7200,0.0588256003413008,47502.21092049201,47474.28388798717
1000,8,uniform,7300,0.0570968145153459,47501.39019180118,47474.28388798717
1000,8,uniform,7400,0.0553787591209208,47500.57455730588,47474.28388798717
1000,8,uniform,7500,0.0537183190287946,47499.78627526276,47474.28388798717
1000,8,uniform,7600,0.0533713837814195,47499.62157023851,47474.28388798717
1000,8,uniform,7700,0.0552435613214462,47500.51037311875,47474.28388798717
1000,8,uniform,7800,0.0554687748404915,47500.61729162413,47474.28388798717
1000,8,uniform,7900,0.0535891636562847,47499.72495967455,47474.28388798717
1000,8,uniform,8000,0.0517103625639005,47498.83301231026,47474.28388798717
1000,8,uniform,8100,0.0499498632027058,47497.99722784568,47474.28388798717
1000,8,uniform,8200,0.0479591622328358,47497.05215681589,47474.28388798717
1000,8,uniform,8300,0.0461811928289541,47496.20807857365,47474.28388798717
1000,8,uniform,8400,0.0477939487336893,47496.97372289028,47474.28388798717
1000,8,uniform,8500,0.0495037125315275,47497.78542100948,47474.28388798717
1000,8,uniform,8600,0.0511671773047051,47498.57513899828,47474.28388798717
1000,8,uniform,8700,0.0528555494247,47499.37668157161,47474.28388798717
1000,8,uniform,8800,0.0520816918685756,47499.009298238525,47474.28388798717
1000,8,uniform,8900,0.050913829665729,47498.454864020925,47474.28388798717
1000,8,uniform,9000,0.0497789785171842,47497.91610156496,47474.28388798717
1000,8,uniform,9100,0.0487737642012015,47497.43888326691,47474.28388798717
1000,8,uniform,9200,0.0497827365848748,47497.91788568068,47474.28388798717
1000,8,uniform,9300,0.0505388561197166,47498.27684801519,47474.28388798717
1000,8,uniform,9400,0.0509881640116553,47498.49015371934,47474.28388798717
1000,8,uniform,9500,0.0510608728501081,47498.52467171972,47474.28388798717
1000,8,uniform,9600,0.0505232138420107,47498.26942195586,47474.28388798717
1000,8,uniform,9700,0.0487946976009189,47497.44882124852,47474.28388798717
1000,8,uniform,9800,0.0470235901539912,47496.6080006712,47474.28388798717
1000,8,uniform,9900,0.0457918023776187,47496.02321824535,47474.28388798717
1000,8,uniform,10000,0.0445630596128023,47495.439881416925,47474.28388798717
1000,9,uniform,0,41.146232453523744,66767.99057569557,47304.12524307424
1000,9,uniform,100,4.7834502036867965,49566.89451836633,47304.12524307424
1000,9,uniform,200,2.013780133546433,48256.72631956719,47304.12524307424
1000,9,uniform,300,0.491646668432422,47536.694398862914,47304.12524307424
1000,9,uniform,400,0.0724418603770307,47338.3932314354,47304.12524307424
1000,9,uniform,500,0.0147286063711916,47311.09248147863,47304.12524307424
1000,9,uniform,600,0.0134110263051391,47310.469211754,47304.12524307424
1000,9,uniform,700,0.0130143575624468,47310.28157107516,47304.12524307424
1000,9,uniform,800,0.0127993206647133,47310.17984975174,47304.12524307424
1000,9,uniform,900,0.012737869752995,47310.150780935495,47304.12524307424
1000,9,uniform,1000,0.0127064669035455,47310.13592609226,47304.12524307424
1000,9,uniform,1100,0.0120189674917496,47309.81071050946,47304.12524307424
1000,9,uniform,1200,0.0113547010735802,47309.49648509106,47304.12524307424
1000,9,uniform,1300,0.0109197123791581,47309.29071749426,47304.12524307424
1000,9,uniform,1400,0.0105015694237438,47309.092918626935,47304.12524307424
1000,9,uniform,1500,0.0101138981411923,47308.90953411791,47304.12524307424
1000,9,uniform,1600,0.0098626672408404,47308.79069153815,47304.12524307424
1000,9,uniform,1700,0.0095461496538961,47308.64096566241,47304.12524307424
1000,9,uniform,1800,0.0092704098646334,47308.51052936715,47304.12524307424
1000,9,uniform,1900,0.0089945432914835,47308.380033097885,47304.12524307424
1000,9,uniform,2000,0.008798848178924,47308.287461236745,47304.12524307424
1000,9,uniform,2100,0.0086050508801391,47308.19578711981,47304.12524307424
1000,9,uniform,2200,0.008438922144872,47308.117201374815,47304.12524307424
1000,9,uniform,2300,0.008277770808415,47308.04097014479,47304.12524307424
1000,9,uniform,2400,0.0081563563343756,47307.98353608992,47304.12524307424
1000,9,uniform,2500,0.008016625462307,47307.9174376232,47304.12524307424
1000,9,uniform,2600,0.0079208659589034,47307.872139427775,47304.12524307424
1000,9,uniform,2700,0.007784721713255,47307.8077375833,47304.12524307424
1000,9,uniform,2800,0.007645541128399,47307.74189942513,47304.12524307424
1000,9,uniform,2900,0.0075773616075167,47307.70964769918,47304.12524307424
1000,9,uniform,3000,0.0074839883781741,47307.66547830983,47304.12524307424
1000,9,uniform,3100,0.0073699136449306,47307.61151625514,47304.12524307424
1000,9,uniform,3200,0.0072700624835569,47307.56428253671,47304.12524307424
1000,9,uniform,3300,0.0072077652476377,47307.53481337421,47304.12524307424
1000,9,uniform,3400,0.0071088884373096,47307.488040564014,47304.12524307424
1000,9,uniform,3500,0.007057394481737,47307.46368179878,47304.12524307424
1000,9,uniform,3600,0.0069415648717305,47307.40888961499,47304.12524307424
1000,9,uniform,3700,0.0068835114190799,47307.38142793704,47304.12524307424
1000,9,uniform,3800,0.0067991970155828,47307.34154374601,47304.12524307424
1000,9,uniform,3900,0.0067451642864404,47307.31598403615,47304.12524307424
1000,9,uniform,4000,0.0066783889485373,47307.28439654668,47304.12524307424
1000,9,uniform,4100,0.0064924351023882,47307.1964327064,47304.12524307424
1000,9,uniform,4200,0.0059474305642836,47306.93862307711,47304.12524307424
1000,9,uniform,4300,0.0054399388858798,47306.69855857796,47304.12524307424
1000,9,uniform,4400,0.004952725219895,47306.4680864152,47304.12524307424
1000,9,uniform,4500,0.0045235242756259,47306.26505666298,47304.12524307424
1000,9,uniform,4600,0.0040859836140895,47306.05808188046,47304.12524307424
1000,9,uniform,4700,0.0036860984311047,47305.86891969267,47304.12524307424
1000,9,uniform,4800,0.0033050237356591,47305.68865564147,47304.12524307424
1000,9,uniform,4900,0.0029627393299381,47305.5267409975,47304.12524307424
1000,9,uniform,5000,0.0026189384323981,47305.36410899034,47304.12524307424
1000,9,uniform,5100,0.0022977524298926,47305.21217476145,47304.12524307424
1000,9,uniform,5200,0.0019959912718487,47305.06942928532,47304.12524307424
1000,9,uniform,5300,0.0017194832924634,47304.93862960444,47304.12524307424
1000,9,uniform,5400,0.0014566330826553,47304.81429061199,47304.12524307424
1000,9,uniform,5500,0.0012165058600486,47304.700700529866,47304.12524307424
1000,9,uniform,5600,0.0009744380982634,47304.58619249266,47304.12524307424
1000,9,uniform,5700,0.0007432453635079,47304.476828791856,47304.12524307424
1000,9,uniform,5800,0.0005183394192189,47304.37043900229,47304.12524307424
1000,9,uniform,5900,0.0003085038174257,47304.27117810641,47304.12524307424
1000,9,uniform,6000,0.0001117960889435,47304.17812723617,47304.12524307424
1000,9,uniform,6100,0.0001572691615102,47304.19963787537,47304.12524307424
1000,9,uniform,6200,0.0004631207715431,47304.34431830404,47304.12524307424
1000,9,uniform,6300,0.0007384312613243,47304.47455152293,47304.12524307424
1000,9,uniform,6400,0.0010400581293471,47304.617233474346,47304.12524307424
1000,9,uniform,6500,0.0013301111913683,47304.75444053808,47304.12524307424
1000,9,uniform,6600,0.0016063121223714,47304.8850949724,47304.12524307424
1000,9,uniform,6700,0.0018601346785403,47305.005163512265,47304.12524307424
1000,9,uniform,6800,0.0020941196140554,47305.11584803921,47304.12524307424
1000,9,uniform,6900,0.0023343606274528,47305.229491949074,47304.12524307424
1000,9,uniform,7000,0.0025639219102097,47305.33808390578,47304.12524307424
1000,9,uniform,7100,0.0027689588176,47305.435074821246,47304.12524307424
1000,9,uniform,7200,0.0029742970161617,47305.532208259865,47304.12524307424
1000,9,uniform,7300,0.0031735617241791,47305.62646868691,47304.12524307424
1000,9,uniform,7400,0.0033838409475195,47305.72593943408,47304.12524307424
1000,9,uniform,7500,0.0035597282998584,47305.80914140752,47304.12524307424
1000,9,uniform,7600,0.0037365830154718,47305.89280098369,47304.12524307424
1000,9,uniform,7700,0.0039117023576486,47305.97563965664,47304.12524307424
1000,9,uniform,7800,0.0040692511629062,47306.0501667408,47304.12524307424
1000,9,uniform,7900,0.0042303223227339,47306.12636004397,47304.12524307424
1000,9,uniform,8000,0.0043953215096401,47306.204411466,47304.12524307424
1000,9,uniform,8100,0.004553758797012,47306.279358838845,47304.12524307424
1000,9,uniform,8200,0.0046422161116999,47306.32120279777,47304.12524307424
1000,9,uniform,8300,0.0046685284682415,47306.33364962786,47304.12524307424
1000,9,uniform,8400,0.0046929133838931,47306.345184698905,47304.12524307424
1000,9,uniform,8500,0.0047318798573794,47306.363617448325,47304.12524307424
1000,9,uniform,8600,0.00477951010559,47306.38614852059,47304.12524307424
1000,9,uniform,8700,0.0048093023452573,47306.40024147896,47304.12524307424
1000,9,uniform,8800,0.0048253863412938,47306.40784987259,47304.12524307424
1000,9,uniform,8900,0.0048613394893729,47306.42485719478,47304.12524307424
1000,9,uniform,9000,0.0049073245791377,47306.44661003924,47304.12524307424
1000,9,uniform,9100,0.004925362640332,47306.4551427863,47304.12524307424
1000,9,uniform,9200,0.0049455250324549,47306.46468042952,47304.12524307424
1000,9,uniform,9300,0.0049857986654269,47306.4837315193,47304.12524307424
1000,9,uniform,9400,0.00500711073593,47306.49381300782,47304.12524307424
1000,9,uniform,9500,0.0050315207376648,47306.505359945615,47304.12524307424
1000,9,uniform,9600,0.0050532139285219,47306.51562171979,47304.12524307424
1000,9,uniform,9700,0.0050809937125802,47306.52876270363,47304.12524307424
1000,9,uniform,9800,0.005118427006056,47306.54647019566,47304.12524307424
1000,9,uniform,9900,0.0051262727381905,47306.55018155061,47304.12524307424
1000,9,uniform,10000,0.0051684637362836,47306.57013963319,47304.12524307424
1000,10,uniform,0,37.52623663462878,41388.716765444144,30095.14240937395
1000,10,uniform,100,6.116814675429585,31936.00649686197,30095.14240937395
1000,10,uniform,200,3.503952070693943,31149.6617750055,30095.14240937395
1000,10,uniform,300,1.232915818574751,30466.19018076172,30095.14240937395
1000,10,uniform,400,0.5849706124702179,30271.19014824985,30095.14240937395
1000,10,uniform,500,0.5255579575329151,30253.30982513728,30095.14240937395
1000,10,uniform,600,0.5203547310016282,30251.743906702806,30095.14240937395
1000,10,uniform,700,0.5090629715099995,30248.34563560328,30095.14240937395
1000,10,uniform,800,0.5046482272973298,30247.017012045464,30095.14240937395
1000,10,uniform,900,0.5007862219235228,30245.85473602836,30095.14240937395
1000,10,uniform,1000,0.4976686456244237,30244.916497001424,30095.14240937395
1000,10,uniform,1100,0.4875012644163521,30241.85660914755,30095.14240937395
1000,10,uniform,1200,0.4842458891099401,30240.876899313127,30095.14240937395
1000,10,uniform,1300,0.4815711237474435,30240.071924868167,30095.14240937395
1000,10,uniform,1400,0.4805883993511624,30239.77617256161,30095.14240937395
1000,10,uniform,1500,0.4787275543529792,30239.216148609397,30095.14240937395
1000,10,uniform,1600,0.4768862838690961,30238.662015635127,30095.14240937395
1000,10,uniform,1700,0.4752664265065729,30238.174517255047,30095.14240937395
1000,10,uniform,1800,0.4737562245848907,30237.720019836048,30095.14240937395
1000,10,uniform,1900,0.4722623854998772,30237.27044683605,30095.14240937395
1000,10,uniform,2000,0.4708670347794024,30236.85051404961,30095.14240937395
1000,10,uniform,2100,0.47053365473834,30236.750182851487,30095.14240937395
1000,10,uniform,2200,0.4700156245437084,30236.59428092669,30095.14240937395
1000,10,uniform,2300,0.4687822905158312,30236.223107294616,30095.14240937395
1000,10,uniform,2400,0.4676716655269863,30235.88886312259,30095.14240937395
1000,10,uniform,2500,0.4665578973187999,30235.553672994225,30095.14240937395
1000,10,uniform,2600,0.4654652658640197,30235.2248440019,30095.14240937395
1000,10,uniform,2700,0.464422376445785,30234.91098494631,30095.14240937395
1000,10,uniform,2800,0.4633743011305627,30234.59556518764,30095.14240937395
1000,10,uniform,2900,0.4623517206821403,30234.287818145436,30095.14240937395
1000,10,uniform,3000,0.4613775481002825,30233.99463951961,30095.14240937395
1000,10,uniform,3100,0.4603542065326703,30233.686663417506,30095.14240937395
1000,10,uniform,3200,0.4594727780532112,30233.42139626137,30095.14240937395
1000,10,uniform,3300,0.4585093668195859,30233.131456278625,30095.14240937395
1000,10,uniform,3400,0.4576134212672186,30232.86182018873,30095.14240937395
1000,10,uniform,3500,0.4567009022594631,30232.587196293836,30095.14240937395
1000,10,uniform,3600,0.4558475965841294,30232.330392735654,30095.14240937395
1000,10,uniform,3700,0.4550209317423943,30232.081606774285,30095.14240937395
1000,10,uniform,3800,0.4541761129228419,30231.82735734744,30095.14240937395
1000,10,uniform,3900,0.4533800001280835,30231.58776606812,30095.14240937395
1000,10,uniform,4000,0.4525943053521872,30231.35131010641,30095.14240937395
1000,10,uniform,4100,0.4518008768052743,30231.1125266553,30095.14240937395
1000,10,uniform,4200,0.4510331913049067,30230.881490610707,30095.14240937395
1000,10,uniform,4300,0.4503091541855354,30230.663590608536,30095.14240937395
1000,10,uniform,4400,0.4495606296933891,30230.43832109665,30095.14240937395
1000,10,uniform,4500,0.4488334769843992,30230.21948345335,30095.14240937395
1000,10,uniform,4600,0.4481524098685627,30230.014515334937,30095.14240937395
1000,10,uniform,4700,0.4474696508860193,30229.809038046827,30095.14240937395
1000,10,uniform,4800,0.4467734173383925,30229.599505569167,30095.14240937395
1000,10,uniform,4900,0.4460773080923643,30229.39001050025,30095.14240937395
1000,10,uniform,5000,0.4454209758770436,30229.19248638537,30095.14240937395
1000,10,uniform,5100,0.4447940050776091,30229.003798630416,30095.14240937395
1000,10,uniform,5200,0.4441332926507833,30228.804956284646,30095.14240937395
1000,10,uniform,5300,0.4434823068061336,30228.609041167638,30095.14240937395
1000,10,uniform,5400,0.4428730336162146,30228.425679533462,30095.14240937395
1000,10,uniform,5500,0.4422463748651326,30228.237085689907,30095.14240937395
1000,10,uniform,5600,0.4416408488406644,30228.05485177052,30095.14240937395
1000,10,uniform,5700,0.4410585248311628,30227.87960053057,30095.14240937395
1000,10,uniform,5800,0.440446309776724,30227.69535353809,30095.14240937395
1000,10,uniform,5900,0.4398444515386538,30227.51422344424,30095.14240937395
1000,10,uniform,6000,0.4392611216417414,30227.338669481047,30095.14240937395
1000,10,uniform,6100,0.4386830834054172,30227.164708050645,30095.14240937395
1000,10,uniform,6200,0.4381249557136672,30226.996738726983,30095.14240937395
1000,10,uniform,6300,0.4375658873602263,30226.82848630985,30095.14240937395
1000,10,uniform,6400,0.4369918900010855,30226.655740987197,30095.14240937395
1000,10,uniform,6500,0.4364629916860372,30226.49656828608,30095.14240937395
1000,10,uniform,6600,0.4359397789197649,30226.339106658965,30095.14240937395
1000,10,uniform,6700,0.4353806599138225,30226.17083899789,30095.14240937395
1000,10,uniform,6800,0.4348388084381444,30226.00776802464,30095.14240937395
1000,10,uniform,6900,0.4343103827957636,30225.848737575037,30095.14240937395
1000,10,uniform,7000,0.4337779634796426,30225.688505223632,30095.14240937395
1000,10,uniform,7100,0.433251366939787,30225.53002524504,30095.14240937395
1000,10,uniform,7200,0.4327395934067451,30225.376006271457,30095.14240937395
1000,10,uniform,7300,0.4322236614782601,30225.220735822844,30095.14240937395
1000,10,uniform,7400,0.4317191729817172,30225.06890929137,30095.14240937395
1000,10,uniform,7500,0.4312192379270784,30224.918453124723,30095.14240937395
1000,10,uniform,7600,0.4307298084876386,30224.77115863793,30095.14240937395
1000,10,uniform,7700,0.4302443281921408,30224.62505265163,30095.14240937395
1000,10,uniform,7800,0.4297567447365647,30224.47831371631,30095.14240937395
1000,10,uniform,7900,0.4292649892188859,30224.33031919296,30095.14240937395
1000,10,uniform,8000,0.4287908307831157,30224.187620536468,30095.14240937395
1000,10,uniform,8100,0.4283255831660694,30224.04760360356,30095.14240937395
1000,10,uniform,8200,0.4278481301553757,30223.903913440052,30095.14240937395
1000,10,uniform,8300,0.4273891141777426,30223.765771927905,30095.14240937395
1000,10,uniform,8400,0.4269329216362929,30223.62848013289,30095.14240937395
1000,10,uniform,8500,0.4264598741175104,30223.486115808453,30095.14240937395
1000,10,uniform,8600,0.4260023409567273,30223.348420552145,30095.14240937395
1000,10,uniform,8700,0.4255595429054717,30223.215159848038,30095.14240937395
1000,10,uniform,8800,0.4251053463879265,30223.07846875926,30095.14240937395
1000,10,uniform,8900,0.4246538465653258,30222.94258924467,30095.14240937395
1000,10,uniform,9000,0.4242181934849378,30222.81147882972,30095.14240937395
1000,10,uniform,9100,0.4237716372660299,30222.6770870997,30095.14240937395
1000,10,uniform,9200,0.4233275681825927,30222.54344387664,30095.14240937395
1000,10,uniform,9300,0.4228922093343733,30222.41242201128,30095.14240937395
1000,10,uniform,9400,0.4224572330633216,30222.28151528306,30095.14240937395
1000,10,uniform,9500,0.4220243911038162,30222.15125087894,30095.14240937395
1000,10,uniform,9600,0.4215936316327768,30222.021613202687,30095.14240937395
1000,10,uniform,9700,0.4211649073750287,30221.89258802677,30095.14240937395
1000,10,uniform,9800,0.4207423363294343,30221.765414668826,30095.14240937395
1000,10,uniform,9900,0.4203330049904758,30221.64222581944,30095.14240937395
1000,10,uniform,10000,0.419921011236869,30221.51823571257,30095.14240937395
1000,11,uniform,0,52.56764091987143,43634.00463340689,28599.77670908832
1000,11,uniform,100,6.415859648000381,30434.69824238493,28599.77670908832
1000,11,uniform,200,3.3706074597912075,29563.76291632848,28599.77670908832
1000,11,uniform,300,0.9144932166112608,28861.3197270589,28599.77670908832
1000,11,uniform,400,0.2435631015448034,28669.435212275865,28599.77670908832
1000,11,uniform,500,0.0911098277361162,28625.833916380885,28599.77670908832
1000,11,uniform,600,0.0464539503489878,28613.06243516068,28599.77670908832
1000,11,uniform,700,0.0256665847625135,28607.11729501925,28599.77670908832
1000,11,uniform,800,0.0160600901500589,28604.36985901052,28599.77670908832
1000,11,uniform,900,0.0121970585474029,28603.265040597955,28599.77670908832
1000,11,uniform,1000,0.0108788897919401,28602.888047277243,28599.77670908832
1000,11,uniform,1100,0.0098286553857101,28602.58768258214,28599.77670908832
1000,11,uniform,1200,0.0090948016520916,28602.377802052957,28599.77670908832
1000,11,uniform,1300,0.008508013093341,28602.2099818354,28599.77670908832
1000,11,uniform,1400,0.0077679236844084,28601.998317916998,28599.77670908832
1000,11,uniform,1500,0.0074263318480469,28601.900623414534,28599.77670908832
1000,11,uniform,1600,0.0075980316357018,28601.949729170417,28599.77670908832
1000,11,uniform,1700,0.0087543571957449,28602.28043569862,28599.77670908832
1000,11,uniform,1800,0.0093094399175444,28602.439188117605,28599.77670908832
1000,11,uniform,1900,0.0092916771795589,28602.434108014204,28599.77670908832
1000,11,uniform,2000,0.0092011358191259,28602.40821338729,28599.77670908832
1000,11,uniform,2100,0.0093519962836659,28602.45135914329,28599.77670908832
1000,11,uniform,2200,0.009315212712741,28602.44083912414,28599.77670908832
1000,11,uniform,2300,0.0092505212700499,28602.42233751598,28599.77670908832
1000,11,uniform,2400,0.0091915037622407,28602.40545864053,28599.77670908832
1000,11,uniform,2500,0.0090630925378175,28602.368733317075,28599.77670908832
1000,11,uniform,2600,0.0089712885775601,28602.34247758943,28599.77670908832
1000,11,uniform,2700,0.0089113903849469,28602.32534684009,28599.77670908832
1000,11,uniform,2800,0.0087135934577907,28602.268777360587,28599.77670908832
1000,11,uniform,2900,0.0085294872574275,28602.21612339837,28599.77670908832
1000,11,uniform,3000,0.0083709665131029,28602.17078681946,28599.77670908832
1000,11,uniform,3100,0.0082086686566507,28602.124369994912,28599.77670908832
1000,11,uniform,3200,0.0079056995387451,28602.037721503693,28599.77670908832
1000,11,uniform,3300,0.0074891183060253,28601.918580201323,28599.77670908832
1000,11,uniform,3400,0.0071954420538252,28601.834589448947,28599.77670908832
1000,11,uniform,3500,0.0069002316256182,28601.750159925657,28599.77670908832
1000,11,uniform,3600,0.0066635369025598,28601.68246576338,28599.77670908832
1000,11,uniform,3700,0.0064099930351353,28601.60995278344,28599.77670908832
1000,11,uniform,3800,0.0062482136035513,28601.563684227243,28599.77670908832
1000,11,uniform,3900,0.0060891713752906,28601.518198505088,28599.77670908832
1000,11,uniform,4000,0.0059472483673966,28601.47760884173,28599.77670908832
1000,11,uniform,4100,0.0057444938401847,28601.41962149968,28599.77670908832
1000,11,uniform,4200,0.0055650229707863,28601.36829323177,28599.77670908832
1000,11,uniform,4300,0.0053892895201347,28601.31803385729,28599.77670908832
1000,11,uniform,4400,0.0051933959095378,28601.262008722068,28599.77670908832
1000,11,uniform,4500,0.0056492896023049,28601.39239330023,28599.77670908832
1000,11,uniform,4600,0.005555277246045,28601.36550597626,28599.77670908832
1000,11,uniform,4700,0.0053797884442295,28601.31531657079,28599.77670908832
1000,11,uniform,4800,0.0051914700847679,28601.261457940484,28599.77670908832
1000,11,uniform,4900,0.0050125043170666,28601.21027413053,28599.77670908832
1000,11,uniform,5000,0.0048474701170565,28601.16307471784,28599.77670908832
1000,11,uniform,5100,0.0047149262058534,28601.125167455197,28599.77670908832
1000,11,uniform,5200,0.004547909219586,28601.07740097005,28599.77670908832
1000,11,uniform,5300,0.0044219463144971,28601.041375860463,28599.77670908832
1000,11,uniform,5400,0.0042813272122596,28601.00115911121,28599.77670908832
1000,11,uniform,5500,0.0041663372062596,28600.96827222626,28599.77670908832
1000,11,uniform,5600,0.0040319406344911,28600.92983510683,28599.77670908832
1000,11,uniform,5700,0.0039094625150444,28600.89480663815,28599.77670908832
1000,11,uniform,5800,0.0037939353144633,28600.861766116745,28599.77670908832
1000,11,uniform,5900,0.0036750402013076,28600.827762379864,28599.77670908832
1000,11,uniform,6000,0.0035713588029728,28600.79810973145,28599.77670908832
1000,11,uniform,6100,0.0034532945821578,28600.764343627925,28599.77670908832
1000,11,uniform,6200,0.0033603589654037,28600.73776424905,28599.77670908832
1000,11,uniform,6300,0.0032698292667427,28600.711872957378,28599.77670908832
1000,11,uniform,6400,0.0031699926270535,28600.683319901356,28599.77670908832
1000,11,uniform,6500,0.0030721721290087,28600.655343457336,28599.77670908832
1000,11,uniform,6600,0.0029858620332286,28600.630658962666,28599.77670908832
1000,11,uniform,6700,0.0028792194642076,28600.60015942605,28599.77670908832
1000,11,uniform,6800,0.0027255164528082,28600.556200707997,28599.77670908832
1000,11,uniform,6900,0.0026340404124971,28600.53003876472,28599.77670908832
1000,11,uniform,7000,0.0025443752612543,28600.50439473168,28599.77670908832
1000,11,uniform,7100,0.0024567190224649,28600.479325243115,28599.77670908832
1000,11,uniform,7200,0.002381909714396,28600.45792994805,28599.77670908832
1000,11,uniform,7300,0.002309912733291,28600.437338972217,28599.77670908832
1000,11,uniform,7400,0.0022483724095164,28600.41973857703,28599.77670908832
1000,11,uniform,7500,0.0024941602910321,28600.490033362323,28599.77670908832
1000,11,uniform,7600,0.0029062187863498,28600.60788117189,28599.77670908832
1000,11,uniform,7700,0.002999878755144,28600.634667713835,28599.77670908832
1000,11,uniform,7800,0.0028702347306148,28600.597589812303,28599.77670908832
1000,11,uniform,7900,0.0028372322161423,28600.588151166856,28599.77670908832
1000,11,uniform,8000,0.003038636116234,28600.645752232565,28599.77670908832
1000,11,uniform,8100,0.0032394217037493,28600.70317646226,28599.77670908832
1000,11,uniform,8200,0.0034302168452833,28600.75774344671,28599.77670908832
1000,11,uniform,8300,0.00361014692363,28600.80920304735,28599.77670908832
1000,11,uniform,8400,0.0037713878655532,28600.855317596703,28599.77670908832
1000,11,uniform,8500,0.0039435318208793,28600.904550383544,28599.77670908832
1000,11,uniform,8600,0.0041032351488788,28600.95022517875,28599.77670908832
1000,11,uniform,8700,0.0042642789052651,28600.99628333348,28599.77670908832
1000,11,uniform,8800,0.0042339432003682,28600.987607389616,28599.77670908832
1000,11,uniform,8900,0.0040084517127929,28600.92311732767,28599.77670908832
1000,11,uniform,9000,0.0037730097900014,28600.855781463477,28599.77670908832
1000,11,uniform,9100,0.0037984245255937,28600.863050021104,28599.77670908832
1000,11,uniform,9200,0.0040301360085194,28600.92931898783,28599.77670908832
1000,11,uniform,9300,0.0041769759432687,28600.971314881288,28599.77670908832
1000,11,uniform,9400,0.0041800803097221,28600.97220272316,28599.77670908832
1000,11,uniform,9500,0.0043091756183939,28601.009123693184,28599.77670908832
1000,11,uniform,9600,0.0044418144447727,28601.04705810136,28599.77670908832
1000,11,uniform,9700,0.0045569047282692,28601.07997366545,28599.77670908832
1000,11,uniform,9800,0.0045428852048974,28601.07596411307,28599.77670908832
1000,11,uniform,9900,0.0046106619025344,28601.095348097257,28599.77670908832
1000,11,uniform,10000,0.0040758251446194,28600.94238597873,28599.77670908832
1000,12,uniform,0,49.02951196260079,64422.76248673051,43228.19127455608
1000,12,uniform,100,5.015237621966532,45396.18778665328,43228.19127455608
1000,12,uniform,200,2.773904660718353,44427.30008706524,43228.19127455608
1000,12,uniform,300,0.7611535012082852,43557.22416595138,43228.19127455608
1000,12,uniform,400,0.1347925349881145,43286.45964940457,43228.19127455608
1000,12,uniform,500,0.0758787235352399,43260.99227430259,43228.19127455608
1000,12,uniform,600,0.0743594369234645,43260.33551418004,43228.19127455608
1000,12,uniform,700,0.0718674847948058,43259.2582883474,43228.19127455608
1000,12,uniform,800,0.0569554451083324,43252.81208330879,43228.19127455608
1000,12,uniform,900,0.0242862958475791,43238.68980097858,43228.19127455608
1000,12,uniform,1000,0.0224325424606197,43237.88845691871,43228.19127455608
1000,12,uniform,1100,0.0242307770110979,43238.66580118975,43228.19127455608
1000,12,uniform,1200,0.0199843577352372,43236.830150942864,43228.19127455608
1000,12,uniform,1300,0.0058790190298921,43230.73266814739,43228.19127455608
1000,12,uniform,1400,0.0118639001866122,43233.319824021375,43228.19127455608
1000,12,uniform,1500,0.0110356634464075,43232.96179225911,43228.19127455608
1000,12,uniform,1600,0.0173119185457942,43235.67490381836,43228.19127455608
1000,12,uniform,1700,0.0242205727447419,43238.66139006997,43228.19127455608
1000,12,uniform,1800,0.0198804502455122,43236.78523361446,43228.19127455608
1000,12,uniform,1900,0.0284090225908536,43240.47198118089,43228.19127455608
1000,12,uniform,2000,0.0259495122865187,43239.40877936212,43228.19127455608
1000,12,uniform,2100,0.0399379969697553,43245.4557482774,43228.19127455608
1000,12,uniform,2200,0.0343613767440071,43243.045076219554,43228.19127455608
1000,12,uniform,2300,0.0296850939419198,43241.02360374533,43228.19127455608
1000,12,uniform,2400,0.0267763156397081,43239.766191497096,43228.19127455608
1000,12,uniform,2500,0.0161540178094104,43235.17436427326,43228.19127455608
1000,12,uniform,2600,0.0134325016570424,43233.99790206535,43228.19127455608
1000,12,uniform,2700,0.0236093188629346,43238.39715607277,43228.19127455608
1000,12,uniform,2800,0.0170463998240273,43235.56012487744,43228.19127455608
1000,12,uniform,2900,0.0287345864735907,43240.61271655884,43228.19127455608
1000,12,uniform,3000,0.0327969467497795,43242.36880142929,43228.19127455608
1000,12,uniform,3100,0.028250866500649,43240.4036131637,43228.19127455608
1000,12,uniform,3200,0.0396307588307367,43245.32293478699,43228.19127455608
1000,12,uniform,3300,0.0395482642918321,43245.28727388992,43228.19127455608
1000,12,uniform,3400,0.0401354608862737,43245.54110835693,43228.19127455608
1000,12,uniform,3500,0.0427545617895981,43246.67329830509,43228.19127455608
1000,12,uniform,3600,0.0432327834342002,43246.880024872335,43228.19127455608
1000,12,uniform,3700,0.0411871619426608,43245.99573970122,43228.19127455608
1000,12,uniform,3800,0.0321363453974239,43242.083235413134,43228.19127455608
1000,12,uniform,3900,0.027703442595971,43240.16697171111,43228.19127455608
1000,12,uniform,4000,0.0287693185988829,43240.6277306284,43228.19127455608
1000,12,uniform,4100,0.0363263404470226,43243.89449448757,43228.19127455608
1000,12,uniform,4200,0.0394097431107633,43245.227393688816,43228.19127455608
1000,12,uniform,4300,0.0389690227613549,43245.03687825319,43228.19127455608
1000,12,uniform,4400,0.0423245785947814,43246.48742434719,43228.19127455608
1000,12,uniform,4500,0.0540888990548435,43251.57292729781,43228.19127455608
1000,12,uniform,4600,0.0502501900084599,43249.91352280877,43228.19127455608
1000,12,uniform,4700,0.0516365397228331,43250.51281671503,43228.19127455608
1000,12,uniform,4800,0.0501915247098467,43249.88816286127,43228.19127455608
1000,12,uniform,4900,0.0462559333539331,43248.18687790215,43228.19127455608
1000,12,uniform,5000,0.0426070472894816,43246.60953045482,43228.19127455608
1000,12,uniform,5100,0.0391161454957068,43245.1004767502,43228.19127455608
1000,12,uniform,5200,0.0339975344567954,43242.8877937797,43228.19127455608
1000,12,uniform,5300,0.0276906637404093,43240.16144764298,43228.19127455608
1000,12,uniform,5400,0.0240575094061498,43238.59090073807,43228.19127455608
1000,12,uniform,5500,0.0239076757059503,43238.52613033955,43228.19127455608
1000,12,uniform,5600,0.0331201576426205,43242.50851965227,43228.19127455608
1000,12,uniform,5700,0.0395216826527922,43245.27578312816,43228.19127455608
1000,12,uniform,5800,0.0418860216756991,43246.29784412336,43228.19127455608
1000,12,uniform,5900,0.0438510067225513,43247.14727161793,43228.19127455608
1000,12,uniform,6000,0.0495817648821814,43249.624574716654,43228.19127455608
1000,12,uniform,6100,0.0593753101771783,43253.858147209336,43228.19127455608
1000,12,uniform,6200,0.0618921508476692,43254.94613190845,43228.19127455608
1000,12,uniform,6300,0.0571039757802368,43252.87629043174,43228.19127455608
1000,12,uniform,6400,0.0545071400798791,43251.7537253281,43228.19127455608
1000,12,uniform,6500,0.0596117552194127,43253.96035812445,43228.19127455608
1000,12,uniform,6600,0.0642334970406975,43255.95825351917,43228.19127455608
1000,12,uniform,6700,0.0636418860219248,43255.70251077638,43228.19127455608
1000,12,uniform,6800,0.0637051072046944,43255.72984015019,43228.19127455608
1000,12,uniform,6900,0.0751315011404963,43260.66926357654,43228.19127455608
1000,12,uniform,7000,0.0858454489018366,43265.30070940787,43228.19127455608
1000,12,uniform,7100,0.089323399455673,43266.80416452572,43228.19127455608
1000,12,uniform,7200,0.0881345934038493,43266.29026517175,43228.19127455608
1000,12,uniform,7300,0.0887607503288944,43266.56094148499,43228.19127455608
1000,12,uniform,7400,0.0847525320570908,43264.82826122375,43228.19127455608
1000,12,uniform,7500,0.0811261453024113,43263.260639821085,43228.19127455608
1000,12,uniform,7600,0.0777798082045269,43261.81407881972,43228.19127455608
1000,12,uniform,7700,0.0744763996325451,43260.38607504364,43228.19127455608
1000,12,uniform,7800,0.0755817783155071,43260.86391025502,43228.19127455608
1000,12,uniform,7900,0.0803398172076999,43262.92072440826,43228.19127455608
1000,12,uniform,8000,0.0856185525249346,43265.20262620807,43228.19127455608
1000,12,uniform,8100,0.0901380070001955,43267.1563046332,43228.19127455608
1000,12,uniform,8200,0.0953345267180455,43269.40266611645,43228.19127455608
1000,12,uniform,8300,0.0982650772611997,43270.669490110646,43228.19127455608
1000,12,uniform,8400,0.0981597551155239,43270.62396125206,43228.19127455608
1000,12,uniform,8500,0.0957209498505865,43269.56970984732,43228.19127455608
1000,12,uniform,8600,0.0925262163742238,43268.18868434944,43228.19127455608
1000,12,uniform,8700,0.0897741185693468,43266.99900224629,43228.19127455608
1000,12,uniform,8800,0.0858807297401657,43265.31596067615,43228.19127455608
1000,12,uniform,8900,0.0841628935132541,43264.573371146194,43228.19127455608
1000,12,uniform,9000,0.0867336124125389,43265.68464642911,43228.19127455608
1000,12,uniform,9100,0.0886417365995224,43266.509494002414,43228.19127455608
1000,12,uniform,9200,0.0877611255321599,43266.12882176583,43228.19127455608
1000,12,uniform,9300,0.0856584585091201,43265.21987684324,43228.19127455608
1000,12,uniform,9400,0.0833664179026209,43264.229069145775,43228.19127455608
1000,12,uniform,9500,0.0862086265085188,43265.457704518354,43228.19127455608
1000,12,uniform,9600,0.0895377026658236,43266.89680392731,43228.19127455608
1000,12,uniform,9700,0.0943228963418052,43268.96535660242,43228.19127455608
1000,12,uniform,9800,0.1008412598360091,43271.78312724167,43228.19127455608
1000,12,uniform,9900,0.1061771344389515,43274.0897293212,43228.19127455608
1000,12,uniform,10000,0.1068876659094731,43274.39687922434,43228.19127455608
1000,13,uniform,0,45.623027358157785,51614.804471561874,35444.12268302594
1000,13,uniform,100,5.557943742695535,37414.08708184051,35444.12268302594
1000,13,uniform,200,2.792476263122487,36433.89139562145,35444.12268302594
1000,13,uniform,300,0.7298927903097573,35702.82677907789,35444.12268302594
1000,13,uniform,400,0.1170305669487316,35485.60314075189,35444.12268302594
1000,13,uniform,500,0.0521718351797553,35462.61453229304,35444.12268302594
1000,13,uniform,600,0.0388537880275795,35457.89406732144,35444.12268302594
1000,13,uniform,700,0.0300500306624464,35454.773652760225,35444.12268302594
1000,13,uniform,800,0.0315004114641853,35455.287727510964,35444.12268302594
1000,13,uniform,900,0.035434005313671,35456.68195534083,35444.12268302594
1000,13,uniform,1000,0.037363988444569,35457.366020929505,35444.12268302594
1000,13,uniform,1100,0.0366539340950708,35457.11434839475,35444.12268302594
1000,13,uniform,1200,0.0355527958797277,35456.7240596148,35444.12268302594
1000,13,uniform,1300,0.0344915845023568,35456.347922552275,35444.12268302594
1000,13,uniform,1400,0.0335908572578551,35456.028667682695,35444.12268302594
1000,13,uniform,1500,0.0326044720776394,35455.67905210929,35444.12268302594
1000,13,uniform,1600,0.0315585259393262,35455.30832567683,35444.12268302594
1000,13,uniform,1700,0.0306607876564063,35454.99013021846,35444.12268302594
1000,13,uniform,1800,0.0285043230352795,35454.22579025253,35444.12268302594
1000,13,uniform,1900,0.026303731971003,35453.44581005596,35444.12268302594
1000,13,uniform,2000,0.0244016592107968,35452.77163705331,35444.12268302594
1000,13,uniform,2100,0.0227175168633367,35452.17470757352,35444.12268302594
1000,13,uniform,2200,0.02124432999602,35451.65254941292,35444.12268302594
1000,13,uniform,2300,0.0198588002003835,35451.16146053234,35444.12268302594
1000,13,uniform,2400,0.0187216758391635,35450.75841677869,35444.12268302594
1000,13,uniform,2500,0.0177577020422032,35450.416744723465,35444.12268302594
1000,13,uniform,2600,0.0168148822107815,35450.082570505736,35444.12268302594
1000,13,uniform,2700,0.0159303939505348,35449.76907140166,35444.12268302594
1000,13,uniform,2800,0.0151375406614339,35449.48805150917,35444.12268302594
1000,13,uniform,2900,0.0149806587448333,35449.432446090184,35444.12268302594
1000,13,uniform,3000,0.0151003685245503,35449.47487617137,35444.12268302594
1000,13,uniform,3100,0.0152575940270246,35449.53060337136,35444.12268302594
1000,13,uniform,3200,0.0153618723494755,35449.5675639079,35444.12268302594
1000,13,uniform,3300,0.0154522228244226,35449.59958784108,35444.12268302594
1000,13,uniform,3400,0.015541510174955,35449.631234959146,35444.12268302594
1000,13,uniform,3500,0.0155182602835752,35449.62299423912,35444.12268302594
1000,13,uniform,3600,0.0153408827490652,35449.56012432818,35444.12268302594
1000,13,uniform,3700,0.0151256745815021,35449.48384568124,35444.12268302594
1000,13,uniform,3800,0.0148275109987419,35449.37816421517,35444.12268302594
1000,13,uniform,3900,0.0138251305339135,35449.02287925347,35444.12268302594
1000,13,uniform,4000,0.0127857079571006,35448.65446504015,35444.12268302594
1000,13,uniform,4100,0.0122589158326307,35448.46774819327,35444.12268302594
1000,13,uniform,4200,0.0127613504514753,35448.64583173597,35444.12268302594
1000,13,uniform,4300,0.0131965211784862,35448.800074182334,35444.12268302594
1000,13,uniform,4400,0.0136209161544623,35448.95049725828,35444.12268302594
1000,13,uniform,4500,0.0140094266780956,35449.08820140491,35444.12268302594
1000,13,uniform,4600,0.0143743123952266,35449.217531946146,35444.12268302594
1000,13,uniform,4700,0.0147000517945766,35449.33298741848,35444.12268302594
1000,13,uniform,4800,0.0149974525177044,35449.438398495644,35444.12268302594
1000,13,uniform,4900,0.0152568624935616,35449.53034408574,35444.12268302594
1000,13,uniform,5000,0.0155108600234344,35449.62037128184,35444.12268302594
1000,13,uniform,5100,0.0157355938036553,35449.70002619861,35444.12268302594
1000,13,uniform,5200,0.0159759210135923,35449.78520806974,35444.12268302594
1000,13,uniform,5300,0.0161728794721375,35449.85501826742,35444.12268302594
1000,13,uniform,5400,0.0163780717619719,35449.92774687437,35444.12268302594
1000,13,uniform,5500,0.0161191284986286,35449.83596670643,35444.12268302594
1000,13,uniform,5600,0.0149827678929636,35449.433193659235,35444.12268302594
1000,13,uniform,5700,0.0143790459609966,35449.219209717005,35444.12268302594
1000,13,uniform,5800,0.0143448159161187,35449.2070771779,35444.12268302594
1000,13,uniform,5900,0.0144036676885444,35449.22793667232,35444.12268302594
1000,13,uniform,6000,0.0144635530011982,35449.24916249601,35444.12268302594
1000,13,uniform,6100,0.0144100816355279,35449.23021003956,35444.12268302594
1000,13,uniform,6200,0.014113503142935,35449.125090394795,35444.12268302594
1000,13,uniform,6300,0.0138196106205144,35449.02092276859,35444.12268302594
1000,13,uniform,6400,0.0135290147115084,35448.91792359809,35444.12268302594
1000,13,uniform,6500,0.0132688046322523,35448.82569441837,35444.12268302594
1000,13,uniform,6600,0.0130001791270255,35448.730482464736,35444.12268302594
1000,13,uniform,6700,0.0127438999113001,35448.6396465451,35444.12268302594
1000,13,uniform,6800,0.0126029753314981,35448.58969706415,35444.12268302594
1000,13,uniform,6900,0.0126892217232123,35448.62026634104,35444.12268302594
1000,13,uniform,7000,0.0129030130610616,35448.69604280511,35444.12268302594
1000,13,uniform,7100,0.0131174071475487,35448.77203290815,35444.12268302594
1000,13,uniform,7200,0.013324225198194,35448.84533775175,35444.12268302594
1000,13,uniform,7300,0.0135203837678577,35448.91486443584,35444.12268302594
1000,13,uniform,7400,0.0137055307519704,35448.98048816003,35444.12268302594
1000,13,uniform,7500,0.0138748731821441,35449.040510098734,35444.12268302594
1000,13,uniform,7600,0.0136406794828226,35448.95750219663,35444.12268302594
1000,13,uniform,7700,0.0128181197338601,35448.66595311007,35444.12268302594
1000,13,uniform,7800,0.0124329603507648,35448.5294367458,35444.12268302594
1000,13,uniform,7900,0.0121012873744066,35448.41187816915,35444.12268302594
1000,13,uniform,8000,0.0117962769982438,35448.30376991723,35444.12268302594
1000,13,uniform,8100,0.0114970365548005,35448.197706767336,35444.12268302594
1000,13,uniform,8200,0.0111990562804375,35448.09209027332,35444.12268302594
1000,13,uniform,8300,0.0109561118504175,35448.00598075149,35444.12268302594
1000,13,uniform,8400,0.0107868791247552,35447.94599769659,35444.12268302594
1000,13,uniform,8500,0.0108398767847314,35447.96478225221,35444.12268302594
1000,13,uniform,8600,0.0109557439426601,35448.005850349815,35444.12268302594
1000,13,uniform,8700,0.0110608866386989,35448.04311725599,35444.12268302594
1000,13,uniform,8800,0.0111686173735774,35448.08130146983,35444.12268302594
1000,13,uniform,8900,0.0111699106793733,35448.08175987072,35444.12268302594
1000,13,uniform,9000,0.0110044346797545,35448.023108354406,35444.12268302594
1000,13,uniform,9100,0.0108206050878449,35447.95795156832,35444.12268302594
1000,13,uniform,9200,0.0107387794311496,35447.92894918218,35444.12268302594
1000,13,uniform,9300,0.0099947327152758,35447.66522835138,35444.12268302594
1000,13,uniform,9400,0.00981709698569,35447.60226692546,35444.12268302594
1000,13,uniform,9500,0.0096473945192078,35447.542117375044,35444.12268302594
1000,13,uniform,9600,0.0094814249446913,35447.48329091544,35444.12268302594
1000,13,uniform,9700,0.0093151594796969,35447.42435958004,35444.12268302594
1000,13,uniform,9800,0.0091524296949874,35447.36668143551,35444.12268302594
1000,13,uniform,9900,0.0090548524646736,35447.332096042286,35444.12268302594
1000,13,uniform,10000,0.0091339283141477,35447.36012378339,35444.12268302594
1000,14,uniform,0,40.09767258821176,50354.34055225719,35942.31054805842
1000,14,uniform,100,5.029657939483532,37750.08582417267,35942.31054805842
1000,14,uniform,200,2.6860405881161458,36907.73559768602,35942.31054805842
1000,14,uniform,300,0.7514221773062907,36212.38904055283,35942.31054805842
1000,14,uniform,400,0.1500495673287482,35996.24182952374,35942.31054805842
1000,14,uniform,500,0.0463362322227058,35958.964860540174,35942.31054805842
1000,14,uniform,600,0.0342571816329715,35954.623370665955,35942.31054805842
1000,14,uniform,700,0.0234496644533381,35950.73889927872,35942.31054805842
1000,14,uniform,800,0.0162212705893638,35948.14084750849,35942.31054805842
1000,14,uniform,900,0.0133784453091964,35947.11907041795,35942.31054805842
1000,14,uniform,1000,0.0110503531284819,35946.28230029652,35942.31054805842
1000,14,uniform,1100,0.008321099346502,35945.30134342655,35942.31054805842
1000,14,uniform,1200,0.0056559174650238,35944.34341547804,35942.31054805842
1000,14,uniform,1300,0.0042655314460851,35943.8436786173,35942.31054805842
1000,14,uniform,1400,0.0040962580415275,35943.78283784456,35942.31054805842
1000,14,uniform,1500,0.0139934897975901,35947.34013161798,35942.31054805842
1000,14,uniform,1600,0.0240596423146489,35950.9581394159,35942.31054805842
1000,14,uniform,1700,0.0332778667685962,35954.27138227616,35942.31054805842
1000,14,uniform,1800,0.0294229765564946,35952.88584566484,35942.31054805842
1000,14,uniform,1900,0.0644449092320965,35965.473537467034,35942.31054805842
1000,14,uniform,2000,0.0721843159934934,35968.25525907979,35942.31054805842
1000,14,uniform,2100,0.0710801817888614,35967.8584077351,35942.31054805842
1000,14,uniform,2200,0.0692710374734035,35967.20815946697,35942.31054805842
1000,14,uniform,2300,0.0665142826824595,35966.21731809896,35942.31054805842
1000,14,uniform,2400,0.0642613731111701,35965.40757034448,35942.31054805842
1000,14,uniform,2500,0.0558018015763864,35962.367004872416,35942.31054805842
1000,14,uniform,2600,0.051559085232009,35960.84207458825,35942.31054805842
1000,14,uniform,2700,0.0545737145490631,35961.925602019255,35942.31054805842
1000,14,uniform,2800,0.0599633106476473,35963.862747386294,35942.31054805842
1000,14,uniform,2900,0.0645428133349626,35965.508726463726,35942.31054805842
1000,14,uniform,3000,0.0676474804580578,35966.62461556259,35942.31054805842
1000,14,uniform,3100,0.0699105260432598,35967.43800643467,35942.31054805842
1000,14,uniform,3200,0.0715667176901327,35968.03327997966,35942.31054805842
1000,14,uniform,3300,0.0731939204470805,35968.61813424781,35942.31054805842
1000,14,uniform,3400,0.0745375249626271,35969.101056755324,35942.31054805842
1000,14,uniform,3500,0.077834583834851,35970.28609589413,35942.31054805842
1000,14,uniform,3600,0.080399617276499,35971.20802817939,35942.31054805842
1000,14,uniform,3700,0.0790967264998534,35970.739739130346,35942.31054805842
1000,14,uniform,3800,0.0767377290874676,35969.891860954565,35942.31054805842
1000,14,uniform,3900,0.0722591191826394,35968.282145074336,35942.31054805842
1000,14,uniform,4000,0.0707687129176579,35967.74645862615,35942.31054805842
1000,14,uniform,4100,0.067865006813653,35966.702799560844,35942.31054805842
1000,14,uniform,4200,0.0655823334332907,35965.88235400568,35942.31054805842
1000,14,uniform,4300,0.0632501359124888,35965.04410833016,35942.31054805842
1000,14,uniform,4400,0.0609140162188589,35964.2044529351,35942.31054805842
1000,14,uniform,4500,0.0586380744125305,35963.38642686317,35942.31054805842
1000,14,uniform,4600,0.0562625714633485,35962.5326162161,35942.31054805842
1000,14,uniform,4700,0.0537352247209096,35961.62422940131,35942.31054805842
1000,14,uniform,4800,0.0516530570198644,35960.875850220065,35942.31054805842
1000,14,uniform,4900,0.0509993889755272,35960.640906821616,35942.31054805842
1000,14,uniform,5000,0.0480124746031766,35959.5673407821,35942.31054805842
1000,14,uniform,5100,0.0448297271233227,35958.42338779893,35942.31054805842
1000,14,uniform,5200,0.0456860743780599,35958.7311787886,35942.31054805842
1000,14,uniform,5300,0.0458844944556704,35958.802495549084,35942.31054805842
1000,14,uniform,5400,0.0446841817572428,35958.37107543147,35942.31054805842
1000,14,uniform,5500,0.0426714494395794,35957.64765293135,35942.31054805842
1000,14,uniform,5600,0.0432142826687375,35957.84275973633,35942.31054805842
1000,14,uniform,5700,0.0439451645042708,35958.1054555554,35942.31054805842
1000,14,uniform,5800,0.0474387901129594,35959.36114532106,35942.31054805842
1000,14,uniform,5900,0.0438423184681411,35958.06849031371,35942.31054805842
1000,14,uniform,6000,0.0399572812426837,35956.67211816923,35942.31054805842
1000,14,uniform,6100,0.0361473730996941,35955.30274915288,35942.31054805842
1000,14,uniform,6200,0.0323547415670037,35953.939589749454,35942.31054805842
1000,14,uniform,6300,0.0285670457672156,35952.57820436248,35942.31054805842
1000,14,uniform,6400,0.0314192084398001,35953.603337527595,35942.31054805842
1000,14,uniform,6500,0.0349598032822329,35954.87590912111,35942.31054805842
1000,14,uniform,6600,0.0385856456177414,35956.17912063332,35942.31054805842
1000,14,uniform,6700,0.0359150889821835,35955.21926087401,35942.31054805842
1000,14,uniform,6800,0.0329183450538459,35954.142161864955,35942.31054805842
1000,14,uniform,6900,0.0299162150053482,35953.06312695987,35942.31054805842
1000,14,uniform,7000,0.0278476558123871,35952.31963899086,35942.31054805842
1000,14,uniform,7100,0.0271763330146906,35952.078350066135,35942.31054805842
1000,14,uniform,7200,0.0275591889977377,35952.21595735251,35942.31054805842
1000,14,uniform,7300,0.0250281981560059,35951.306260764235,35942.31054805842
1000,14,uniform,7400,0.0227860051140559,35950.50036477801,35942.31054805842
1000,14,uniform,7500,0.0256572790155818,35951.53236696038,35942.31054805842
1000,14,uniform,7600,0.0317088437381252,35953.707439145976,35942.31054805842
1000,14,uniform,7700,0.0305397075347904,35953.28722458104,35942.31054805842
1000,14,uniform,7800,0.028274411045533,35952.47302468204,35942.31054805842
1000,14,uniform,7900,0.0253219223711034,35951.41183203378,35942.31054805842
1000,14,uniform,8000,0.0242384979898352,35951.02242427811,35942.31054805842
1000,14,uniform,8100,0.0243303641970719,35951.055443115605,35942.31054805842
1000,14,uniform,8200,0.0241951670441825,35951.00685013506,35942.31054805842
1000,14,uniform,8300,0.0247548881854511,35951.20802684586,35942.31054805842
1000,14,uniform,8400,0.0272945041741211,35952.120823511235,35942.31054805842
1000,14,uniform,8500,0.0298473268446178,35953.03836696321,35942.31054805842
1000,14,uniform,8600,0.0323213170597514,35953.92757620926,35942.31054805842
1000,14,uniform,8700,0.0340904453501804,35954.5634417934,35942.31054805842
1000,14,uniform,8800,0.0348051665854596,35954.820329119335,35942.31054805842
1000,14,uniform,8900,0.0355462029709063,35955.086674718266,35942.31054805842
1000,14,uniform,9000,0.0362402353182564,35955.336125979855,35942.31054805842
1000,14,uniform,9100,0.0369836258187,35955.60331770211,35942.31054805842
1000,14,uniform,9200,0.0377004340585355,35955.860955145705,35942.31054805842
1000,14,uniform,9300,0.03840752787025,35956.11510099938,35942.31054805842
1000,14,uniform,9400,0.0391209217972617,35956.371511260055,35942.31054805842
1000,14,uniform,9500,0.0398515481529759,35956.63411525377,35942.31054805842
1000,14,uniform,9600,0.0404225263501528,35956.83933801056,35942.31054805842
1000,14,uniform,9700,0.0416696882799006,35957.28759682439,35942.31054805842
1000,14,uniform,9800,0.042909287331744,35957.733137365154,35942.31054805842
1000,14,uniform,9900,0.0426839699258247,35957.6521530834,35942.31054805842
1000,14,uniform,10000,0.0410522334835332,35957.065669303985,35942.31054805842
1000,15,uniform,0,46.40364654936029,49386.62299890918,33733.19187255242
1000,15,uniform,100,5.180486748658722,35480.73540740962,33733.19187255242
1000,15,uniform,200,2.7156856629361235,34649.27932788606,33733.19187255242
1000,15,uniform,300,0.7282863442491438,33978.866102439584,33733.19187255242
1000,15,uniform,400,0.1231277304455945,33774.726786111954,33733.19187255242
1000,15,uniform,500,0.0283416740047395,33742.752423824335,33733.19187255242
1000,15,uniform,600,0.0191263988317521,33739.64381736865,33733.19187255242
1000,15,uniform,700,0.0168607241182326,33738.87953297033,33733.19187255242
1000,15,uniform,800,0.0155731549550659,33738.445194794025,33733.19187255242
1000,15,uniform,900,0.0143416832731419,33738.029780088706,33733.19187255242
1000,15,uniform,1000,0.0133103696464626,33737.68188508421,33733.19187255242
1000,15,uniform,1100,0.0122213704639083,33737.31453090047,33733.19187255242
1000,15,uniform,1200,0.0114030961704457,33737.03850086301,33733.19187255242
1000,15,uniform,1300,0.0106685187753986,33736.79070446089,33733.19187255242
1000,15,uniform,1400,0.0101251337238111,33736.60740333883,33733.19187255242
1000,15,uniform,1500,0.0096307049453489,33736.44061673032,33733.19187255242
1000,15,uniform,1600,0.0091980105687952,33736.29465510605,33733.19187255242
1000,15,uniform,1700,0.0088588087835889,33736.18023151701,33733.19187255242
1000,15,uniform,1800,0.0085555566624979,33736.07793489715,33733.19187255242
1000,15,uniform,1900,0.0082772739767337,33735.98406126481,33733.19187255242
1000,15,uniform,2000,0.0080222675455941,33735.89803945611,33733.19187255242
1000,15,uniform,2100,0.0077494559468933,33735.80601139607,33733.19187255242
1000,15,uniform,2200,0.0075404951539596,33735.73552225085,33733.19187255242
1000,15,uniform,2300,0.0073103808319792,33735.65789734509,33733.19187255242
1000,15,uniform,2400,0.007093772501874,33735.58482844148,33733.19187255242
1000,15,uniform,2500,0.0069103808444447,33735.5229645818,33733.19187255242
1000,15,uniform,2600,0.0067570173060177,33735.47123016512,33733.19187255242
1000,15,uniform,2700,0.0065752666888841,33735.40991988072,33733.19187255242
1000,15,uniform,2800,0.006415961426793,33735.35618113099,33733.19187255242
1000,15,uniform,2900,0.0062649729747833,33735.30524790677,33733.19187255242
1000,15,uniform,3000,0.006129625752525,33735.25959096859,33733.19187255242
1000,15,uniform,3100,0.005993996121638,33735.21383876497,33733.19187255242
1000,15,uniform,3200,0.0059774600956194,33735.20826063558,33733.19187255242
1000,15,uniform,3300,0.0059583083077462,33735.20180012623,33733.19187255242
1000,15,uniform,3400,0.0059785863216065,33735.20864054756,33733.19187255242
1000,15,uniform,3500,0.0058833017533644,33735.17649802133,33733.19187255242
1000,15,uniform,3600,0.0057922022335124,33735.1457672455,33733.19187255242
1000,15,uniform,3700,0.0056944044339156,33735.112776926115,33733.19187255242
1000,15,uniform,3800,0.0056050715144829,33735.082642081,33733.19187255242
1000,15,uniform,3900,0.0055206367982804,33735.05415955617,33733.19187255242
1000,15,uniform,4000,0.0054372413141581,33735.0260275975,33733.19187255242
1000,15,uniform,4100,0.0053679926724172,33735.002667820314,33733.19187255242
1000,15,uniform,4200,0.0053016252628317,33734.9802799747,33733.19187255242
1000,15,uniform,4300,0.0052354818472656,33734.95796768941,33733.19187255242
1000,15,uniform,4400,0.0051582789770633,33734.93192469708,33733.19187255242
1000,15,uniform,4500,0.0050882305034475,33734.90829511107,33733.19187255242
1000,15,uniform,4600,0.0050126184832643,33734.88278876322,33733.19187255242
1000,15,uniform,4700,0.0049438280948311,33734.8595835695,33733.19187255242
1000,15,uniform,4800,0.0048757883013736,33734.836631575425,33733.19187255242
1000,15,uniform,4900,0.0048087363058061,33734.814012797106,33733.19187255242
1000,15,uniform,5000,0.0047404607742804,33734.790981281054,33733.19187255242
1000,15,uniform,5100,0.0046719236538198,33734.767861522705,33733.19187255242
1000,15,uniform,5200,0.0046176851339295,33734.74956513872,33733.19187255242
1000,15,uniform,5300,0.0045621464471298,33734.73083016694,33733.19187255242
1000,15,uniform,5400,0.0045078023268911,33734.71249816059,33733.19187255242
1000,15,uniform,5500,0.0044577846022414,33734.69562558556,33733.19187255242
1000,15,uniform,5600,0.0044042092717947,33734.677552916546,33733.19187255242
1000,15,uniform,5700,0.0043519446526957,33734.659922392304,33733.19187255242
1000,15,uniform,5800,0.0043091700518997,33734.645493154145,33733.19187255242
1000,15,uniform,5900,0.004259145902948,33734.628618412,33733.19187255242
1000,15,uniform,6000,0.0042117335704678,33734.61262471891,33733.19187255242
1000,15,uniform,6100,0.0041707958277516,33734.59881511161,33733.19187255242
1000,15,uniform,6200,0.0041231128905676,33734.58273013492,33733.19187255242
1000,15,uniform,6300,0.0040722783574084,33734.56558202431,33733.19187255242
1000,15,uniform,6400,0.0040143916312391,33734.546054983904,33733.19187255242
1000,15,uniform,6500,0.0039601126707742,33734.527744958024,33733.19187255242
1000,15,uniform,6600,0.0039051660575864,33734.50920971157,33733.19187255242
1000,15,uniform,6700,0.0038480689758446,33734.48994904343,33733.19187255242
1000,15,uniform,6800,0.003795377062027,33734.47217437904,33733.19187255242
1000,15,uniform,6900,0.003758944255203,33734.45988443041,33733.19187255242
1000,15,uniform,7000,0.0037234800872694,33734.4479212346,33733.19187255242
1000,15,uniform,7100,0.0036909378280322,33734.43694369185,33733.19187255242
1000,15,uniform,7200,0.0036558846798266,33734.42511914611,33733.19187255242
1000,15,uniform,7300,0.0036441177056535,33734.42114977013,33733.19187255242
1000,15,uniform,7400,0.003665311940532,33734.42829926205,33733.19187255242
1000,15,uniform,7500,0.0036886352928938,33734.43616697325,33733.19187255242
1000,15,uniform,7600,0.0036999615258692,33734.439987673155,33733.19187255242
1000,15,uniform,7700,0.0036630439571847,33734.42753419888,33733.19187255242
1000,15,uniform,7800,0.003626961767625,33734.41536252464,33733.19187255242
1000,15,uniform,7900,0.0035961863648544,33734.404980998974,33733.19187255242
1000,15,uniform,8000,0.0035673243506458,33734.39524492034,33733.19187255242
1000,15,uniform,8100,0.00353168250209,33734.38322178718,33733.19187255242
1000,15,uniform,8200,0.0035039099464744,33734.37385321771,33733.19187255242
1000,15,uniform,8300,0.0034721854602753,33734.36315153591,33733.19187255242
1000,15,uniform,8400,0.003443000616707,33734.35330655663,33733.19187255242
1000,15,uniform,8500,0.0034134027993766,33734.34332226812,33733.19187255242
1000,15,uniform,8600,0.0033835642829692,33734.33325678413,33733.19187255242
1000,15,uniform,8700,0.0033586442447355,33734.324850459816,33733.19187255242
1000,15,uniform,8800,0.0033328294228308,33734.31614229641,33733.19187255242
1000,15,uniform,8900,0.0033406676473951,33734.31878637974,33733.19187255242
1000,15,uniform,9000,0.0033583947369533,33734.32476629288,33733.19187255242
1000,15,uniform,9100,0.0033748243406669,33734.33030852262,33733.19187255242
1000,15,uniform,9200,0.0033939427886108,33734.33675778535,33733.19187255242
1000,15,uniform,9300,0.0033832158582291,33734.33313924934,33733.19187255242
1000,15,uniform,9400,0.0033495392977148,33734.32177907057,33733.19187255242
1000,15,uniform,9500,0.0033119292089068,33734.30909198715,33733.19187255242
1000,15,uniform,9600,0.0032906421006556,33734.30191116608,33733.19187255242
1000,15,uniform,9700,0.0032989874953624,33734.304726334085,33733.19187255242
1000,15,uniform,9800,0.0032823910696624,33734.29912782996,33733.19187255242
1000,15,uniform,9900,0.003261971717166,33734.2922397306,33733.19187255242
1000,15,uniform,10000,0.0032396739109018,33734.28471796883,33733.19187255242
1000,16,uniform,0,35.29012764737126,48600.28586547138,35923.009838638216
1000,16,uniform,100,4.530503857006642,37550.5031849306,35923.009838638216
1000,16,uniform,200,2.153047284869202,36696.44922661231,35923.009838638216
1000,16,uniform,300,0.5527612084635908,36121.57830193877,35923.009838638216
1000,16,uniform,400,0.0986949551654314,35958.46403709253,35923.009838638216
1000,16,uniform,500,0.0378217994835806,35936.59656738785,35923.009838638216
1000,16,uniform,600,0.0093828438210093,35926.38043854718,35923.009838638216
1000,16,uniform,700,0.0083988888502773,35926.02697230624,35923.009838638216
1000,16,uniform,800,0.0096031109515306,35926.45956513015,35923.009838638216
1000,16,uniform,900,0.0102842649508849,35926.704256148354,35923.009838638216
1000,16,uniform,1000,0.0158276083159013,35928.69559193076,35923.009838638216
1000,16,uniform,1100,0.0326715291204692,35934.7464352586,35923.009838638216
1000,16,uniform,1200,0.0439855886473422,35938.810785975584,35923.009838638216
1000,16,uniform,1300,0.0611133979113278,35944.96361058263,35923.009838638216
1000,16,uniform,1400,0.0522896691103128,35941.793861617305,35923.009838638216
1000,16,uniform,1500,0.0442879126486474,35938.91938985632,35923.009838638216
1000,16,uniform,1600,0.0378485148569384,35936.60616435405,35923.009838638216
1000,16,uniform,1700,0.0342260624606183,35935.30487042332,35923.009838638216
1000,16,uniform,1800,0.0314945854670783,35934.32364167419,35923.009838638216
1000,16,uniform,1900,0.0222312299266429,35930.995965552014,35923.009838638216
1000,16,uniform,2000,0.0151123306590947,35928.43864266773,35923.009838638216
1000,16,uniform,2100,0.0075170450240898,35925.710187461795,35923.009838638216
1000,16,uniform,2200,0.0038069663435891,35924.37741553238,35923.009838638216
1000,16,uniform,2300,0.000817592052193,35923.303542311565,35923.009838638216
1000,16,uniform,2400,0.0021396343623855,35923.77845970073,35923.009838638216
1000,16,uniform,2500,0.0032532164294622,35924.178491896244,35923.009838638216
1000,16,uniform,2600,0.0042540343243495,35924.53801580709,35923.009838638216
1000,16,uniform,2700,0.003301284916365,35924.19575954352,35923.009838638216
1000,16,uniform,2800,0.0024335897163438,35923.88405731145,35923.009838638216
1000,16,uniform,2900,0.001650371404581,35923.60270172026,35923.009838638216
1000,16,uniform,3000,0.0008864274283515,35923.328270050515,35923.009838638216
1000,16,uniform,3100,0.0020303289847331,35923.73919391916,35923.009838638216
1000,16,uniform,3200,0.0042158374714704,35924.52429434787,35923.009838638216
1000,16,uniform,3300,0.0063378297956414,35925.28657785926,35923.009838638216
1000,16,uniform,3400,0.008299242526935,35925.9911763477,35923.009838638216
1000,16,uniform,3500,0.0098378922287903,35926.54390563148,35923.009838638216
1000,16,uniform,3600,0.0114039826186264,35927.1064924363,35923.009838638216
1000,16,uniform,3700,0.0119887296601025,35927.31655117354,35923.009838638216
1000,16,uniform,3800,0.0137333387381677,35927.9432672643,35923.009838638216
1000,16,uniform,3900,0.0154276583251719,35928.55191785624,35923.009838638216
1000,16,uniform,4000,0.0176909836047184,35929.36497241909,35923.009838638216
1000,16,uniform,4100,0.0192765090342814,35929.93454087515,35923.009838638216
1000,16,uniform,4200,0.020840339043556,35930.49631568324,35923.009838638216
1000,16,uniform,4300,0.0221074024133245,35930.95148298222,35923.009838638216
1000,16,uniform,4400,0.0231157270388842,35931.31370353667,35923.009838638216
1000,16,uniform,4500,0.0228127096072495,35931.20485055489,35923.009838638216
1000,16,uniform,4600,0.0227147046975691,35931.16964424154,35923.009838638216
1000,16,uniform,4700,0.0222882271783287,35931.016440680345,35923.009838638216
1000,16,uniform,4800,0.0218877592526996,35930.87258054802,35923.009838638216
1000,16,uniform,4900,0.0215955544905042,35930.76761180255,35923.009838638216
1000,16,uniform,5000,0.0212495851202082,35930.64332919162,35923.009838638216
1000,16,uniform,5100,0.0209025451634364,35930.5186619938,35923.009838638216
1000,16,uniform,5200,0.0207219071348012,35930.453771377004,35923.009838638216
1000,16,uniform,5300,0.0210117120460495,35930.557878023785,35923.009838638216
1000,16,uniform,5400,0.0214425898541036,35930.712662301165,35923.009838638216
1000,16,uniform,5500,0.020790086314168,35930.47826339032,35923.009838638216
1000,16,uniform,5600,0.0203921275306062,35930.33530461734,35923.009838638216
1000,16,uniform,5700,0.0199285315725039,35930.1687669957,35923.009838638216
1000,16,uniform,5800,0.0196636621187018,35930.073617915754,35923.009838638216
1000,16,uniform,5900,0.0192756501872083,35929.93423235143,35923.009838638216
1000,16,uniform,6000,0.0189579549038239,35929.82010664352,35923.009838638216
1000,16,uniform,6100,0.018636214415233,35929.70452777615,35923.009838638216
1000,16,uniform,6200,0.0184022381110945,35929.620476445394,35923.009838638216
1000,16,uniform,6300,0.0182494127473773,35929.56557697495,35923.009838638216
1000,16,uniform,6400,0.018061353816395,35929.49802054667,35923.009838638216
1000,16,uniform,6500,0.0178090451912726,35929.407383694444,35923.009838638216
1000,16,uniform,6600,0.0175290657245813,35929.30680664308,35923.009838638216
1000,16,uniform,6700,0.017335607906784,35929.23731077216,35923.009838638216
1000,16,uniform,6800,0.0170858747522177,35929.14759910647,35923.009838638216
1000,16,uniform,6900,0.0168858578419468,35929.07574701212,35923.009838638216
1000,16,uniform,7000,0.0157485647045742,35928.667197086485,35923.009838638216
1000,16,uniform,7100,0.0154660526054344,35928.565710237315,35923.009838638216
1000,16,uniform,7200,0.0153063401960408,35928.508336732775,35923.009838638216
1000,16,uniform,7300,0.0154012493457222,35928.54243095595,35923.009838638216
1000,16,uniform,7400,0.0161340148986017,35928.80566239761,35923.009838638216
1000,16,uniform,7500,0.0173968904714473,35929.25932531389,35923.009838638216
1000,16,uniform,7600,0.0174861601696054,35929.29139367634,35923.009838638216
1000,16,uniform,7700,0.01758494347693,35929.32687961355,35923.009838638216
1000,16,uniform,7800,0.0178665818467782,35929.42805259286,35923.009838638216
1000,16,uniform,7900,0.0186003192616868,35929.69163315661,35923.009838638216
1000,16,uniform,8000,0.0184196481642049,35929.626730660486,35923.009838638216
1000,16,uniform,8100,0.0181788431325222,35929.54022624526,35923.009838638216
1000,16,uniform,8200,0.0180649867259091,35929.49932559711,35923.009838638216
1000,16,uniform,8300,0.0179116198745278,35929.444231608,35923.009838638216
1000,16,uniform,8400,0.0177380011122285,35929.38186252294,35923.009838638216
1000,16,uniform,8500,0.0176788848144721,35929.36062616948,35923.009838638216
1000,16,uniform,8600,0.0175719161901037,35929.322199820024,35923.009838638216
1000,16,uniform,8700,0.0171049912235558,35929.15446631835,35923.009838638216
1000,16,uniform,8800,0.0181007865250826,35929.51218596249,35923.009838638216
1000,16,uniform,8900,0.0181354773070913,35929.52464793553,35923.009838638216
1000,16,uniform,9000,0.0194928925810671,35930.01227235795,35923.009838638216
1000,16,uniform,9100,0.0192850853342785,35929.93762174024,35923.009838638216
1000,16,uniform,9200,0.0193076184472896,35929.94571631264,35923.009838638216
1000,16,uniform,9300,0.0194475413376768,35929.99598082632,35923.009838638216
1000,16,uniform,9400,0.0195772709814895,35930.04258361903,35923.009838638216
1000,16,uniform,9500,0.019649681867259,35930.06859578865,35923.009838638216
1000,16,uniform,9600,0.019708649145938,35930.089778609974,35923.009838638216
1000,16,uniform,9700,0.0198081767135845,35930.12553190789,35923.009838638216
1000,16,uniform,9800,0.0199204722049397,35930.1658718283,35923.009838638216
1000,16,uniform,9900,0.0199958919729665,35930.19296487899,35923.009838638216
1000,16,uniform,10000,0.0200632261610916,35930.21715334601,35923.009838638216
1000,17,uniform,0,47.34147174909215,52385.8083052316,35554.01455093337
1000,17,uniform,100,4.467960453880697,37142.55386083606,35554.01455093337
1000,17,uniform,200,2.698892994487589,36513.579358907606,35554.01455093337
1000,17,uniform,300,0.8728887943667899,35864.361559896,35554.01455093337
1000,17,uniform,400,0.2499752651450563,35642.890793076775,35554.01455093337
1000,17,uniform,500,0.1545869386409684,35608.97641359162,35554.01455093337
1000,17,uniform,600,0.1330120776064128,35601.30568436005,35554.01455093337
1000,17,uniform,700,0.1191541041065698,35596.37861844545,35554.01455093337
1000,17,uniform,800,0.1103793550105136,35593.25884287503,35554.01455093337
1000,17,uniform,900,0.1016930279988517,35590.17050490536,35554.01455093337
1000,17,uniform,1000,0.0955133852540242,35587.97339382467,35554.01455093337
1000,17,uniform,1100,0.0887998924986525,35585.58647763355,35554.01455093337
1000,17,uniform,1200,0.0838308326496266,35583.819777371784,35554.01455093337
1000,17,uniform,1300,0.0783705061655832,35581.87841209912,35554.01455093337
1000,17,uniform,1400,0.0740623064183077,35580.34667413409,35554.01455093337
1000,17,uniform,1500,0.0692039480729198,35578.61933270103,35554.01455093337
1000,17,uniform,1600,0.0654918893097469,35577.29954678824,35554.01455093337
1000,17,uniform,1700,0.0612533316108358,35575.792569367215,35554.01455093337
1000,17,uniform,1800,0.0576198040777242,35574.50070445938,35554.01455093337
1000,17,uniform,1900,0.0538326175449837,35573.15420760846,35554.01455093337
1000,17,uniform,2000,0.0504701198363924,35571.95870468387,35554.01455093337
1000,17,uniform,2100,0.0471208045943587,35570.76788865536,35554.01455093337
1000,17,uniform,2200,0.0440997272477745,35569.69377437596,35554.01455093337
1000,17,uniform,2300,0.0411417296052579,35568.642087463726,35554.01455093337
1000,17,uniform,2400,0.0383110100920411,35567.6356530361,35554.01455093337
1000,17,uniform,2500,0.0354924784715798,35566.63355189364,35554.01455093337
1000,17,uniform,2600,0.0320637841690858,35565.41451342242,35554.01455093337
1000,17,uniform,2700,0.0291681437134023,35564.38499699347,35554.01455093337
1000,17,uniform,2800,0.0264533531207378,35563.419779951124,35554.01455093337
1000,17,uniform,2900,0.0242241950983232,35562.62722478347,35554.01455093337
1000,17,uniform,3000,0.022076417708739,35561.86360369786,35554.01455093337
1000,17,uniform,3100,0.0202824754689778,35561.2257852129,35554.01455093337
1000,17,uniform,3200,0.0185463912762313,35560.60853758639,35554.01455093337
1000,17,uniform,3300,0.0171752136667806,35560.12102889961,35554.01455093337
1000,17,uniform,3400,0.015822547662675,35559.64010183168,35554.01455093337
1000,17,uniform,3500,0.0146718202063803,35559.23097202443,35554.01455093337
1000,17,uniform,3600,0.0136100592646924,35558.85347338473,35554.01455093337
1000,17,uniform,3700,0.0126760607709427,35558.52139942435,35554.01455093337
1000,17,uniform,3800,0.011891795210153,35558.24256153275,35554.01455093337
1000,17,uniform,3900,0.0111010584467432,35557.96142286883,35554.01455093337
1000,17,uniform,4000,0.0104943456290096,35557.74571210533,35554.01455093337
1000,17,uniform,4100,0.0098383231038081,35557.51246976126,35554.01455093337
1000,17,uniform,4200,0.0093532909238922,35557.34002134944,35554.01455093337
1000,17,uniform,4300,0.0088403956498492,35557.157666489074,35554.01455093337
1000,17,uniform,4400,0.0084566351005703,35557.02122420754,35554.01455093337
1000,17,uniform,4500,0.0080561950212552,35556.87885168348,35554.01455093337
1000,17,uniform,4600,0.0077371032161728,35556.765401736666,35554.01455093337
1000,17,uniform,4700,0.0074421658095452,35556.6605396482,35554.01455093337
1000,17,uniform,4800,0.0071477513842486,35556.55586350059,35554.01455093337
1000,17,uniform,4900,0.0069642190290111,35556.4906103803,35554.01455093337
1000,17,uniform,5000,0.0067356811615581,35556.40935599365,35554.01455093337
1000,17,uniform,5100,0.0066350683648274,35556.37358410526,35554.01455093337
1000,17,uniform,5200,0.0065412954945037,35556.3402440853,35554.01455093337
1000,17,uniform,5300,0.0064432601780582,35556.30538859463,35554.01455093337
1000,17,uniform,5400,0.0063486859762395,35556.27176366915,35554.01455093337
1000,17,uniform,5500,0.0062754342779108,35556.24571974967,35554.01455093337
1000,17,uniform,5600,0.0061969670209348,35556.21782148971,35554.01455093337
1000,17,uniform,5700,0.0061236066923822,35556.19173894782,35554.01455093337
1000,17,uniform,5800,0.0060416803009261,35556.16261082668,35554.01455093337
1000,17,uniform,5900,0.005985411426016,35556.142604982706,35554.01455093337
1000,17,uniform,6000,0.0059075227519745,35556.114912432204,35554.01455093337
1000,17,uniform,6100,0.005848399252712,35556.09389165467,35554.01455093337
1000,17,uniform,6200,0.0057999645370516,35556.07667116882,35554.01455093337
1000,17,uniform,6300,0.0057589594340636,35556.062092208536,35554.01455093337
1000,17,uniform,6400,0.0057263009926363,35556.05048082152,35554.01455093337
1000,17,uniform,6500,0.0056808581372846,35556.034324062115,35554.01455093337
1000,17,uniform,6600,0.00563568588333,35556.01826351237,35554.01455093337
1000,17,uniform,6700,0.0055967919808267,35556.004435168616,35554.01455093337
1000,17,uniform,6800,0.0055539303214617,35555.98919612801,35554.01455093337
1000,17,uniform,6900,0.0055210176846932,35555.97749436434,35554.01455093337
1000,17,uniform,7000,0.0054804570408658,35555.963073427134,35554.01455093337
1000,17,uniform,7100,0.0054553438320316,35555.95414467321,35554.01455093337
1000,17,uniform,7200,0.0054119870948284,35555.93872961256,35554.01455093337
1000,17,uniform,7300,0.0053824158872645,35555.92821586112,35554.01455093337
1000,17,uniform,7400,0.0053464200056377,35555.915417880125,35554.01455093337
1000,17,uniform,7500,0.0053117557631956,35555.90309335032,35554.01455093337
1000,17,uniform,7600,0.0052787926503257,35555.89137364038,35554.01455093337
1000,17,uniform,7700,0.005262044990963,35555.88541917513,35554.01455093337
1000,17,uniform,7800,0.0052115588860956,35555.86746933806,35554.01455093337
1000,17,uniform,7900,0.0051704715561842,35555.852861142805,35554.01455093337
1000,17,uniform,8000,0.0051326068045368,35555.839398703494,35554.01455093337
1000,17,uniform,8100,0.0050949375946307,35555.82600578712,35554.01455093337
1000,17,uniform,8200,0.0050563666237726,35555.81229225853,35554.01455093337
1000,17,uniform,8300,0.0050191965751332,35555.79907681403,35554.01455093337
1000,17,uniform,8400,0.004990590984263,35555.78890637809,35554.01455093337
1000,17,uniform,8500,0.0049706199948313,35555.7818058896,35554.01455093337
1000,17,uniform,8600,0.0049483709286423,35555.77389545337,35554.01455093337
1000,17,uniform,8700,0.0049199959259209,35555.763807000774,35554.01455093337
1000,17,uniform,8800,0.0048826371894141,35555.75052447016,35554.01455093337
1000,17,uniform,8900,0.0048659627830383,35555.74459604929,35554.01455093337
1000,17,uniform,9000,0.0048370437558953,35555.73431417417,35554.01455093337
1000,17,uniform,9100,0.0047921077377644,35555.71833761575,35554.01455093337
1000,17,uniform,9200,0.0047562577918266,35555.70559152075,35554.01455093337
1000,17,uniform,9300,0.0047205488706869,35555.692895565735,35554.01455093337
1000,17,uniform,9400,0.0046821832078519,35555.67925503239,35554.01455093337
1000,17,uniform,9500,0.0046453454084754,35555.66615771584,35554.01455093337
1000,17,uniform,9600,0.0046173557164213,35555.65620625665,35554.01455093337
1000,17,uniform,9700,0.0045845885839497,35555.644556225605,35554.01455093337
1000,17,uniform,9800,0.0045479198171308,35555.631519006914,35554.01455093337
1000,17,uniform,9900,0.0045146236954779,35555.61968089898,35554.01455093337
1000,17,uniform,10000,0.0044839506688858,35555.60877540664,35554.01455093337
1000,18,uniform,0,34.12923960588457,40431.563548976446,30143.735749026506
1000,18,uniform,100,7.850432284891695,32510.14931214052,30143.735749026506
1000,18,uniform,200,3.8719503261774144,31310.886223682995,30143.735749026506
1000,18,uniform,300,1.0693678549702847,30466.08316941378,30143.735749026506
1000,18,uniform,400,0.1899678616172675,30200.99915924049,30143.735749026506
1000,18,uniform,500,0.1079377889966253,30176.27223091499,30143.735749026506
1000,18,uniform,600,0.0889160162505475,30170.538358003632,30143.735749026506
1000,18,uniform,700,0.0747817724094888,30166.27776889006,30143.735749026506
1000,18,uniform,800,0.0689029388467625,30164.505668835787,30143.735749026506
1000,18,uniform,900,0.0641739306565427,30163.080169103378,30143.735749026506
1000,18,uniform,1000,0.0494587152962038,30158.644453470257,30143.735749026506
1000,18,uniform,1100,0.0248158092086002,30151.21616097833,30143.735749026506
1000,18,uniform,1200,0.0162524827759233,30148.634854487136,30143.735749026506
1000,18,uniform,1300,0.0227938843992977,30150.60667730677,30143.735749026506
1000,18,uniform,1400,0.0156123367213322,30148.441890552032,30143.735749026506
1000,18,uniform,1500,0.0155346122149463,30148.41846148221,30143.735749026506
1000,18,uniform,1600,0.0150485815695119,30148.2719536888,30143.735749026506
1000,18,uniform,1700,0.0110693379781285,30147.0724610158,30143.735749026506
1000,18,uniform,1800,0.0118487811564137,30147.307414307776,30143.735749026506
1000,18,uniform,1900,0.0116055563659256,30147.23409726965,30143.735749026506
1000,18,uniform,2000,0.0148201862143906,30148.203106796485,30143.735749026506
1000,18,uniform,2100,0.0095662014368814,30146.61935950886,30143.735749026506
1000,18,uniform,2200,0.0101733136989676,30146.80236582484,30143.735749026506
1000,18,uniform,2300,0.0073323803165941,30145.946002373254,30143.735749026506
1000,18,uniform,2400,0.009967978200627,30146.740470034823,30143.735749026506
1000,18,uniform,2500,0.012617918079949,30147.539260909554,30143.735749026506
1000,18,uniform,2600,0.0150563388379332,30148.27429201929,30143.735749026506
1000,18,uniform,2700,0.0165458849881637,30148.72329687468,30143.735749026506
1000,18,uniform,2800,0.0165889816987141,30148.73628783322,30143.735749026506
1000,18,uniform,2900,0.016027881759442,30148.56715135024,30143.735749026506
1000,18,uniform,3000,0.0109207500865271,30147.0276710744,30143.735749026506
1000,18,uniform,3100,0.0106928279495336,30146.95896682771,30143.735749026506
1000,18,uniform,3200,0.0111182421059359,30147.087202546856,30143.735749026506
1000,18,uniform,3300,0.0095198947343372,30146.60540093881,30143.735749026506
1000,18,uniform,3400,0.0106544405537758,30146.947395432573,30143.735749026506
1000,18,uniform,3500,0.0129903663974913,30147.6515307462,30143.735749026506
1000,18,uniform,3600,0.0165794282211886,30148.7334080582,30143.735749026506
1000,18,uniform,3700,0.0322975807056578,30153.471446407748,30143.735749026506
1000,18,uniform,3800,0.0407776190692188,30156.02764676348,30143.735749026506
1000,18,uniform,3900,0.0395037420350631,30155.64365263653,30143.735749026506
1000,18,uniform,4000,0.0406524569831906,30155.989918235005,30143.735749026506
1000,18,uniform,4100,0.0448505648165704,30157.25538476676,30143.735749026506
1000,18,uniform,4200,0.0333359895464211,30153.784461624706,30143.735749026506
1000,18,uniform,4300,0.0335203304584139,30153.84002886209,30143.735749026506
1000,18,uniform,4400,0.0356514168236773,30154.48241790462,30143.735749026506
1000,18,uniform,4500,0.0378057534652767,30155.131815449007,30143.735749026506
1000,18,uniform,4600,0.0387773855826035,30155.424701666907,30143.735749026506
1000,18,uniform,4700,0.0409235908278858,30156.07164810468,30143.735749026506
1000,18,uniform,4800,0.0501038654468697,30158.838925826854,30143.735749026506
1000,18,uniform,4900,0.050712644327241,30159.022434523853,30143.735749026506
1000,18,uniform,5000,0.0544583845039227,30160.15154054456,30143.735749026506
1000,18,uniform,5100,0.0637820821698697,30162.96205133102,30143.735749026506
1000,18,uniform,5200,0.0721348965103284,30165.479901613413,30143.735749026506
1000,18,uniform,5300,0.0671600180882642,30163.98028740803,30143.735749026506
1000,18,uniform,5400,0.0733934091489128,30165.85926433756,30143.735749026506
1000,18,uniform,5500,0.0785825211821223,30167.423456556568,30143.735749026506
1000,18,uniform,5600,0.0823757392650781,30168.56687419188,30143.735749026506
1000,18,uniform,5700,0.0913046352613367,30171.258377006296,30143.735749026506
1000,18,uniform,5800,0.0899886041168753,30170.86167605573,30143.735749026506
1000,18,uniform,5900,0.0874166130856754,30170.0863818758,30143.735749026506
1000,18,uniform,6000,0.0863050884492283,30169.751326826605,30143.735749026506
1000,18,uniform,6100,0.0828099443366984,30168.69775982128,30143.735749026506
1000,18,uniform,6200,0.0853543333962023,30169.4647337358,30143.735749026506
1000,18,uniform,6300,0.0873874472548211,30170.07759020482,30143.735749026506
1000,18,uniform,6400,0.0862613756040925,30169.73815014208,30143.735749026506
1000,18,uniform,6500,0.0905025805020722,30171.0166077391,30143.735749026506
1000,18,uniform,6600,0.0918726666168863,30171.429602877084,30143.735749026506
1000,18,uniform,6700,0.0947955889074796,30172.31068084851,30143.735749026506
1000,18,uniform,6800,0.0871976100167611,30170.020366169425,30143.735749026506
1000,18,uniform,6900,0.0848409536676786,30169.309981907045,30143.735749026506
1000,18,uniform,7000,0.0831207837952422,30168.791458446263,30143.735749026506
1000,18,uniform,7100,0.0822606306152886,30168.53217614466,30143.735749026506
1000,18,uniform,7200,0.080342537739791,30167.95399129685,30143.735749026506
1000,18,uniform,7300,0.0758182967604084,30166.590216051376,30143.735749026506
1000,18,uniform,7400,0.0700635880400332,30164.85553186158,30143.735749026506
1000,18,uniform,7500,0.072618054068361,30165.62554335096,30143.735749026506
1000,18,uniform,7600,0.075455080437506,30166.480729082803,30143.735749026506
1000,18,uniform,7700,0.0730895930544462,30165.76768281688,30143.735749026506
1000,18,uniform,7800,0.0730813398171995,30165.76519498285,30143.735749026506
1000,18,uniform,7900,0.0704009795504144,30164.95723426691,30143.735749026506
1000,18,uniform,8000,0.0695355765693298,30164.696369479127,30143.735749026506
1000,18,uniform,8100,0.0699400069460768,30164.818279903186,30143.735749026506
1000,18,uniform,8200,0.0711465456379167,30165.18197573816,30143.735749026506
1000,18,uniform,8300,0.0756245667900982,30166.53181860106,30143.735749026506
1000,18,uniform,8400,0.0785586361911087,30167.416256727996,30143.735749026506
1000,18,uniform,8500,0.0822559586494599,30168.530767839628,30143.735749026506
1000,18,uniform,8600,0.0851983035394074,30169.41770050808,30143.735749026506
1000,18,uniform,8700,0.0852745798799131,30169.4406930466,30143.735749026506
1000,18,uniform,8800,0.0876718009644052,30170.16330503563,30143.735749026506
1000,18,uniform,8900,0.0880300183007165,30170.271285122893,30143.735749026506
1000,18,uniform,9000,0.0894222959083156,30170.69096960582,30143.735749026506
1000,18,uniform,9100,0.090938060773562,30171.147877761377,30143.735749026506
1000,18,uniform,9200,0.0888907389764862,30170.53073848893,30143.735749026506
1000,18,uniform,9300,0.0875562750170837,30170.128481199343,30143.735749026506
1000,18,uniform,9400,0.0859132635238762,30169.633216156508,30143.735749026506
1000,18,uniform,9500,0.0872927709588756,30170.049051232352,30143.735749026506
1000,18,uniform,9600,0.0852868814903726,30169.44440121155,30143.735749026506
1000,18,uniform,9700,0.0849100289355033,30169.33080377325,30143.735749026506
1000,18,uniform,9800,0.0819044064860592,30168.424796884472,30143.735749026506
1000,18,uniform,9900,0.0828781810081058,30168.71832890319,30143.735749026506
1000,18,uniform,10000,0.0819564587223257,30168.440487373024,30143.735749026506
1000,19,uniform,0,51.68834984322061,57847.952804168,38136.05518417036
1000,19,uniform,100,4.40864788390629,39817.33957405262,38136.05518417036
1000,19,uniform,200,2.805002935450441,39205.772651551335,38136.05518417036
1000,19,uniform,300,0.8481242955084412,38459.49633353581,38136.05518417036
1000,19,uniform,400,0.0987986758399029,38173.73310170989,38136.05518417036
1000,19,uniform,500,0.0178003816612547,38142.843547543685,38136.05518417036
1000,19,uniform,600,0.0152950614397046,38141.888117241455,38136.05518417036
1000,19,uniform,700,0.0164528662473736,38142.32965832183,38136.05518417036
1000,19,uniform,800,0.0161477031143266,38142.21328114101,38136.05518417036
1000,19,uniform,900,0.0155746091008249,38141.994725691766,38136.05518417036
1000,19,uniform,1000,0.0151696824240396,38141.84030263085,38136.05518417036
1000,19,uniform,1100,0.0145814842572348,38141.61598705337,38136.05518417036
1000,19,uniform,1200,0.01424062457846,38141.48599661817,38136.05518417036
1000,19,uniform,1300,0.0136364712880707,38141.25559638595,38136.05518417036
1000,19,uniform,1400,0.0130094210301793,38141.01646415357,38136.05518417036
1000,19,uniform,1500,0.0123221091220577,38140.754350505,38136.05518417036
1000,19,uniform,1600,0.0120053745765347,38140.63356044393,38136.05518417036
1000,19,uniform,1700,0.0114898823678613,38140.43697205076,38136.05518417036
1000,19,uniform,1800,0.0112001313206179,38140.32647243149,38136.05518417036
1000,19,uniform,1900,0.0108501028522771,38140.19298538164,38136.05518417036
1000,19,uniform,2000,0.0105459253914154,38140.07698409731,38136.05518417036
1000,19,uniform,2100,0.0102433640180508,38139.961599125,38136.05518417036
1000,19,uniform,2200,0.0100208019395426,38139.87672272792,38136.05518417036
1000,19,uniform,2300,0.0098208805161676,38139.80048058357,38136.05518417036
1000,19,uniform,2400,0.0095183623735783,38139.68511209777,38136.05518417036
1000,19,uniform,2500,0.0092750819800524,38139.592334552646,38136.05518417036
1000,19,uniform,2600,0.0090576429532004,38139.509411885374,38136.05518417036
1000,19,uniform,2700,0.0088791204542305,38139.44133044665,38136.05518417036
1000,19,uniform,2800,0.0087130430446927,38139.3779950741,38136.05518417036
1000,19,uniform,2900,0.0085211347265293,38139.30480881198,38136.05518417036
1000,19,uniform,3000,0.0083889780098402,38139.25440945358,38136.05518417036
1000,19,uniform,3100,0.0082272024150707,38139.19271462348,38136.05518417036
1000,19,uniform,3200,0.0080697654928852,38139.13267439196,38136.05518417036
1000,19,uniform,3300,0.0079362132981583,38139.08174285328,38136.05518417036
1000,19,uniform,3400,0.0078221140965463,38139.038229918784,38136.05518417036
1000,19,uniform,3500,0.0077045934142627,38138.993412166536,38136.05518417036
1000,19,uniform,3600,0.0076087004409431,38138.95684236931,38136.05518417036
1000,19,uniform,3700,0.0075001011871831,38138.91542689797,38136.05518417036
1000,19,uniform,3800,0.0073859315086482,38138.87188708636,38136.05518417036
1000,19,uniform,3900,0.0073050306101801,38138.84103467508,38136.05518417036
1000,19,uniform,4000,0.0072156861751619,38138.80696223203,38136.05518417036
1000,19,uniform,4100,0.0071182691524048,38138.76981122248,38136.05518417036
1000,19,uniform,4200,0.0070278564436077,38138.73533138196,38136.05518417036
1000,19,uniform,4300,0.0069291028658308,38138.69767066304,38136.05518417036
1000,19,uniform,4400,0.0068412930799405,38138.66418347463,38136.05518417036
1000,19,uniform,4500,0.0067578228025018,38138.63235120357,38136.05518417036
1000,19,uniform,4600,0.0066699405271077,38138.598836370526,38136.05518417036
1000,19,uniform,4700,0.0065976591247434,38138.57127109503,38136.05518417036
1000,19,uniform,4800,0.0065199456429192,38138.54163423872,38136.05518417036
1000,19,uniform,4900,0.0064440020730571,38138.51267235701,38136.05518417036
1000,19,uniform,5000,0.0063736342172454,38138.48583683268,38136.05518417036
1000,19,uniform,5100,0.0062971734260501,38138.45667770316,38136.05518417036
1000,19,uniform,5200,0.0062465136057323,38138.437358046125,38136.05518417036
1000,19,uniform,5300,0.0061744165322259,38138.40986306639,38136.05518417036
1000,19,uniform,5400,0.0061159795970492,38138.38757752454,38136.05518417036
1000,19,uniform,5500,0.0060505878800059,38138.36263970324,38136.05518417036
1000,19,uniform,5600,0.0059973112371391,38138.34232209332,38136.05518417036
1000,19,uniform,5700,0.0059332305869403,38138.3178842612,38136.05518417036
1000,19,uniform,5800,0.0058835274671984,38138.29892945202,38136.05518417036
1000,19,uniform,5900,0.0058349707483962,38138.28041183495,38136.05518417036
1000,19,uniform,6000,0.0057756320831907,38138.25778240884,38136.05518417036
1000,19,uniform,6100,0.005725729242956,38138.23875143415,38136.05518417036
1000,19,uniform,6200,0.005668397619002,38138.2168874144,38136.05518417036
1000,19,uniform,6300,0.0056304620150515,38138.20242027154,38136.05518417036
1000,19,uniform,6400,0.005584573015189,38138.18492001723,38136.05518417036
1000,19,uniform,6500,0.0055356778443256,38138.166273327886,38136.05518417036
1000,19,uniform,6600,0.0054895487649389,38138.14868151672,38136.05518417036
1000,19,uniform,6700,0.0054502119675086,38138.13368001394,38136.05518417036
1000,19,uniform,6800,0.0053935303544709,38138.11206388271,38136.05518417036
1000,19,uniform,6900,0.0053461874715268,38138.09400917475,38136.05518417036
1000,19,uniform,7000,0.0053141238029164,38138.08178135639,38136.05518417036
1000,19,uniform,7100,0.0052651625956023,38138.06310948335,38136.05518417036
1000,19,uniform,7200,0.0052243244587672,38138.04753542895,38136.05518417036
1000,19,uniform,7300,0.0051885718024108,38138.033900776194,38136.05518417036
1000,19,uniform,7400,0.0051537855708069,38138.02063467971,38136.05518417036
1000,19,uniform,7500,0.0051091427349519,38138.0036096632,38136.05518417036
1000,19,uniform,7600,0.005077313481918,38137.991471241694,38136.05518417036
1000,19,uniform,7700,0.0050322492101997,38137.97428550616,38136.05518417036
1000,19,uniform,7800,0.0050049863852857,38137.96388854021,38136.05518417036
1000,19,uniform,7900,0.0049624924579899,38137.947683032646,38136.05518417036
1000,19,uniform,8000,0.004933571588018,38137.93665375371,38136.05518417036
1000,19,uniform,8100,0.0049025773962476,38137.92483379164,38136.05518417036
1000,19,uniform,8200,0.0048695619817874,38137.91224301496,38136.05518417036
1000,19,uniform,8300,0.0048345776445899,38137.89890136882,38136.05518417036
1000,19,uniform,8400,0.0048046650309394,38137.88749387797,38136.05518417036
1000,19,uniform,8500,0.0047794769182973,38137.87788812543,38136.05518417036
1000,19,uniform,8600,0.004751941911261,38137.86738735996,38136.05518417036
1000,19,uniform,8700,0.0047221191498905,38137.85601413522,38136.05518417036
1000,19,uniform,8800,0.0046984334804275,38137.84698135525,38136.05518417036
1000,19,uniform,8900,0.0046704649374692,38137.83631525627,38136.05518417036
1000,19,uniform,9000,0.0046419734636884,38137.8254497321,38136.05518417036
1000,19,uniform,9100,0.0046173553635005,38137.81606135983,38136.05518417036
1000,19,uniform,9200,0.0045902721046525,38137.80573287329,38136.05518417036
1000,19,uniform,9300,0.0045668056038258,38137.79678367559,38136.05518417036
1000,19,uniform,9400,0.0045408063563501,38137.78686858822,38136.05518417036
1000,19,uniform,9500,0.0045181706234516,38137.77823621263,38136.05518417036
1000,19,uniform,9600,0.00449460947882,38137.76925092151,38136.05518417036
1000,19,uniform,9700,0.0044725487961906,38137.76083784741,38136.05518417036
1000,19,uniform,9800,0.0044494740356098,38137.75203804398,38136.05518417036
1000,19,uniform,9900,0.0044293020706116,38137.74434525228,38136.05518417036
1000,19,uniform,10000,0.0044011133470316,38137.7335951851,38136.05518417036
1000,20,uniform,0,51.23788466049336,58140.70073793333,38443.21207510313
1000,20,uniform,100,4.062015220021013,40004.78120065878,38443.21207510313
1000,20,uniform,200,2.2921847649216747,39324.401525435176,38443.21207510313
1000,20,uniform,300,0.5847190262087093,38667.99685039202,38443.21207510313
1000,20,uniform,400,0.0881798820683782,38477.111254174255,38443.21207510313
1000,20,uniform,500,0.041219423842795,38459.058145627154,38443.21207510313
1000,20,uniform,600,0.0256913777739933,38453.088665945805,38443.21207510313
1000,20,uniform,700,0.0059878373929825,38445.51399213083,38443.21207510313
1000,20,uniform,800,0.0084898751855223,38446.475855825614,38443.21207510313
1000,20,uniform,900,0.0231305773150958,38452.10421199457,38443.21207510313
1000,20,uniform,1000,0.0288754976407009,38454.31274389889,38443.21207510313
1000,20,uniform,1100,0.0292624374114578,38454.46149597556,38443.21207510313
1000,20,uniform,1200,0.0278518270501684,38453.91921204282,38443.21207510313
1000,20,uniform,1300,0.0306289383225061,38454.986822818806,38443.21207510313
1000,20,uniform,1400,0.027596589152348,38453.82109039647,38443.21207510313
1000,20,uniform,1500,0.0291216423559072,38454.40736983377,38443.21207510313
1000,20,uniform,1600,0.0328346158775767,38455.834756119,38443.21207510313
1000,20,uniform,1700,0.0292294268638433,38454.44880566074,38443.21207510313
1000,20,uniform,1800,0.0182867415067264,38450.24208592219,38443.21207510313
1000,20,uniform,1900,0.0071862538510371,38445.97470191134,38443.21207510313
1000,20,uniform,2000,0.0048368491152848,38445.071515266274,38443.21207510313
1000,20,uniform,2100,0.0209096681094156,38451.25042315864,38443.21207510313
1000,20,uniform,2200,0.0347100627133822,38456.55573812344,38443.21207510313
1000,20,uniform,2300,0.0427377806559042,38459.64185075688,38443.21207510313
1000,20,uniform,2400,0.0467468452346185,38461.1830639551,38443.21207510313
1000,20,uniform,2500,0.0459911694101554,38460.8925578953,38443.21207510313
1000,20,uniform,2600,0.0448609704712536,38460.458073120346,38443.21207510313
1000,20,uniform,2700,0.04383105191612,38460.062139346,38443.21207510313
1000,20,uniform,2800,0.0436783606992143,38460.00343993766,38443.21207510313
1000,20,uniform,2900,0.0438363425239295,38460.064173225575,38443.21207510313
1000,20,uniform,3000,0.050462647847686,38462.61153783393,38443.21207510313
1000,20,uniform,3100,0.0568467482013808,38465.06579107199,38443.21207510313
1000,20,uniform,3200,0.0616466291315807,38466.91101947734,38443.21207510313
1000,20,uniform,3300,0.0659328727987829,38468.55878922038,38443.21207510313
1000,20,uniform,3400,0.06970708764831,38470.00971863915,38443.21207510313
1000,20,uniform,3500,0.0677149845941596,38469.24389023729,38443.21207510313
1000,20,uniform,3600,0.0578555398325032,38465.45360297814,38443.21207510313
1000,20,uniform,3700,0.0471047202664476,38461.32064261255,38443.21207510313
1000,20,uniform,3800,0.0356979716137634,38456.93552203712,38443.21207510313
1000,20,uniform,3900,0.0269766386726357,38453.58276151879,38443.21207510313
1000,20,uniform,4000,0.0200063756226321,38450.90316851228,38443.21207510313
1000,20,uniform,4100,0.016364739713255,38449.50320669664,38443.21207510313
1000,20,uniform,4200,0.0143428080525213,38448.72591122029,38443.21207510313
1000,20,uniform,4300,0.0188273553098511,38450.44991523303,38443.21207510313
1000,20,uniform,4400,0.0243538977872149,38452.574495678025,38443.21207510313
1000,20,uniform,4500,0.0299106979039835,38454.710708131504,38443.21207510313
1000,20,uniform,4600,0.0296927314513294,38454.62691482586,38443.21207510313
1000,20,uniform,4700,0.0270751018244816,38453.62061391707,38443.21207510313
1000,20,uniform,4800,0.0231730320983968,38452.12053297695,38443.21207510313
1000,20,uniform,4900,0.0246186362535802,38452.676269648095,38443.21207510313
1000,20,uniform,5000,0.0227622840499593,38451.9626282336,38443.21207510313
1000,20,uniform,5100,0.022362843127552,38451.80907031268,38443.21207510313
1000,20,uniform,5200,0.0197186090765439,38450.79254180869,38443.21207510313
1000,20,uniform,5300,0.0170486716227536,38449.766132091056,38443.21207510313
1000,20,uniform,5400,0.0146193410178286,38448.8322193746,38443.21207510313
1000,20,uniform,5500,0.0123779445454927,38447.970554575295,38443.21207510313
1000,20,uniform,5600,0.0128513959082648,38448.15256448676,38443.21207510313
1000,20,uniform,5700,0.0159357659046307,38449.33829538564,38443.21207510313
1000,20,uniform,5800,0.0158342116117326,38449.29925465345,38443.21207510313
1000,20,uniform,5900,0.0151752143578798,38449.045914941584,38443.21207510313
1000,20,uniform,6000,0.0119588037456844,38447.80942338873,38443.21207510313
1000,20,uniform,6100,0.0092950401051054,38446.7853870832,38443.21207510313
1000,20,uniform,6200,0.0079627404006445,38446.27320828234,38443.21207510313
1000,20,uniform,6300,0.0099562841183274,38447.03959052154,38443.21207510313
1000,20,uniform,6400,0.0093573567592847,38446.80934360673,38443.21207510313
1000,20,uniform,6500,0.0072124307573481,38445.98476515495,38443.21207510313
1000,20,uniform,6600,0.005057379880499,38445.15629437604,38443.21207510313
1000,20,uniform,6700,0.0074896283757013,38446.09132882324,38443.21207510313
1000,20,uniform,6800,0.0116426571651192,38447.6878864883,38443.21207510313
1000,20,uniform,6900,0.0128784275913596,38448.16295633402,38443.21207510313
1000,20,uniform,7000,0.0127603800503776,38448.11757506749,38443.21207510313
1000,20,uniform,7100,0.0128436434196896,38448.149584181134,38443.21207510313
1000,20,uniform,7200,0.0131512720789532,38448.26784651902,38443.21207510313
1000,20,uniform,7300,0.0133939863196883,38448.36115366932,38443.21207510313
1000,20,uniform,7400,0.0131394106012191,38448.26328658598,38443.21207510313
1000,20,uniform,7500,0.0135114111450189,38448.40629554395,38443.21207510313
1000,20,uniform,7600,0.0149344214510689,38448.95334641376,38443.21207510313
1000,20,uniform,7700,0.016636442452477,38449.60765795689,38443.21207510313
1000,20,uniform,7800,0.0183206713024005,38450.2551296255,38443.21207510313
1000,20,uniform,7900,0.0219855719890783,38451.66403516882,38443.21207510313
1000,20,uniform,8000,0.0217120808118337,38451.55889637554,38443.21207510313
1000,20,uniform,8100,0.0202810830834108,38451.008774884016,38443.21207510313
1000,20,uniform,8200,0.0221529276164865,38451.72837204758,38443.21207510313
1000,20,uniform,8300,0.0255647715130287,38453.0399944324,38443.21207510313
1000,20,uniform,8400,0.0270851108855554,38453.62446172164,38443.21207510313
1000,20,uniform,8500,0.0254241188693442,38452.9859230383,38443.21207510313
1000,20,uniform,8600,0.027071618007332,38453.61927462585,38443.21207510313
1000,20,uniform,8700,0.0279616564787193,38453.96143400296,38443.21207510313
1000,20,uniform,8800,0.0258872617603478,38453.1639700421,38443.21207510313
1000,20,uniform,8900,0.0243224720558401,38452.56241461747,38443.21207510313
1000,20,uniform,9000,0.0253719553377771,38452.96586970124,38443.21207510313
1000,20,uniform,9100,0.0353772357648394,38456.81222087452,38443.21207510313
1000,20,uniform,9200,0.0365413793472418,38457.25975506076,38443.21207510313
1000,20,uniform,9300,0.0368974539811041,38457.3966415874,38443.21207510313
1000,20,uniform,9400,0.0359275889447331,38457.02379431463,38443.21207510313
1000,20,uniform,9500,0.0389456084999692,38458.18401797272,38443.21207510313
1000,20,uniform,9600,0.040093332472561,38458.625239933535,38443.21207510313
1000,20,uniform,9700,0.039546020787937,38458.4148357419,38443.21207510313
1000,20,uniform,9800,0.0392424692469744,38458.29814077925,38443.21207510313
1000,20,uniform,9900,0.0408134707643709,38458.90208422429,38443.21207510313
1000,20,uniform,10000,0.0398407803348795,38458.528150779646,38443.21207510313
