scenario_size,rep,proposal,iteration,gap_percent,objective,reference_objective
1000,1,uniform,0,53.301152087590594,49155.15317218556,32064.438200764547
1000,1,uniform,100,7.68561613170714,34528.787835663774,32064.438200764547
1000,1,uniform,200,2.857016495321941,32980.5244892927,32064.438200764547
1000,1,uniform,300,0.7953151429752199,32319.45153328516,32064.438200764547
1000,1,uniform,400,0.1808052594799418,32122.412391454225,32064.438200764547
1000,1,uniform,500,0.0662366761995018,32085.676618870777,32064.438200764547
1000,1,uniform,600,0.0516562347124629,32081.001482220767,32064.438200764547
1000,1,uniform,700,0.0423013596786105,32078.00189409678,32064.438200764547
1000,1,uniform,800,0.0299956066244326,32074.056123513583,32064.438200764547
1000,1,uniform,900,0.0190718965538702,32070.553497248777,32064.438200764547
1000,1,uniform,1000,0.0104202060346996,32067.779381288936,32064.438200764547
1000,1,uniform,1100,0.0117581463404372,32068.208384331432,32064.438200764547
1000,1,uniform,1200,0.0429600580233985,32078.213102020472,32064.438200764547
1000,1,uniform,1300,0.047754569049568,32079.750435045487,32064.438200764547
1000,1,uniform,1400,0.0546632134190499,32081.96565304985,32064.438200764547
1000,1,uniform,1500,0.0436256167846437,32078.42650969816,32064.438200764547
1000,1,uniform,1600,0.0299693772512289,32074.04771321242,32064.438200764547
1000,1,uniform,1700,0.0174696710761006,32070.03975265062,32064.438200764547
1000,1,uniform,1800,0.0079502438842413,32066.98740180162,32064.438200764547
1000,1,uniform,1900,0.0033376761805102,32065.50840788079,32064.438200764547
1000,1,uniform,2000,0.0024330157824916,32065.21833360654,32064.438200764547
1000,1,uniform,2100,0.0053876402251882,32066.165717335032,32064.438200764547
1000,1,uniform,2200,0.0079267063832793,32066.97985463417,32064.438200764547
1000,1,uniform,2300,0.0093867642638336,32067.448013990976,32064.438200764547
1000,1,uniform,2400,0.0098041695625472,32067.58185265503,32064.438200764547
1000,1,uniform,2500,0.0096908180125875,32067.545507117346,32064.438200764547
1000,1,uniform,2600,0.0093114717188079,32067.42387185941,32064.438200764547
1000,1,uniform,2700,0.0090933567273766,32067.35393451277,32064.438200764547
1000,1,uniform,2800,0.0086445718155457,32067.210034152064,32064.438200764547
1000,1,uniform,2900,0.0070616824602725,32066.70248957296,32064.438200764547
1000,1,uniform,3000,0.006140864879387,32066.40723458879,32064.438200764547
1000,1,uniform,3100,0.0056352311995517,32066.24510599,32064.438200764547
1000,1,uniform,3200,0.0034758738485543,32065.552720186653,32064.438200764547
1000,1,uniform,3300,0.0027608958391427,32065.32346650468,32064.438200764547
1000,1,uniform,3400,0.0025615192922802,32065.25953753502,32064.438200764547
1000,1,uniform,3500,0.0032363006472081,32065.47590238556,32064.438200764547
1000,1,uniform,3600,0.0026178761626111,32065.27760804888,32064.438200764547
1000,1,uniform,3700,0.0035703711974899,32065.583020230704,32064.438200764547
1000,1,uniform,3800,0.0139642445093733,32068.91575731546,32064.438200764547
1000,1,uniform,3900,0.0169993934045235,32069.88896075725,32064.438200764547
1000,1,uniform,4000,0.0155902354682735,32069.437122181625,32064.438200764547
1000,1,uniform,4100,0.015539797395181,32069.42094949685,32064.438200764547
1000,1,uniform,4200,0.0156688333052949,32069.462324136504,32064.438200764547
1000,1,uniform,4300,0.0158017751526427,32069.50495119299,32064.438200764547
1000,1,uniform,4400,0.0158813424882814,32069.53046401216,32064.438200764547
1000,1,uniform,4500,0.0158570107538327,32069.5226621782,32064.438200764547
1000,1,uniform,4600,0.0137622745606046,32068.85099678605,32064.438200764547
1000,1,uniform,4700,0.0104956768470437,32067.80358058092,32064.438200764547
1000,1,uniform,4800,0.0081062063642793,32067.037410294648,32064.438200764547
1000,1,uniform,4900,0.0051005563121296,32066.073665491145,32064.438200764547
1000,1,uniform,5000,0.0031140473880973,32065.436702564846,32064.438200764547
1000,1,uniform,5100,0.0013701897928451,32064.877544423907,32064.438200764547
1000,1,uniform,5200,0.0017035375053034,32064.98443049516,32064.438200764547
1000,1,uniform,5300,0.0020509819716151,32065.095836611345,32064.438200764547
1000,1,uniform,5400,0.0023802734907013,32065.201422086982,32064.438200764547
1000,1,uniform,5500,0.002670821676672,32065.29458473052,32064.438200764547
1000,1,uniform,5600,0.0029888836371183,32065.396569511264,32064.438200764547
1000,1,uniform,5700,0.0033411067580572,32065.50950787621,32064.438200764547
1000,1,uniform,5800,0.003736834988309,32065.63639591004,32064.438200764547
1000,1,uniform,5900,0.0041174900057484,32065.758450802863,32064.438200764547
1000,1,uniform,6000,0.0042700452361987,32065.807366780453,32064.438200764547
1000,1,uniform,6100,0.0035253111802939,32065.568571989337,32064.438200764547
1000,1,uniform,6200,0.0036990640208242,32065.62428486151,32064.438200764547
1000,1,uniform,6300,0.0033408986910915,32065.509441160702,32064.438200764547
1000,1,uniform,6400,0.0026488729650413,32065.28754699944,32064.438200764547
1000,1,uniform,6500,0.0020066839942982,32065.081632713784,32064.438200764547
1000,1,uniform,6600,0.0021424233768257,32065.12515678421,32064.438200764547
1000,1,uniform,6700,0.0016672941124577,32064.97280925486,32064.438200764547
1000,1,uniform,6800,0.0015739483325141,32064.94287845494,32064.438200764547
1000,1,uniform,6900,0.0007082981333431,32064.66531258179,32064.438200764547
1000,1,uniform,7000,0.0006052120394067,32064.632258604903,32064.438200764547
1000,1,uniform,7100,0.0007864615343731,32064.69037523721,32064.438200764547
1000,1,uniform,7200,0.0011742636062553,32064.81472179289,32064.438200764547
1000,1,uniform,7300,0.0011098383994483,32064.794064212267,32064.438200764547
1000,1,uniform,7400,0.0018925707550004,32065.04504294469,32064.438200764547
1000,1,uniform,7500,0.0021981626500696,32065.14302926903,32064.438200764547
1000,1,uniform,7600,0.0026741971142693,32065.29566704562,32064.438200764547
1000,1,uniform,7700,0.0030210234073979,32065.406874948043,32064.438200764547
1000,1,uniform,7800,0.0029643055303212,32065.3886886794,32064.438200764547
1000,1,uniform,7900,0.0027488851366738,32065.31961534041,32064.438200764547
1000,1,uniform,8000,0.0025236325280851,32065.24738935693,32064.438200764547
1000,1,uniform,8100,0.0022918707753863,32065.17307625296,32064.438200764547
1000,1,uniform,8200,0.0011298529166393,32064.800481754763,32064.438200764547
1000,1,uniform,8300,0.0006964884185938,32064.661525863103,32064.438200764547
1000,1,uniform,8400,0.0009670771494906,32064.7482886195,32064.438200764547
1000,1,uniform,8500,0.0013002334134118,32064.855113303856,32064.438200764547
1000,1,uniform,8600,0.0015883591723715,32064.94749920978,32064.438200764547
1000,1,uniform,8700,0.0018388268399454,32065.02781026026,32064.438200764547
1000,1,uniform,8800,0.0020606177495953,32065.09892626942,32064.438200764547
1000,1,uniform,8900,0.0022549753588493,32065.161245944928,32064.438200764547
1000,1,uniform,9000,0.0024181517293283,32065.2135675314,32064.438200764547
1000,1,uniform,9100,0.0025362074311493,32065.25142142895,32064.438200764547
1000,1,uniform,9200,0.0025850904312314,32065.267095488303,32064.438200764547
1000,1,uniform,9300,0.0026468717081177,32065.28690530765,32064.438200764547
1000,1,uniform,9400,0.0021681466149758,32065.133404796008,32064.438200764547
1000,1,uniform,9500,0.0014325577709816,32064.89754236572,32064.438200764547
1000,1,uniform,9600,0.006371480748833,32066.48118027173,32064.438200764547
1000,1,uniform,9700,0.0103418626733141,32067.75426093024,32064.438200764547
1000,1,uniform,9800,0.0141160488727459,32068.96443253174,32064.438200764547
1000,1,uniform,9900,0.0148794724790623,32069.2092200222,32064.438200764547
1000,1,uniform,10000,0.013783773328448,32068.85789024518,32064.438200764547
1000,2,uniform,0,56.83985025964285,49544.408190758986,31589.17080623321
1000,2,uniform,100,5.694130095525242,33387.899288037814,31589.17080623321
1000,2,uniform,200,2.981470160803854,32530.99250786642,31589.17080623321
1000,2,uniform,300,0.7506389877568735,31826.29143821392,31589.17080623321
1000,2,uniform,400,0.0895275264838208,31617.451809492784,31589.17080623321
1000,2,uniform,500,0.0382307623237716,31601.2475870442,31589.17080623321
1000,2,uniform,600,0.0246906628023858,31596.97038187905,31589.17080623321
1000,2,uniform,700,0.0243401217290378,31596.859648860645,31589.17080623321
1000,2,uniform,800,0.0130589570213142,31593.29602247219,31589.17080623321
1000,2,uniform,900,0.0125537434976459,31593.136429709262,31589.17080623321
1000,2,uniform,1000,0.0067140749142667,31591.29172682594,31589.17080623321
1000,2,uniform,1100,0.0087904088142293,31591.947623488108,31589.17080623321
1000,2,uniform,1200,0.0078390486740105,31591.64709670843,31589.17080623321
1000,2,uniform,1300,0.0075601308517835,31591.55898888116,31589.17080623321
1000,2,uniform,1400,0.0074032394897575,31591.50942820083,31589.17080623321
1000,2,uniform,1500,0.0083243624897557,31591.80040331864,31589.17080623321
1000,2,uniform,1600,0.0074481025973366,31591.52360008451,31589.17080623321
1000,2,uniform,1700,0.0059225021748749,31591.04167556124,31589.17080623321
1000,2,uniform,1800,0.0045176702006789,31590.59790078937,31589.17080623321
1000,2,uniform,1900,0.0028132521607028,31590.05948926347,31589.17080623321
1000,2,uniform,2000,0.0010148574898102,31589.49139129911,31589.17080623321
1000,2,uniform,2100,0.000906502135537,31589.45716274117,31589.17080623321
1000,2,uniform,2200,0.005455209009496,31590.89406152506,31589.17080623321
1000,2,uniform,2300,0.0031428520337062,31590.16360713033,31589.17080623321
1000,2,uniform,2400,0.0031574161363079,31590.168207809576,31589.17080623321
1000,2,uniform,2500,0.0032142979546977,31590.186176304345,31589.17080623321
1000,2,uniform,2600,0.0031424014739241,31590.16346480223,31589.17080623321
1000,2,uniform,2700,0.0031687888582654,31590.17180035814,31589.17080623321
1000,2,uniform,2800,0.0031370021879641,31590.16175921257,31589.17080623321
1000,2,uniform,2900,0.0039649092809504,31590.42328819829,31589.17080623321
1000,2,uniform,3000,0.0079776517704794,31591.69088027732,31589.17080623321
1000,2,uniform,3100,0.0120521782494785,31592.97798940632,31589.17080623321
1000,2,uniform,3200,0.0154587511289326,31594.054097531844,31589.17080623321
1000,2,uniform,3300,0.0183649755601205,31594.972149731424,31589.17080623321
1000,2,uniform,3400,0.0200821174534783,31595.514580617102,31589.17080623321
1000,2,uniform,3500,0.0212514823092446,31595.88397327874,31589.17080623321
1000,2,uniform,3600,0.0226408338028985,31596.322857895168,31589.17080623321
1000,2,uniform,3700,0.0238988990888537,31596.7202702872,31589.17080623321
1000,2,uniform,3800,0.0262849414650364,31597.474001288923,31589.17080623321
1000,2,uniform,3900,0.0226253033715962,31596.317951960697,31589.17080623321
1000,2,uniform,4000,0.0193568466173942,31595.285473573884,31589.17080623321
1000,2,uniform,4100,0.0199869010211403,31595.48450253565,31589.17080623321
1000,2,uniform,4200,0.0208348986146664,31595.752377943907,31589.17080623321
1000,2,uniform,4300,0.0261334629411944,31597.42615047929,31589.17080623321
1000,2,uniform,4400,0.0299936078005961,31598.645538232297,31589.17080623321
1000,2,uniform,4500,0.0304391046620169,31598.786266996787,31589.17080623321
1000,2,uniform,4600,0.0318729971216401,31599.239221735035,31589.17080623321
1000,2,uniform,4700,0.030659941816147,31598.85602762261,31589.17080623321
1000,2,uniform,4800,0.0337653412272257,31599.83699754679,31589.17080623321
1000,2,uniform,4900,0.0301648791447824,31598.69964142976,31589.17080623321
1000,2,uniform,5000,0.0263595468599773,31597.49756851456,31589.17080623321
1000,2,uniform,5100,0.0261048115418478,31597.41709973981,31589.17080623321
1000,2,uniform,5200,0.0228228986938786,31596.38037068456,31589.17080623321
1000,2,uniform,5300,0.0231594546107362,31596.486685907992,31589.17080623321
1000,2,uniform,5400,0.0238755425362465,31596.712892145904,31589.17080623321
1000,2,uniform,5500,0.0254301697841745,31597.203986002653,31589.17080623321
1000,2,uniform,5600,0.0268402975561341,31597.649433673123,31589.17080623321
1000,2,uniform,5700,0.0285408018074859,31598.18660886565,31589.17080623321
1000,2,uniform,5800,0.0303483855984506,31598.757609596843,31589.17080623321
1000,2,uniform,5900,0.0320959861252019,31599.30966211225,31589.17080623321
1000,2,uniform,6000,0.0314685928546707,31599.111473780395,31589.17080623321
1000,2,uniform,6100,0.0301642635925609,31598.69944698191,31589.17080623321
1000,2,uniform,6200,0.0275862151334162,31597.885062850684,31589.17080623321
1000,2,uniform,6300,0.0275027129192698,31597.85868519363,31589.17080623321
1000,2,uniform,6400,0.02656519219516,31597.562530170748,31589.17080623321
1000,2,uniform,6500,0.0241714468058342,31596.806365851047,31589.17080623321
1000,2,uniform,6600,0.0243853981345603,31596.87395130172,31589.17080623321
1000,2,uniform,6700,0.0249869334655342,31597.06397132488,31589.17080623321
1000,2,uniform,6800,0.0260070454984396,31597.38621625737,31589.17080623321
1000,2,uniform,6900,0.0275134537249499,31597.862078125083,31589.17080623321
1000,2,uniform,7000,0.0293333180302452,31598.436958168924,31589.17080623321
1000,2,uniform,7100,0.0310256805210118,31598.9715614468,31589.17080623321
1000,2,uniform,7200,0.0326881817306532,31599.496731793563,31589.17080623321
1000,2,uniform,7300,0.0342067794885534,31599.976444233165,31589.17080623321
1000,2,uniform,7400,0.035737378871064,31600.459947886466,31589.17080623321
1000,2,uniform,7500,0.0369344573352152,31600.83809504719,31589.17080623321
1000,2,uniform,7600,0.0357309625697481,31600.457921030084,31589.17080623321
1000,2,uniform,7700,0.037291745025317,31600.950959265887,31589.17080623321
1000,2,uniform,7800,0.040037845351717,31601.818429588504,31589.17080623321
1000,2,uniform,7900,0.0458841750705553,31603.665236669283,31589.17080623321
1000,2,uniform,8000,0.0442043012425269,31603.13457845642,31589.17080623321
1000,2,uniform,8100,0.0401781120103599,31601.862738662887,31589.17080623321
1000,2,uniform,8200,0.0385028690706528,31601.333543309243,31589.17080623321
1000,2,uniform,8300,0.0400635626910117,31601.82655348274,31589.17080623321
1000,2,uniform,8400,0.0436510707468514,31602.959817530187,31589.17080623321
1000,2,uniform,8500,0.0472155669463378,31604.085812323025,31589.17080623321
1000,2,uniform,8600,0.047514107990799,31604.18011896349,31589.17080623321
1000,2,uniform,8700,0.0429190249522169,31602.72857033374,31589.17080623321
1000,2,uniform,8800,0.039548505326959,31601.66385113226,31589.17080623321
1000,2,uniform,8900,0.041666680596029,31602.33296513598,31589.17080623321
1000,2,uniform,9000,0.0432406737966978,31602.83017653662,31589.17080623321
1000,2,uniform,9100,0.0453123416967993,31603.48459924812,31589.17080623321
1000,2,uniform,9200,0.0481797423259693,31604.390387330568,31589.17080623321
1000,2,uniform,9300,0.0511766196854503,31605.337076038508,31589.17080623321
1000,2,uniform,9400,0.0542429212318557,31606.30569527144,31589.17080623321
1000,2,uniform,9500,0.0553482442620455,31606.654857651403,31589.17080623321
1000,2,uniform,9600,0.055349694116019,31606.65531564825,31589.17080623321
1000,2,uniform,9700,0.0594365554440057,31607.946321253763,31589.17080623321
1000,2,uniform,9800,0.0607553788072846,31608.36292661862,31589.17080623321
1000,2,uniform,9900,0.0600377924548332,31608.136247040064,31589.17080623321
1000,2,uniform,10000,0.0609961554613602,31608.43898596714,31589.17080623321
1000,3,uniform,0,56.23239484750437,57753.838075810345,36966.62150777553
1000,3,uniform,100,6.554894164964908,39389.744423973374,36966.62150777553
1000,3,uniform,200,2.977273695663744,38067.21900610211,36966.62150777553
1000,3,uniform,300,0.7610332347081925,37247.94978319849,36966.62150777553
1000,3,uniform,400,0.158864613967351,37025.34838833063,36966.62150777553
1000,3,uniform,500,0.0677205134015482,36991.655493647806,36966.62150777553
1000,3,uniform,600,0.0483621562519499,36984.49936303019,36966.62150777553
1000,3,uniform,700,0.0447934872740242,36983.180146676255,36966.62150777553
1000,3,uniform,800,0.0358479147503195,36979.873270739714,36966.62150777553
1000,3,uniform,900,0.0231786429442586,36975.189868983376,36966.62150777553
1000,3,uniform,1000,0.0243219646269099,36975.61251638242,36966.62150777553
1000,3,uniform,1100,0.0301892638882822,36977.7814586931,36966.62150777553
1000,3,uniform,1200,0.0353554769351732,36979.69123311643,36966.62150777553
1000,3,uniform,1300,0.0359701172935921,36979.91844489136,36966.62150777553
1000,3,uniform,1400,0.0334679300271231,36978.99347079515,36966.62150777553
1000,3,uniform,1500,0.031602548085064,36978.30390211295,36966.62150777553
1000,3,uniform,1600,0.0186742989925596,36973.52476520334,36966.62150777553
1000,3,uniform,1700,0.0187746758246059,36973.56187112693,36966.62150777553
1000,3,uniform,1800,0.0172791805029911,36973.00903703172,36966.62150777553
1000,3,uniform,1900,0.0145377880740768,36971.99563686848,36966.62150777553
1000,3,uniform,2000,0.0140031051103587,36971.797982641016,36966.62150777553
1000,3,uniform,2100,0.0063287390957815,36968.961028803285,36966.62150777553
1000,3,uniform,2200,0.0109277566178813,36970.66113020376,36966.62150777553
1000,3,uniform,2300,0.0059478436729675,36968.82022463399,36966.62150777553
1000,3,uniform,2400,0.0037120911432799,36967.99374245849,36966.62150777553
1000,3,uniform,2500,0.003806976890961,36968.0288185137,36966.62150777553
1000,3,uniform,2600,0.0039939576674841,36968.09793898965,36966.62150777553
1000,3,uniform,2700,0.0052821567670242,36968.57414267505,36966.62150777553
1000,3,uniform,2800,0.0055804913403676,36968.6844268876,36966.62150777553
1000,3,uniform,2900,0.0067959304219089,36969.13373365253,36966.62150777553
1000,3,uniform,3000,0.0077689904621856,36969.493441074665,36966.62150777553
1000,3,uniform,3100,0.0083751229508445,36969.71750777758,36966.62150777553
1000,3,uniform,3200,0.0090609256496479,36969.97102586554,36966.62150777553
1000,3,uniform,3300,0.0085802831646446,36969.7933485773,36966.62150777553
1000,3,uniform,3400,0.006997210277771,36969.20814001502,36966.62150777553
1000,3,uniform,3500,0.008297894762033,36969.68895912533,36966.62150777553
1000,3,uniform,3600,0.0076086545941796,36969.4341703212,36966.62150777553
1000,3,uniform,3700,0.0065296084863388,36969.03528343062,36966.62150777553
1000,3,uniform,3800,0.0163436827386165,36972.66321511395,36966.62150777553
1000,3,uniform,3900,0.0148892934637457,36972.12557653546,36966.62150777553
1000,3,uniform,4000,0.0110708681173704,36970.71403369011,36966.62150777553
1000,3,uniform,4100,0.0079257329171754,36969.55138346474,36966.62150777553
1000,3,uniform,4200,0.0080204074431815,36969.58638143844,36966.62150777553
1000,3,uniform,4300,0.0080473905664396,36969.59635618748,36966.62150777553
1000,3,uniform,4400,0.0074673783702702,36969.38194527423,36966.62150777553
1000,3,uniform,4500,0.0096282684162969,36970.18075331874,36966.62150777553
1000,3,uniform,4600,0.013526786928325,36971.62190390149,36966.62150777553
1000,3,uniform,4700,0.0108339946482521,36970.626469571325,36966.62150777553
1000,3,uniform,4800,0.0205508965070906,36974.21847990376,36966.62150777553
1000,3,uniform,4900,0.0396820938680733,36981.2906372221,36966.62150777553
1000,3,uniform,5000,0.0496670788383657,36984.98174882368,36966.62150777553
1000,3,uniform,5100,0.058167311918132,36988.12399781356,36966.62150777553
1000,3,uniform,5200,0.0593599993722933,36988.56489407051,36966.62150777553
1000,3,uniform,5300,0.0598292283944656,36988.73835218714,36966.62150777553
1000,3,uniform,5400,0.0589990881962373,36988.43147740208,36966.62150777553
1000,3,uniform,5500,0.0561661356315717,36987.38423055,36966.62150777553
1000,3,uniform,5600,0.0574583113746897,36987.861904266174,36966.62150777553
1000,3,uniform,5700,0.0581550767978951,36988.11947490297,36966.62150777553
1000,3,uniform,5800,0.0581686566482996,36988.12449491487,36966.62150777553
1000,3,uniform,5900,0.057707679076348,36987.95408708061,36966.62150777553
1000,3,uniform,6000,0.0550288094761809,36986.96379949483,36966.62150777553
1000,3,uniform,6100,0.0519933003538174,36985.84167432673,36966.62150777553
1000,3,uniform,6200,0.0512852254914015,36985.57992297235,36966.62150777553
1000,3,uniform,6300,0.0478513831471628,36984.31054746978,36966.62150777553
1000,3,uniform,6400,0.0473790615322651,36984.1359461261,36966.62150777553
1000,3,uniform,6500,0.0446217109163702,36983.11664676028,36966.62150777553
1000,3,uniform,6600,0.044401822812118,36983.03536155704,36966.62150777553
1000,3,uniform,6700,0.0445824543523935,36983.10213493486,36966.62150777553
1000,3,uniform,6800,0.0441804569005333,36982.95353005836,36966.62150777553
1000,3,uniform,6900,0.0421458316144389,36982.20139782975,36966.62150777553
1000,3,uniform,7000,0.0412922794476127,36981.88586843087,36966.62150777553
1000,3,uniform,7100,0.0378423119598682,36980.61053200753,36966.62150777553
1000,3,uniform,7200,0.0346774062401535,36979.440573289045,36966.62150777553
1000,3,uniform,7300,0.0342084510893887,36979.26721641342,36966.62150777553
1000,3,uniform,7400,0.0383891237315209,36980.81266984552,36966.62150777553
1000,3,uniform,7500,0.0394886244973318,36981.21911813209,36966.62150777553
1000,3,uniform,7600,0.0407431797589087,36981.68288482724,36966.62150777553
1000,3,uniform,7700,0.0412682040864181,36981.876968583216,36966.62150777553
1000,3,uniform,7800,0.0387145166480875,36980.9329566134,36966.62150777553
1000,3,uniform,7900,0.0378681667377881,36980.62008964543,36966.62150777553
1000,3,uniform,8000,0.0365271046300059,36980.12434429186,36966.62150777553
1000,3,uniform,8100,0.0353299142107303,36979.68178344084,36966.62150777553
1000,3,uniform,8200,0.0356301443614205,36979.79276838429,36966.62150777553
1000,3,uniform,8300,0.0340224461013214,36979.198456653496,36966.62150777553
1000,3,uniform,8400,0.0327741775760434,36978.73701395236,36966.62150777553
1000,3,uniform,8500,0.0319812618489627,36978.44389979665,36966.62150777553
1000,3,uniform,8600,0.0350977319018175,36979.59595348549,36966.62150777553
1000,3,uniform,8700,0.0447014955454705,36983.14614044214,36966.62150777553
1000,3,uniform,8800,0.0435690809078515,36982.72752500916,36966.62150777553
1000,3,uniform,8900,0.0440571674038791,36982.90795409677,36966.62150777553
1000,3,uniform,9000,0.0440338909705943,36982.89934958578,36966.62150777553
1000,3,uniform,9100,0.0464224604756998,36983.78232303418,36966.62150777553
1000,3,uniform,9200,0.0511372535956127,36985.525222761695,36966.62150777553
1000,3,uniform,9300,0.0546748784557272,36986.8329631541,36966.62150777553
1000,3,uniform,9400,0.0529943482284243,36986.21172790565,36966.62150777553
1000,3,uniform,9500,0.0502267236573008,36985.18863060568,36966.62150777553
1000,3,uniform,9600,0.047032867075402,36984.00796973155,36966.62150777553
1000,3,uniform,9700,0.0433709391642503,36982.65427870075,36966.62150777553
1000,3,uniform,9800,0.0398461622163556,36981.35128774743,36966.62150777553
1000,3,uniform,9900,0.0400093034231892,36981.41159553988,36966.62150777553
1000,3,uniform,10000,0.039571668356157,36981.249816641066,36966.62150777553
1000,4,uniform,0,41.47177659342462,54966.54330372883,38853.36328368664
1000,4,uniform,100,6.231213647565736,41274.399359158015,38853.36328368664
1000,4,uniform,200,3.192792510153182,40093.87055655079,38853.36328368664
1000,4,uniform,300,1.0932357451165005,39278.12213928387,38853.36328368664
1000,4,uniform,400,0.4739262906402071,39037.49958708598,38853.36328368664
1000,4,uniform,500,0.388629136397243,39004.35877387731,38853.36328368664
1000,4,uniform,600,0.3757855470074147,38999.36860743302,38853.36328368664
1000,4,uniform,700,0.371376835862579,38997.65567487579,38853.36328368664
1000,4,uniform,800,0.3683325420438559,38996.472864338975,38853.36328368664
1000,4,uniform,900,0.36829017217039,38996.45640221812,38853.36328368664
1000,4,uniform,1000,0.36778693780786,38996.26087874307,38853.36328368664
1000,4,uniform,1100,0.3670675368679331,38995.98136728242,38853.36328368664
1000,4,uniform,1200,0.3662538146206971,38995.66520882158,38853.36328368664
1000,4,uniform,1300,0.3653178281582017,38995.30154660102,38853.36328368664
1000,4,uniform,1400,0.3634402637333022,38994.57204967413,38853.36328368664
1000,4,uniform,1500,0.3583327512097306,38992.58760927858,38853.36328368664
1000,4,uniform,1600,0.3549291212168373,38991.26518455261,38853.36328368664
1000,4,uniform,1700,0.3511424545304912,38989.793937188624,38853.36328368664
1000,4,uniform,1800,0.3478791253788248,38988.526024058185,38853.36328368664
1000,4,uniform,1900,0.3474378616450771,38988.35457825667,38853.36328368664
1000,4,uniform,2000,0.346971734403691,38988.17347214621,38853.36328368664
1000,4,uniform,2100,0.3464285986915239,38987.96244565484,38853.36328368664
1000,4,uniform,2200,0.3459519470489469,38987.77725046055,38853.36328368664
1000,4,uniform,2300,0.3453671614763807,38987.55004159761,38853.36328368664
1000,4,uniform,2400,0.3448645392021209,38987.35475593945,38853.36328368664
1000,4,uniform,2500,0.3443257632779362,38987.14542337234,38853.36328368664
1000,4,uniform,2600,0.3437398105750586,38986.91776104002,38853.36328368664
1000,4,uniform,2700,0.3431324156152225,38986.68176766971,38853.36328368664
1000,4,uniform,2800,0.3425246953136083,38986.445647893175,38853.36328368664
1000,4,uniform,2900,0.3423812124137299,38986.38989996084,38853.36328368664
1000,4,uniform,3000,0.3421926726808609,38986.31664593349,38853.36328368664
1000,4,uniform,3100,0.3419007238394798,38986.203213989545,38853.36328368664
1000,4,uniform,3200,0.3416539913788777,38986.10735013029,38853.36328368664
1000,4,uniform,3300,0.341325310685138,38985.97964662631,38853.36328368664
1000,4,uniform,3400,0.3408330616847282,38985.78839133392,38853.36328368664
1000,4,uniform,3500,0.3391259112011183,38985.12510595472,38853.36328368664
1000,4,uniform,3600,0.3375327719911957,38984.50611778988,38853.36328368664
1000,4,uniform,3700,0.3356715784390762,38983.78298149766,38853.36328368664
1000,4,uniform,3800,0.334766640527709,38983.43138268346,38853.36328368664
1000,4,uniform,3900,0.3343106528425995,38983.25421613164,38853.36328368664
1000,4,uniform,4000,0.3339051557692041,38983.09666688061,38853.36328368664
1000,4,uniform,4100,0.3334526373968256,38982.92084827346,38853.36328368664
1000,4,uniform,4200,0.3330073649459532,38982.74784495052,38853.36328368664
1000,4,uniform,4300,0.3325246689274594,38982.5603013129,38853.36328368664
1000,4,uniform,4400,0.3312504482617018,38982.0652237286,38853.36328368664
1000,4,uniform,4500,0.3303534086557825,38981.71669367171,38853.36328368664
1000,4,uniform,4600,0.3299624618750456,38981.564797698746,38853.36328368664
1000,4,uniform,4700,0.3295499149730558,38981.4045093522,38853.36328368664
1000,4,uniform,4800,0.3291189172761187,38981.23705225127,38853.36328368664
1000,4,uniform,4900,0.3287060733072146,38981.07664848423,38853.36328368664
1000,4,uniform,5000,0.3282967507251411,38980.91761289442,38853.36328368664
1000,4,uniform,5100,0.3279050210705391,38980.765412748624,38853.36328368664
1000,4,uniform,5200,0.3274864897132994,38980.60279923994,38853.36328368664
1000,4,uniform,5300,0.3270944617206888,38980.4504831798,38853.36328368664
1000,4,uniform,5400,0.3264483875526492,38980.199461636206,38853.36328368664
1000,4,uniform,5500,0.3260435069615037,38980.04215190926,38853.36328368664
1000,4,uniform,5600,0.3256617347837839,38979.89382057814,38853.36328368664
1000,4,uniform,5700,0.3252708256233269,38979.74193922192,38853.36328368664
1000,4,uniform,5800,0.3248680560661596,38979.585449702674,38853.36328368664
1000,4,uniform,5900,0.3244589205970334,38979.42648681253,38853.36328368664
1000,4,uniform,6000,0.3240692565136822,38979.27508921064,38853.36328368664
1000,4,uniform,6100,0.3236740386126503,38979.12153376379,38853.36328368664
1000,4,uniform,6200,0.3233075845137165,38978.979154021465,38853.36328368664
1000,4,uniform,6300,0.3229127840044192,38978.82576074534,38853.36328368664
1000,4,uniform,6400,0.3225109302712997,38978.66962705454,38853.36328368664
1000,4,uniform,6500,0.321430840290301,38978.24997577044,38853.36328368664
1000,4,uniform,6600,0.3203229109264011,38977.81950794975,38853.36328368664
1000,4,uniform,6700,0.319247125560726,38977.401529153474,38853.36328368664
1000,4,uniform,6800,0.3182446703228213,38977.012041578135,38853.36328368664
1000,4,uniform,6900,0.3181124987316017,38976.96068846964,38853.36328368664
1000,4,uniform,7000,0.3179640254069616,38976.90300158944,38853.36328368664
1000,4,uniform,7100,0.3178419646447361,38976.855576878064,38853.36328368664
1000,4,uniform,7200,0.3176995551034037,38976.80024598162,38853.36328368664
1000,4,uniform,7300,0.3175477196593824,38976.74125280496,38853.36328368664
1000,4,uniform,7400,0.3173677074769338,38976.67131201776,38853.36328368664
1000,4,uniform,7500,0.3171452238616196,38976.58486965045,38853.36328368664
1000,4,uniform,7600,0.3168260578664593,38976.46086292688,38853.36328368664
1000,4,uniform,7700,0.3164957268311483,38976.33251820969,38853.36328368664
1000,4,uniform,7800,0.3161524251693134,38976.19913396786,38853.36328368664
1000,4,uniform,7900,0.3158161152459982,38976.06846625159,38853.36328368664
1000,4,uniform,8000,0.3154706978207726,38975.93425996453,38853.36328368664
1000,4,uniform,8100,0.315148249480247,38975.80897793938,38853.36328368664
1000,4,uniform,8200,0.3148194739014389,38975.68123756936,38853.36328368664
1000,4,uniform,8300,0.3144950424548757,38975.555185040816,38853.36328368664
1000,4,uniform,8400,0.3141687414479502,38975.4284061252,38853.36328368664
1000,4,uniform,8500,0.3138432803084033,38975.3019535263,38853.36328368664
1000,4,uniform,8600,0.3135307656523033,38975.18053107165,38853.36328368664
1000,4,uniform,8700,0.3132670421162355,38975.07806560812,38853.36328368664
1000,4,uniform,8800,0.3130883399120413,38975.00863379153,38853.36328368664
1000,4,uniform,8900,0.3128805114433946,38974.9278854416,38853.36328368664
1000,4,uniform,9000,0.3125587287581699,38974.80286204592,38853.36328368664
1000,4,uniform,9100,0.3122364697377595,38974.67765357801,38853.36328368664
1000,4,uniform,9200,0.3119031528270275,38974.5481487478,38853.36328368664
1000,4,uniform,9300,0.3115880692344105,38974.42572817491,38853.36328368664
1000,4,uniform,9400,0.3112623783656303,38974.29918631848,38853.36328368664
1000,4,uniform,9500,0.3107560406179894,38974.10245707395,38853.36328368664
1000,4,uniform,9600,0.3099265042058306,38973.78015427816,38853.36328368664
1000,4,uniform,9700,0.3091108064447407,38973.46322826375,38853.36328368664
1000,4,uniform,9800,0.3085776948263644,38973.25609646995,38853.36328368664
1000,4,uniform,9900,0.3080762575144222,38973.0612712095,38853.36328368664
1000,4,uniform,10000,0.3073009230931,38972.76002771012,38853.36328368664
1000,5,uniform,0,49.64075821873356,50618.01757729345,33826.35732392097
1000,5,uniform,100,5.557978704365841,35706.419060447195,33826.35732392097
1000,5,uniform,200,2.8047747274591885,34775.11044536235,33826.35732392097
1000,5,uniform,300,0.8654745496825744,34119.1158376442,33826.35732392097
1000,5,uniform,400,0.1415844341812616,33874.25018054218,33826.35732392097
1000,5,uniform,500,0.0359980585227001,33838.534155826535,33826.35732392097
1000,5,uniform,600,0.0271625563085727,33835.54542727622,33826.35732392097
1000,5,uniform,700,0.0232190466158336,33834.21148159645,33826.35732392097
1000,5,uniform,800,0.0204113322960959,33833.26173411802,33826.35732392097
1000,5,uniform,900,0.0183978416406897,33832.58064357424,33826.35732392097
1000,5,uniform,1000,0.0171115415716264,33832.14553511662,33826.35732392097
1000,5,uniform,1100,0.0159532068185029,33831.75371266402,33826.35732392097
1000,5,uniform,1200,0.015109278256207,33831.46824237298,33826.35732392097
1000,5,uniform,1300,0.0143268241875572,33831.203566663826,33826.35732392097
1000,5,uniform,1400,0.0135853630367939,33830.95275736555,33826.35732392097
1000,5,uniform,1500,0.0130418191209246,33830.76889625836,33826.35732392097
1000,5,uniform,1600,0.0126235840116884,33830.62742255585,33826.35732392097
1000,5,uniform,1700,0.0122085807354349,33830.48704206472,33826.35732392097
1000,5,uniform,1800,0.0117489358216398,33830.33156093376,33826.35732392097
1000,5,uniform,1900,0.0113456512701728,33830.19514446035,33826.35732392097
1000,5,uniform,2000,0.0109916599535493,33830.07540209269,33826.35732392097
1000,5,uniform,2100,0.0107105427433508,33829.98031038067,33826.35732392097
1000,5,uniform,2200,0.0104047606535516,33829.87687543834,33826.35732392097
1000,5,uniform,2300,0.0101457556153592,33829.78926346864,33826.35732392097
1000,5,uniform,2400,0.0098646522251827,33829.694176431425,33826.35732392097
1000,5,uniform,2500,0.0096445519839288,33829.61972453735,33826.35732392097
1000,5,uniform,2600,0.0094327883352513,33829.548092608864,33826.35732392097
1000,5,uniform,2700,0.0092332349276922,33829.48059096017,33826.35732392097
1000,5,uniform,2800,0.0090241525218848,33829.40986599848,33826.35732392097
1000,5,uniform,2900,0.0088709264989285,33829.35803521644,33826.35732392097
1000,5,uniform,3000,0.0086915849885212,33829.2973705163,33826.35732392097
1000,5,uniform,3100,0.0085555408186488,33829.25135172928,33826.35732392097
1000,5,uniform,3200,0.0083694249893995,33829.188395523845,33826.35732392097
1000,5,uniform,3300,0.0082397927339028,33829.14454565389,33826.35732392097
1000,5,uniform,3400,0.008086535689702,33829.0927043785,33826.35732392097
1000,5,uniform,3500,0.0079545009528131,33829.048041836606,33826.35732392097
1000,5,uniform,3600,0.0078283229497534,33829.00536041443,33826.35732392097
1000,5,uniform,3700,0.0077104710343919,33828.96549540442,33826.35732392097
1000,5,uniform,3800,0.0075789906053354,33828.92102036468,33826.35732392097
1000,5,uniform,3900,0.0074955474253816,33828.892794576466,33826.35732392097
1000,5,uniform,4000,0.0073946149811337,33828.85865280722,33826.35732392097
1000,5,uniform,4100,0.0072950647422938,33828.82497858771,33826.35732392097
1000,5,uniform,4200,0.0071603946386127,33828.77942459723,33826.35732392097
1000,5,uniform,4300,0.0070822439228122,33828.752989056855,33826.35732392097
1000,5,uniform,4400,0.0069857250930261,33828.72034025261,33826.35732392097
1000,5,uniform,4500,0.0069209562290128,33828.69843130523,33826.35732392097
1000,5,uniform,4600,0.0068367083845282,33828.66993332832,33826.35732392097
1000,5,uniform,4700,0.006768654996054,33828.64691334596,33826.35732392097
1000,5,uniform,4800,0.0067077147124102,33828.62629946786,33826.35732392097
1000,5,uniform,4900,0.0066593581947948,33828.609942219424,33826.35732392097
1000,5,uniform,5000,0.0066010487115785,33828.59021824528,33826.35732392097
1000,5,uniform,5100,0.0065433082703371,33828.5706867573,33826.35732392097
1000,5,uniform,5200,0.00648943970401,33828.55246498357,33826.35732392097
1000,5,uniform,5300,0.0064445134907603,33828.537268082146,33826.35732392097
1000,5,uniform,5400,0.0063889170237893,33828.51846182257,33826.35732392097
1000,5,uniform,5500,0.006332162464132,33828.49926382242,33826.35732392097
1000,5,uniform,5600,0.0062860524826569,33828.483666495325,33826.35732392097
1000,5,uniform,5700,0.0062291702223658,33828.464425298705,33826.35732392097
1000,5,uniform,5800,0.0061621013341855,33828.44173833694,33826.35732392097
1000,5,uniform,5900,0.0061014865524876,33828.42123456429,33826.35732392097
1000,5,uniform,6000,0.0060308219860723,33828.39733131555,33826.35732392097
1000,5,uniform,6100,0.0059689211320948,33828.3763925115,33826.35732392097
1000,5,uniform,6200,0.0059103081108175,33828.35656586148,33826.35732392097
1000,5,uniform,6300,0.0058733940823981,33828.34407919033,33826.35732392097
1000,5,uniform,6400,0.0058279398273833,33828.32870367161,33826.35732392097
1000,5,uniform,6500,0.0057855685021907,33828.314370995744,33826.35732392097
1000,5,uniform,6600,0.0057187753129547,33828.291777292885,33826.35732392097
1000,5,uniform,6700,0.0056713888686281,33828.275748184904,33826.35732392097
1000,5,uniform,6800,0.0056338541233482,33828.263051547845,33826.35732392097
1000,5,uniform,6900,0.0055979432679472,33828.25090421358,33826.35732392097
1000,5,uniform,7000,0.0055448382431207,33828.232940718124,33826.35732392097
1000,5,uniform,7100,0.0054960718800638,33828.2164448339,33826.35732392097
1000,5,uniform,7200,0.0054617195518325,33828.204824692606,33826.35732392097
1000,5,uniform,7300,0.0054222753700382,33828.19148216273,33826.35732392097
1000,5,uniform,7400,0.0053779029343845,33828.17647258409,33826.35732392097
1000,5,uniform,7500,0.0053464542318038,33828.16583463358,33826.35732392097
1000,5,uniform,7600,0.0053117550304638,33828.15409715775,33826.35732392097
1000,5,uniform,7700,0.0052718163297946,33828.14058735015,33826.35732392097
1000,5,uniform,7800,0.0052309654837939,33828.12676899701,33826.35732392097
1000,5,uniform,7900,0.0051993699789726,33828.11608138865,33826.35732392097
1000,5,uniform,8000,0.0051572990059491,33828.10185031099,33826.35732392097
1000,5,uniform,8100,0.0051240143581752,33828.0905913271,33826.35732392097
1000,5,uniform,8200,0.0050988358325824,33828.08207434906,33826.35732392097
1000,5,uniform,8300,0.0050631487285612,33828.07000270174,33826.35732392097
1000,5,uniform,8400,0.0050351904508117,33828.060545434804,33826.35732392097
1000,5,uniform,8500,0.0050052032927242,33828.05040187156,33826.35732392097
1000,5,uniform,8600,0.0049696689965674,33828.03838191357,33826.35732392097
1000,5,uniform,8700,0.0049429204079223,33828.02933384039,33826.35732392097
1000,5,uniform,8800,0.0049122237746285,33828.01895028753,33826.35732392097
1000,5,uniform,8900,0.0048879943725803,33828.010754363415,33826.35732392097
1000,5,uniform,9000,0.0048554653345516,33827.99975097478,33826.35732392097
1000,5,uniform,9100,0.0048232947637194,33827.988868842534,33826.35732392097
1000,5,uniform,9200,0.0047986746039628,33827.98054073932,33826.35732392097
1000,5,uniform,9300,0.0047643622132531,33827.96893410743,33826.35732392097
1000,5,uniform,9400,0.0047412492699404,33827.96111584064,33826.35732392097
1000,5,uniform,9500,0.0047100902465736,33827.95057587806,33826.35732392097
1000,5,uniform,9600,0.0046841947129385,33827.94181636232,33826.35732392097
1000,5,uniform,9700,0.0046542105480158,33827.93167381155,33826.35732392097
1000,5,uniform,9800,0.0046254647712086,33827.921950162374,33826.35732392097
1000,5,uniform,9900,0.0045978186176014,33827.91259847567,33826.35732392097
1000,5,uniform,10000,0.004569750338111,33827.90310399915,33826.35732392097
1000,6,uniform,0,39.53160514378771,48363.44310904264,34661.281979236155
1000,6,uniform,100,6.940021292787756,37066.78232894835,34661.281979236155
1000,6,uniform,200,3.327220379282296,35814.5392169698,34661.281979236155
1000,6,uniform,300,0.983552624320236,35002.19392776597,34661.281979236155
1000,6,uniform,400,0.2120497455354661,34734.781139472456,34661.281979236155
1000,6,uniform,500,0.0775355079941109,34688.15678029603,34661.281979236155
1000,6,uniform,600,0.0576640847775427,34681.269090261645,34661.281979236155
1000,6,uniform,700,0.0382482929563786,34674.53932791001,34661.281979236155
1000,6,uniform,800,0.0224758899290278,34669.0724108218,34661.281979236155
1000,6,uniform,900,0.0231023278835795,34669.28954224765,34661.281979236155
1000,6,uniform,1000,0.0242647225479576,34669.69244313998,34661.281979236155
1000,6,uniform,1100,0.0239819381479368,34669.5944264417,34661.281979236155
1000,6,uniform,1200,0.0272426670647021,34670.72463688612,34661.281979236155
1000,6,uniform,1300,0.0317190898453262,34672.27622240869,34661.281979236155
1000,6,uniform,1400,0.0312093361596723,34672.09953524631,34661.281979236155
1000,6,uniform,1500,0.0270771183915556,34670.667255593704,34661.281979236155
1000,6,uniform,1600,0.0306354697076391,34671.90062577718,34661.281979236155
1000,6,uniform,1700,0.0350944351626578,34673.446160366904,34661.281979236155
1000,6,uniform,1800,0.0386723565385073,34674.68631378398,34661.281979236155
1000,6,uniform,1900,0.0416637368536535,34675.72316455009,34661.281979236155
1000,6,uniform,2000,0.0377793649193517,34674.376791440816,34661.281979236155
1000,6,uniform,2100,0.029605502081212,34671.54362579389,34661.281979236155
1000,6,uniform,2200,0.0224661750583509,34669.06904352308,34661.281979236155
1000,6,uniform,2300,0.019576525106406,34668.06745380502,34661.281979236155
1000,6,uniform,2400,0.0147847071245905,34666.406548262414,34661.281979236155
1000,6,uniform,2500,0.0157808594216199,34666.75182741903,34661.281979236155
1000,6,uniform,2600,0.0127109987283751,34665.687774347774,34661.281979236155
1000,6,uniform,2700,0.0141277639612456,34666.17884334012,34661.281979236155
1000,6,uniform,2800,0.0194752529744635,34668.0323515858,34661.281979236155
1000,6,uniform,2900,0.0217822343986895,34668.83198092246,34661.281979236155
1000,6,uniform,3000,0.0231352362507749,34669.3009487096,34661.281979236155
1000,6,uniform,3100,0.0174966889487703,34667.34655592972,34661.281979236155
1000,6,uniform,3200,0.013883410089616,34666.09414715565,34661.281979236155
1000,6,uniform,3300,0.012760749600832,34665.705018637964,34661.281979236155
1000,6,uniform,3400,0.0118758836513588,34665.39831275608,34661.281979236155
1000,6,uniform,3500,0.0126122466131609,34665.65354559866,34661.281979236155
1000,6,uniform,3600,0.0078598127526577,34664.006291097394,34661.281979236155
1000,6,uniform,3700,0.008006989752354,34664.05730453227,34661.281979236155
1000,6,uniform,3800,0.0079583206800429,34664.04043520788,34661.281979236155
1000,6,uniform,3900,0.0075338004922659,34663.89329106853,34661.281979236155
1000,6,uniform,4000,0.0047510273345401,34662.92874621749,34661.281979236155
1000,6,uniform,4100,0.0048370879766847,34662.95857593934,34661.281979236155
1000,6,uniform,4200,0.0054783039113727,34663.18082960256,34661.281979236155
1000,6,uniform,4300,0.0052454848008471,34663.100131514155,34661.281979236155
1000,6,uniform,4400,0.0049353203756354,34662.99262454813,34661.281979236155
1000,6,uniform,4500,0.0049040842958661,34662.981797722445,34661.281979236155
1000,6,uniform,4600,0.0054151499234275,34663.15893962071,34661.281979236155
1000,6,uniform,4700,0.004991085895983,34663.01195359239,34661.281979236155
1000,6,uniform,4800,0.0026057524596005,34662.18516644386,34661.281979236155
1000,6,uniform,4900,0.0035164343973282,34662.50082047823,34661.281979236155
1000,6,uniform,5000,0.0026432298507351,34662.19815658808,34661.281979236155
1000,6,uniform,5100,0.0032974057000581,34662.42490232385,34661.281979236155
1000,6,uniform,5200,0.0031185965400659,34662.3629247767,34661.281979236155
1000,6,uniform,5300,0.0033095733416918,34662.42911978443,34661.281979236155
1000,6,uniform,5400,0.0034356019988626,34662.472802932665,34661.281979236155
1000,6,uniform,5500,0.0026854871682868,34662.21280351607,34661.281979236155
1000,6,uniform,5600,0.0026945403605199,34662.21594146856,34661.281979236155
1000,6,uniform,5700,0.0030001078478136,34662.32185507697,34661.281979236155
1000,6,uniform,5800,0.0032855924448473,34662.42080769815,34661.281979236155
1000,6,uniform,5900,0.0034904703920762,34662.491821021154,34661.281979236155
1000,6,uniform,6000,0.0037262860330968,34662.57355774544,34661.281979236155
1000,6,uniform,6100,0.0043384200937684,34662.7857312583,34661.281979236155
1000,6,uniform,6200,0.0043215885108771,34662.77989721589,34661.281979236155
1000,6,uniform,6300,0.0024231801750733,34662.1218845495,34661.281979236155
1000,6,uniform,6400,0.0027343576383731,34662.22974264751,34661.281979236155
1000,6,uniform,6500,0.0029678333852652,34662.310668334496,34661.281979236155
1000,6,uniform,6600,0.0029739143983716,34662.3127760916,34661.281979236155
1000,6,uniform,6700,0.0028122279420767,34662.25673349306,34661.281979236155
1000,6,uniform,6800,0.0028588914589278,34662.272907666214,34661.281979236155
1000,6,uniform,6900,0.0027090826003928,34662.22098199533,34661.281979236155
1000,6,uniform,7000,0.0025699698485169,34662.17276373213,34661.281979236155
1000,6,uniform,7100,0.0023035998955936,34662.08043649164,34661.281979236155
1000,6,uniform,7200,0.0025030647561836,34662.14957356942,34661.281979236155
1000,6,uniform,7300,0.0026142288175319,34662.18810445818,34661.281979236155
1000,6,uniform,7400,0.0026242661748941,34662.19158353492,34661.281979236155
1000,6,uniform,7500,0.0027688203883211,34662.24168787845,34661.281979236155
1000,6,uniform,7600,0.0022216448368751,34662.05202981764,34661.281979236155
1000,6,uniform,7700,0.0029028558360078,34662.288146282925,34661.281979236155
1000,6,uniform,7800,0.0023571418312084,34662.09899481292,34661.281979236155
1000,6,uniform,7900,0.0030132988885274,34662.326427260785,34661.281979236155
1000,6,uniform,8000,0.0034710509764694,34662.48509000275,34661.281979236155
1000,6,uniform,8100,0.0025574923001277,34662.1684388539,34661.281979236155
1000,6,uniform,8200,0.0030321729121213,34662.33296923932,34661.281979236155
1000,6,uniform,8300,0.003319529615599,34662.4325707566,34661.281979236155
1000,6,uniform,8400,0.0035425540634379,34662.50987388935,34661.281979236155
1000,6,uniform,8500,0.0037309004166297,34662.57515714993,34661.281979236155
1000,6,uniform,8600,0.0038300621204648,34662.60952786771,34661.281979236155
1000,6,uniform,8700,0.0035672840228099,34662.5184456103,34661.281979236155
1000,6,uniform,8800,0.0034467381392046,34662.47666286167,34661.281979236155
1000,6,uniform,8900,0.0032387402069013,34662.404568111844,34661.281979236155
1000,6,uniform,9000,0.0025491722440954,34662.16555501582,34661.281979236155
1000,6,uniform,9100,0.002587516417537,34662.1788455979,34661.281979236155
1000,6,uniform,9200,0.0026926377802346,34662.21528200984,34661.281979236155
1000,6,uniform,9300,0.0027425675418669,34662.23258830531,34661.281979236155
1000,6,uniform,9400,0.0017596082145113,34661.89188200112,34661.281979236155
1000,6,uniform,9500,0.0022140983106123,34662.049414094894,34661.281979236155
1000,6,uniform,9600,0.0029488532592519,34662.3040895795,34661.281979236155
1000,6,uniform,9700,0.0035130369250931,34662.4996428708,34661.281979236155
1000,6,uniform,9800,0.0037102524661095,34662.568000305575,34661.281979236155
1000,6,uniform,9900,0.0038427285933786,34662.6139182296,34661.281979236155
1000,6,uniform,10000,0.0039084971339109,34662.63671444889,34661.281979236155
1000,7,uniform,0,36.95864905290134,45250.06939458463,33039.220018230786
1000,7,uniform,100,8.639888816440532,35893.77189362509,33039.220018230786
1000,7,uniform,200,4.4976855573415575,34525.22024524905,33039.220018230786
1000,7,uniform,300,1.2546959754571947,33453.761782121976,33039.220018230786
1000,7,uniform,400,0.3478076597147601,33154.132956164205,33039.220018230786
1000,7,uniform,500,0.2127570186247799,33109.513277718455,33039.220018230786
1000,7,uniform,600,0.1850568515139954,33100.361358561306,33039.220018230786
1000,7,uniform,700,0.1696953374168046,33095.2860341206,33039.220018230786
1000,7,uniform,800,0.1572151656374107,33091.16268270776,33039.220018230786
1000,7,uniform,900,0.1472077639079771,33087.85631523226,33039.220018230786
1000,7,uniform,1000,0.1389122932660014,33085.11555643531,33039.220018230786
1000,7,uniform,1100,0.130924520245875,33082.476458532634,33039.220018230786
1000,7,uniform,1200,0.124207887344219,33080.25733541044,33039.220018230786
1000,7,uniform,1300,0.1183764973637157,33078.33068964466,33039.220018230786
1000,7,uniform,1400,0.1125012400979195,33076.389550469976,33039.220018230786
1000,7,uniform,1500,0.1072637310621093,33074.65911833616,33039.220018230786
1000,7,uniform,1600,0.1022671924363897,33073.00830094631,33039.220018230786
1000,7,uniform,1700,0.0977329301081728,33071.51021603949,33039.220018230786
1000,7,uniform,1800,0.0933724528908217,33070.0695483778,33039.220018230786
1000,7,uniform,1900,0.0894307584234936,33068.7672432703,33039.220018230786
1000,7,uniform,2000,0.0852362597924561,33067.38141363893,33039.220018230786
1000,7,uniform,2100,0.0812212259693752,33066.05487778031,33039.220018230786
1000,7,uniform,2200,0.0778964965213305,33064.95641310296,33039.220018230786
1000,7,uniform,2300,0.0741733851823513,33063.72632615615,33039.220018230786
1000,7,uniform,2400,0.0708731040295102,33062.635939004846,33039.220018230786
1000,7,uniform,2500,0.0677299086397972,33061.597451764435,33039.220018230786
1000,7,uniform,2600,0.0651739078099509,33060.752969026595,33039.220018230786
1000,7,uniform,2700,0.0624849545546354,33059.86455984438,33039.220018230786
1000,7,uniform,2800,0.0601195460635286,33059.08304732868,33039.220018230786
1000,7,uniform,2900,0.0575339733087411,33058.22879425749,33039.220018230786
1000,7,uniform,3000,0.0551351327353393,33057.43623604256,33039.220018230786
1000,7,uniform,3100,0.0525454557237461,33056.58062695694,33039.220018230786
1000,7,uniform,3200,0.0502859268476646,33055.83409624019,33039.220018230786
1000,7,uniform,3300,0.0476628404984416,33054.967448970005,33039.220018230786
1000,7,uniform,3400,0.0455726902000195,33054.2768796142,33039.220018230786
1000,7,uniform,3500,0.0429414572251799,33053.40754076245,33039.220018230786
1000,7,uniform,3600,0.0408666396080106,33052.722037204934,33039.220018230786
1000,7,uniform,3700,0.0384114917299003,33051.91087549571,33039.220018230786
1000,7,uniform,3800,0.0357002864868094,33051.0151144303,33039.220018230786
1000,7,uniform,3900,0.0333544987469356,33050.240084457764,33039.220018230786
1000,7,uniform,4000,0.0311603464820371,33049.51515366343,33039.220018230786
1000,7,uniform,4100,0.029103544864378,33048.83560245163,33039.220018230786
1000,7,uniform,4200,0.0272889804765651,33048.23608453117,33039.220018230786
1000,7,uniform,4300,0.0254938425846622,33047.642984973434,33039.220018230786
1000,7,uniform,4400,0.0238786290579647,33047.109331022584,33039.220018230786
1000,7,uniform,4500,0.0224696696136601,33046.64382181181,33039.220018230786
1000,7,uniform,4600,0.0211440225116569,33046.20583834912,33039.220018230786
1000,7,uniform,4700,0.0199453024137575,33045.80979057857,33039.220018230786
1000,7,uniform,4800,0.018830111461974,33045.441340186386,33039.220018230786
1000,7,uniform,4900,0.0178005813294853,33045.10119146076,33039.220018230786
1000,7,uniform,5000,0.0168012530836701,33044.77102120292,33039.220018230786
1000,7,uniform,5100,0.015798965151811,33044.4398730879,33039.220018230786
1000,7,uniform,5200,0.0149638740720178,33044.16396550869,33039.220018230786
1000,7,uniform,5300,0.014204291908803,33043.91300548657,33039.220018230786
1000,7,uniform,5400,0.0134621914997029,33043.66782129965,33039.220018230786
1000,7,uniform,5500,0.0127220885023916,33043.423297042005,33039.220018230786
1000,7,uniform,5600,0.0121064403164754,33043.21989168332,33039.220018230786
1000,7,uniform,5700,0.0115487845808649,33043.03564657789,33039.220018230786
1000,7,uniform,5800,0.0109974190616608,33042.853479710895,33039.220018230786
1000,7,uniform,5900,0.0104384159406474,33042.668789439835,33039.220018230786
1000,7,uniform,6000,0.0100260741368518,33042.53255492405,33039.220018230786
1000,7,uniform,6100,0.0096357402866756,33042.403591664486,33039.220018230786
1000,7,uniform,6200,0.0092409125382744,33042.273143656,33039.220018230786
1000,7,uniform,6300,0.0088408383052898,33042.14096224993,33039.220018230786
1000,7,uniform,6400,0.0085343992200362,33042.03971716633,33039.220018230786
1000,7,uniform,6500,0.0082566416666901,33041.94794823716,33039.220018230786
1000,7,uniform,6600,0.0079873851450404,33041.85898798256,33039.220018230786
1000,7,uniform,6700,0.0077139785913187,33041.76865658973,33039.220018230786
1000,7,uniform,6800,0.0074678613685619,33041.687341379,33039.220018230786
1000,7,uniform,6900,0.0072974256643509,33041.6310307517,33039.220018230786
1000,7,uniform,7000,0.0071348013199268,33041.57730093674,33039.220018230786
1000,7,uniform,7100,0.0069486411446037,33041.51579506683,33039.220018230786
1000,7,uniform,7200,0.0067679067598463,33041.4560818358,33039.220018230786
1000,7,uniform,7300,0.006628528506643,33041.41003234807,33039.220018230786
1000,7,uniform,7400,0.0065806716074503,33041.39422080185,33039.220018230786
1000,7,uniform,7500,0.0065435910566339,33041.38196967708,33039.220018230786
1000,7,uniform,7600,0.0064990074837509,33041.367239612344,33039.220018230786
1000,7,uniform,7700,0.0064552159906869,33041.3527712446,33039.220018230786
1000,7,uniform,7800,0.0064221971148908,33041.34186206558,33039.220018230786
1000,7,uniform,7900,0.0062466378386184,33041.28385865003,33039.220018230786
1000,7,uniform,8000,0.0059935110889682,33041.20022754629,33039.220018230786
1000,7,uniform,8100,0.0057539227782003,33041.121069437155,33039.220018230786
1000,7,uniform,8200,0.0055229454049973,33041.04475631463,33039.220018230786
1000,7,uniform,8300,0.0053069657113735,33040.97339830846,33039.220018230786
1000,7,uniform,8400,0.0050935934478715,33040.90290177686,33039.220018230786
1000,7,uniform,8500,0.0048892870287146,33040.835400529526,33039.220018230786
1000,7,uniform,8600,0.0046948154057385,33040.77114862214,33039.220018230786
1000,7,uniform,8700,0.0044986090121351,33040.706323560065,33039.220018230786
1000,7,uniform,8800,0.0043139546019477,33040.64531518321,33039.220018230786
1000,7,uniform,8900,0.0041295544400695,33040.58439080801,33039.220018230786
1000,7,uniform,9000,0.003951345572051,33040.52551198802,33039.220018230786
1000,7,uniform,9100,0.0037819498932854,33040.46954497701,33039.220018230786
1000,7,uniform,9200,0.0036069575140612,33040.41172885982,33039.220018230786
1000,7,uniform,9300,0.0034423907446635,33040.3573572828,33039.220018230786
1000,7,uniform,9400,0.0032787213627654,33040.303282195615,33039.220018230786
1000,7,uniform,9500,0.0031230657971264,33040.25185481081,33039.220018230786
1000,7,uniform,9600,0.0030206460840479,33040.21801613647,33039.220018230786
1000,7,uniform,9700,0.0030177755453438,33040.21706773287,33039.220018230786
1000,7,uniform,9800,0.00302111331246,33040.21817050509,33039.220018230786
1000,7,uniform,9900,0.0030294211415599,33040.220915347025,33039.220018230786
1000,7,uniform,10000,0.0030275636515449,33040.22030164681,33039.220018230786
1000,8,uniform,0,33.765153677468284,63504.0488000436,47474.28388798717
1000,8,uniform,100,3.7755707413301582,49266.70906011803,47474.28388798717
1000,8,uniform,200,2.309949524059949,48570.9158827086,47474.28388798717
1000,8,uniform,300,0.5083855157211999,47715.63627096606,47474.28388798717
1000,8,uniform,400,0.1113671145611824,47527.154628111806,47474.28388798717
1000,8,uniform,500,0.0626557243245473,47504.02924442508,47474.28388798717
1000,8,uniform,600,0.0881608470432879,47516.13761879056,47474.28388798717
1000,8,uniform,700,0.0970302436017855,47520.34830129189,47474.28388798717
1000,8,uniform,800,0.1014207925632202,47522.43268297008,47474.28388798717
1000,8,uniform,900,0.1048669352612857,47524.06871453775,47474.28388798717
1000,8,uniform,1000,0.1060260418338242,47524.61899208256,47474.28388798717
1000,8,uniform,1100,0.1069202405596165,47525.04350652416,47474.28388798717
1000,8,uniform,1200,0.1080218549563648,47525.56649007023,47474.28388798717
1000,8,uniform,1300,0.1053299740663797,47524.28853889459,47474.28388798717
1000,8,uniform,1400,0.0932906125049064,47518.57293820859,47474.28388798717
1000,8,uniform,1500,0.0857379234833796,47514.987353181335,47474.28388798717
1000,8,uniform,1600,0.0702741759893953,47507.64604979632,47474.28388798717
1000,8,uniform,1700,0.0560209708837689,47500.87944274134,47474.28388798717
1000,8,uniform,1800,0.0437467594796793,47495.05234877435,47474.28388798717
1000,8,uniform,1900,0.0345650652113951,47490.693405171696,47474.28388798717
1000,8,uniform,2000,0.0366227300996148,47491.67026684219,47474.28388798717
1000,8,uniform,2100,0.0372665498525839,47491.975915659445,47474.28388798717
1000,8,uniform,2200,0.0419940930954033,47494.22028295947,47474.28388798717
1000,8,uniform,2300,0.0457676956735606,47496.01177376023,47474.28388798717
1000,8,uniform,2400,0.0453879449916712,47495.83148984344,47474.28388798717
1000,8,uniform,2500,0.0404839724392389,47493.50336399211,47474.28388798717
1000,8,uniform,2600,0.0340851036431324,47490.46554685423,47474.28388798717
1000,8,uniform,2700,0.0401509107363384,47493.34524533375,47474.28388798717
1000,8,uniform,2800,0.046086029559147,47496.16290049278,47474.28388798717
1000,8,uniform,2900,0.0513474233170424,47498.66070950187,47474.28388798717
1000,8,uniform,3000,0.0571692574495604,47501.42458356543,47474.28388798717
1000,8,uniform,3100,0.0630244632618813,47504.204300595,47474.28388798717
1000,8,uniform,3200,0.0686676684631522,47506.88337185263,47474.28388798717
1000,8,uniform,3300,0.0650354663338708,47505.15900990239,47474.28388798717
1000,8,uniform,3400,0.0615123686548179,47503.48644450858,47474.28388798717
1000,8,uniform,3500,0.058005778099482,47501.82171575356,47474.28388798717
1000,8,uniform,3600,0.0545643554941208,47500.1879250161,47474.28388798717
1000,8,uniform,3700,0.0512148753955076,47498.59778332531,47474.28388798717
1000,8,uniform,3800,0.0476327276861341,47496.89718435248,47474.28388798717
1000,8,uniform,3900,0.0450977740559172,47495.69373326964,47474.28388798717
1000,8,uniform,4000,0.0480248108249391,47497.08332301487,47474.28388798717
1000,8,uniform,4100,0.0507331275827763,47498.36907700107,47474.28388798717
1000,8,uniform,4200,0.05321495663472,47499.54730757081,47474.28388798717
1000,8,uniform,4300,0.0555958478161308,47500.67761860933,47474.28388798717
1000,8,uniform,4400,0.055555999848616,47500.65870107211,47474.28388798717
1000,8,uniform,4500,0.0534251339641796,47499.64708775286,47474.28388798717
1000,8,uniform,4600,0.0510280583434821,47498.50909326768,47474.28388798717
1000,8,uniform,4700,0.0498720602058985,47497.96029143011,47474.28388798717
1000,8,uniform,4800,0.0519250359341334,47498.93492695548,47474.28388798717
1000,8,uniform,4900,0.0523978773743263,47499.15940504314,47474.28388798717
1000,8,uniform,5000,0.0486288504044135,47497.37008647963,47474.28388798717
1000,8,uniform,5100,0.045036147175817,47495.66447634963,47474.28388798717
1000,8,uniform,5200,0.0414168423689064,47493.946237310825,47474.28388798717
1000,8,uniform,5300,0.0379443385919869,47492.29769100975,47474.28388798717
1000,8,uniform,5400,0.0352901214624016,47491.03762043465,47474.28388798717
1000,8,uniform,5500,0.0354645053263628,47491.12040792528,47474.28388798717
1000,8,uniform,5600,0.0364793695983165,47491.60220747082,47474.28388798717
1000,8,uniform,5700,0.0372009633668921,47491.94477894504,47474.28388798717
1000,8,uniform,5800,0.0378661154911882,47492.26055515281,47474.28388798717
1000,8,uniform,5900,0.0385759672861756,47492.59755220915,47474.28388798717
1000,8,uniform,6000,0.0365079328355812,47491.61576766317,47474.28388798717
1000,8,uniform,6100,0.0343738926122768,47490.60264734928,47474.28388798717
1000,8,uniform,6200,0.0324455635621188,47489.68718694171,47474.28388798717
1000,8,uniform,6300,0.0344923568164797,47490.65888738189,47474.28388798717
1000,8,uniform,6400,0.0365469308302707,47491.63428168188,47474.28388798717
1000,8,uniform,6500,0.0396744176343385,47493.1190336458,47474.28388798717
1000,8,uniform,6600,0.0427980667831214,47494.60196371036,47474.28388798717
1000,8,uniform,6700,0.0458265709027191,47496.03972435366,47474.28388798717
1000,8,uniform,6800,0.0486260484426576,47497.36875626835,47474.28388798717
1000,8,uniform,6900,0.0513944751608444,47498.68304702777,47474.28388798717
1000,8,uniform,7000,0.0541068645006105,47499.97073444308,47474.28388798717
1000,8,uniform,7100,0.0568092773139957,47501.25368557393,47474.28388798717
1000,8,uniform,7200,0.0588256003413008,47502.21092049201,47474.28388798717
1000,8,uniform,7300,0.0570968145153459,47501.39019180118,47474.28388798717
1000,8,uniform,7400,0.0553787591209208,47500.57455730588,47474.28388798717
1000,8,uniform,7500,0.0537183190287946,47499.78627526276,47474.28388798717
1000,8,uniform,7600,0.0533713837814195,47499.62157023851,47474.28388798717
1000,8,uniform,7700,0.0552435613214462,47500.51037311875,47474.28388798717
1000,8,uniform,7800,0.0554687748404915,47500.61729162413,47474.28388798717
1000,8,uniform,7900,0.0535891636562847,47499.72495967455,47474.28388798717
1000,8,uniform,8000,0.0517103625639005,47498.83301231026,47474.28388798717
1000,8,uniform,8100,0.0499498632027058,47497.99722784568,47474.28388798717
1000,8,uniform,8200,0.0479591622328358,47497.05215681589,47474.28388798717
1000,8,uniform,8300,0.0461811928289541,47496.20807857365,47474.28388798717
1000,8,uniform,8400,0.0477939487336893,47496.97372289028,47474.28388798717
1000,8,uniform,8500,0.0495037125315275,47497.78542100948,47474.28388798717
1000,8,uniform,8600,0.0511671773047051,47498.57513899828,47474.28388798717
1000,8,uniform,8700,0.0528555494247,47499.37668157161,47474.28388798717
1000,8,uniform,8800,0.0520816918685756,47499.009298238525,47474.28388798717
1000,8,uniform,8900,0.050913829665729,47498.454864020925,47474.28388798717
1000,8,uniform,9000,0.0497789785171842,47497.91610156496,47474.28388798717
1000,8,uniform,9100,0.0487737642012015,47497.43888326691,47474.28388798717
1000,8,uniform,9200,0.0497827365848748,47497.91788568068,47474.28388798717
1000,8,uniform,9300,0.0505388561197166,47498.27684801519,47474.28388798717
1000,8,uniform,9400,0.0509881640116553,47498.49015371934,47474.28388798717
1000,8,uniform,9500,0.0510608728501081,47498.52467171972,47474.28388798717
1000,8,uniform,9600,0.0505232138420107,47498.26942195586,47474.28388798717
1000,8,uniform,9700,0.0487946976009189,47497.44882124852,47474.28388798717
1000,8,uniform,9800,0.0470235901539912,47496.6080006712,47474.28388798717
1000,8,uniform,9900,0.0457918023776187,47496.02321824535,47474.28388798717
1000,8,uniform,10000,0.0445630596128023,47495.439881416925,47474.28388798717
1000,9,uniform,0,41.146232453523744,66767.99057569557,47304.12524307424
1000,9,uniform,100,4.7834502036867965,49566.89451836633,47304.12524307424
1000,9,uniform,200,2.013780133546433,48256.72631956719,47304.12524307424
1000,9,uniform,300,0.491646668432422,47536.694398862914,47304.12524307424
1000,9,uniform,400,0.0724418603770307,47338.3932314354,47304.12524307424
1000,9,uniform,500,0.0147286063711916,47311.09248147863,47304.12524307424
1000,9,uniform,600,0.0134110263051391,47310.469211754,47304.12524307424
1000,9,uniform,700,0.0130143575624468,47310.28157107516,47304.12524307424
1000,9,uniform,800,0.0127993206647133,47310.17984975174,47304.12524307424
1000,9,uniform,900,0.012737869752995,47310.150780935495,47304.12524307424
1000,9,uniform,1000,0.0127064669035455,47310.13592609226,47304.12524307424
1000,9,uniform,1100,0.0120189674917496,47309.81071050946,47304.12524307424
1000,9,uniform,1200,0.0113547010735802,47309.49648509106,47304.12524307424
1000,9,uniform,1300,0.0109197123791581,47309.29071749426,47304.12524307424
1000,9,uniform,1400,0.0105015694237438,47309.092918626935,47304.12524307424
1000,9,uniform,1500,0.0101138981411923,47308.90953411791,47304.12524307424
1000,9,uniform,1600,0.0098626672408404,47308.79069153815,47304.12524307424
1000,9,uniform,1700,0.0095461496538961,47308.64096566241,47304.12524307424
1000,9,uniform,1800,0.0092704098646334,47308.51052936715,47304.12524307424
1000,9,uniform,1900,0.0089945432914835,47308.380033097885,47304.12524307424
1000,9,uniform,2000,0.008798848178924,47308.287461236745,47304.12524307424
1000,9,uniform,2100,0.0086050508801391,47308.19578711981,47304.12524307424
1000,9,uniform,2200,0.008438922144872,47308.117201374815,47304.12524307424
1000,9,uniform,2300,0.008277770808415,47308.04097014479,47304.12524307424
1000,9,uniform,2400,0.0081563563343756,47307.98353608992,47304.12524307424
1000,9,uniform,2500,0.008016625462307,47307.9174376232,47304.12524307424
1000,9,uniform,2600,0.0079208659589034,47307.872139427775,47304.12524307424
1000,9,uniform,2700,0.007784721713255,47307.8077375833,47304.12524307424
1000,9,uniform,2800,0.007645541128399,47307.74189942513,47304.12524307424
1000,9,uniform,2900,0.0075773616075167,47307.70964769918,47304.12524307424
1000,9,uniform,3000,0.0074839883781741,47307.66547830983,47304.12524307424
1000,9,uniform,3100,0.0073699136449306,47307.61151625514,47304.12524307424
1000,9,uniform,3200,0.0072700624835569,47307.56428253671,47304.12524307424
1000,9,uniform,3300,0.0072077652476377,47307.53481337421,47304.12524307424
1000,9,uniform,3400,0.0071088884373096,47307.488040564014,47304.12524307424
1000,9,uniform,3500,0.007057394481737,47307.46368179878,47304.12524307424
1000,9,uniform,3600,0.0069415648717305,47307.40888961499,47304.12524307424
1000,9,uniform,3700,0.0068835114190799,47307.38142793704,47304.12524307424
1000,9,uniform,3800,0.0067991970155828,47307.34154374601,47304.12524307424
1000,9,uniform,3900,0.0067451642864404,47307.31598403615,47304.12524307424
1000,9,uniform,4000,0.0066783889485373,47307.28439654668,47304.12524307424
1000,9,uniform,4100,0.0064924351023882,47307.1964327064,47304.12524307424
1000,9,uniform,4200,0.0059474305642836,47306.93862307711,47304.12524307424
1000,9,uniform,4300,0.0054399388858798,47306.69855857796,47304.12524307424
1000,9,uniform,4400,0.004952725219895,47306.4680864152,47304.12524307424
1000,9,uniform,4500,0.0045235242756259,47306.26505666298,47304.12524307424
1000,9,uniform,4600,0.0040859836140895,47306.05808188046,47304.12524307424
1000,9,uniform,4700,0.0036860984311047,47305.86891969267,47304.12524307424
1000,9,uniform,4800,0.0033050237356591,47305.68865564147,47304.12524307424
1000,9,uniform,4900,0.0029627393299381,47305.5267409975,47304.12524307424
1000,9,uniform,5000,0.0026189384323981,47305.36410899034,47304.12524307424
1000,9,uniform,5100,0.0022977524298926,47305.21217476145,47304.12524307424
1000,9,uniform,5200,0.0019959912718487,47305.06942928532,47304.12524307424
1000,9,uniform,5300,0.0017194832924634,47304.93862960444,47304.12524307424
1000,9,uniform,5400,0.0014566330826553,47304.81429061199,47304.12524307424
1000,9,uniform,5500,0.0012165058600486,47304.700700529866,47304.12524307424
1000,9,uniform,5600,0.0009744380982634,47304.58619249266,47304.12524307424
1000,9,uniform,5700,0.0007432453635079,47304.476828791856,47304.12524307424
1000,9,uniform,5800,0.0005183394192189,47304.37043900229,47304.12524307424
1000,9,uniform,5900,0.0003085038174257,47304.27117810641,47304.12524307424
1000,9,uniform,6000,0.0001117960889435,47304.17812723617,47304.12524307424
1000,9,uniform,6100,0.0001572691615102,47304.19963787537,47304.12524307424
1000,9,uniform,6200,0.0004631207715431,47304.34431830404,47304.12524307424
1000,9,uniform,6300,0.0007384312613243,47304.47455152293,47304.12524307424
1000,9,uniform,6400,0.0010400581293471,47304.617233474346,47304.12524307424
1000,9,uniform,6500,0.0013301111913683,47304.75444053808,47304.12524307424
1000,9,uniform,6600,0.0016063121223714,47304.8850949724,47304.12524307424
1000,9,uniform,6700,0.0018601346785403,47305.005163512265,47304.12524307424
1000,9,uniform,6800,0.0020941196140554,47305.11584803921,47304.12524307424
1000,9,uniform,6900,0.0023343606274528,47305.229491949074,47304.12524307424
1000,9,uniform,7000,0.0025639219102097,47305.33808390578,47304.12524307424
1000,9,uniform,7100,0.0027689588176,47305.435074821246,47304.12524307424
1000,9,uniform,7200,0.0029742970161617,47305.532208259865,47304.12524307424
1000,9,uniform,7300,0.0031735617241791,47305.62646868691,47304.12524307424
1000,9,uniform,7400,0.0033838409475195,47305.72593943408,47304.12524307424
1000,9,uniform,7500,0.0035597282998584,47305.80914140752,47304.12524307424
1000,9,uniform,7600,0.0037365830154718,47305.89280098369,47304.12524307424
1000,9,uniform,7700,0.0039117023576486,47305.97563965664,47304.12524307424
1000,9,uniform,7800,0.0040692511629062,47306.0501667408,47304.12524307424
1000,9,uniform,7900,0.0042303223227339,47306.12636004397,47304.12524307424
1000,9,uniform,8000,0.0043953215096401,47306.204411466,47304.12524307424
1000,9,uniform,8100,0.004553758797012,47306.279358838845,47304.12524307424
1000,9,uniform,8200,0.0046422161116999,47306.32120279777,47304.12524307424
1000,9,uniform,8300,0.0046685284682415,47306.33364962786,47304.12524307424
1000,9,uniform,8400,0.0046929133838931,47306.345184698905,47304.12524307424
1000,9,uniform,8500,0.0047318798573794,47306.363617448325,47304.12524307424
1000,9,uniform,8600,0.00477951010559,47306.38614852059,47304.12524307424
1000,9,uniform,8700,0.0048093023452573,47306.40024147896,47304.12524307424
1000,9,uniform,8800,0.0048253863412938,47306.40784987259,47304.12524307424
1000,9,uniform,8900,0.0048613394893729,47306.42485719478,47304.12524307424
1000,9,uniform,9000,0.0049073245791377,47306.44661003924,47304.12524307424
1000,9,uniform,9100,0.004925362640332,47306.4551427863,47304.12524307424
1000,9,uniform,9200,0.0049455250324549,47306.46468042952,47304.12524307424
1000,9,uniform,9300,0.0049857986654269,47306.4837315193,47304.12524307424
1000,9,uniform,9400,0.00500711073593,47306.49381300782,47304.12524307424
1000,9,uniform,9500,0.0050315207376648,47306.505359945615,47304.12524307424
1000,9,uniform,9600,0.0050532139285219,47306.51562171979,47304.12524307424
1000,9,uniform,9700,0.0050809937125802,47306.52876270363,47304.12524307424
1000,9,uniform,9800,0.005118427006056,47306.54647019566,47304.12524307424
1000,9,uniform,9900,0.0051262727381905,47306.55018155061,47304.12524307424
1000,9,uniform,10000,0.0051684637362836,47306.57013963319,47304.12524307424
1000,10,uniform,0,37.52623663462878,41388.716765444144,30095.14240937395
1000,10,uniform,100,6.116814675429585,31936.00649686197,30095.14240937395
1000,10,uniform,200,3.503952070693943,31149.6617750055,30095.14240937395
1000,10,uniform,300,1.232915818574751,30466.19018076172,30095.14240937395
1000,10,uniform,400,0.5849706124702179,30271.19014824985,30095.14240937395
1000,10,uniform,500,0.5255579575329151,30253.30982513728,30095.14240937395
1000,10,uniform,600,0.5203547310016282,30251.743906702806,30095.14240937395
1000,10,uniform,700,0.5090629715099995,30248.34563560328,30095.14240937395
1000,10,uniform,800,0.5046482272973298,30247.017012045464,30095.14240937395
1000,10,uniform,900,0.5007862219235228,30245.85473602836,30095.14240937395
1000,10,uniform,1000,0.4976686456244237,30244.916497001424,30095.14240937395
1000,10,uniform,1100,0.4875012644163521,30241.85660914755,30095.14240937395
1000,10,uniform,1200,0.4842458891099401,30240.876899313127,30095.14240937395
1000,10,uniform,1300,0.4815711237474435,30240.071924868167,30095.14240937395
1000,10,uniform,1400,0.4805883993511624,30239.77617256161,30095.14240937395
1000,10,uniform,1500,0.4787275543529792,30239.2161486094,30095.14240937395
1000,10,uniform,1600,0.4768862838690961,30238.662015635127,30095.14240937395
1000,10,uniform,1700,0.4752664265065729,30238.174517255047,30095.14240937395
1000,10,uniform,1800,0.4737562245848907,30237.720019836048,30095.14240937395
1000,10,uniform,1900,0.4722623854998772,30237.27044683605,30095.14240937395
1000,10,uniform,2000,0.4708670347794024,30236.85051404961,30095.14240937395
1000,10,uniform,2100,0.47053365473834,30236.750182851487,30095.14240937395
1000,10,uniform,2200,0.4700156245437084,30236.59428092669,30095.14240937395
1000,10,uniform,2300,0.4687822905158312,30236.223107294616,30095.14240937395
1000,10,uniform,2400,0.4676716655269863,30235.88886312259,30095.14240937395
1000,10,uniform,2500,0.4665578973187999,30235.553672994225,30095.14240937395
1000,10,uniform,2600,0.4654652658640197,30235.2248440019,30095.14240937395
1000,10,uniform,2700,0.464422376445785,30234.91098494631,30095.14240937395
1000,10,uniform,2800,0.4633743011305627,30234.59556518764,30095.14240937395
1000,10,uniform,2900,0.4623517206821403,30234.28781814544,30095.14240937395
1000,10,uniform,3000,0.4613775481002825,30233.99463951961,30095.14240937395
1000,10,uniform,3100,0.4603542065326703,30233.686663417506,30095.14240937395
1000,10,uniform,3200,0.4594727780532112,30233.42139626137,30095.14240937395
1000,10,uniform,3300,0.4585093668195859,30233.131456278625,30095.14240937395
1000,10,uniform,3400,0.4576134212672186,30232.86182018873,30095.14240937395
1000,10,uniform,3500,0.4567009022594631,30232.58719629384,30095.14240937395
1000,10,uniform,3600,0.4558475965841294,30232.330392735654,30095.14240937395
1000,10,uniform,3700,0.4550209317423943,30232.081606774285,30095.14240937395
1000,10,uniform,3800,0.4541761129228419,30231.82735734744,30095.14240937395
1000,10,uniform,3900,0.4533800001280835,30231.58776606812,30095.14240937395
1000,10,uniform,4000,0.4525943053521872,30231.35131010641,30095.14240937395
1000,10,uniform,4100,0.4518008768052743,30231.1125266553,30095.14240937395
1000,10,uniform,4200,0.4510331913049067,30230.881490610707,30095.14240937395
1000,10,uniform,4300,0.4503091541855354,30230.663590608536,30095.14240937395
1000,10,uniform,4400,0.4495606296933891,30230.43832109665,30095.14240937395
1000,10,uniform,4500,0.4488334769843992,30230.21948345335,30095.14240937395
1000,10,uniform,4600,0.4481524098685627,30230.014515334937,30095.14240937395
1000,10,uniform,4700,0.4474696508860193,30229.809038046827,30095.14240937395
1000,10,uniform,4800,0.4467734173383925,30229.599505569167,30095.14240937395
1000,10,uniform,4900,0.4460773080923643,30229.39001050025,30095.14240937395
1000,10,uniform,5000,0.4454209758770436,30229.19248638537,30095.14240937395
1000,10,uniform,5100,0.4447940050776091,30229.003798630416,30095.14240937395
1000,10,uniform,5200,0.4441332926507833,30228.804956284646,30095.14240937395
1000,10,uniform,5300,0.4434823068061336,30228.60904116764,30095.14240937395
1000,10,uniform,5400,0.4428730336162146,30228.425679533462,30095.14240937395
1000,10,uniform,5500,0.4422463748651326,30228.237085689907,30095.14240937395
1000,10,uniform,5600,0.4416408488406644,30228.05485177052,30095.14240937395
1000,10,uniform,5700,0.4410585248311628,30227.87960053057,30095.14240937395
1000,10,uniform,5800,0.440446309776724,30227.69535353809,30095.14240937395
1000,10,uniform,5900,0.4398444515386538,30227.51422344424,30095.14240937395
1000,10,uniform,6000,0.4392611216417414,30227.338669481047,30095.14240937395
1000,10,uniform,6100,0.4386830834054172,30227.164708050645,30095.14240937395
1000,10,uniform,6200,0.4381249557136672,30226.996738726983,30095.14240937395
1000,10,uniform,6300,0.4375658873602263,30226.82848630985,30095.14240937395
1000,10,uniform,6400,0.4369918900010855,30226.6557409872,30095.14240937395
1000,10,uniform,6500,0.4364629916860372,30226.49656828608,30095.14240937395
1000,10,uniform,6600,0.4359397789197649,30226.339106658965,30095.14240937395
1000,10,uniform,6700,0.4353806599138225,30226.17083899789,30095.14240937395
1000,10,uniform,6800,0.4348388084381444,30226.00776802464,30095.14240937395
1000,10,uniform,6900,0.4343103827957636,30225.84873757504,30095.14240937395
1000,10,uniform,7000,0.4337779634796426,30225.688505223632,30095.14240937395
1000,10,uniform,7100,0.433251366939787,30225.53002524504,30095.14240937395
1000,10,uniform,7200,0.4327395934067451,30225.376006271457,30095.14240937395
1000,10,uniform,7300,0.4322236614782601,30225.220735822844,30095.14240937395
1000,10,uniform,7400,0.4317191729817172,30225.06890929137,30095.14240937395
1000,10,uniform,7500,0.4312192379270784,30224.918453124723,30095.14240937395
1000,10,uniform,7600,0.4307298084876386,30224.77115863793,30095.14240937395
1000,10,uniform,7700,0.4302443281921408,30224.62505265163,30095.14240937395
1000,10,uniform,7800,0.4297567447365647,30224.47831371631,30095.14240937395
1000,10,uniform,7900,0.4292649892188859,30224.33031919296,30095.14240937395
1000,10,uniform,8000,0.4287908307831157,30224.187620536468,30095.14240937395
1000,10,uniform,8100,0.4283255831660694,30224.04760360356,30095.14240937395
1000,10,uniform,8200,0.4278481301553757,30223.90391344005,30095.14240937395
1000,10,uniform,8300,0.4273891141777426,30223.765771927905,30095.14240937395
1000,10,uniform,8400,0.4269329216362929,30223.62848013289,30095.14240937395
1000,10,uniform,8500,0.4264598741175104,30223.486115808453,30095.14240937395
1000,10,uniform,8600,0.4260023409567273,30223.348420552145,30095.14240937395
1000,10,uniform,8700,0.4255595429054717,30223.21515984804,30095.14240937395
1000,10,uniform,8800,0.4251053463879265,30223.07846875926,30095.14240937395
1000,10,uniform,8900,0.4246538465653258,30222.94258924467,30095.14240937395
1000,10,uniform,9000,0.4242181934849378,30222.81147882972,30095.14240937395
1000,10,uniform,9100,0.4237716372660299,30222.6770870997,30095.14240937395
1000,10,uniform,9200,0.4233275681825927,30222.54344387664,30095.14240937395
1000,10,uniform,9300,0.4228922093343733,30222.41242201128,30095.14240937395
1000,10,uniform,9400,0.4224572330633216,30222.28151528306,30095.14240937395
1000,10,uniform,9500,0.4220243911038162,30222.15125087894,30095.14240937395
1000,10,uniform,9600,0.4215936316327768,30222.021613202687,30095.14240937395
1000,10,uniform,9700,0.4211649073750287,30221.89258802677,30095.14240937395
1000,10,uniform,9800,0.4207423363294343,30221.765414668826,30095.14240937395
1000,10,uniform,9900,0.4203330049904758,30221.64222581944,30095.14240937395
1000,10,uniform,10000,0.419921011236869,30221.51823571257,30095.14240937395
1000,11,uniform,0,52.56764091987143,43634.00463340689,28599.77670908832
1000,11,uniform,100,6.415859648000381,30434.69824238493,28599.77670908832
1000,11,uniform,200,3.3706074597912075,29563.76291632848,28599.77670908832
1000,11,uniform,300,0.9144932166112608,28861.3197270589,28599.77670908832
1000,11,uniform,400,0.2435631015448034,28669.435212275865,28599.77670908832
1000,11,uniform,500,0.0911098277361162,28625.833916380885,28599.77670908832
1000,11,uniform,600,0.0464539503489878,28613.06243516068,28599.77670908832
1000,11,uniform,700,0.0256665847625135,28607.11729501925,28599.77670908832
1000,11,uniform,800,0.0160600901500589,28604.36985901052,28599.77670908832
1000,11,uniform,900,0.0121970585474029,28603.265040597955,28599.77670908832
1000,11,uniform,1000,0.0108788897919401,28602.888047277243,28599.77670908832
1000,11,uniform,1100,0.0098286553857101,28602.58768258214,28599.77670908832
1000,11,uniform,1200,0.0090948016520916,28602.37780205296,28599.77670908832
1000,11,uniform,1300,0.008508013093341,28602.2099818354,28599.77670908832
1000,11,uniform,1400,0.0077679236844084,28601.998317917,28599.77670908832
1000,11,uniform,1500,0.0074263318480469,28601.90062341453,28599.77670908832
1000,11,uniform,1600,0.0075980316357018,28601.949729170417,28599.77670908832
1000,11,uniform,1700,0.0087543571957449,28602.28043569862,28599.77670908832
1000,11,uniform,1800,0.0093094399175444,28602.439188117605,28599.77670908832
1000,11,uniform,1900,0.0092916771795589,28602.434108014204,28599.77670908832
1000,11,uniform,2000,0.0092011358191259,28602.40821338729,28599.77670908832
1000,11,uniform,2100,0.0093519962836659,28602.45135914329,28599.77670908832
1000,11,uniform,2200,0.009315212712741,28602.44083912414,28599.77670908832
1000,11,uniform,2300,0.0092505212700499,28602.42233751598,28599.77670908832
1000,11,uniform,2400,0.0091915037622407,28602.40545864053,28599.77670908832
1000,11,uniform,2500,0.0090630925378175,28602.368733317075,28599.77670908832
1000,11,uniform,2600,0.0089712885775601,28602.34247758943,28599.77670908832
1000,11,uniform,2700,0.0089113903849469,28602.32534684009,28599.77670908832
1000,11,uniform,2800,0.0087135934577907,28602.268777360587,28599.77670908832
1000,11,uniform,2900,0.0085294872574275,28602.21612339837,28599.77670908832
1000,11,uniform,3000,0.0083709665131029,28602.17078681946,28599.77670908832
1000,11,uniform,3100,0.0082086686566507,28602.124369994912,28599.77670908832
1000,11,uniform,3200,0.0079056995387451,28602.037721503693,28599.77670908832
1000,11,uniform,3300,0.0074891183060253,28601.918580201323,28599.77670908832
1000,11,uniform,3400,0.0071954420538252,28601.834589448947,28599.77670908832
1000,11,uniform,3500,0.0069002316256182,28601.750159925657,28599.77670908832
1000,11,uniform,3600,0.0066635369025598,28601.68246576338,28599.77670908832
1000,11,uniform,3700,0.0064099930351353,28601.60995278344,28599.77670908832
1000,11,uniform,3800,0.0062482136035513,28601.563684227243,28599.77670908832
1000,11,uniform,3900,0.0060891713752906,28601.518198505088,28599.77670908832
1000,11,uniform,4000,0.0059472483673966,28601.47760884173,28599.77670908832
1000,11,uniform,4100,0.0057444938401847,28601.41962149968,28599.77670908832
1000,11,uniform,4200,0.0055650229707863,28601.36829323177,28599.77670908832
1000,11,uniform,4300,0.0053892895201347,28601.31803385729,28599.77670908832
1000,11,uniform,4400,0.0051933959095378,28601.262008722068,28599.77670908832
1000,11,uniform,4500,0.0056492896023049,28601.39239330023,28599.77670908832
1000,11,uniform,4600,0.005555277246045,28601.36550597626,28599.77670908832
1000,11,uniform,4700,0.0053797884442295,28601.31531657079,28599.77670908832
1000,11,uniform,4800,0.0051914700847679,28601.261457940484,28599.77670908832
1000,11,uniform,4900,0.0050125043170666,28601.21027413053,28599.77670908832
1000,11,uniform,5000,0.0048474701170565,28601.16307471784,28599.77670908832
1000,11,uniform,5100,0.0047149262058534,28601.1251674552,28599.77670908832
1000,11,uniform,5200,0.004547909219586,28601.07740097005,28599.77670908832
1000,11,uniform,5300,0.0044219463144971,28601.041375860463,28599.77670908832
1000,11,uniform,5400,0.0042813272122596,28601.00115911121,28599.77670908832
1000,11,uniform,5500,0.0041663372062596,28600.96827222626,28599.77670908832
1000,11,uniform,5600,0.0040319406344911,28600.92983510683,28599.77670908832
1000,11,uniform,5700,0.0039094625150444,28600.89480663815,28599.77670908832
1000,11,uniform,5800,0.0037939353144633,28600.861766116745,28599.77670908832
1000,11,uniform,5900,0.0036750402013076,28600.827762379864,28599.77670908832
1000,11,uniform,6000,0.0035713588029728,28600.79810973145,28599.77670908832
1000,11,uniform,6100,0.0034532945821578,28600.764343627925,28599.77670908832
1000,11,uniform,6200,0.0033603589654037,28600.73776424905,28599.77670908832
1000,11,uniform,6300,0.0032698292667427,28600.711872957378,28599.77670908832
1000,11,uniform,6400,0.0031699926270535,28600.68331990136,28599.77670908832
1000,11,uniform,6500,0.0030721721290087,28600.655343457336,28599.77670908832
1000,11,uniform,6600,0.0029858620332286,28600.630658962666,28599.77670908832
1000,11,uniform,6700,0.0028792194642076,28600.60015942605,28599.77670908832
1000,11,uniform,6800,0.0027255164528082,28600.556200708,28599.77670908832
1000,11,uniform,6900,0.0026340404124971,28600.53003876472,28599.77670908832
1000,11,uniform,7000,0.0025443752612543,28600.50439473168,28599.77670908832
1000,11,uniform,7100,0.0024567190224649,28600.479325243115,28599.77670908832
1000,11,uniform,7200,0.002381909714396,28600.45792994805,28599.77670908832
1000,11,uniform,7300,0.002309912733291,28600.437338972217,28599.77670908832
1000,11,uniform,7400,0.0022483724095164,28600.41973857703,28599.77670908832
1000,11,uniform,7500,0.0024941602910321,28600.490033362323,28599.77670908832
1000,11,uniform,7600,0.0029062187863498,28600.60788117189,28599.77670908832
1000,11,uniform,7700,0.002999878755144,28600.634667713835,28599.77670908832
1000,11,uniform,7800,0.0028702347306148,28600.597589812303,28599.77670908832
1000,11,uniform,7900,0.0028372322161423,28600.588151166856,28599.77670908832
1000,11,uniform,8000,0.003038636116234,28600.645752232565,28599.77670908832
1000,11,uniform,8100,0.0032394217037493,28600.70317646226,28599.77670908832
1000,11,uniform,8200,0.0034302168452833,28600.75774344671,28599.77670908832
1000,11,uniform,8300,0.00361014692363,28600.80920304735,28599.77670908832
1000,11,uniform,8400,0.0037713878655532,28600.855317596703,28599.77670908832
1000,11,uniform,8500,0.0039435318208793,28600.904550383544,28599.77670908832
1000,11,uniform,8600,0.0041032351488788,28600.95022517875,28599.77670908832
1000,11,uniform,8700,0.0042642789052651,28600.99628333348,28599.77670908832
1000,11,uniform,8800,0.0042339432003682,28600.987607389616,28599.77670908832
1000,11,uniform,8900,0.0040084517127929,28600.92311732767,28599.77670908832
1000,11,uniform,9000,0.0037730097900014,28600.85578146348,28599.77670908832
1000,11,uniform,9100,0.0037984245255937,28600.863050021104,28599.77670908832
1000,11,uniform,9200,0.0040301360085194,28600.92931898783,28599.77670908832
1000,11,uniform,9300,0.0041769759432687,28600.971314881288,28599.77670908832
1000,11,uniform,9400,0.0041800803097221,28600.97220272316,28599.77670908832
1000,11,uniform,9500,0.0043091756183939,28601.009123693184,28599.77670908832
1000,11,uniform,9600,0.0044418144447727,28601.04705810136,28599.77670908832
1000,11,uniform,9700,0.0045569047282692,28601.07997366545,28599.77670908832
1000,11,uniform,9800,0.0045428852048974,28601.07596411307,28599.77670908832
1000,11,uniform,9900,0.0046106619025344,28601.095348097257,28599.77670908832
1000,11,uniform,10000,0.0040758251446194,28600.94238597873,28599.77670908832
1000,12,uniform,0,49.02951196260079,64422.76248673051,43228.19127455608
1000,12,uniform,100,5.015237621966532,45396.18778665328,43228.19127455608
1000,12,uniform,200,2.773904660718353,44427.30008706524,43228.19127455608
1000,12,uniform,300,0.7611535012082852,43557.22416595138,43228.19127455608
1000,12,uniform,400,0.1347925349881145,43286.45964940457,43228.19127455608
1000,12,uniform,500,0.0758787235352399,43260.99227430259,43228.19127455608
1000,12,uniform,600,0.0743594369234645,43260.33551418004,43228.19127455608
1000,12,uniform,700,0.0718674847948058,43259.2582883474,43228.19127455608
1000,12,uniform,800,0.0569554451083324,43252.81208330879,43228.19127455608
1000,12,uniform,900,0.0242862958475791,43238.68980097858,43228.19127455608
1000,12,uniform,1000,0.0224325424606197,43237.88845691871,43228.19127455608
1000,12,uniform,1100,0.0242307770110979,43238.66580118975,43228.19127455608
1000,12,uniform,1200,0.0199843577352372,43236.830150942864,43228.19127455608
1000,12,uniform,1300,0.0058790190298921,43230.73266814739,43228.19127455608
1000,12,uniform,1400,0.0118639001866122,43233.319824021375,43228.19127455608
1000,12,uniform,1500,0.0110356634464075,43232.96179225911,43228.19127455608
1000,12,uniform,1600,0.0173119185457942,43235.67490381836,43228.19127455608
1000,12,uniform,1700,0.0242205727447419,43238.66139006997,43228.19127455608
1000,12,uniform,1800,0.0198804502455122,43236.78523361446,43228.19127455608
1000,12,uniform,1900,0.0284090225908536,43240.47198118089,43228.19127455608
1000,12,uniform,2000,0.0259495122865187,43239.40877936212,43228.19127455608
1000,12,uniform,2100,0.0399379969697553,43245.4557482774,43228.19127455608
1000,12,uniform,2200,0.0343613767440071,43243.045076219554,43228.19127455608
1000,12,uniform,2300,0.0296850939419198,43241.02360374533,43228.19127455608
1000,12,uniform,2400,0.0267763156397081,43239.766191497096,43228.19127455608
1000,12,uniform,2500,0.0161540178094104,43235.17436427326,43228.19127455608
1000,12,uniform,2600,0.0134325016570424,43233.99790206535,43228.19127455608
1000,12,uniform,2700,0.0236093188629346,43238.39715607277,43228.19127455608
1000,12,uniform,2800,0.0170463998240273,43235.56012487744,43228.19127455608
1000,12,uniform,2900,0.0287345864735907,43240.61271655884,43228.19127455608
1000,12,uniform,3000,0.0327969467497795,43242.36880142929,43228.19127455608
1000,12,uniform,3100,0.028250866500649,43240.4036131637,43228.19127455608
1000,12,uniform,3200,0.0396307588307367,43245.32293478699,43228.19127455608
1000,12,uniform,3300,0.0395482642918321,43245.28727388992,43228.19127455608
1000,12,uniform,3400,0.0401354608862737,43245.54110835693,43228.19127455608
1000,12,uniform,3500,0.0427545617895981,43246.67329830509,43228.19127455608
1000,12,uniform,3600,0.0432327834342002,43246.880024872335,43228.19127455608
1000,12,uniform,3700,0.0411871619426608,43245.99573970122,43228.19127455608
1000,12,uniform,3800,0.0321363453974239,43242.083235413134,43228.19127455608
1000,12,uniform,3900,0.027703442595971,43240.16697171111,43228.19127455608
1000,12,uniform,4000,0.0287693185988829,43240.6277306284,43228.19127455608
1000,12,uniform,4100,0.0363263404470226,43243.89449448757,43228.19127455608
1000,12,uniform,4200,0.0394097431107633,43245.227393688816,43228.19127455608
1000,12,uniform,4300,0.0389690227613549,43245.03687825319,43228.19127455608
1000,12,uniform,4400,0.0423245785947814,43246.48742434719,43228.19127455608
1000,12,uniform,4500,0.0540888990548435,43251.57292729781,43228.19127455608
1000,12,uniform,4600,0.0502501900084599,43249.91352280877,43228.19127455608
1000,12,uniform,4700,0.0516365397228331,43250.51281671503,43228.19127455608
1000,12,uniform,4800,0.0501915247098467,43249.88816286127,43228.19127455608
1000,12,uniform,4900,0.0462559333539331,43248.18687790215,43228.19127455608
1000,12,uniform,5000,0.0426070472894816,43246.60953045482,43228.19127455608
1000,12,uniform,5100,0.0391161454957068,43245.1004767502,43228.19127455608
1000,12,uniform,5200,0.0339975344567954,43242.8877937797,43228.19127455608
1000,12,uniform,5300,0.0276906637404093,43240.16144764298,43228.19127455608
1000,12,uniform,5400,0.0240575094061498,43238.59090073807,43228.19127455608
1000,12,uniform,5500,0.0239076757059503,43238.52613033955,43228.19127455608
1000,12,uniform,5600,0.0331201576426205,43242.50851965227,43228.19127455608
1000,12,uniform,5700,0.0395216826527922,43245.27578312816,43228.19127455608
1000,12,uniform,5800,0.0418860216756991,43246.29784412336,43228.19127455608
1000,12,uniform,5900,0.0438510067225513,43247.14727161793,43228.19127455608
1000,12,uniform,6000,0.0495817648821814,43249.624574716654,43228.19127455608
1000,12,uniform,6100,0.0593753101771783,43253.858147209336,43228.19127455608
1000,12,uniform,6200,0.0618921508476692,43254.94613190845,43228.19127455608
1000,12,uniform,6300,0.0571039757802368,43252.87629043174,43228.19127455608
1000,12,uniform,6400,0.0545071400798791,43251.7537253281,43228.19127455608
1000,12,uniform,6500,0.0596117552194127,43253.96035812445,43228.19127455608
1000,12,uniform,6600,0.0642334970406975,43255.95825351917,43228.19127455608
1000,12,uniform,6700,0.0636418860219248,43255.70251077638,43228.19127455608
1000,12,uniform,6800,0.0637051072046944,43255.72984015019,43228.19127455608
1000,12,uniform,6900,0.0751315011404963,43260.66926357654,43228.19127455608
1000,12,uniform,7000,0.0858454489018366,43265.30070940787,43228.19127455608
1000,12,uniform,7100,0.089323399455673,43266.80416452572,43228.19127455608
1000,12,uniform,7200,0.0881345934038493,43266.29026517175,43228.19127455608
1000,12,uniform,7300,0.0887607503288944,43266.56094148499,43228.19127455608
1000,12,uniform,7400,0.0847525320570908,43264.82826122375,43228.19127455608
1000,12,uniform,7500,0.0811261453024113,43263.260639821085,43228.19127455608
1000,12,uniform,7600,0.0777798082045269,43261.81407881972,43228.19127455608
1000,12,uniform,7700,0.0744763996325451,43260.38607504364,43228.19127455608
1000,12,uniform,7800,0.0755817783155071,43260.86391025502,43228.19127455608
1000,12,uniform,7900,0.0803398172076999,43262.92072440826,43228.19127455608
1000,12,uniform,8000,0.0856185525249346,43265.20262620807,43228.19127455608
1000,12,uniform,8100,0.0901380070001955,43267.1563046332,43228.19127455608
1000,12,uniform,8200,0.0953345267180455,43269.40266611645,43228.19127455608
1000,12,uniform,8300,0.0982650772611997,43270.669490110646,43228.19127455608
1000,12,uniform,8400,0.0981597551155239,43270.62396125206,43228.19127455608
1000,12,uniform,8500,0.0957209498505865,43269.56970984732,43228.19127455608
1000,12,uniform,8600,0.0925262163742238,43268.18868434944,43228.19127455608
1000,12,uniform,8700,0.0897741185693468,43266.99900224629,43228.19127455608
1000,12,uniform,8800,0.0858807297401657,43265.31596067615,43228.19127455608
1000,12,uniform,8900,0.0841628935132541,43264.573371146194,43228.19127455608
1000,12,uniform,9000,0.0867336124125389,43265.68464642911,43228.19127455608
1000,12,uniform,9100,0.0886417365995224,43266.509494002414,43228.19127455608
1000,12,uniform,9200,0.0877611255321599,43266.12882176583,43228.19127455608
1000,12,uniform,9300,0.0856584585091201,43265.21987684324,43228.19127455608
1000,12,uniform,9400,0.0833664179026209,43264.229069145775,43228.19127455608
1000,12,uniform,9500,0.0862086265085188,43265.457704518354,43228.19127455608
1000,12,uniform,9600,0.0895377026658236,43266.89680392731,43228.19127455608
1000,12,uniform,9700,0.0943228963418052,43268.96535660242,43228.19127455608
1000,12,uniform,9800,0.1008412598360091,43271.78312724167,43228.19127455608
1000,12,uniform,9900,0.1061771344389515,43274.0897293212,43228.19127455608
1000,12,uniform,10000,0.1068876659094731,43274.39687922434,43228.19127455608
1000,13,uniform,0,45.623027358157785,51614.804471561874,35444.12268302594
1000,13,uniform,100,5.557943742695535,37414.08708184051,35444.12268302594
1000,13,uniform,200,2.792476263122487,36433.89139562145,35444.12268302594
1000,13,uniform,300,0.7298927903097573,35702.82677907789,35444.12268302594
1000,13,uniform,400,0.1170305669487316,35485.60314075189,35444.12268302594
1000,13,uniform,500,0.0521718351797553,35462.61453229304,35444.12268302594
1000,13,uniform,600,0.0388537880275795,35457.89406732144,35444.12268302594
1000,13,uniform,700,0.0300500306624464,35454.773652760225,35444.12268302594
1000,13,uniform,800,0.0315004114641853,35455.287727510964,35444.12268302594
1000,13,uniform,900,0.035434005313671,35456.68195534083,35444.12268302594
1000,13,uniform,1000,0.037363988444569,35457.366020929505,35444.12268302594
1000,13,uniform,1100,0.0366539340950708,35457.11434839475,35444.12268302594
1000,13,uniform,1200,0.0355527958797277,35456.7240596148,35444.12268302594
1000,13,uniform,1300,0.0344915845023568,35456.347922552275,35444.12268302594
1000,13,uniform,1400,0.0335908572578551,35456.028667682695,35444.12268302594
1000,13,uniform,1500,0.0326044720776394,35455.67905210929,35444.12268302594
1000,13,uniform,1600,0.0315585259393262,35455.30832567683,35444.12268302594
1000,13,uniform,1700,0.0306607876564063,35454.99013021846,35444.12268302594
1000,13,uniform,1800,0.0285043230352795,35454.22579025253,35444.12268302594
1000,13,uniform,1900,0.026303731971003,35453.44581005596,35444.12268302594
1000,13,uniform,2000,0.0244016592107968,35452.77163705331,35444.12268302594
1000,13,uniform,2100,0.0227175168633367,35452.17470757352,35444.12268302594
1000,13,uniform,2200,0.02124432999602,35451.65254941292,35444.12268302594
1000,13,uniform,2300,0.0198588002003835,35451.16146053234,35444.12268302594
1000,13,uniform,2400,0.0187216758391635,35450.75841677869,35444.12268302594
1000,13,uniform,2500,0.0177577020422032,35450.416744723465,35444.12268302594
1000,13,uniform,2600,0.0168148822107815,35450.082570505736,35444.12268302594
1000,13,uniform,2700,0.0159303939505348,35449.76907140166,35444.12268302594
1000,13,uniform,2800,0.0151375406614339,35449.48805150917,35444.12268302594
1000,13,uniform,2900,0.0149806587448333,35449.432446090184,35444.12268302594
1000,13,uniform,3000,0.0151003685245503,35449.47487617137,35444.12268302594
1000,13,uniform,3100,0.0152575940270246,35449.53060337136,35444.12268302594
1000,13,uniform,3200,0.0153618723494755,35449.5675639079,35444.12268302594
1000,13,uniform,3300,0.0154522228244226,35449.59958784108,35444.12268302594
1000,13,uniform,3400,0.015541510174955,35449.631234959146,35444.12268302594
1000,13,uniform,3500,0.0155182602835752,35449.62299423912,35444.12268302594
1000,13,uniform,3600,0.0153408827490652,35449.56012432818,35444.12268302594
1000,13,uniform,3700,0.0151256745815021,35449.48384568124,35444.12268302594
1000,13,uniform,3800,0.0148275109987419,35449.37816421517,35444.12268302594
1000,13,uniform,3900,0.0138251305339135,35449.02287925347,35444.12268302594
1000,13,uniform,4000,0.0127857079571006,35448.65446504015,35444.12268302594
1000,13,uniform,4100,0.0122589158326307,35448.46774819327,35444.12268302594
1000,13,uniform,4200,0.0127613504514753,35448.64583173597,35444.12268302594
1000,13,uniform,4300,0.0131965211784862,35448.800074182334,35444.12268302594
1000,13,uniform,4400,0.0136209161544623,35448.95049725828,35444.12268302594
1000,13,uniform,4500,0.0140094266780956,35449.08820140491,35444.12268302594
1000,13,uniform,4600,0.0143743123952266,35449.217531946146,35444.12268302594
1000,13,uniform,4700,0.0147000517945766,35449.33298741848,35444.12268302594
1000,13,uniform,4800,0.0149974525177044,35449.438398495644,35444.12268302594
1000,13,uniform,4900,0.0152568624935616,35449.53034408574,35444.12268302594
1000,13,uniform,5000,0.0155108600234344,35449.62037128184,35444.12268302594
1000,13,uniform,5100,0.0157355938036553,35449.70002619861,35444.12268302594
1000,13,uniform,5200,0.0159759210135923,35449.78520806974,35444.12268302594
1000,13,uniform,5300,0.0161728794721375,35449.85501826742,35444.12268302594
1000,13,uniform,5400,0.0163780717619719,35449.92774687437,35444.12268302594
1000,13,uniform,5500,0.0161191284986286,35449.83596670643,35444.12268302594
1000,13,uniform,5600,0.0149827678929636,35449.433193659235,35444.12268302594
1000,13,uniform,5700,0.0143790459609966,35449.219209717005,35444.12268302594
1000,13,uniform,5800,0.0143448159161187,35449.2070771779,35444.12268302594
1000,13,uniform,5900,0.0144036676885444,35449.22793667232,35444.12268302594
1000,13,uniform,6000,0.0144635530011982,35449.24916249601,35444.12268302594
1000,13,uniform,6100,0.0144100816355279,35449.23021003956,35444.12268302594
1000,13,uniform,6200,0.014113503142935,35449.125090394795,35444.12268302594
1000,13,uniform,6300,0.0138196106205144,35449.02092276859,35444.12268302594
1000,13,uniform,6400,0.0135290147115084,35448.91792359809,35444.12268302594
1000,13,uniform,6500,0.0132688046322523,35448.82569441837,35444.12268302594
1000,13,uniform,6600,0.0130001791270255,35448.730482464736,35444.12268302594
1000,13,uniform,6700,0.0127438999113001,35448.6396465451,35444.12268302594
1000,13,uniform,6800,0.0126029753314981,35448.58969706415,35444.12268302594
1000,13,uniform,6900,0.0126892217232123,35448.62026634104,35444.12268302594
1000,13,uniform,7000,0.0129030130610616,35448.69604280511,35444.12268302594
1000,13,uniform,7100,0.0131174071475487,35448.77203290815,35444.12268302594
1000,13,uniform,7200,0.013324225198194,35448.84533775175,35444.12268302594
1000,13,uniform,7300,0.0135203837678577,35448.91486443584,35444.12268302594
1000,13,uniform,7400,0.0137055307519704,35448.98048816003,35444.12268302594
1000,13,uniform,7500,0.0138748731821441,35449.040510098734,35444.12268302594
1000,13,uniform,7600,0.0136406794828226,35448.95750219663,35444.12268302594
1000,13,uniform,7700,0.0128181197338601,35448.66595311007,35444.12268302594
1000,13,uniform,7800,0.0124329603507648,35448.5294367458,35444.12268302594
1000,13,uniform,7900,0.0121012873744066,35448.41187816915,35444.12268302594
1000,13,uniform,8000,0.0117962769982438,35448.30376991723,35444.12268302594
1000,13,uniform,8100,0.0114970365548005,35448.197706767336,35444.12268302594
1000,13,uniform,8200,0.0111990562804375,35448.09209027332,35444.12268302594
1000,13,uniform,8300,0.0109561118504175,35448.00598075149,35444.12268302594
1000,13,uniform,8400,0.0107868791247552,35447.94599769659,35444.12268302594
1000,13,uniform,8500,0.0108398767847314,35447.96478225221,35444.12268302594
1000,13,uniform,8600,0.0109557439426601,35448.005850349815,35444.12268302594
1000,13,uniform,8700,0.0110608866386989,35448.04311725599,35444.12268302594
1000,13,uniform,8800,0.0111686173735774,35448.08130146983,35444.12268302594
1000,13,uniform,8900,0.0111699106793733,35448.08175987072,35444.12268302594
1000,13,uniform,9000,0.0110044346797545,35448.023108354406,35444.12268302594
1000,13,uniform,9100,0.0108206050878449,35447.95795156832,35444.12268302594
1000,13,uniform,9200,0.0107387794311496,35447.92894918218,35444.12268302594
1000,13,uniform,9300,0.0099947327152758,35447.66522835138,35444.12268302594
1000,13,uniform,9400,0.00981709698569,35447.60226692546,35444.12268302594
1000,13,uniform,9500,0.0096473945192078,35447.542117375044,35444.12268302594
1000,13,uniform,9600,0.0094814249446913,35447.48329091544,35444.12268302594
1000,13,uniform,9700,0.0093151594796969,35447.42435958004,35444.12268302594
1000,13,uniform,9800,0.0091524296949874,35447.36668143551,35444.12268302594
1000,13,uniform,9900,0.0090548524646736,35447.332096042286,35444.12268302594
1000,13,uniform,10000,0.0091339283141477,35447.36012378339,35444.12268302594
1000,14,uniform,0,40.09767258821176,50354.34055225719,35942.31054805842
1000,14,uniform,100,5.029657939483532,37750.08582417267,35942.31054805842
1000,14,uniform,200,2.6860405881161458,36907.73559768602,35942.31054805842
1000,14,uniform,300,0.7514221773062907,36212.38904055283,35942.31054805842
1000,14,uniform,400,0.1500495673287482,35996.24182952374,35942.31054805842
1000,14,uniform,500,0.0463362322227058,35958.964860540174,35942.31054805842
1000,14,uniform,600,0.0342571816329715,35954.623370665955,35942.31054805842
1000,14,uniform,700,0.0234496644533381,35950.73889927872,35942.31054805842
1000,14,uniform,800,0.0162212705893638,35948.14084750849,35942.31054805842
1000,14,uniform,900,0.0133784453091964,35947.11907041795,35942.31054805842
1000,14,uniform,1000,0.0110503531284819,35946.28230029652,35942.31054805842
1000,14,uniform,1100,0.008321099346502,35945.30134342655,35942.31054805842
1000,14,uniform,1200,0.0056559174650238,35944.34341547804,35942.31054805842
1000,14,uniform,1300,0.0042655314460851,35943.8436786173,35942.31054805842
1000,14,uniform,1400,0.0040962580415275,35943.78283784456,35942.31054805842
1000,14,uniform,1500,0.0139934897975901,35947.34013161798,35942.31054805842
1000,14,uniform,1600,0.0240596423146489,35950.9581394159,35942.31054805842
1000,14,uniform,1700,0.0332778667685962,35954.27138227616,35942.31054805842
1000,14,uniform,1800,0.0294229765564946,35952.88584566484,35942.31054805842
1000,14,uniform,1900,0.0644449092320965,35965.473537467034,35942.31054805842
1000,14,uniform,2000,0.0721843159934934,35968.25525907979,35942.31054805842
1000,14,uniform,2100,0.0710801817888614,35967.8584077351,35942.31054805842
1000,14,uniform,2200,0.0692710374734035,35967.20815946697,35942.31054805842
1000,14,uniform,2300,0.0665142826824595,35966.21731809896,35942.31054805842
1000,14,uniform,2400,0.0642613731111701,35965.40757034448,35942.31054805842
1000,14,uniform,2500,0.0558018015763864,35962.367004872416,35942.31054805842
1000,14,uniform,2600,0.051559085232009,35960.84207458825,35942.31054805842
1000,14,uniform,2700,0.0545737145490631,35961.925602019255,35942.31054805842
1000,14,uniform,2800,0.0599633106476473,35963.862747386294,35942.31054805842
1000,14,uniform,2900,0.0645428133349626,35965.508726463726,35942.31054805842
1000,14,uniform,3000,0.0676474804580578,35966.62461556259,35942.31054805842
1000,14,uniform,3100,0.0699105260432598,35967.43800643467,35942.31054805842
1000,14,uniform,3200,0.0715667176901327,35968.03327997966,35942.31054805842
1000,14,uniform,3300,0.0731939204470805,35968.61813424781,35942.31054805842
1000,14,uniform,3400,0.0745375249626271,35969.101056755324,35942.31054805842
1000,14,uniform,3500,0.077834583834851,35970.28609589413,35942.31054805842
1000,14,uniform,3600,0.080399617276499,35971.20802817939,35942.31054805842
1000,14,uniform,3700,0.0790967264998534,35970.739739130346,35942.31054805842
1000,14,uniform,3800,0.0767377290874676,35969.891860954565,35942.31054805842
1000,14,uniform,3900,0.0722591191826394,35968.282145074336,35942.31054805842
1000,14,uniform,4000,0.0707687129176579,35967.74645862615,35942.31054805842
1000,14,uniform,4100,0.067865006813653,35966.702799560844,35942.31054805842
1000,14,uniform,4200,0.0655823334332907,35965.88235400568,35942.31054805842
1000,14,uniform,4300,0.0632501359124888,35965.04410833016,35942.31054805842
1000,14,uniform,4400,0.0609140162188589,35964.2044529351,35942.31054805842
1000,14,uniform,4500,0.0586380744125305,35963.38642686317,35942.31054805842
1000,14,uniform,4600,0.0562625714633485,35962.5326162161,35942.31054805842
1000,14,uniform,4700,0.0537352247209096,35961.62422940131,35942.31054805842
1000,14,uniform,4800,0.0516530570198644,35960.875850220065,35942.31054805842
1000,14,uniform,4900,0.0509993889755272,35960.640906821616,35942.31054805842
1000,14,uniform,5000,0.0480124746031766,35959.5673407821,35942.31054805842
1000,14,uniform,5100,0.0448297271233227,35958.42338779893,35942.31054805842
1000,14,uniform,5200,0.0456860743780599,35958.7311787886,35942.31054805842
1000,14,uniform,5300,0.0458844944556704,35958.802495549084,35942.31054805842
1000,14,uniform,5400,0.0446841817572428,35958.37107543147,35942.31054805842
1000,14,uniform,5500,0.0426714494395794,35957.64765293135,35942.31054805842
1000,14,uniform,5600,0.0432142826687375,35957.84275973633,35942.31054805842
1000,14,uniform,5700,0.0439451645042708,35958.1054555554,35942.31054805842
1000,14,uniform,5800,0.0474387901129594,35959.36114532106,35942.31054805842
1000,14,uniform,5900,0.0438423184681411,35958.06849031371,35942.31054805842
1000,14,uniform,6000,0.0399572812426837,35956.67211816923,35942.31054805842
1000,14,uniform,6100,0.0361473730996941,35955.30274915288,35942.31054805842
1000,14,uniform,6200,0.0323547415670037,35953.939589749454,35942.31054805842
1000,14,uniform,6300,0.0285670457672156,35952.57820436248,35942.31054805842
1000,14,uniform,6400,0.0314192084398001,35953.603337527595,35942.31054805842
1000,14,uniform,6500,0.0349598032822329,35954.87590912111,35942.31054805842
1000,14,uniform,6600,0.0385856456177414,35956.17912063332,35942.31054805842
1000,14,uniform,6700,0.0359150889821835,35955.21926087401,35942.31054805842
1000,14,uniform,6800,0.0329183450538459,35954.142161864955,35942.31054805842
1000,14,uniform,6900,0.0299162150053482,35953.06312695987,35942.31054805842
1000,14,uniform,7000,0.0278476558123871,35952.31963899086,35942.31054805842
1000,14,uniform,7100,0.0271763330146906,35952.078350066135,35942.31054805842
1000,14,uniform,7200,0.0275591889977377,35952.21595735251,35942.31054805842
1000,14,uniform,7300,0.0250281981560059,35951.306260764235,35942.31054805842
1000,14,uniform,7400,0.0227860051140559,35950.50036477801,35942.31054805842
1000,14,uniform,7500,0.0256572790155818,35951.53236696038,35942.31054805842
1000,14,uniform,7600,0.0317088437381252,35953.707439145976,35942.31054805842
1000,14,uniform,7700,0.0305397075347904,35953.28722458104,35942.31054805842
1000,14,uniform,7800,0.028274411045533,35952.47302468204,35942.31054805842
1000,14,uniform,7900,0.0253219223711034,35951.41183203378,35942.31054805842
1000,14,uniform,8000,0.0242384979898352,35951.02242427811,35942.31054805842
1000,14,uniform,8100,0.0243303641970719,35951.055443115605,35942.31054805842
1000,14,uniform,8200,0.0241951670441825,35951.00685013506,35942.31054805842
1000,14,uniform,8300,0.0247548881854511,35951.20802684586,35942.31054805842
1000,14,uniform,8400,0.0272945041741211,35952.120823511235,35942.31054805842
1000,14,uniform,8500,0.0298473268446178,35953.03836696321,35942.31054805842
1000,14,uniform,8600,0.0323213170597514,35953.92757620926,35942.31054805842
1000,14,uniform,8700,0.0340904453501804,35954.5634417934,35942.31054805842
1000,14,uniform,8800,0.0348051665854596,35954.820329119335,35942.31054805842
1000,14,uniform,8900,0.0355462029709063,35955.086674718266,35942.31054805842
1000,14,uniform,9000,0.0362402353182564,35955.336125979855,35942.31054805842
1000,14,uniform,9100,0.0369836258187,35955.60331770211,35942.31054805842
1000,14,uniform,9200,0.0377004340585355,35955.860955145705,35942.31054805842
1000,14,uniform,9300,0.03840752787025,35956.11510099938,35942.31054805842
1000,14,uniform,9400,0.0391209217972617,35956.371511260055,35942.31054805842
1000,14,uniform,9500,0.0398515481529759,35956.63411525377,35942.31054805842
1000,14,uniform,9600,0.0404225263501528,35956.83933801056,35942.31054805842
1000,14,uniform,9700,0.0416696882799006,35957.28759682439,35942.31054805842
1000,14,uniform,9800,0.042909287331744,35957.733137365154,35942.31054805842
1000,14,uniform,9900,0.0426839699258247,35957.6521530834,35942.31054805842
1000,14,uniform,10000,0.0410522334835332,35957.065669303985,35942.31054805842
1000,15,uniform,0,46.40364654936029,49386.62299890918,33733.19187255242
1000,15,uniform,100,5.180486748658722,35480.73540740962,33733.19187255242
1000,15,uniform,200,2.7156856629361235,34649.27932788606,33733.19187255242
1000,15,uniform,300,0.7282863442491438,33978.866102439584,33733.19187255242
1000,15,uniform,400,0.1231277304455945,33774.726786111954,33733.19187255242
1000,15,uniform,500,0.0283416740047395,33742.752423824335,33733.19187255242
1000,15,uniform,600,0.0191263988317521,33739.64381736865,33733.19187255242
1000,15,uniform,700,0.0168607241182326,33738.87953297033,33733.19187255242
1000,15,uniform,800,0.0155731549550659,33738.445194794025,33733.19187255242
1000,15,uniform,900,0.0143416832731419,33738.029780088706,33733.19187255242
1000,15,uniform,1000,0.0133103696464626,33737.68188508421,33733.19187255242
1000,15,uniform,1100,0.0122213704639083,33737.31453090047,33733.19187255242
1000,15,uniform,1200,0.0114030961704457,33737.03850086301,33733.19187255242
1000,15,uniform,1300,0.0106685187753986,33736.79070446089,33733.19187255242
1000,15,uniform,1400,0.0101251337238111,33736.60740333883,33733.19187255242
1000,15,uniform,1500,0.0096307049453489,33736.44061673032,33733.19187255242
1000,15,uniform,1600,0.0091980105687952,33736.29465510605,33733.19187255242
1000,15,uniform,1700,0.0088588087835889,33736.18023151701,33733.19187255242
1000,15,uniform,1800,0.0085555566624979,33736.07793489715,33733.19187255242
1000,15,uniform,1900,0.0082772739767337,33735.98406126481,33733.19187255242
1000,15,uniform,2000,0.0080222675455941,33735.89803945611,33733.19187255242
1000,15,uniform,2100,0.0077494559468933,33735.80601139607,33733.19187255242
1000,15,uniform,2200,0.0075404951539596,33735.73552225085,33733.19187255242
1000,15,uniform,2300,0.0073103808319792,33735.65789734509,33733.19187255242
1000,15,uniform,2400,0.007093772501874,33735.58482844148,33733.19187255242
1000,15,uniform,2500,0.0069103808444447,33735.5229645818,33733.19187255242
1000,15,uniform,2600,0.0067570173060177,33735.47123016512,33733.19187255242
1000,15,uniform,2700,0.0065752666888841,33735.40991988072,33733.19187255242
1000,15,uniform,2800,0.006415961426793,33735.35618113099,33733.19187255242
1000,15,uniform,2900,0.0062649729747833,33735.30524790677,33733.19187255242
1000,15,uniform,3000,0.006129625752525,33735.25959096859,33733.19187255242
1000,15,uniform,3100,0.005993996121638,33735.21383876497,33733.19187255242
1000,15,uniform,3200,0.0059774600956194,33735.20826063558,33733.19187255242
1000,15,uniform,3300,0.0059583083077462,33735.20180012623,33733.19187255242
1000,15,uniform,3400,0.0059785863216065,33735.20864054756,33733.19187255242
1000,15,uniform,3500,0.0058833017533644,33735.17649802133,33733.19187255242
1000,15,uniform,3600,0.0057922022335124,33735.1457672455,33733.19187255242
1000,15,uniform,3700,0.0056944044339156,33735.112776926115,33733.19187255242
1000,15,uniform,3800,0.0056050715144829,33735.082642081,33733.19187255242
1000,15,uniform,3900,0.0055206367982804,33735.05415955617,33733.19187255242
1000,15,uniform,4000,0.0054372413141581,33735.0260275975,33733.19187255242
1000,15,uniform,4100,0.0053679926724172,33735.002667820314,33733.19187255242
1000,15,uniform,4200,0.0053016252628317,33734.9802799747,33733.19187255242
1000,15,uniform,4300,0.0052354818472656,33734.95796768941,33733.19187255242
1000,15,uniform,4400,0.0051582789770633,33734.93192469708,33733.19187255242
1000,15,uniform,4500,0.0050882305034475,33734.90829511107,33733.19187255242
1000,15,uniform,4600,0.0050126184832643,33734.88278876322,33733.19187255242
1000,15,uniform,4700,0.0049438280948311,33734.8595835695,33733.19187255242
1000,15,uniform,4800,0.0048757883013736,33734.836631575425,33733.19187255242
1000,15,uniform,4900,0.0048087363058061,33734.814012797106,33733.19187255242
1000,15,uniform,5000,0.0047404607742804,33734.790981281054,33733.19187255242
1000,15,uniform,5100,0.0046719236538198,33734.767861522705,33733.19187255242
1000,15,uniform,5200,0.0046176851339295,33734.74956513872,33733.19187255242
1000,15,uniform,5300,0.0045621464471298,33734.73083016694,33733.19187255242
1000,15,uniform,5400,0.0045078023268911,33734.71249816059,33733.19187255242
1000,15,uniform,5500,0.0044577846022414,33734.69562558556,33733.19187255242
1000,15,uniform,5600,0.0044042092717947,33734.677552916546,33733.19187255242
1000,15,uniform,5700,0.0043519446526957,33734.659922392304,33733.19187255242
1000,15,uniform,5800,0.0043091700518997,33734.645493154145,33733.19187255242
1000,15,uniform,5900,0.004259145902948,33734.628618412,33733.19187255242
1000,15,uniform,6000,0.0042117335704678,33734.61262471891,33733.19187255242
1000,15,uniform,6100,0.0041707958277516,33734.59881511161,33733.19187255242
1000,15,uniform,6200,0.0041231128905676,33734.58273013492,33733.19187255242
1000,15,uniform,6300,0.0040722783574084,33734.56558202431,33733.19187255242
1000,15,uniform,6400,0.0040143916312391,33734.546054983904,33733.19187255242
1000,15,uniform,6500,0.0039601126707742,33734.527744958024,33733.19187255242
1000,15,uniform,6600,0.0039051660575864,33734.50920971157,33733.19187255242
1000,15,uniform,6700,0.0038480689758446,33734.48994904343,33733.19187255242
1000,15,uniform,6800,0.003795377062027,33734.47217437904,33733.19187255242
1000,15,uniform,6900,0.003758944255203,33734.45988443041,33733.19187255242
1000,15,uniform,7000,0.0037234800872694,33734.4479212346,33733.19187255242
1000,15,uniform,7100,0.0036909378280322,33734.43694369185,33733.19187255242
1000,15,uniform,7200,0.0036558846798266,33734.42511914611,33733.19187255242
1000,15,uniform,7300,0.0036441177056535,33734.42114977013,33733.19187255242
1000,15,uniform,7400,0.003665311940532,33734.42829926205,33733.19187255242
1000,15,uniform,7500,0.0036886352928938,33734.43616697325,33733.19187255242
1000,15,uniform,7600,0.0036999615258692,33734.439987673155,33733.19187255242
1000,15,uniform,7700,0.0036630439571847,33734.42753419888,33733.19187255242
1000,15,uniform,7800,0.003626961767625,33734.41536252464,33733.19187255242
1000,15,uniform,7900,0.0035961863648544,33734.404980998974,33733.19187255242
1000,15,uniform,8000,0.0035673243506458,33734.39524492034,33733.19187255242
1000,15,uniform,8100,0.00353168250209,33734.38322178718,33733.19187255242
1000,15,uniform,8200,0.0035039099464744,33734.37385321771,33733.19187255242
1000,15,uniform,8300,0.0034721854602753,33734.36315153591,33733.19187255242
1000,15,uniform,8400,0.003443000616707,33734.35330655663,33733.19187255242
1000,15,uniform,8500,0.0034134027993766,33734.34332226812,33733.19187255242
1000,15,uniform,8600,0.0033835642829692,33734.33325678413,33733.19187255242
1000,15,uniform,8700,0.0033586442447355,33734.324850459816,33733.19187255242
1000,15,uniform,8800,0.0033328294228308,33734.31614229641,33733.19187255242
1000,15,uniform,8900,0.0033406676473951,33734.31878637974,33733.19187255242
1000,15,uniform,9000,0.0033583947369533,33734.32476629288,33733.19187255242
1000,15,uniform,9100,0.0033748243406669,33734.33030852262,33733.19187255242
1000,15,uniform,9200,0.0033939427886108,33734.33675778535,33733.19187255242
1000,15,uniform,9300,0.0033832158582291,33734.33313924934,33733.19187255242
1000,15,uniform,9400,0.0033495392977148,33734.32177907057,33733.19187255242
1000,15,uniform,9500,0.0033119292089068,33734.30909198715,33733.19187255242
1000,15,uniform,9600,0.0032906421006556,33734.30191116608,33733.19187255242
1000,15,uniform,9700,0.0032989874953624,33734.304726334085,33733.19187255242
1000,15,uniform,9800,0.0032823910696624,33734.29912782996,33733.19187255242
1000,15,uniform,9900,0.003261971717166,33734.2922397306,33733.19187255242
1000,15,uniform,10000,0.0032396739109018,33734.28471796883,33733.19187255242
1000,16,uniform,0,35.29012764737126,48600.28586547138,35923.009838638216
1000,16,uniform,100,4.530503857006642,37550.5031849306,35923.009838638216
1000,16,uniform,200,2.153047284869202,36696.44922661231,35923.009838638216
1000,16,uniform,300,0.5527612084635908,36121.57830193877,35923.009838638216
1000,16,uniform,400,0.0986949551654314,35958.46403709253,35923.009838638216
1000,16,uniform,500,0.0378217994835806,35936.59656738785,35923.009838638216
1000,16,uniform,600,0.0093828438210093,35926.38043854718,35923.009838638216
1000,16,uniform,700,0.0083988888502773,35926.02697230624,35923.009838638216
1000,16,uniform,800,0.0096031109515306,35926.45956513015,35923.009838638216
1000,16,uniform,900,0.0102842649508849,35926.704256148354,35923.009838638216
1000,16,uniform,1000,0.0158276083159013,35928.69559193076,35923.009838638216
1000,16,uniform,1100,0.0326715291204692,35934.7464352586,35923.009838638216
1000,16,uniform,1200,0.0439855886473422,35938.810785975584,35923.009838638216
1000,16,uniform,1300,0.0611133979113278,35944.96361058263,35923.009838638216
1000,16,uniform,1400,0.0522896691103128,35941.793861617305,35923.009838638216
1000,16,uniform,1500,0.0442879126486474,35938.91938985632,35923.009838638216
1000,16,uniform,1600,0.0378485148569384,35936.60616435405,35923.009838638216
1000,16,uniform,1700,0.0342260624606183,35935.30487042332,35923.009838638216
1000,16,uniform,1800,0.0314945854670783,35934.32364167419,35923.009838638216
1000,16,uniform,1900,0.0222312299266429,35930.995965552014,35923.009838638216
1000,16,uniform,2000,0.0151123306590947,35928.43864266773,35923.009838638216
1000,16,uniform,2100,0.0075170450240898,35925.710187461795,35923.009838638216
1000,16,uniform,2200,0.0038069663435891,35924.37741553238,35923.009838638216
1000,16,uniform,2300,0.000817592052193,35923.303542311565,35923.009838638216
1000,16,uniform,2400,0.0021396343623855,35923.77845970073,35923.009838638216
1000,16,uniform,2500,0.0032532164294622,35924.178491896244,35923.009838638216
1000,16,uniform,2600,0.0042540343243495,35924.53801580709,35923.009838638216
1000,16,uniform,2700,0.003301284916365,35924.19575954352,35923.009838638216
1000,16,uniform,2800,0.0024335897163438,35923.88405731145,35923.009838638216
1000,16,uniform,2900,0.001650371404581,35923.60270172026,35923.009838638216
1000,16,uniform,3000,0.0008864274283515,35923.328270050515,35923.009838638216
1000,16,uniform,3100,0.0020303289847331,35923.73919391916,35923.009838638216
1000,16,uniform,3200,0.0042158374714704,35924.52429434787,35923.009838638216
1000,16,uniform,3300,0.0063378297956414,35925.28657785926,35923.009838638216
1000,16,uniform,3400,0.008299242526935,35925.9911763477,35923.009838638216
1000,16,uniform,3500,0.0098378922287903,35926.54390563148,35923.009838638216
1000,16,uniform,3600,0.0114039826186264,35927.1064924363,35923.009838638216
1000,16,uniform,3700,0.0119887296601025,35927.31655117354,35923.009838638216
1000,16,uniform,3800,0.0137333387381677,35927.9432672643,35923.009838638216
1000,16,uniform,3900,0.0154276583251719,35928.55191785624,35923.009838638216
1000,16,uniform,4000,0.0176909836047184,35929.36497241909,35923.009838638216
1000,16,uniform,4100,0.0192765090342814,35929.93454087515,35923.009838638216
1000,16,uniform,4200,0.020840339043556,35930.49631568324,35923.009838638216
1000,16,uniform,4300,0.0221074024133245,35930.95148298222,35923.009838638216
1000,16,uniform,4400,0.0231157270388842,35931.31370353667,35923.009838638216
1000,16,uniform,4500,0.0228127096072495,35931.20485055489,35923.009838638216
1000,16,uniform,4600,0.0227147046975691,35931.16964424154,35923.009838638216
1000,16,uniform,4700,0.0222882271783287,35931.016440680345,35923.009838638216
1000,16,uniform,4800,0.0218877592526996,35930.87258054802,35923.009838638216
1000,16,uniform,4900,0.0215955544905042,35930.76761180255,35923.009838638216
1000,16,uniform,5000,0.0212495851202082,35930.64332919162,35923.009838638216
1000,16,uniform,5100,0.0209025451634364,35930.5186619938,35923.009838638216
1000,16,uniform,5200,0.0207219071348012,35930.453771377004,35923.009838638216
1000,16,uniform,5300,0.0210117120460495,35930.557878023785,35923.009838638216
1000,16,uniform,5400,0.0214425898541036,35930.712662301165,35923.009838638216
1000,16,uniform,5500,0.020790086314168,35930.47826339032,35923.009838638216
1000,16,uniform,5600,0.0203921275306062,35930.33530461734,35923.009838638216
1000,16,uniform,5700,0.0199285315725039,35930.1687669957,35923.009838638216
1000,16,uniform,5800,0.0196636621187018,35930.073617915754,35923.009838638216
1000,16,uniform,5900,0.0192756501872083,35929.93423235143,35923.009838638216
1000,16,uniform,6000,0.0189579549038239,35929.82010664352,35923.009838638216
1000,16,uniform,6100,0.018636214415233,35929.70452777615,35923.009838638216
1000,16,uniform,6200,0.0184022381110945,35929.620476445394,35923.009838638216
1000,16,uniform,6300,0.0182494127473773,35929.56557697495,35923.009838638216
1000,16,uniform,6400,0.018061353816395,35929.49802054667,35923.009838638216
1000,16,uniform,6500,0.0178090451912726,35929.407383694444,35923.009838638216
1000,16,uniform,6600,0.0175290657245813,35929.30680664308,35923.009838638216
1000,16,uniform,6700,0.017335607906784,35929.23731077216,35923.009838638216
1000,16,uniform,6800,0.0170858747522177,35929.14759910647,35923.009838638216
1000,16,uniform,6900,0.0168858578419468,35929.07574701212,35923.009838638216
1000,16,uniform,7000,0.0157485647045742,35928.667197086485,35923.009838638216
1000,16,uniform,7100,0.0154660526054344,35928.565710237315,35923.009838638216
1000,16,uniform,7200,0.0153063401960408,35928.508336732775,35923.009838638216
1000,16,uniform,7300,0.0154012493457222,35928.54243095595,35923.009838638216
1000,16,uniform,7400,0.0161340148986017,35928.80566239761,35923.009838638216
1000,16,uniform,7500,0.0173968904714473,35929.25932531389,35923.009838638216
1000,16,uniform,7600,0.0174861601696054,35929.29139367634,35923.009838638216
1000,16,uniform,7700,0.01758494347693,35929.32687961355,35923.009838638216
1000,16,uniform,7800,0.0178665818467782,35929.42805259286,35923.009838638216
1000,16,uniform,7900,0.0186003192616868,35929.69163315661,35923.009838638216
1000,16,uniform,8000,0.0184196481642049,35929.626730660486,35923.009838638216
1000,16,uniform,8100,0.0181788431325222,35929.54022624526,35923.009838638216
1000,16,uniform,8200,0.0180649867259091,35929.49932559711,35923.009838638216
1000,16,uniform,8300,0.0179116198745278,35929.444231608,35923.009838638216
1000,16,uniform,8400,0.0177380011122285,35929.38186252294,35923.009838638216
1000,16,uniform,8500,0.0176788848144721,35929.36062616948,35923.009838638216
1000,16,uniform,8600,0.0175719161901037,35929.322199820024,35923.009838638216
1000,16,uniform,8700,0.0171049912235558,35929.15446631835,35923.009838638216
1000,16,uniform,8800,0.0181007865250826,35929.51218596249,35923.009838638216
1000,16,uniform,8900,0.0181354773070913,35929.52464793553,35923.009838638216
1000,16,uniform,9000,0.0194928925810671,35930.01227235795,35923.009838638216
1000,16,uniform,9100,0.0192850853342785,35929.93762174024,35923.009838638216
1000,16,uniform,9200,0.0193076184472896,35929.94571631264,35923.009838638216
1000,16,uniform,9300,0.0194475413376768,35929.99598082632,35923.009838638216
1000,16,uniform,9400,0.0195772709814895,35930.04258361903,35923.009838638216
1000,16,uniform,9500,0.019649681867259,35930.06859578865,35923.009838638216
1000,16,uniform,9600,0.019708649145938,35930.089778609974,35923.009838638216
1000,16,uniform,9700,0.0198081767135845,35930.12553190789,35923.009838638216
1000,16,uniform,9800,0.0199204722049397,35930.1658718283,35923.009838638216
1000,16,uniform,9900,0.0199958919729665,35930.19296487899,35923.009838638216
1000,16,uniform,10000,0.0200632261610916,35930.21715334601,35923.009838638216
1000,17,uniform,0,47.34147174909215,52385.8083052316,35554.01455093337
1000,17,uniform,100,4.467960453880697,37142.55386083606,35554.01455093337
1000,17,uniform,200,2.698892994487589,36513.579358907606,35554.01455093337
1000,17,uniform,300,0.8728887943667899,35864.361559896,35554.01455093337
1000,17,uniform,400,0.2499752651450563,35642.890793076775,35554.01455093337
1000,17,uniform,500,0.1545869386409684,35608.97641359162,35554.01455093337
1000,17,uniform,600,0.1330120776064128,35601.30568436005,35554.01455093337
1000,17,uniform,700,0.1191541041065698,35596.37861844545,35554.01455093337
1000,17,uniform,800,0.1103793550105136,35593.25884287503,35554.01455093337
1000,17,uniform,900,0.1016930279988517,35590.17050490536,35554.01455093337
1000,17,uniform,1000,0.0955133852540242,35587.97339382467,35554.01455093337
1000,17,uniform,1100,0.0887998924986525,35585.58647763355,35554.01455093337
1000,17,uniform,1200,0.0838308326496266,35583.819777371784,35554.01455093337
1000,17,uniform,1300,0.0783705061655832,35581.87841209912,35554.01455093337
1000,17,uniform,1400,0.0740623064183077,35580.34667413409,35554.01455093337
1000,17,uniform,1500,0.0692039480729198,35578.61933270103,35554.01455093337
1000,17,uniform,1600,0.0654918893097469,35577.29954678824,35554.01455093337
1000,17,uniform,1700,0.0612533316108358,35575.792569367215,35554.01455093337
1000,17,uniform,1800,0.0576198040777242,35574.50070445938,35554.01455093337
1000,17,uniform,1900,0.0538326175449837,35573.15420760846,35554.01455093337
1000,17,uniform,2000,0.0504701198363924,35571.95870468387,35554.01455093337
1000,17,uniform,2100,0.0471208045943587,35570.76788865536,35554.01455093337
1000,17,uniform,2200,0.0440997272477745,35569.69377437596,35554.01455093337
1000,17,uniform,2300,0.0411417296052579,35568.642087463726,35554.01455093337
1000,17,uniform,2400,0.0383110100920411,35567.6356530361,35554.01455093337
1000,17,uniform,2500,0.0354924784715798,35566.63355189364,35554.01455093337
1000,17,uniform,2600,0.0320637841690858,35565.41451342242,35554.01455093337
1000,17,uniform,2700,0.0291681437134023,35564.38499699347,35554.01455093337
1000,17,uniform,2800,0.0264533531207378,35563.419779951124,35554.01455093337
1000,17,uniform,2900,0.0242241950983232,35562.62722478347,35554.01455093337
1000,17,uniform,3000,0.022076417708739,35561.86360369786,35554.01455093337
1000,17,uniform,3100,0.0202824754689778,35561.2257852129,35554.01455093337
1000,17,uniform,3200,0.0185463912762313,35560.60853758639,35554.01455093337
1000,17,uniform,3300,0.0171752136667806,35560.12102889961,35554.01455093337
1000,17,uniform,3400,0.015822547662675,35559.64010183168,35554.01455093337
1000,17,uniform,3500,0.0146718202063803,35559.23097202443,35554.01455093337
1000,17,uniform,3600,0.0136100592646924,35558.85347338473,35554.01455093337
1000,17,uniform,3700,0.0126760607709427,35558.52139942435,35554.01455093337
1000,17,uniform,3800,0.011891795210153,35558.24256153275,35554.01455093337
1000,17,uniform,3900,0.0111010584467432,35557.96142286883,35554.01455093337
1000,17,uniform,4000,0.0104943456290096,35557.74571210533,35554.01455093337
1000,17,uniform,4100,0.0098383231038081,35557.51246976126,35554.01455093337
1000,17,uniform,4200,0.0093532909238922,35557.34002134944,35554.01455093337
1000,17,uniform,4300,0.0088403956498492,35557.157666489074,35554.01455093337
1000,17,uniform,4400,0.0084566351005703,35557.02122420754,35554.01455093337
1000,17,uniform,4500,0.0080561950212552,35556.87885168348,35554.01455093337
1000,17,uniform,4600,0.0077371032161728,35556.765401736666,35554.01455093337
1000,17,uniform,4700,0.0074421658095452,35556.6605396482,35554.01455093337
1000,17,uniform,4800,0.0071477513842486,35556.55586350059,35554.01455093337
1000,17,uniform,4900,0.0069642190290111,35556.4906103803,35554.01455093337
1000,17,uniform,5000,0.0067356811615581,35556.40935599365,35554.01455093337
1000,17,uniform,5100,0.0066350683648274,35556.37358410526,35554.01455093337
1000,17,uniform,5200,0.0065412954945037,35556.3402440853,35554.01455093337
1000,17,uniform,5300,0.0064432601780582,35556.30538859463,35554.01455093337
1000,17,uniform,5400,0.0063486859762395,35556.27176366915,35554.01455093337
1000,17,uniform,5500,0.0062754342779108,35556.24571974967,35554.01455093337
1000,17,uniform,5600,0.0061969670209348,35556.21782148971,35554.01455093337
1000,17,uniform,5700,0.0061236066923822,35556.19173894782,35554.01455093337
1000,17,uniform,5800,0.0060416803009261,35556.16261082668,35554.01455093337
1000,17,uniform,5900,0.005985411426016,35556.142604982706,35554.01455093337
1000,17,uniform,6000,0.0059075227519745,35556.114912432204,35554.01455093337
1000,17,uniform,6100,0.005848399252712,35556.09389165467,35554.01455093337
1000,17,uniform,6200,0.0057999645370516,35556.07667116882,35554.01455093337
1000,17,uniform,6300,0.0057589594340636,35556.062092208536,35554.01455093337
1000,17,uniform,6400,0.0057263009926363,35556.05048082152,35554.01455093337
1000,17,uniform,6500,0.0056808581372846,35556.034324062115,35554.01455093337
1000,17,uniform,6600,0.00563568588333,35556.01826351237,35554.01455093337
1000,17,uniform,6700,0.0055967919808267,35556.004435168616,35554.01455093337
1000,17,uniform,6800,0.0055539303214617,35555.98919612801,35554.01455093337
1000,17,uniform,6900,0.0055210176846932,35555.97749436434,35554.01455093337
1000,17,uniform,7000,0.0054804570408658,35555.963073427134,35554.01455093337
1000,17,uniform,7100,0.0054553438320316,35555.95414467321,35554.01455093337
1000,17,uniform,7200,0.0054119870948284,35555.93872961256,35554.01455093337
1000,17,uniform,7300,0.0053824158872645,35555.92821586112,35554.01455093337
1000,17,uniform,7400,0.0053464200056377,35555.915417880125,35554.01455093337
1000,17,uniform,7500,0.0053117557631956,35555.90309335032,35554.01455093337
1000,17,uniform,7600,0.0052787926503257,35555.89137364038,35554.01455093337
1000,17,uniform,7700,0.005262044990963,35555.88541917513,35554.01455093337
1000,17,uniform,7800,0.0052115588860956,35555.86746933806,35554.01455093337
1000,17,uniform,7900,0.0051704715561842,35555.852861142805,35554.01455093337
1000,17,uniform,8000,0.0051326068045368,35555.839398703494,35554.01455093337
1000,17,uniform,8100,0.0050949375946307,35555.82600578712,35554.01455093337
1000,17,uniform,8200,0.0050563666237726,35555.81229225853,35554.01455093337
1000,17,uniform,8300,0.0050191965751332,35555.79907681403,35554.01455093337
1000,17,uniform,8400,0.004990590984263,35555.78890637809,35554.01455093337
1000,17,uniform,8500,0.0049706199948313,35555.7818058896,35554.01455093337
1000,17,uniform,8600,0.0049483709286423,35555.77389545337,35554.01455093337
1000,17,uniform,8700,0.0049199959259209,35555.763807000774,35554.01455093337
1000,17,uniform,8800,0.0048826371894141,35555.75052447016,35554.01455093337
1000,17,uniform,8900,0.0048659627830383,35555.74459604929,35554.01455093337
1000,17,uniform,9000,0.0048370437558953,35555.73431417417,35554.01455093337
1000,17,uniform,9100,0.0047921077377644,35555.71833761575,35554.01455093337
1000,17,uniform,9200,0.0047562577918266,35555.70559152075,35554.01455093337
1000,17,uniform,9300,0.0047205488706869,35555.692895565735,35554.01455093337
1000,17,uniform,9400,0.0046821832078519,35555.67925503239,35554.01455093337
1000,17,uniform,9500,0.0046453454084754,35555.66615771584,35554.01455093337
1000,17,uniform,9600,0.0046173557164213,35555.65620625665,35554.01455093337
1000,17,uniform,9700,0.0045845885839497,35555.644556225605,35554.01455093337
1000,17,uniform,9800,0.0045479198171308,35555.631519006914,35554.01455093337
1000,17,uniform,9900,0.0045146236954779,35555.61968089898,35554.01455093337
1000,17,uniform,10000,0.0044839506688858,35555.60877540664,35554.01455093337
1000,18,uniform,0,34.12923960588457,40431.563548976446,30143.735749026506
1000,18,uniform,100,7.850432284891695,32510.14931214052,30143.735749026506
1000,18,uniform,200,3.8719503261774144,31310.886223682995,30143.735749026506
1000,18,uniform,300,1.0693678549702847,30466.08316941378,30143.735749026506
1000,18,uniform,400,0.1899678616172675,30200.99915924049,30143.735749026506
1000,18,uniform,500,0.1079377889966253,30176.27223091499,30143.735749026506
1000,18,uniform,600,0.0889160162505475,30170.538358003632,30143.735749026506
1000,18,uniform,700,0.0747817724094888,30166.27776889006,30143.735749026506
1000,18,uniform,800,0.0689029388467625,30164.505668835787,30143.735749026506
1000,18,uniform,900,0.0641739306565427,30163.080169103378,30143.735749026506
1000,18,uniform,1000,0.0494587152962038,30158.644453470257,30143.735749026506
1000,18,uniform,1100,0.0248158092086002,30151.21616097833,30143.735749026506
1000,18,uniform,1200,0.0162524827759233,30148.634854487136,30143.735749026506
1000,18,uniform,1300,0.0227938843992977,30150.60667730677,30143.735749026506
1000,18,uniform,1400,0.0156123367213322,30148.441890552032,30143.735749026506
1000,18,uniform,1500,0.0155346122149463,30148.41846148221,30143.735749026506
1000,18,uniform,1600,0.0150485815695119,30148.2719536888,30143.735749026506
1000,18,uniform,1700,0.0110693379781285,30147.0724610158,30143.735749026506
1000,18,uniform,1800,0.0118487811564137,30147.307414307776,30143.735749026506
1000,18,uniform,1900,0.0116055563659256,30147.23409726965,30143.735749026506
1000,18,uniform,2000,0.0148201862143906,30148.203106796485,30143.735749026506
1000,18,uniform,2100,0.0095662014368814,30146.61935950886,30143.735749026506
1000,18,uniform,2200,0.0101733136989676,30146.80236582484,30143.735749026506
1000,18,uniform,2300,0.0073323803165941,30145.946002373254,30143.735749026506
1000,18,uniform,2400,0.009967978200627,30146.740470034823,30143.735749026506
1000,18,uniform,2500,0.012617918079949,30147.539260909554,30143.735749026506
1000,18,uniform,2600,0.0150563388379332,30148.27429201929,30143.735749026506
1000,18,uniform,2700,0.0165458849881637,30148.72329687468,30143.735749026506
1000,18,uniform,2800,0.0165889816987141,30148.73628783322,30143.735749026506
1000,18,uniform,2900,0.016027881759442,30148.56715135024,30143.735749026506
1000,18,uniform,3000,0.0109207500865271,30147.0276710744,30143.735749026506
1000,18,uniform,3100,0.0106928279495336,30146.95896682771,30143.735749026506
1000,18,uniform,3200,0.0111182421059359,30147.087202546856,30143.735749026506
1000,18,uniform,3300,0.0095198947343372,30146.60540093881,30143.735749026506
1000,18,uniform,3400,0.0106544405537758,30146.947395432573,30143.735749026506
1000,18,uniform,3500,0.0129903663974913,30147.6515307462,30143.735749026506
1000,18,uniform,3600,0.0165794282211886,30148.7334080582,30143.735749026506
1000,18,uniform,3700,0.0322975807056578,30153.471446407748,30143.735749026506
1000,18,uniform,3800,0.0407776190692188,30156.02764676348,30143.735749026506
1000,18,uniform,3900,0.0395037420350631,30155.64365263653,30143.735749026506
1000,18,uniform,4000,0.0406524569831906,30155.989918235005,30143.735749026506
1000,18,uniform,4100,0.0448505648165704,30157.25538476676,30143.735749026506
1000,18,uniform,4200,0.0333359895464211,30153.784461624706,30143.735749026506
1000,18,uniform,4300,0.0335203304584139,30153.84002886209,30143.735749026506
1000,18,uniform,4400,0.0356514168236773,30154.48241790462,30143.735749026506
1000,18,uniform,4500,0.0378057534652767,30155.131815449007,30143.735749026506
1000,18,uniform,4600,0.0387773855826035,30155.424701666907,30143.735749026506
1000,18,uniform,4700,0.0409235908278858,30156.07164810468,30143.735749026506
1000,18,uniform,4800,0.0501038654468697,30158.83892582685,30143.735749026506
1000,18,uniform,4900,0.050712644327241,30159.022434523853,30143.735749026506
1000,18,uniform,5000,0.0544583845039227,30160.15154054456,30143.735749026506
1000,18,uniform,5100,0.0637820821698697,30162.96205133102,30143.735749026506
1000,18,uniform,5200,0.0721348965103284,30165.479901613413,30143.735749026506
1000,18,uniform,5300,0.0671600180882642,30163.98028740803,30143.735749026506
1000,18,uniform,5400,0.0733934091489128,30165.85926433756,30143.735749026506
1000,18,uniform,5500,0.0785825211821223,30167.423456556568,30143.735749026506
1000,18,uniform,5600,0.0823757392650781,30168.56687419188,30143.735749026506
1000,18,uniform,5700,0.0913046352613367,30171.258377006296,30143.735749026506
1000,18,uniform,5800,0.0899886041168753,30170.86167605573,30143.735749026506
1000,18,uniform,5900,0.0874166130856754,30170.0863818758,30143.735749026506
1000,18,uniform,6000,0.0863050884492283,30169.751326826605,30143.735749026506
1000,18,uniform,6100,0.0828099443366984,30168.69775982128,30143.735749026506
1000,18,uniform,6200,0.0853543333962023,30169.4647337358,30143.735749026506
1000,18,uniform,6300,0.0873874472548211,30170.07759020482,30143.735749026506
1000,18,uniform,6400,0.0862613756040925,30169.73815014208,30143.735749026506
1000,18,uniform,6500,0.0905025805020722,30171.0166077391,30143.735749026506
1000,18,uniform,6600,0.0918726666168863,30171.429602877084,30143.735749026506
1000,18,uniform,6700,0.0947955889074796,30172.31068084851,30143.735749026506
1000,18,uniform,6800,0.0871976100167611,30170.020366169425,30143.735749026506
1000,18,uniform,6900,0.0848409536676786,30169.309981907045,30143.735749026506
1000,18,uniform,7000,0.0831207837952422,30168.791458446263,30143.735749026506
1000,18,uniform,7100,0.0822606306152886,30168.53217614466,30143.735749026506
1000,18,uniform,7200,0.080342537739791,30167.95399129685,30143.735749026506
1000,18,uniform,7300,0.0758182967604084,30166.590216051376,30143.735749026506
1000,18,uniform,7400,0.0700635880400332,30164.85553186158,30143.735749026506
1000,18,uniform,7500,0.072618054068361,30165.62554335096,30143.735749026506
1000,18,uniform,7600,0.075455080437506,30166.480729082803,30143.735749026506
1000,18,uniform,7700,0.0730895930544462,30165.76768281688,30143.735749026506
1000,18,uniform,7800,0.0730813398171995,30165.76519498285,30143.735749026506
1000,18,uniform,7900,0.0704009795504144,30164.95723426691,30143.735749026506
1000,18,uniform,8000,0.0695355765693298,30164.696369479127,30143.735749026506
1000,18,uniform,8100,0.0699400069460768,30164.818279903186,30143.735749026506
1000,18,uniform,8200,0.0711465456379167,30165.18197573816,30143.735749026506
1000,18,uniform,8300,0.0756245667900982,30166.53181860106,30143.735749026506
1000,18,uniform,8400,0.0785586361911087,30167.416256728,30143.735749026506
1000,18,uniform,8500,0.0822559586494599,30168.530767839628,30143.735749026506
1000,18,uniform,8600,0.0851983035394074,30169.41770050808,30143.735749026506
1000,18,uniform,8700,0.0852745798799131,30169.4406930466,30143.735749026506
1000,18,uniform,8800,0.0876718009644052,30170.16330503563,30143.735749026506
1000,18,uniform,8900,0.0880300183007165,30170.271285122893,30143.735749026506
1000,18,uniform,9000,0.0894222959083156,30170.69096960582,30143.735749026506
1000,18,uniform,9100,0.090938060773562,30171.147877761377,30143.735749026506
1000,18,uniform,9200,0.0888907389764862,30170.53073848893,30143.735749026506
1000,18,uniform,9300,0.0875562750170837,30170.128481199343,30143.735749026506
1000,18,uniform,9400,0.0859132635238762,30169.633216156508,30143.735749026506
1000,18,uniform,9500,0.0872927709588756,30170.049051232352,30143.735749026506
1000,18,uniform,9600,0.0852868814903726,30169.44440121155,30143.735749026506
1000,18,uniform,9700,0.0849100289355033,30169.33080377325,30143.735749026506
1000,18,uniform,9800,0.0819044064860592,30168.424796884472,30143.735749026506
1000,18,uniform,9900,0.0828781810081058,30168.71832890319,30143.735749026506
1000,18,uniform,10000,0.0819564587223257,30168.440487373024,30143.735749026506
1000,19,uniform,0,51.68834984322061,57847.952804168,38136.05518417036
1000,19,uniform,100,4.40864788390629,39817.33957405262,38136.05518417036
1000,19,uniform,200,2.805002935450441,39205.772651551335,38136.05518417036
1000,19,uniform,300,0.8481242955084412,38459.49633353581,38136.05518417036
1000,19,uniform,400,0.0987986758399029,38173.73310170989,38136.05518417036
1000,19,uniform,500,0.0178003816612547,38142.843547543685,38136.05518417036
1000,19,uniform,600,0.0152950614397046,38141.888117241455,38136.05518417036
1000,19,uniform,700,0.0164528662473736,38142.32965832183,38136.05518417036
1000,19,uniform,800,0.0161477031143266,38142.21328114101,38136.05518417036
1000,19,uniform,900,0.0155746091008249,38141.994725691766,38136.05518417036
1000,19,uniform,1000,0.0151696824240396,38141.84030263085,38136.05518417036
1000,19,uniform,1100,0.0145814842572348,38141.61598705337,38136.05518417036
1000,19,uniform,1200,0.01424062457846,38141.48599661817,38136.05518417036
1000,19,uniform,1300,0.0136364712880707,38141.25559638595,38136.05518417036
1000,19,uniform,1400,0.0130094210301793,38141.01646415357,38136.05518417036
1000,19,uniform,1500,0.0123221091220577,38140.754350505,38136.05518417036
1000,19,uniform,1600,0.0120053745765347,38140.63356044393,38136.05518417036
1000,19,uniform,1700,0.0114898823678613,38140.43697205076,38136.05518417036
1000,19,uniform,1800,0.0112001313206179,38140.32647243149,38136.05518417036
1000,19,uniform,1900,0.0108501028522771,38140.19298538164,38136.05518417036
1000,19,uniform,2000,0.0105459253914154,38140.07698409731,38136.05518417036
1000,19,uniform,2100,0.0102433640180508,38139.961599125,38136.05518417036
1000,19,uniform,2200,0.0100208019395426,38139.87672272792,38136.05518417036
1000,19,uniform,2300,0.0098208805161676,38139.80048058357,38136.05518417036
1000,19,uniform,2400,0.0095183623735783,38139.68511209777,38136.05518417036
1000,19,uniform,2500,0.0092750819800524,38139.592334552646,38136.05518417036
1000,19,uniform,2600,0.0090576429532004,38139.509411885374,38136.05518417036
1000,19,uniform,2700,0.0088791204542305,38139.44133044665,38136.05518417036
1000,19,uniform,2800,0.0087130430446927,38139.3779950741,38136.05518417036
1000,19,uniform,2900,0.0085211347265293,38139.30480881198,38136.05518417036
1000,19,uniform,3000,0.0083889780098402,38139.25440945358,38136.05518417036
1000,19,uniform,3100,0.0082272024150707,38139.19271462348,38136.05518417036
1000,19,uniform,3200,0.0080697654928852,38139.13267439196,38136.05518417036
1000,19,uniform,3300,0.0079362132981583,38139.08174285328,38136.05518417036
1000,19,uniform,3400,0.0078221140965463,38139.038229918784,38136.05518417036
1000,19,uniform,3500,0.0077045934142627,38138.993412166536,38136.05518417036
1000,19,uniform,3600,0.0076087004409431,38138.95684236931,38136.05518417036
1000,19,uniform,3700,0.0075001011871831,38138.91542689797,38136.05518417036
1000,19,uniform,3800,0.0073859315086482,38138.87188708636,38136.05518417036
1000,19,uniform,3900,0.0073050306101801,38138.84103467508,38136.05518417036
1000,19,uniform,4000,0.0072156861751619,38138.80696223203,38136.05518417036
1000,19,uniform,4100,0.0071182691524048,38138.76981122248,38136.05518417036
1000,19,uniform,4200,0.0070278564436077,38138.73533138196,38136.05518417036
1000,19,uniform,4300,0.0069291028658308,38138.69767066304,38136.05518417036
1000,19,uniform,4400,0.0068412930799405,38138.66418347463,38136.05518417036
1000,19,uniform,4500,0.0067578228025018,38138.63235120357,38136.05518417036
1000,19,uniform,4600,0.0066699405271077,38138.598836370526,38136.05518417036
1000,19,uniform,4700,0.0065976591247434,38138.57127109503,38136.05518417036
1000,19,uniform,4800,0.0065199456429192,38138.54163423872,38136.05518417036
1000,19,uniform,4900,0.0064440020730571,38138.51267235701,38136.05518417036
1000,19,uniform,5000,0.0063736342172454,38138.48583683268,38136.05518417036
1000,19,uniform,5100,0.0062971734260501,38138.45667770316,38136.05518417036
1000,19,uniform,5200,0.0062465136057323,38138.437358046125,38136.05518417036
1000,19,uniform,5300,0.0061744165322259,38138.40986306639,38136.05518417036
1000,19,uniform,5400,0.0061159795970492,38138.38757752454,38136.05518417036
1000,19,uniform,5500,0.0060505878800059,38138.36263970324,38136.05518417036
1000,19,uniform,5600,0.0059973112371391,38138.34232209332,38136.05518417036
1000,19,uniform,5700,0.0059332305869403,38138.3178842612,38136.05518417036
1000,19,uniform,5800,0.0058835274671984,38138.29892945202,38136.05518417036
1000,19,uniform,5900,0.0058349707483962,38138.28041183495,38136.05518417036
1000,19,uniform,6000,0.0057756320831907,38138.25778240884,38136.05518417036
1000,19,uniform,6100,0.005725729242956,38138.23875143415,38136.05518417036
1000,19,uniform,6200,0.005668397619002,38138.2168874144,38136.05518417036
1000,19,uniform,6300,0.0056304620150515,38138.20242027154,38136.05518417036
1000,19,uniform,6400,0.005584573015189,38138.18492001723,38136.05518417036
1000,19,uniform,6500,0.0055356778443256,38138.166273327886,38136.05518417036
1000,19,uniform,6600,0.0054895487649389,38138.14868151672,38136.05518417036
1000,19,uniform,6700,0.0054502119675086,38138.13368001394,38136.05518417036
1000,19,uniform,6800,0.0053935303544709,38138.11206388271,38136.05518417036
1000,19,uniform,6900,0.0053461874715268,38138.09400917475,38136.05518417036
1000,19,uniform,7000,0.0053141238029164,38138.08178135639,38136.05518417036
1000,19,uniform,7100,0.0052651625956023,38138.06310948335,38136.05518417036
1000,19,uniform,7200,0.0052243244587672,38138.04753542895,38136.05518417036
1000,19,uniform,7300,0.0051885718024108,38138.033900776194,38136.05518417036
1000,19,uniform,7400,0.0051537855708069,38138.02063467971,38136.05518417036
1000,19,uniform,7500,0.0051091427349519,38138.0036096632,38136.05518417036
1000,19,uniform,7600,0.005077313481918,38137.991471241694,38136.05518417036
1000,19,uniform,7700,0.0050322492101997,38137.97428550616,38136.05518417036
1000,19,uniform,7800,0.0050049863852857,38137.96388854021,38136.05518417036
1000,19,uniform,7900,0.0049624924579899,38137.947683032646,38136.05518417036
1000,19,uniform,8000,0.004933571588018,38137.93665375371,38136.05518417036
1000,19,uniform,8100,0.0049025773962476,38137.92483379164,38136.05518417036
1000,19,uniform,8200,0.0048695619817874,38137.91224301496,38136.05518417036
1000,19,uniform,8300,0.0048345776445899,38137.89890136882,38136.05518417036
1000,19,uniform,8400,0.0048046650309394,38137.88749387797,38136.05518417036
1000,19,uniform,8500,0.0047794769182973,38137.87788812543,38136.05518417036
1000,19,uniform,8600,0.004751941911261,38137.86738735996,38136.05518417036
1000,19,uniform,8700,0.0047221191498905,38137.85601413522,38136.05518417036
1000,19,uniform,8800,0.0046984334804275,38137.84698135525,38136.05518417036
1000,19,uniform,8900,0.0046704649374692,38137.83631525627,38136.05518417036
1000,19,uniform,9000,0.0046419734636884,38137.8254497321,38136.05518417036
1000,19,uniform,9100,0.0046173553635005,38137.81606135983,38136.05518417036
1000,19,uniform,9200,0.0045902721046525,38137.80573287329,38136.05518417036
1000,19,uniform,9300,0.0045668056038258,38137.79678367559,38136.05518417036
1000,19,uniform,9400,0.0045408063563501,38137.78686858822,38136.05518417036
1000,19,uniform,9500,0.0045181706234516,38137.77823621263,38136.05518417036
1000,19,uniform,9600,0.00449460947882,38137.76925092151,38136.05518417036
1000,19,uniform,9700,0.0044725487961906,38137.76083784741,38136.05518417036
1000,19,uniform,9800,0.0044494740356098,38137.75203804398,38136.05518417036
1000,19,uniform,9900,0.0044293020706116,38137.74434525228,38136.05518417036
1000,19,uniform,10000,0.0044011133470316,38137.7335951851,38136.05518417036
1000,20,uniform,0,51.23788466049336,58140.70073793333,38443.21207510313
1000,20,uniform,100,4.062015220021013,40004.78120065878,38443.21207510313
1000,20,uniform,200,2.2921847649216747,39324.401525435176,38443.21207510313
1000,20,uniform,300,0.5847190262087093,38667.99685039202,38443.21207510313
1000,20,uniform,400,0.0881798820683782,38477.111254174255,38443.21207510313
1000,20,uniform,500,0.041219423842795,38459.058145627154,38443.21207510313
1000,20,uniform,600,0.0256913777739933,38453.088665945805,38443.21207510313
1000,20,uniform,700,0.0059878373929825,38445.51399213083,38443.21207510313
1000,20,uniform,800,0.0084898751855223,38446.475855825614,38443.21207510313
1000,20,uniform,900,0.0231305773150958,38452.10421199457,38443.21207510313
1000,20,uniform,1000,0.0288754976407009,38454.31274389889,38443.21207510313
1000,20,uniform,1100,0.0292624374114578,38454.46149597556,38443.21207510313
1000,20,uniform,1200,0.0278518270501684,38453.91921204282,38443.21207510313
1000,20,uniform,1300,0.0306289383225061,38454.986822818806,38443.21207510313
1000,20,uniform,1400,0.027596589152348,38453.82109039647,38443.21207510313
1000,20,uniform,1500,0.0291216423559072,38454.40736983377,38443.21207510313
1000,20,uniform,1600,0.0328346158775767,38455.834756119,38443.21207510313
1000,20,uniform,1700,0.0292294268638433,38454.44880566074,38443.21207510313
1000,20,uniform,1800,0.0182867415067264,38450.24208592219,38443.21207510313
1000,20,uniform,1900,0.0071862538510371,38445.97470191134,38443.21207510313
1000,20,uniform,2000,0.0048368491152848,38445.071515266274,38443.21207510313
1000,20,uniform,2100,0.0209096681094156,38451.25042315864,38443.21207510313
1000,20,uniform,2200,0.0347100627133822,38456.55573812344,38443.21207510313
1000,20,uniform,2300,0.0427377806559042,38459.64185075688,38443.21207510313
1000,20,uniform,2400,0.0467468452346185,38461.1830639551,38443.21207510313
1000,20,uniform,2500,0.0459911694101554,38460.8925578953,38443.21207510313
1000,20,uniform,2600,0.0448609704712536,38460.458073120346,38443.21207510313
1000,20,uniform,2700,0.04383105191612,38460.062139346,38443.21207510313
1000,20,uniform,2800,0.0436783606992143,38460.00343993766,38443.21207510313
1000,20,uniform,2900,0.0438363425239295,38460.064173225575,38443.21207510313
1000,20,uniform,3000,0.050462647847686,38462.61153783393,38443.21207510313
1000,20,uniform,3100,0.0568467482013808,38465.06579107199,38443.21207510313
1000,20,uniform,3200,0.0616466291315807,38466.91101947734,38443.21207510313
1000,20,uniform,3300,0.0659328727987829,38468.55878922038,38443.21207510313
1000,20,uniform,3400,0.06970708764831,38470.00971863915,38443.21207510313
1000,20,uniform,3500,0.0677149845941596,38469.24389023729,38443.21207510313
1000,20,uniform,3600,0.0578555398325032,38465.45360297814,38443.21207510313
1000,20,uniform,3700,0.0471047202664476,38461.32064261255,38443.21207510313
1000,20,uniform,3800,0.0356979716137634,38456.93552203712,38443.21207510313
1000,20,uniform,3900,0.0269766386726357,38453.58276151879,38443.21207510313
1000,20,uniform,4000,0.0200063756226321,38450.90316851228,38443.21207510313
1000,20,uniform,4100,0.016364739713255,38449.50320669664,38443.21207510313
1000,20,uniform,4200,0.0143428080525213,38448.72591122029,38443.21207510313
1000,20,uniform,4300,0.0188273553098511,38450.44991523303,38443.21207510313
1000,20,uniform,4400,0.0243538977872149,38452.574495678025,38443.21207510313
1000,20,uniform,4500,0.0299106979039835,38454.710708131504,38443.21207510313
1000,20,uniform,4600,0.0296927314513294,38454.62691482586,38443.21207510313
1000,20,uniform,4700,0.0270751018244816,38453.62061391707,38443.21207510313
1000,20,uniform,4800,0.0231730320983968,38452.12053297695,38443.21207510313
1000,20,uniform,4900,0.0246186362535802,38452.676269648095,38443.21207510313
1000,20,uniform,5000,0.0227622840499593,38451.9626282336,38443.21207510313
1000,20,uniform,5100,0.022362843127552,38451.80907031268,38443.21207510313
1000,20,uniform,5200,0.0197186090765439,38450.79254180869,38443.21207510313
1000,20,uniform,5300,0.0170486716227536,38449.766132091056,38443.21207510313
1000,20,uniform,5400,0.0146193410178286,38448.8322193746,38443.21207510313
1000,20,uniform,5500,0.0123779445454927,38447.970554575295,38443.21207510313
1000,20,uniform,5600,0.0128513959082648,38448.15256448676,38443.21207510313
1000,20,uniform,5700,0.0159357659046307,38449.33829538564,38443.21207510313
1000,20,uniform,5800,0.0158342116117326,38449.29925465345,38443.21207510313
1000,20,uniform,5900,0.0151752143578798,38449.045914941584,38443.21207510313
1000,20,uniform,6000,0.0119588037456844,38447.80942338873,38443.21207510313
1000,20,uniform,6100,0.0092950401051054,38446.7853870832,38443.21207510313
1000,20,uniform,6200,0.0079627404006445,38446.27320828234,38443.21207510313
1000,20,uniform,6300,0.0099562841183274,38447.03959052154,38443.21207510313
1000,20,uniform,6400,0.0093573567592847,38446.80934360673,38443.21207510313
1000,20,uniform,6500,0.0072124307573481,38445.98476515495,38443.21207510313
1000,20,uniform,6600,0.005057379880499,38445.15629437604,38443.21207510313
1000,20,uniform,6700,0.0074896283757013,38446.09132882324,38443.21207510313
1000,20,uniform,6800,0.0116426571651192,38447.6878864883,38443.21207510313
1000,20,uniform,6900,0.0128784275913596,38448.16295633402,38443.21207510313
1000,20,uniform,7000,0.0127603800503776,38448.11757506749,38443.21207510313
1000,20,uniform,7100,0.0128436434196896,38448.149584181134,38443.21207510313
1000,20,uniform,7200,0.0131512720789532,38448.26784651902,38443.21207510313
1000,20,uniform,7300,0.0133939863196883,38448.36115366932,38443.21207510313
1000,20,uniform,7400,0.0131394106012191,38448.26328658598,38443.21207510313
1000,20,uniform,7500,0.0135114111450189,38448.40629554395,38443.21207510313
1000,20,uniform,7600,0.0149344214510689,38448.95334641376,38443.21207510313
1000,20,uniform,7700,0.016636442452477,38449.60765795689,38443.21207510313
1000,20,uniform,7800,0.0183206713024005,38450.2551296255,38443.21207510313
1000,20,uniform,7900,0.0219855719890783,38451.66403516882,38443.21207510313
1000,20,uniform,8000,0.0217120808118337,38451.55889637554,38443.21207510313
1000,20,uniform,8100,0.0202810830834108,38451.008774884016,38443.21207510313
1000,20,uniform,8200,0.0221529276164865,38451.72837204758,38443.21207510313
1000,20,uniform,8300,0.0255647715130287,38453.0399944324,38443.21207510313
1000,20,uniform,8400,0.0270851108855554,38453.62446172164,38443.21207510313
1000,20,uniform,8500,0.0254241188693442,38452.9859230383,38443.21207510313
1000,20,uniform,8600,0.027071618007332,38453.61927462585,38443.21207510313
1000,20,uniform,8700,0.0279616564787193,38453.96143400296,38443.21207510313
1000,20,uniform,8800,0.0258872617603478,38453.1639700421,38443.21207510313
1000,20,uniform,8900,0.0243224720558401,38452.56241461747,38443.21207510313
1000,20,uniform,9000,0.0253719553377771,38452.96586970124,38443.21207510313
1000,20,uniform,9100,0.0353772357648394,38456.81222087452,38443.21207510313
1000,20,uniform,9200,0.0365413793472418,38457.25975506076,38443.21207510313
1000,20,uniform,9300,0.0368974539811041,38457.3966415874,38443.21207510313
1000,20,uniform,9400,0.0359275889447331,38457.02379431463,38443.21207510313
1000,20,uniform,9500,0.0389456084999692,38458.18401797272,38443.21207510313
1000,20,uniform,9600,0.040093332472561,38458.625239933535,38443.21207510313
1000,20,uniform,9700,0.039546020787937,38458.4148357419,38443.21207510313
1000,20,uniform,9800,0.0392424692469744,38458.29814077925,38443.21207510313
1000,20,uniform,9900,0.0408134707643709,38458.90208422429,38443.21207510313
1000,20,uniform,10000,0.0398407803348795,38458.528150779646,38443.21207510313
5000,1,uniform,0,53.3222736217972,49162.58075493331,32064.86545862445
5000,1,uniform,100,6.596256075764705,34179.94609462474,32064.86545862445
5000,1,uniform,200,3.7333209059423775,33261.94978425357,32064.86545862445
5000,1,uniform,300,0.925512372370735,32361.629755628048,32064.86545862445
5000,1,uniform,400,0.1529349563061505,32113.90384660322,32064.86545862445
5000,1,uniform,500,0.0670078383122673,32086.35143182601,32064.86545862445
5000,1,uniform,600,0.0575338294019815,32083.31360361539,32064.86545862445
5000,1,uniform,700,0.0471328088287663,32079.978530362263,32064.86545862445
5000,1,uniform,800,0.0351069621980064,32076.12245881985,32064.86545862445
5000,1,uniform,900,0.0280122533332223,32073.847549967675,32064.86545862445
5000,1,uniform,1000,0.0196556458319024,32071.16801501547,32064.86545862445
5000,1,uniform,1100,0.012537500467824,32068.88559128133,32064.86545862445
5000,1,uniform,1200,0.0085357243225383,32067.60242714439,32064.86545862445
5000,1,uniform,1300,0.0051172887228987,32066.50631036857,32064.86545862445
5000,1,uniform,1400,0.0050945339843061,32066.49901409226,32064.86545862445
5000,1,uniform,1500,0.0053444394302674,32066.57914593728,32064.86545862445
5000,1,uniform,1600,0.0053866037091846,32066.592665856588,32064.86545862445
5000,1,uniform,1700,0.0052218418249234,32066.539835180072,32064.86545862445
5000,1,uniform,1800,0.0079427392539482,32067.41228727996,32064.86545862445
5000,1,uniform,1900,0.0120237961454326,32068.7208726815,32064.86545862445
5000,1,uniform,2000,0.0149699218773075,32069.66554393367,32064.86545862445
5000,1,uniform,2100,0.0172821734255003,32070.40696428166,32064.86545862445
5000,1,uniform,2200,0.0189653487211935,32070.94667217565,32064.86545862445
5000,1,uniform,2300,0.0214281418396595,32071.73636347562,32064.86545862445
5000,1,uniform,2400,0.0243734172214109,32072.680762064163,32064.86545862445
5000,1,uniform,2500,0.0258863137329984,32073.16587029513,32064.86545862445
5000,1,uniform,2600,0.0201580938021413,32071.32912428113,32064.86545862445
5000,1,uniform,2700,0.0141622181796198,32069.4065548297,32064.86545862445
5000,1,uniform,2800,0.0108155685763016,32068.333456137025,32064.86545862445
5000,1,uniform,2900,0.0086984699683673,32067.654611316764,32064.86545862445
5000,1,uniform,3000,0.0078607449592287,32067.38599591967,32064.86545862445
5000,1,uniform,3100,0.0079730094719046,32067.42199338461,32064.86545862445
5000,1,uniform,3200,0.0087675285235575,32067.676754849574,32064.86545862445
5000,1,uniform,3300,0.0101524312272997,32068.12082203826,32064.86545862445
5000,1,uniform,3400,0.0117225864969296,32068.62429021296,32064.86545862445
5000,1,uniform,3500,0.0130560783276283,32069.05187257437,32064.86545862445
5000,1,uniform,3600,0.0111058021454967,32068.426519140503,32064.86545862445
5000,1,uniform,3700,0.0094879897665231,32067.90776977781,32064.86545862445
5000,1,uniform,3800,0.0080910872514761,32067.45985486577,32064.86545862445
5000,1,uniform,3900,0.0068039969312272,32067.04715108625,32064.86545862445
5000,1,uniform,4000,0.0056323085339509,32066.671450778074,32064.86545862445
5000,1,uniform,4100,0.0046242643608105,32066.3482227702,32064.86545862445
5000,1,uniform,4200,0.0042833944719711,32066.238923298948,32064.86545862445
5000,1,uniform,4300,0.004551480745393,32066.32488480184,32064.86545862445
5000,1,uniform,4400,0.0053088400803515,32066.567731053627,32064.86545862445
5000,1,uniform,4500,0.0042439124420503,32066.226263439174,32064.86545862445
5000,1,uniform,4600,0.0020772283408506,32065.53151909721,32064.86545862445
5000,1,uniform,4700,0.0008598770945836,32065.141177057936,32064.86545862445
5000,1,uniform,4800,0.0006546641684419,32065.075375809265,32064.86545862445
5000,1,uniform,4900,0.0010629426375139,32065.20628975107,32064.86545862445
5000,1,uniform,5000,0.0015618492510116,32065.36626348545,32064.86545862445
5000,1,uniform,5100,0.0020253900768081,32065.51489722759,32064.86545862445
5000,1,uniform,5200,0.0024442106208344,32065.649191471544,32064.86545862445
5000,1,uniform,5300,0.0027602674200624,32065.75053465899,32064.86545862445
5000,1,uniform,5400,0.0034035969289408,32065.956817400467,32064.86545862445
5000,1,uniform,5500,0.0055019208948057,32066.629642157008,32064.86545862445
5000,1,uniform,5600,0.0074959957731883,32067.269039583905,32064.86545862445
5000,1,uniform,5700,0.0067037825655007,32067.015017484715,32064.86545862445
5000,1,uniform,5800,0.0042312102198409,32066.222190488712,32064.86545862445
5000,1,uniform,5900,0.0151858822835084,32069.73479134736,32064.86545862445
5000,1,uniform,6000,0.0299470998600687,32074.46795590334,32064.86545862445
5000,1,uniform,6100,0.036311193668977,32076.508594020823,32064.86545862445
5000,1,uniform,6200,0.0346650332206295,32075.98075488783,32064.86545862445
5000,1,uniform,6300,0.0335954065603023,32075.637780538287,32064.86545862445
5000,1,uniform,6400,0.0313688883022016,32074.923850454416,32064.86545862445
5000,1,uniform,6500,0.02947825641794,32074.31762188441,32064.86545862445
5000,1,uniform,6600,0.0283156085433529,32073.944820407665,32064.86545862445
5000,1,uniform,6700,0.0271034505139612,32073.556143566395,32064.86545862445
5000,1,uniform,6800,0.0260441591592667,32073.216483218697,32064.86545862445
5000,1,uniform,6900,0.0248830295715471,32072.844168578595,32064.86545862445
5000,1,uniform,7000,0.0238042956917382,32072.498274011377,32064.86545862445
5000,1,uniform,7100,0.0244630471438308,32072.7095017782,32064.86545862445
5000,1,uniform,7200,0.0224640569979344,32072.068528277385,32064.86545862445
5000,1,uniform,7300,0.0199624971846289,32071.26640648888,32064.86545862445
5000,1,uniform,7400,0.0175213417839823,32070.483653294028,32064.86545862445
5000,1,uniform,7500,0.0151620622733007,32069.72715349313,32064.86545862445
5000,1,uniform,7600,0.0127783118204789,32068.96280711757,32064.86545862445
5000,1,uniform,7700,0.0105791606806594,32068.25765226336,32064.86545862445
5000,1,uniform,7800,0.0083615295896668,32067.54657183765,32064.86545862445
5000,1,uniform,7900,0.0091584906335345,32067.80211632413,32064.86545862445
5000,1,uniform,8000,0.0097001247228416,32067.975790566143,32064.86545862445
5000,1,uniform,8100,0.008469177416558,32067.58108896852,32064.86545862445
5000,1,uniform,8200,0.0075997400136407,32067.302305035028,32064.86545862445
5000,1,uniform,8300,0.0080188855115571,32067.43670347501,32064.86545862445
5000,1,uniform,8400,0.0083885002034109,32067.55521992867,32064.86545862445
5000,1,uniform,8500,0.0078798998747089,32067.392137917548,32064.86545862445
5000,1,uniform,8600,0.0069842948161193,32067.10496336047,32064.86545862445
5000,1,uniform,8700,0.0069490511081989,32067.093662512943,32064.86545862445
5000,1,uniform,8800,0.0071415092421241,32067.15537395465,32064.86545862445
5000,1,uniform,8900,0.0071361850677187,32067.15366676529,32064.86545862445
5000,1,uniform,9000,0.0071131362120832,32067.14627618074,32064.86545862445
5000,1,uniform,9100,0.0070220153406903,32067.117058395925,32064.86545862445
5000,1,uniform,9200,0.0069659295025926,32067.0990745474,32064.86545862445
5000,1,uniform,9300,0.0067558691165403,32067.031718967228,32064.86545862445
5000,1,uniform,9400,0.0062215482272738,32066.860389692967,32064.86545862445
5000,1,uniform,9500,0.0057431777413404,32066.70700084026,32064.86545862445
5000,1,uniform,9600,0.0055107821284449,32066.63248349965,32064.86545862445
5000,1,uniform,9700,0.0055325015531378,32066.63944780396,32064.86545862445
5000,1,uniform,9800,0.0055605616548984,32066.648445237835,32064.86545862445
5000,1,uniform,9900,0.0056172109023589,32066.666609742817,32064.86545862445
5000,1,uniform,10000,0.0056465755305222,32066.67602547133,32064.86545862445
5000,2,uniform,0,56.84529333605349,49547.56647230051,31590.088180804327
5000,2,uniform,100,6.189717286419476,33545.42532972673,31590.088180804327
5000,2,uniform,200,3.0479349575925063,32552.93352160136,31590.088180804327
5000,2,uniform,300,0.7759527926231282,31835.212352235387,31590.088180804327
5000,2,uniform,400,0.1037280841487371,31622.85597405517,31590.088180804327
5000,2,uniform,500,0.0339618625380466,31600.81676312794,31590.088180804327
5000,2,uniform,600,0.0265718383301631,31598.48224796409,31590.088180804327
5000,2,uniform,700,0.0218302620089592,31596.984379823058,31590.088180804327
5000,2,uniform,800,0.0258984435985068,31598.26952197455,31590.088180804327
5000,2,uniform,900,0.0281868144516729,31598.99242034497,31590.088180804327
5000,2,uniform,1000,0.0297467899084631,31599.48521796737,31590.088180804327
5000,2,uniform,1100,0.0269977390083642,31598.616790363893,31590.088180804327
5000,2,uniform,1200,0.0193379630101584,31596.197060371607,31590.088180804327
5000,2,uniform,1300,0.0154324232933166,31594.96329693112,31590.088180804327
5000,2,uniform,1400,0.0095500115915577,31593.105037887377,31590.088180804327
5000,2,uniform,1500,0.00309610046517,31591.06624167144,31590.088180804327
5000,2,uniform,1600,0.0050626257557161,31591.68746874482,31590.088180804327
5000,2,uniform,1700,0.0051942160829088,31591.72903824522,31590.088180804327
5000,2,uniform,1800,0.0040520973031124,31591.368241915552,31590.088180804327
5000,2,uniform,1900,0.0024801290141145,31590.871655746883,31590.088180804327
5000,2,uniform,2000,0.0063641018329928,31592.098606185285,31590.088180804327
5000,2,uniform,2100,0.0140654465935678,31594.53146778626,31590.088180804327
5000,2,uniform,2200,0.0091691932216581,31592.98473702852,31590.088180804327
5000,2,uniform,2300,0.0086663083460243,31592.825875252856,31590.088180804327
5000,2,uniform,2400,0.0053157307820991,31591.76742484585,31590.088180804327
5000,2,uniform,2500,0.0012093274520436,31590.470208412826,31590.088180804327
5000,2,uniform,2600,0.0016629610971337,31590.613511681324,31590.088180804327
5000,2,uniform,2700,0.0019068051694196,31590.690542238783,31590.088180804327
5000,2,uniform,2800,0.0019198176702641,31590.69465289928,31590.088180804327
5000,2,uniform,2900,0.0016381278075577,31590.60566682325,31590.088180804327
5000,2,uniform,3000,0.0015616030173669,31590.581492574547,31590.088180804327
5000,2,uniform,3100,0.0016316921587636,31590.60363379612,31590.088180804327
5000,2,uniform,3200,0.0026651336277735,31590.93009886748,31590.088180804327
5000,2,uniform,3300,0.0027673446604882,31590.96238742284,31590.088180804327
5000,2,uniform,3400,0.0022558194694301,31590.80079616392,31590.088180804327
5000,2,uniform,3500,0.0016163544115147,31590.59878858824,31590.088180804327
5000,2,uniform,3600,0.0009276446153845,31590.38122455633,31590.088180804327
5000,2,uniform,3700,0.0013810619646741,31590.5244594968,31590.088180804327
5000,2,uniform,3800,0.0010457040705623,31590.418519642328,31590.088180804327
5000,2,uniform,3900,0.0019893079312881,31590.71660493401,31590.088180804327
5000,2,uniform,4000,0.0050355042638725,31591.678901041632,31590.088180804327
5000,2,uniform,4100,0.005385039813805,31591.78931963008,31590.088180804327
5000,2,uniform,4200,0.0057223373976128,31591.89587223424,31590.088180804327
5000,2,uniform,4300,0.0046284471848079,31591.55031135141,31590.088180804327
5000,2,uniform,4400,0.0046196510178967,31591.54753263453,31590.088180804327
5000,2,uniform,4500,0.0037486795992852,31591.27239199536,31590.088180804327
5000,2,uniform,4600,0.0024827629313108,31590.87248780365,31590.088180804327
5000,2,uniform,4700,0.0017031645929422,31590.6262120011,31590.088180804327
5000,2,uniform,4800,0.0019257549087272,31590.69652847814,31590.088180804327
5000,2,uniform,4900,0.0021948958865311,31590.78155035036,31590.088180804327
5000,2,uniform,5000,0.005642666261727,31591.870704052155,31590.088180804327
5000,2,uniform,5100,0.0026788979247438,31590.934447021027,31590.088180804327
5000,2,uniform,5200,0.0006618677600482,31590.297265413366,31590.088180804327
5000,2,uniform,5300,0.0013767563238964,31590.52309934108,31590.088180804327
5000,2,uniform,5400,0.0019188587553468,31590.69434997721,31590.088180804327
5000,2,uniform,5500,0.0022509127876788,31590.799246138828,31590.088180804327
5000,2,uniform,5600,0.0025777341797346,31590.90248930477,31590.088180804327
5000,2,uniform,5700,0.0028913759115147,31591.001569004413,31590.088180804327
5000,2,uniform,5800,0.0035021709122458,31591.194519683748,31590.088180804327
5000,2,uniform,5900,0.0040654439041496,31591.37245811859,31590.088180804327
5000,2,uniform,6000,0.0036460199335316,31591.23996171642,31590.088180804327
5000,2,uniform,6100,0.0035717413962483,31591.216497060992,31590.088180804327
5000,2,uniform,6200,0.0027510280120087,31590.9572329792,31590.088180804327
5000,2,uniform,6300,0.0028193636083505,31590.978820254342,31590.088180804327
5000,2,uniform,6400,0.0020934418318883,31590.749500925034,31590.088180804327
5000,2,uniform,6500,0.0022121763822141,31590.787009274183,31590.088180804327
5000,2,uniform,6600,0.0023526264056383,31590.83137756044,31590.088180804327
5000,2,uniform,6700,0.0024396167538875,31590.85885788816,31590.088180804327
5000,2,uniform,6800,0.0025236095247264,31590.885391278527,31590.088180804327
5000,2,uniform,6900,0.0026946336492489,31590.939417950274,31590.088180804327
5000,2,uniform,7000,0.0029372455826537,31591.01605927397,31590.088180804327
5000,2,uniform,7100,0.0033437756701053,31591.14448248708,31590.088180804327
5000,2,uniform,7200,0.0029564218742653,31591.022117081404,31590.088180804327
5000,2,uniform,7300,0.0019198179436702,31590.694652985643,31590.088180804327
5000,2,uniform,7400,0.0020525120210627,31590.736571161706,31590.088180804327
5000,2,uniform,7500,0.0025730461690467,31590.90100835806,31590.088180804327
5000,2,uniform,7600,0.0029038958474918,31591.00552406323,31590.088180804327
5000,2,uniform,7700,0.0031062005947129,31591.06943231127,31590.088180804327
5000,2,uniform,7800,0.0031349620782644,31591.078518089285,31590.088180804327
5000,2,uniform,7900,0.0031362260309107,31591.07891737304,31590.088180804327
5000,2,uniform,8000,0.0033204643858659,31591.13711843184,31590.088180804327
5000,2,uniform,8100,0.0034213658876803,31591.16899330524,31590.088180804327
5000,2,uniform,8200,0.0025445164832341,31590.89199580516,31590.088180804327
5000,2,uniform,8300,0.0015556928568837,31590.57962554964,31590.088180804327
5000,2,uniform,8400,0.0015353112447266,31590.573186980386,31590.088180804327
5000,2,uniform,8500,0.0035643773241729,31591.21417074413,31590.088180804327
5000,2,uniform,8600,0.005181752542298,31591.72510100175,31590.088180804327
5000,2,uniform,8700,0.0063602467614502,31592.097388364786,31590.088180804327
5000,2,uniform,8800,0.0079461976395297,31592.598391645675,31590.088180804327
5000,2,uniform,8900,0.0097191932349335,31593.158482517705,31590.088180804327
5000,2,uniform,9000,0.0116933004984262,31593.782104743023,31590.088180804327
5000,2,uniform,9100,0.0111347990822025,31593.60567365315,31590.088180804327
5000,2,uniform,9200,0.009367490559455,31593.047379332387,31590.088180804327
5000,2,uniform,9300,0.0107288082194165,31593.47742078159,31590.088180804327
5000,2,uniform,9400,0.010237249683861,31593.322137006748,31590.088180804327
5000,2,uniform,9500,0.0088910960010018,31592.896885871283,31590.088180804327
5000,2,uniform,9600,0.0082520662322659,31592.69501580384,31590.088180804327
5000,2,uniform,9700,0.0078581873607309,31592.570589120995,31590.088180804327
5000,2,uniform,9800,0.0075929480853966,31592.486799800023,31590.088180804327
5000,2,uniform,9900,0.0069332748548981,31592.278408444807,31590.088180804327
5000,2,uniform,10000,0.0055059122051347,31591.827503325087,31590.088180804327
5000,3,uniform,0,56.22599001357465,57756.06692600397,36969.56372047025
5000,3,uniform,100,6.3623097568801015,39321.681880133736,36969.56372047025
5000,3,uniform,200,2.9686983811423726,38067.07856015525,36969.56372047025
5000,3,uniform,300,0.7649707749689281,37252.37007856536,36969.56372047025
5000,3,uniform,400,0.1626424211713806,37029.69191400172,36969.56372047025
5000,3,uniform,500,0.0744767045391804,36997.09743321177,36969.56372047025
5000,3,uniform,600,0.0511737905620677,36988.482447580274,36969.56372047025
5000,3,uniform,700,0.0339683168746202,36982.12165902199,36969.56372047025
5000,3,uniform,800,0.0362378789940791,36982.96070623592,36969.56372047025
5000,3,uniform,900,0.035315412425065,36982.61967436988,36969.56372047025
5000,3,uniform,1000,0.033883145955475,36982.09017170476,36969.56372047025
5000,3,uniform,1100,0.0379411552653825,36983.59040004237,36969.56372047025
5000,3,uniform,1200,0.0371649219974543,36983.30342998976,36969.56372047025
5000,3,uniform,1300,0.0348729108477981,36982.45608346731,36969.56372047025
5000,3,uniform,1400,0.0360758195303993,36982.90079355922,36969.56372047025
5000,3,uniform,1500,0.0330764245938888,36981.79193033694,36969.56372047025
5000,3,uniform,1600,0.0283702264164599,36980.052069402926,36969.56372047025
5000,3,uniform,1700,0.0826993927210446,37000.1373251587,36969.56372047025
5000,3,uniform,1800,0.1122346806041526,37011.05639223267,36969.56372047025
5000,3,uniform,1900,0.1242719843128059,37015.506530897466,36969.56372047025
5000,3,uniform,2000,0.1103360265260276,37010.35446810343,36969.56372047025
5000,3,uniform,2100,0.096004856587964,37005.05629710128,36969.56372047025
5000,3,uniform,2200,0.0933645799849639,37004.08019836014,36969.56372047025
5000,3,uniform,2300,0.0933891822718021,37004.08929371825,36969.56372047025
5000,3,uniform,2400,0.0873130795185398,37001.84298503916,36969.56372047025
5000,3,uniform,2500,0.0781516029182783,36998.45602710969,36969.56372047025
5000,3,uniform,2600,0.0640485569045872,36993.242192527134,36969.56372047025
5000,3,uniform,2700,0.0583647107728048,36991.14089940967,36969.56372047025
5000,3,uniform,2800,0.0556823484935994,36990.149241777646,36969.56372047025
5000,3,uniform,2900,0.0553784396374903,36990.03688799944,36969.56372047025
5000,3,uniform,3000,0.0458414063946563,36986.51108841768,36969.56372047025
5000,3,uniform,3100,0.046588199958995,36986.78717474031,36969.56372047025
5000,3,uniform,3200,0.0504863930205467,36988.22831970815,36969.56372047025
5000,3,uniform,3300,0.0533377916435359,36989.282469339,36969.56372047025
5000,3,uniform,3400,0.0589822722074441,36991.36920917776,36969.56372047025
5000,3,uniform,3500,0.0663635933438368,36994.09805139869,36969.56372047025
5000,3,uniform,3600,0.0708714875817437,36995.76460023143,36969.56372047025
5000,3,uniform,3700,0.0730900524888407,36996.58479399844,36969.56372047025
5000,3,uniform,3800,0.0724403132210148,36996.3445882258,36969.56372047025
5000,3,uniform,3900,0.070054596953561,36995.46259933012,36969.56372047025
5000,3,uniform,4000,0.0658511536513103,36993.90860468004,36969.56372047025
5000,3,uniform,4100,0.0611425220099769,36992.16784410503,36969.56372047025
5000,3,uniform,4200,0.0600274583519148,36991.75560993544,36969.56372047025
5000,3,uniform,4300,0.0657926853586155,36993.88698920731,36969.56372047025
5000,3,uniform,4400,0.061260216252116,36992.21135515288,36969.56372047025
5000,3,uniform,4500,0.0591939953176217,36991.44748228789,36969.56372047025
5000,3,uniform,4600,0.0698389848041471,36995.38288845915,36969.56372047025
5000,3,uniform,4700,0.0671623129063853,36994.39333453632,36969.56372047025
5000,3,uniform,4800,0.0631009608431565,36992.89187039739,36969.56372047025
5000,3,uniform,4900,0.0605649930892497,36991.95433418268,36969.56372047025
5000,3,uniform,5000,0.0617904051890463,36992.40736368975,36969.56372047025
5000,3,uniform,5100,0.0620168759882124,36992.49108895616,36969.56372047025
5000,3,uniform,5200,0.0644303828092448,36993.38335189826,36969.56372047025
5000,3,uniform,5300,0.0620243429455064,36992.49384945769,36969.56372047025
5000,3,uniform,5400,0.0633687386932329,36992.990866700304,36969.56372047025
5000,3,uniform,5500,0.0629428717666111,36992.8334255555,36969.56372047025
5000,3,uniform,5600,0.0608808835339229,36992.07111750191,36969.56372047025
5000,3,uniform,5700,0.0599181104731836,36991.715184501736,36969.56372047025
5000,3,uniform,5800,0.0639701222111657,36993.21319556317,36969.56372047025
5000,3,uniform,5900,0.0680697637973699,36994.72881517169,36969.56372047025
5000,3,uniform,6000,0.0667142908266793,36994.22770272808,36969.56372047025
5000,3,uniform,6100,0.0760807321152504,36997.6904352086,36969.56372047025
5000,3,uniform,6200,0.0733279170431879,36996.672731486426,36969.56372047025
5000,3,uniform,6300,0.0708558483691458,36995.75881848276,36969.56372047025
5000,3,uniform,6400,0.0671477591200193,36994.387954064994,36969.56372047025
5000,3,uniform,6500,0.0659103423992122,36993.93048650191,36969.56372047025
5000,3,uniform,6600,0.0650691686070497,36993.619508220814,36969.56372047025
5000,3,uniform,6700,0.0689078547556928,36995.038653742566,36969.56372047025
5000,3,uniform,6800,0.06948260268888,36995.25113554596,36969.56372047025
5000,3,uniform,6900,0.0689209903125896,36995.04350990064,36969.56372047025
5000,3,uniform,7000,0.067691232547824,36994.58887382019,36969.56372047025
5000,3,uniform,7100,0.071218256637255,36995.89279923837,36969.56372047025
5000,3,uniform,7200,0.0697734889022497,36995.35867490996,36969.56372047025
5000,3,uniform,7300,0.0735708932237836,36996.76255872034,36969.56372047025
5000,3,uniform,7400,0.0786943206455994,36998.65666748572,36969.56372047025
5000,3,uniform,7500,0.0788689331728225,36998.72122097523,36969.56372047025
5000,3,uniform,7600,0.0769591776264096,36998.0151926816,36969.56372047025
5000,3,uniform,7700,0.078936462896593,36998.74618641949,36969.56372047025
5000,3,uniform,7800,0.0776511691806971,36998.2710189402,36969.56372047025
5000,3,uniform,7900,0.0778418419316418,36998.34150982436,36969.56372047025
5000,3,uniform,8000,0.0808450026591435,36999.45176524314,36969.56372047025
5000,3,uniform,8100,0.0810967882877707,36999.54484929155,36969.56372047025
5000,3,uniform,8200,0.0802646229125691,36999.23720138291,36969.56372047025
5000,3,uniform,8300,0.0782968894169936,36998.50973889441,36969.56372047025
5000,3,uniform,8400,0.0775095980710111,36998.21868071859,36969.56372047025
5000,3,uniform,8500,0.0841125622409102,37000.65976776482,36969.56372047025
5000,3,uniform,8600,0.0870126584264719,37001.7319206721,36969.56372047025
5000,3,uniform,8700,0.086419508859988,37001.51263586516,36969.56372047025
5000,3,uniform,8800,0.0843990611062216,37000.765685145394,36969.56372047025
5000,3,uniform,8900,0.0813478665393329,36999.63767182575,36969.56372047025
5000,3,uniform,9000,0.0783752287725769,36998.53870061239,36969.56372047025
5000,3,uniform,9100,0.0775587320192804,36998.23684532491,36969.56372047025
5000,3,uniform,9200,0.0750432650597681,36997.30688816444,36969.56372047025
5000,3,uniform,9300,0.0741243991068594,36996.96718743048,36969.56372047025
5000,3,uniform,9400,0.0771066233964184,36998.06970273949,36969.56372047025
5000,3,uniform,9500,0.0795550237256205,36998.97486565933,36969.56372047025
5000,3,uniform,9600,0.0838768205313496,37000.57261508329,36969.56372047025
5000,3,uniform,9700,0.0902842048946134,37002.941397128285,36969.56372047025
5000,3,uniform,9800,0.0974672874027029,37005.59695139321,36969.56372047025
5000,3,uniform,9900,0.0974689863959733,37005.59757950361,36969.56372047025
5000,3,uniform,10000,0.0974182906800822,37005.57883751862,36969.56372047025
5000,4,uniform,0,41.46674661070249,54970.894300426735,38857.82038354163
5000,4,uniform,100,6.330560208612887,41317.73809867638,38857.82038354163
5000,4,uniform,200,3.1423815907317083,40078.88137783363,38857.82038354163
5000,4,uniform,300,1.0559754790519031,39268.14943848586,38857.82038354163
5000,4,uniform,400,0.4566563926807735,39035.26710437948,38857.82038354163
5000,4,uniform,500,0.3705209177541038,39001.79673624597,38857.82038354163
5000,4,uniform,600,0.3631757308432136,38998.9425567093,38857.82038354163
5000,4,uniform,700,0.3646565433032026,38999.51796815522,38857.82038354163
5000,4,uniform,800,0.3670338837696052,39000.44175084356,38857.82038354163
5000,4,uniform,900,0.3696145336249545,39001.44453512908,38857.82038354163
5000,4,uniform,1000,0.3709190373777903,39001.95143685425,38857.82038354163
5000,4,uniform,1100,0.3711399796180955,39002.03729019314,38857.82038354163
5000,4,uniform,1200,0.3696889002572792,39001.47343238149,38857.82038354163
5000,4,uniform,1300,0.3683937975991045,39000.9701837168,38857.82038354163
5000,4,uniform,1400,0.3656525157634978,38999.90498134491,38857.82038354163
5000,4,uniform,1500,0.3628770534990372,38998.82649720337,38857.82038354163
5000,4,uniform,1600,0.3601432418881229,38997.76419759798,38857.82038354163
5000,4,uniform,1700,0.3560583934293041,38996.17691452091,38857.82038354163
5000,4,uniform,1800,0.3521603230234739,38994.66220932419,38857.82038354163
5000,4,uniform,1900,0.3488052176935467,38993.35848852141,38857.82038354163
5000,4,uniform,2000,0.3457243872097128,38992.16134494568,38857.82038354163
5000,4,uniform,2100,0.3430483287513625,38991.121486956574,38857.82038354163
5000,4,uniform,2200,0.3411979455068036,38990.402468359,38857.82038354163
5000,4,uniform,2300,0.3405212695272168,38990.13952682227,38857.82038354163
5000,4,uniform,2400,0.339893163109137,38989.89545835852,38857.82038354163
5000,4,uniform,2500,0.3390826978825508,38989.5805292365,38857.82038354163
5000,4,uniform,2600,0.3387996047112273,38989.47052540047,38857.82038354163
5000,4,uniform,2700,0.3389740425210193,38989.53830813128,38857.82038354163
5000,4,uniform,2800,0.3391080074282133,38989.59036397429,38857.82038354163
5000,4,uniform,2900,0.3391682522478369,38989.61377379809,38857.82038354163
5000,4,uniform,3000,0.3391402879696988,38989.60290748912,38857.82038354163
5000,4,uniform,3100,0.339108778676245,38989.59066366447,38857.82038354163
5000,4,uniform,3200,0.3389650893114794,38989.5348291092,38857.82038354163
5000,4,uniform,3300,0.3390019494699338,38989.54915216336,38857.82038354163
5000,4,uniform,3400,0.339092536356598,38989.58435225307,38857.82038354163
5000,4,uniform,3500,0.339097140858981,38989.586141462336,38857.82038354163
5000,4,uniform,3600,0.3390349598308841,38989.561979270125,38857.82038354163
5000,4,uniform,3700,0.3389327113793961,38989.5222477505,38857.82038354163
5000,4,uniform,3800,0.3384378415933539,38989.32995213791,38857.82038354163
5000,4,uniform,3900,0.3377835627177216,38989.07571362761,38857.82038354163
5000,4,uniform,4000,0.3371626129534346,38988.83442608353,38857.82038354163
5000,4,uniform,4100,0.3365361888209085,38988.59101131927,38857.82038354163
5000,4,uniform,4200,0.3359429825700478,38988.36050429981,38857.82038354163
5000,4,uniform,4300,0.3353466935240321,38988.12879937334,38857.82038354163
5000,4,uniform,4400,0.3346491571432113,38987.85775193937,38857.82038354163
5000,4,uniform,4500,0.3338742374692111,38987.55663504433,38857.82038354163
5000,4,uniform,4600,0.333109626117694,38987.25952373873,38857.82038354163
5000,4,uniform,4700,0.3323560087203626,38986.966684444094,38857.82038354163
5000,4,uniform,4800,0.3316541602664521,38986.69396143251,38857.82038354163
5000,4,uniform,4900,0.3309897810805153,38986.43579816177,38857.82038354163
5000,4,uniform,5000,0.3303057648693152,38986.17000437103,38857.82038354163
5000,4,uniform,5100,0.329631842441748,38985.9081328046,38857.82038354163
5000,4,uniform,5200,0.3288913125916829,38985.62037904558,38857.82038354163
5000,4,uniform,5300,0.3281541334389465,38985.3339272945,38857.82038354163
5000,4,uniform,5400,0.3274455424589895,38985.058584284256,38857.82038354163
5000,4,uniform,5500,0.3267404615691783,38984.78460521853,38857.82038354163
5000,4,uniform,5600,0.3260626564184024,38984.521224910495,38857.82038354163
5000,4,uniform,5700,0.3254039322668366,38984.26525906286,38857.82038354163
5000,4,uniform,5800,0.3247811861265022,38984.0232734862,38857.82038354163
5000,4,uniform,5900,0.3241457613505081,38983.77636126807,38857.82038354163
5000,4,uniform,6000,0.3235344589422156,38983.53882247626,38857.82038354163
5000,4,uniform,6100,0.3229120001225891,38983.296948546165,38857.82038354163
5000,4,uniform,6200,0.3223270123800474,38983.0696350599,38857.82038354163
5000,4,uniform,6300,0.3217640371457976,38982.850875154574,38857.82038354163
5000,4,uniform,6400,0.321199690510705,38982.63158235277,38857.82038354163
5000,4,uniform,6500,0.3206346918854925,38982.412036201815,38857.82038354163
5000,4,uniform,6600,0.32006066180835,38982.18898062549,38857.82038354163
5000,4,uniform,6700,0.3195293700358689,38981.98253222283,38857.82038354163
5000,4,uniform,6800,0.3190008296348571,38981.77715294315,38857.82038354163
5000,4,uniform,6900,0.3184888337081186,38981.578202485565,38857.82038354163
5000,4,uniform,7000,0.3179600571391189,38981.37273143615,38857.82038354163
5000,4,uniform,7100,0.3174560693952506,38981.176892783886,38857.82038354163
5000,4,uniform,7200,0.3169552473772024,38980.98228426367,38857.82038354163
5000,4,uniform,7300,0.316473143130126,38980.79494906128,38857.82038354163
5000,4,uniform,7400,0.3159910707880783,38980.60762625649,38857.82038354163
5000,4,uniform,7500,0.3155534133691252,38980.43756212274,38857.82038354163
5000,4,uniform,7600,0.3151359451333493,38980.27534306552,38857.82038354163
5000,4,uniform,7700,0.3147307018957384,38980.11787437613,38857.82038354163
5000,4,uniform,7800,0.3143330913750206,38979.96337159417,38857.82038354163
5000,4,uniform,7900,0.3139335039604968,38979.80810063436,38857.82038354163
5000,4,uniform,8000,0.3135549366667867,38979.660997635336,38857.82038354163
5000,4,uniform,8100,0.3131495411162286,38979.50346976046,38857.82038354163
5000,4,uniform,8200,0.3127741319783718,38979.357593951965,38857.82038354163
5000,4,uniform,8300,0.312382050030118,38979.20523945276,38857.82038354163
5000,4,uniform,8400,0.3120102880102675,38979.06078083483,38857.82038354163
5000,4,uniform,8500,0.3116373556704808,38978.91586745608,38857.82038354163
5000,4,uniform,8600,0.3112469245287171,38978.76415442429,38857.82038354163
5000,4,uniform,8700,0.3108787351926474,38978.62108407341,38857.82038354163
5000,4,uniform,8800,0.3105019470786818,38978.47467242486,38857.82038354163
5000,4,uniform,8900,0.310144364580434,38978.33572365997,38857.82038354163
5000,4,uniform,9000,0.3097807075444337,38978.19441446211,38857.82038354163
5000,4,uniform,9100,0.3094126614454211,38978.051399770025,38857.82038354163
5000,4,uniform,9200,0.3090599189709288,38977.91433173287,38857.82038354163
5000,4,uniform,9300,0.3087050164266018,38977.77642433966,38857.82038354163
5000,4,uniform,9400,0.3083555327472911,38977.64062259928,38857.82038354163
5000,4,uniform,9500,0.308001132945629,38977.502910560914,38857.82038354163
5000,4,uniform,9600,0.3076503013516031,38977.36658505026,38857.82038354163
5000,4,uniform,9700,0.307326005781852,38977.24057086025,38857.82038354163
5000,4,uniform,9800,0.3071288088812868,38977.16394444283,38857.82038354163
5000,4,uniform,9900,0.3069516503777526,38977.09510450973,38857.82038354163
5000,4,uniform,10000,0.3067487791600539,38977.01627317635,38857.82038354163
5000,5,uniform,0,49.66384626991439,50640.39772999845,33836.09267843483
5000,5,uniform,100,5.508848625281242,35700.07180479967,33836.09267843483
5000,5,uniform,200,2.9308822646345543,34827.788717792384,33836.09267843483
5000,5,uniform,300,0.7457511167457099,34088.42571744737,33836.09267843483
5000,5,uniform,400,0.1166055544979338,33875.54744192295,33836.09267843483
5000,5,uniform,500,0.0312990547999859,33846.683055624424,33836.09267843483
5000,5,uniform,600,0.0250595513695915,33844.57185146104,33836.09267843483
5000,5,uniform,700,0.0203179575814688,33842.96748139246,33836.09267843483
5000,5,uniform,800,0.017636005304858,33842.06001353455,33836.09267843483
5000,5,uniform,900,0.0156792233966856,33841.39791499459,33836.09267843483
5000,5,uniform,1000,0.0144368028220474,33840.9775284175,33836.09267843483
5000,5,uniform,1100,0.0131678747264673,33840.548172731054,33836.09267843483
5000,5,uniform,1200,0.0123031217070322,33840.25557409796,33836.09267843483
5000,5,uniform,1300,0.0116046828043004,33840.01924966353,33836.09267843483
5000,5,uniform,1400,0.0112733155249993,33839.9071279238,33836.09267843483
5000,5,uniform,1500,0.0106596699883207,33839.69949425129,33836.09267843483
5000,5,uniform,1600,0.0102488329425449,33839.560483047724,33836.09267843483
5000,5,uniform,1700,0.0099176174054873,33839.44841265164,33836.09267843483
5000,5,uniform,1800,0.0097199288715566,33839.381522576085,33836.09267843483
5000,5,uniform,1900,0.0092883878509512,33839.23550595641,33836.09267843483
5000,5,uniform,2000,0.0090541367698696,33839.15624454351,33836.09267843483
5000,5,uniform,2100,0.0088576938900823,33839.08977594865,33836.09267843483
5000,5,uniform,2200,0.0085708708118994,33838.99272622609,33836.09267843483
5000,5,uniform,2300,0.0083976237827931,33838.93410620076,33836.09267843483
5000,5,uniform,2400,0.0082584971323752,33838.88703117838,33836.09267843483
5000,5,uniform,2500,0.008062884140415,33838.82084338513,33836.09267843483
5000,5,uniform,2600,0.0078500023551645,33838.74881250698,33836.09267843483
5000,5,uniform,2700,0.0076963191036511,33838.696812099566,33836.09267843483
5000,5,uniform,2800,0.0075144855123947,33838.63528671711,33836.09267843483
5000,5,uniform,2900,0.0073261293806952,33838.57155436182,33836.09267843483
5000,5,uniform,3000,0.0073444530324897,33838.577754369624,33836.09267843483
5000,5,uniform,3100,0.0073896645866077,33838.59305219298,33836.09267843483
5000,5,uniform,3200,0.0074312368927882,33838.607118637025,33836.09267843483
5000,5,uniform,3300,0.007430302434925,33838.606802453,33836.09267843483
5000,5,uniform,3400,0.007420912804012,33838.60362536878,33836.09267843483
5000,5,uniform,3500,0.0074178532096401,33838.60259012159,33836.09267843483
5000,5,uniform,3600,0.0074228072754911,33838.6042663839,33836.09267843483
5000,5,uniform,3700,0.0074024894579369,33838.597391628326,33836.09267843483
5000,5,uniform,3800,0.0074000800334303,33838.59657637322,33836.09267843483
5000,5,uniform,3900,0.0071291095210493,33838.50489053952,33836.09267843483
5000,5,uniform,4000,0.0067908811534901,33838.390447275604,33836.09267843483
5000,5,uniform,4100,0.006512321868144,33838.29619369765,33836.09267843483
5000,5,uniform,4200,0.0061912479512972,33838.18755482958,33836.09267843483
5000,5,uniform,4300,0.005920720985204,33838.09601907461,33836.09267843483
5000,5,uniform,4400,0.0056587332157795,33838.00737265014,33836.09267843483
5000,5,uniform,4500,0.0054072375573178,33837.922276346064,33836.09267843483
5000,5,uniform,4600,0.0051754432760942,33837.843846218246,33836.09267843483
5000,5,uniform,4700,0.0049441298767651,33837.76557880207,33836.09267843483
5000,5,uniform,4800,0.0047160201081075,33837.68839536934,33836.09267843483
5000,5,uniform,4900,0.0045257847525728,33837.624027158134,33836.09267843483
5000,5,uniform,5000,0.0043476633081457,33837.56375782112,33836.09267843483
5000,5,uniform,5100,0.0041755179376969,33837.50551055403,33836.09267843483
5000,5,uniform,5200,0.004007758456037,33837.44874730034,33836.09267843483
5000,5,uniform,5300,0.0038501832024755,33837.395429991506,33836.09267843483
5000,5,uniform,5400,0.0036810292638978,33837.33819490808,33836.09267843483
5000,5,uniform,5500,0.0035410232913806,33837.29082235746,33836.09267843483
5000,5,uniform,5600,0.0033993379501301,33837.242881574086,33836.09267843483
5000,5,uniform,5700,0.0032702249822483,33837.19919479061,33836.09267843483
5000,5,uniform,5800,0.0031486829923138,33837.158069730256,33836.09267843483
5000,5,uniform,5900,0.003012253105129,33837.11190718719,33836.09267843483
5000,5,uniform,6000,0.002885019895983,33837.06885644062,33836.09267843483
5000,5,uniform,6100,0.0027473571385736,33837.02227674244,33836.09267843483
5000,5,uniform,6200,0.0026142944445632,33836.977253525976,33836.09267843483
5000,5,uniform,6300,0.0024803850988673,33836.93194383566,33836.09267843483
5000,5,uniform,6400,0.0023620644971629,33836.89190876721,33836.09267843483
5000,5,uniform,6500,0.0022549291071144,33836.85565833734,33836.09267843483
5000,5,uniform,6600,0.0021440807486077,33836.818151584026,33836.09267843483
5000,5,uniform,6700,0.002035833325777,33836.781524885715,33836.09267843483
5000,5,uniform,6800,0.0019385220920007,33836.74859856647,33836.09267843483
5000,5,uniform,6900,0.0018421573058808,33836.71599248813,33836.09267843483
5000,5,uniform,7000,0.0017399957184491,33836.68142499872,33836.09267843483
5000,5,uniform,7100,0.0016464296155882,33836.64976588544,33836.09267843483
5000,5,uniform,7200,0.0015463252962899,33836.61589449519,33836.09267843483
5000,5,uniform,7300,0.0014651805846397,33836.58843829535,33836.09267843483
5000,5,uniform,7400,0.0013808693567178,33836.559910670134,33836.09267843483
5000,5,uniform,7500,0.0012999937470722,33836.5325455239,33836.09267843483
5000,5,uniform,7600,0.0012186680266673,33836.50502807777,33836.09267843483
5000,5,uniform,7700,0.0011632557042292,33836.486278713,33836.09267843483
5000,5,uniform,7800,0.0011847820150364,33836.49356237547,33836.09267843483
5000,5,uniform,7900,0.001205480895785,33836.500566067945,33836.09267843483
5000,5,uniform,8000,0.0012250812099347,33836.507198048406,33836.09267843483
5000,5,uniform,8100,0.0012403058917958,33836.51234948587,33836.09267843483
5000,5,uniform,8200,0.0012743262434364,33836.52386064358,33836.09267843483
5000,5,uniform,8300,0.0013190175703538,33836.53898244238,33836.09267843483
5000,5,uniform,8400,0.0013716315867695,33836.55678496973,33836.09267843483
5000,5,uniform,8500,0.0014066409470978,33836.56863076934,33836.09267843483
5000,5,uniform,8600,0.0014490897094504,33836.58299377191,33836.09267843483
5000,5,uniform,8700,0.0014832477241715,33836.59455150943,33836.09267843483
5000,5,uniform,8800,0.0015153842815715,33836.605425264774,33836.09267843483
5000,5,uniform,8900,0.001539377603558,33836.61354366744,33836.09267843483
5000,5,uniform,9000,0.001571388818911,33836.62437501193,33836.09267843483
5000,5,uniform,9100,0.0016008293411018,33836.634336534305,33836.09267843483
5000,5,uniform,9200,0.0016276146808306,33836.64339964668,33836.09267843483
5000,5,uniform,9300,0.0016556752642185,33836.65289425168,33836.09267843483
5000,5,uniform,9400,0.0016807738129877,33836.661386619904,33836.09267843483
5000,5,uniform,9500,0.0017028631999593,33836.66886080535,33836.09267843483
5000,5,uniform,9600,0.0017310363042956,33836.678393483046,33836.09267843483
5000,5,uniform,9700,0.0017558006809837,33836.68677278049,33836.09267843483
5000,5,uniform,9800,0.0017734239762962,33836.69273581503,33836.09267843483
5000,5,uniform,9900,0.0017913755149705,33836.69880991429,33836.09267843483
5000,5,uniform,10000,0.0018072988422985,33836.70419774608,33836.09267843483
5000,6,uniform,0,39.53821319838367,48366.97989664376,34662.17517625775
5000,6,uniform,100,7.005398450005984,37090.39865879367,34662.17517625775
5000,6,uniform,200,3.194960325707112,35769.61792116628,34662.17517625775
5000,6,uniform,300,0.8652596619927213,34962.09299602716,34662.17517625775
5000,6,uniform,400,0.1729566271944423,34722.12570535483,34662.17517625775
5000,6,uniform,500,0.0354866387337021,34674.47561713979,34662.17517625775
5000,6,uniform,600,0.0099798832824381,34665.63442088349,34662.17517625775
5000,6,uniform,700,0.0073387470362928,34664.71894561121,34662.17517625775
5000,6,uniform,800,0.0125208004257006,34666.515158034774,34662.17517625775
5000,6,uniform,900,0.009171767425454,34665.35431034952,34662.17517625775
5000,6,uniform,1000,0.0161338260682535,34667.76751131216,34662.17517625775
5000,6,uniform,1100,0.0271572379547408,34671.58846565065,34662.17517625775
5000,6,uniform,1200,0.0296661988367162,34672.45812606667,34662.17517625775
5000,6,uniform,1300,0.0290355084532594,34672.239515061134,34662.17517625775
5000,6,uniform,1400,0.0346519824451371,34674.18630711493,34662.17517625775
5000,6,uniform,1500,0.0273225331160841,34671.64576054904,34662.17517625775
5000,6,uniform,1600,0.0194545027739018,34668.91853008891,34662.17517625775
5000,6,uniform,1700,0.0106317874135012,34665.86038503538,34662.17517625775
5000,6,uniform,1800,0.0103984651508595,34665.77951046398,34662.17517625775
5000,6,uniform,1900,0.0070074849975378,34664.604122983044,34662.17517625775
5000,6,uniform,2000,0.0073124396340977,34664.70982689338,34662.17517625775
5000,6,uniform,2100,0.0043748464234861,34663.69159318875,34662.17517625775
5000,6,uniform,2200,0.0039942281070529,34663.559662601154,34662.17517625775
5000,6,uniform,2300,0.0047538129622251,34663.822951234266,34662.17517625775
5000,6,uniform,2400,0.0053401525778825,34664.02618929897,34662.17517625775
5000,6,uniform,2500,0.0061143040106946,34664.294527024744,34662.17517625775
5000,6,uniform,2600,0.006597261353974,34664.4619305451,34662.17517625775
5000,6,uniform,2700,0.0070292888327361,34664.6116806666,34662.17517625775
5000,6,uniform,2800,0.0073764505067521,34664.73201445419,34662.17517625775
5000,6,uniform,2900,0.0079042800289754,34664.91497164781,34662.17517625775
5000,6,uniform,3000,0.0072847925249649,34664.70024380398,34662.17517625775
5000,6,uniform,3100,0.0062365211218221,34664.3368901339,34662.17517625775
5000,6,uniform,3200,0.0051305296315774,34663.953529426115,34662.17517625775
5000,6,uniform,3300,0.0049976179574636,34663.907459348804,34662.17517625775
5000,6,uniform,3400,0.0061571477557509,34664.30937759871,34662.17517625775
5000,6,uniform,3500,0.0068010629730004,34664.5325726193,34662.17517625775
5000,6,uniform,3600,0.0071807334089905,34664.66417465091,34662.17517625775
5000,6,uniform,3700,0.0081647756925426,34665.005265111045,34662.17517625775
5000,6,uniform,3800,0.0076603880173802,34664.83043337151,34662.17517625775
5000,6,uniform,3900,0.0067145877896655,34664.502598439765,34662.17517625775
5000,6,uniform,4000,0.0061238309939929,34664.29782928438,34662.17517625775
5000,6,uniform,4100,0.0066983000701539,34664.496952761896,34662.17517625775
5000,6,uniform,4200,0.0047356756346586,34663.81666444201,34662.17517625775
5000,6,uniform,4300,0.0051133088405209,34663.94756032535,34662.17517625775
5000,6,uniform,4400,0.0052293230205627,34663.98777336367,34662.17517625775
5000,6,uniform,4500,0.0055124293000774,34664.08590415821,34662.17517625775
5000,6,uniform,4600,0.0027371412462566,34663.12392895135,34662.17517625775
5000,6,uniform,4700,0.0022532601538764,34662.95620523946,34662.17517625775
5000,6,uniform,4800,0.0027967255972868,34663.14458218348,34662.17517625775
5000,6,uniform,4900,0.0028122086472041,34663.14994894536,34662.17517625775
5000,6,uniform,5000,0.0027007594331953,34663.11131822357,34662.17517625775
5000,6,uniform,5100,0.0021045015144271,34662.904642259266,34662.17517625775
5000,6,uniform,5200,0.0010096548301009,34662.52514458363,34662.17517625775
5000,6,uniform,5300,0.0018651514678702,34662.82167832684,34662.17517625775
5000,6,uniform,5400,0.0029087230008179,34663.18340291968,34662.17517625775
5000,6,uniform,5500,0.0026891477434305,34663.107293359324,34662.17517625775
5000,6,uniform,5600,0.0033879122309661,34663.34950033006,34662.17517625775
5000,6,uniform,5700,0.0024940565978285,34663.03967052468,34662.17517625775
5000,6,uniform,5800,0.0014758850016631,34662.686750102424,34662.17517625775
5000,6,uniform,5900,0.0011695308716833,34662.58056109723,34662.17517625775
5000,6,uniform,6000,0.001023285286279,34662.52986919623,34662.17517625775
5000,6,uniform,6100,0.0010831298663214,34662.5506126294,34662.17517625775
5000,6,uniform,6200,0.0010717078681591,34662.54665351639,34662.17517625775
5000,6,uniform,6300,0.0020464012696761,34662.88450345065,34662.17517625775
5000,6,uniform,6400,0.0026250534439956,34663.085076880976,34662.17517625775
5000,6,uniform,6500,0.0013888773817979,34662.65659136881,34662.17517625775
5000,6,uniform,6600,0.0015835256946053,34662.72406070797,34662.17517625775
5000,6,uniform,6700,0.0016284257688402,34662.73962405036,34662.17517625775
5000,6,uniform,6800,0.0010972202248875,34662.55549665417,34662.17517625775
5000,6,uniform,6900,0.0023116457131724,34662.9764429443,34662.17517625775
5000,6,uniform,7000,0.0052247727240682,34663.986196131926,34662.17517625775
5000,6,uniform,7100,0.0072538313032426,34664.68951197107,34662.17517625775
5000,6,uniform,7200,0.0078865706499475,34664.90883319183,34662.17517625775
5000,6,uniform,7300,0.0087771237020178,34665.21751825078,34662.17517625775
5000,6,uniform,7400,0.0088250458313392,34665.23412910319,34662.17517625775
5000,6,uniform,7500,0.0085864925830445,34665.15144135838,34662.17517625775
5000,6,uniform,7600,0.0078963714397997,34664.91223035878,34662.17517625775
5000,6,uniform,7700,0.0064231705275395,34664.40158687787,34662.17517625775
5000,6,uniform,7800,0.0051198232703146,34663.94981836842,34662.17517625775
5000,6,uniform,7900,0.006935999563446,34664.579344576654,34662.17517625775
5000,6,uniform,8000,0.0088292898101389,34665.23560015856,34662.17517625775
5000,6,uniform,8100,0.0083133587906512,34665.056767244794,34662.17517625775
5000,6,uniform,8200,0.007877110539062,34664.905554111625,34662.17517625775
5000,6,uniform,8300,0.0064854686311098,34664.423180755664,34662.17517625775
5000,6,uniform,8400,0.0049087441609648,34663.876653757776,34662.17517625775
5000,6,uniform,8500,0.003875219376677,34663.51841158656,34662.17517625775
5000,6,uniform,8600,0.0034456748241438,34663.3695221013,34662.17517625775
5000,6,uniform,8700,0.0029875217175704,34663.21071626892,34662.17517625775
5000,6,uniform,8800,0.0045262786320604,34663.74408288616,34662.17517625775
5000,6,uniform,8900,0.0073063289900347,34664.70770881123,34662.17517625775
5000,6,uniform,9000,0.0083893507324822,34665.08310770479,34662.17517625775
5000,6,uniform,9100,0.0067495571782688,34664.5147195905,34662.17517625775
5000,6,uniform,9200,0.0052313916792596,34663.98849040577,34662.17517625775
5000,6,uniform,9300,0.0045875454133145,34663.7653192852,34662.17517625775
5000,6,uniform,9400,0.0049980754045693,34663.90761790992,34662.17517625775
5000,6,uniform,9500,0.0058288896308325,34664.19559619242,34662.17517625775
5000,6,uniform,9600,0.0052900285756924,34664.00881522953,34662.17517625775
5000,6,uniform,9700,0.0060299969954307,34664.26530437943,34662.17517625775
5000,6,uniform,9800,0.0075215964336787,34664.78232518964,34662.17517625775
5000,6,uniform,9900,0.0087649632004718,34665.21330315643,34662.17517625775
5000,6,uniform,10000,0.0081834515253223,34665.01173856092,34662.17517625775
5000,7,uniform,0,36.96314718350111,45255.1547758125,33041.847903203
5000,7,uniform,100,8.501630185102032,35850.94361825721,33041.847903203
5000,7,uniform,200,4.355979418895831,34481.14399748939,33041.847903203
5000,7,uniform,300,1.1930250370662892,33436.045421397575,33041.847903203
5000,7,uniform,400,0.3110918065708919,33144.63838476948,33041.847903203
5000,7,uniform,500,0.1771428163249305,33100.379163144535,33041.847903203
5000,7,uniform,600,0.1568168305660139,33093.66308184525,33041.847903203
5000,7,uniform,700,0.143641669185154,33089.30976506078,33041.847903203
5000,7,uniform,800,0.1345824656904175,33086.31643682081,33041.847903203
5000,7,uniform,900,0.1254483686630919,33083.29836237371,33041.847903203
5000,7,uniform,1000,0.1193565411355417,33081.28550998753,33041.847903203
5000,7,uniform,1100,0.1140423888557812,33079.52961587391,33041.847903203
5000,7,uniform,1200,0.1085130534890925,33077.70262129199,33041.847903203
5000,7,uniform,1300,0.1035290373707178,33076.055810266684,33041.847903203
5000,7,uniform,1400,0.0986649845035252,33074.448637316375,33041.847903203
5000,7,uniform,1500,0.0940392837793524,33072.92022031864,33041.847903203
5000,7,uniform,1600,0.0897277358697473,33071.49560521607,33041.847903203
5000,7,uniform,1700,0.0857814338157412,33070.191674093585,33041.847903203
5000,7,uniform,1800,0.0817190670840945,33068.849393056844,33041.847903203
5000,7,uniform,1900,0.0772526670556225,33067.37361195269,33041.847903203
5000,7,uniform,2000,0.0738745497860118,33066.25741958247,33041.847903203
5000,7,uniform,2100,0.0709692001110034,33065.2974383618,33041.847903203
5000,7,uniform,2200,0.0683151168860073,33064.42048021937,33041.847903203
5000,7,uniform,2300,0.0656409228733188,33063.53687710106,33041.847903203
5000,7,uniform,2400,0.0627103840109841,33062.568572907425,33041.847903203
5000,7,uniform,2500,0.0601967155662733,33061.73801040313,33041.847903203
5000,7,uniform,2600,0.0573883209240962,33060.81006491694,33041.847903203
5000,7,uniform,2700,0.0547508416095669,33059.93859301336,33041.847903203
5000,7,uniform,2800,0.0521877575662718,33059.09170268214,33041.847903203
5000,7,uniform,2900,0.0494888862999662,33058.199945743225,33041.847903203
5000,7,uniform,3000,0.0470221396143399,33057.3848870552,33041.847903203
5000,7,uniform,3100,0.0444079972742252,33056.52112611921,33041.847903203
5000,7,uniform,3200,0.0419833062265325,33055.71996339111,33041.847903203
5000,7,uniform,3300,0.0395248284478643,33054.907636902746,33041.847903203
5000,7,uniform,3400,0.0369579097392978,33054.05947952726,33041.847903203
5000,7,uniform,3500,0.0341867355574769,33053.14383236897,33041.847903203
5000,7,uniform,3600,0.031439451619962,33052.23607898887,33041.847903203
5000,7,uniform,3700,0.0291006229058565,33051.46328676244,33041.847903203
5000,7,uniform,3800,0.0269556330753325,33050.7545424851,33041.847903203
5000,7,uniform,3900,0.0248316060852795,33050.05272471762,33041.847903203
5000,7,uniform,4000,0.0229529761880307,33049.43199068431,33041.847903203
5000,7,uniform,4100,0.0211391498636675,33048.832668948984,33041.847903203
5000,7,uniform,4200,0.019569062805176,33048.31388317117,33041.847903203
5000,7,uniform,4300,0.0180095434885434,33047.79858917055,33041.847903203
5000,7,uniform,4400,0.0166326010293664,33047.34362193747,33041.847903203
5000,7,uniform,4500,0.0153834726165902,33046.930886827206,33041.847903203
5000,7,uniform,4600,0.0142135819651926,33046.54433333754,33041.847903203
5000,7,uniform,4700,0.0131400797058186,33046.18962835376,33041.847903203
5000,7,uniform,4800,0.0121822625401522,33045.87314786269,33041.847903203
5000,7,uniform,4900,0.0112612724729891,33045.56883572549,33041.847903203
5000,7,uniform,5000,0.0104191721124561,33045.29059020517,33041.847903203
5000,7,uniform,5100,0.0096755044964672,33045.04486868259,33041.847903203
5000,7,uniform,5200,0.0089495861375333,33044.80501184253,33041.847903203
5000,7,uniform,5300,0.0082940428025057,33044.58840821083,33041.847903203
5000,7,uniform,5400,0.0079639242905621,33044.479330954215,33041.847903203
5000,7,uniform,5500,0.0076339888686885,33044.37031419394,33041.847903203
5000,7,uniform,5600,0.0073113188596804,33044.263698060335,33041.847903203
5000,7,uniform,5700,0.0070305044534833,33044.17091179135,33041.847903203
5000,7,uniform,5800,0.0068419131377819,33044.108597735656,33041.847903203
5000,7,uniform,5900,0.0066248537740362,33044.03687731083,33041.847903203
5000,7,uniform,6000,0.0064191486462924,33043.96890853539,33041.847903203
5000,7,uniform,6100,0.0062427200095354,33043.910613253574,33041.847903203
5000,7,uniform,6200,0.0061411551285028,33043.87705434006,33041.847903203
5000,7,uniform,6300,0.0060175809051534,33043.836223133134,33041.847903203
5000,7,uniform,6400,0.0058957922690804,33043.79598191724,33041.847903203
5000,7,uniform,6500,0.0057749236258426,33043.75604468398,33041.847903203
5000,7,uniform,6600,0.0057531446650718,33043.748848512885,33041.847903203
5000,7,uniform,6700,0.0057130245801397,33043.73559209544,33041.847903203
5000,7,uniform,6800,0.0056679105575169,33043.720685588705,33041.847903203
5000,7,uniform,6900,0.0057095952186658,33043.73445897104,33041.847903203
5000,7,uniform,7000,0.0057563953232099,33043.7499225904,33041.847903203
5000,7,uniform,7100,0.0058072498292559,33043.76672585894,33041.847903203
5000,7,uniform,7200,0.0058664988549292,33043.78630283189,33041.847903203
5000,7,uniform,7300,0.0058942210196818,33043.7954627474,33041.847903203
5000,7,uniform,7400,0.0059346792707349,33043.80883090118,33041.847903203
5000,7,uniform,7500,0.0059684529986233,33043.81999036498,33041.847903203
5000,7,uniform,7600,0.006000056366628,33043.83043270177,33041.847903203
5000,7,uniform,7700,0.0060288210733363,33043.83993709241,33041.847903203
5000,7,uniform,7800,0.0060648552870148,33043.851843462486,33041.847903203
5000,7,uniform,7900,0.0060950519310135,33043.86182099167,33041.847903203
5000,7,uniform,8000,0.0061269901226139,33043.87237396036,33041.847903203
5000,7,uniform,8100,0.0061482879993097,33043.879411172384,33041.847903203
5000,7,uniform,8200,0.0061742786128999,33043.887998951395,33041.847903203
5000,7,uniform,8300,0.0061851753897994,33043.891599447845,33041.847903203
5000,7,uniform,8400,0.0062034713881281,33043.897644783785,33041.847903203
5000,7,uniform,8500,0.0062173104530232,33043.90221746656,33041.847903203
5000,7,uniform,8600,0.0062343275550503,33043.90784023153,33041.847903203
5000,7,uniform,8700,0.0062564163435401,33043.915138775425,33041.847903203
5000,7,uniform,8800,0.0062683547525993,33043.91908344639,33041.847903203
5000,7,uniform,8900,0.0062717524395316,33043.92020610494,33041.847903203
5000,7,uniform,9000,0.0063048100689864,33043.93112895658,33041.847903203
5000,7,uniform,9100,0.0063126793588576,33043.93372911537,33041.847903203
5000,7,uniform,9200,0.0063219483936672,33043.936791775755,33041.847903203
5000,7,uniform,9300,0.0063298011088914,33043.939386457976,33041.847903203
5000,7,uniform,9400,0.0063281003034488,33043.93882448043,33041.847903203
5000,7,uniform,9500,0.0063351314670775,33043.94114770682,33041.847903203
5000,7,uniform,9600,0.0063328473606529,33043.94039299585,33041.847903203
5000,7,uniform,9700,0.0063406413197936,33043.942968263975,33041.847903203
5000,7,uniform,9800,0.0063426154907093,33043.943620566526,33041.847903203
5000,7,uniform,9900,0.0063540503639914,33043.947398859964,33041.847903203
5000,7,uniform,10000,0.0063611630230586,33043.949749013955,33041.847903203
5000,8,uniform,0,33.7586411554502,63502.81050580872,47475.66957712115
5000,8,uniform,100,3.924294271884601,49338.75455887498,47475.66957712115
5000,8,uniform,200,2.273348583582488,48554.95703899894,47475.66957712115
5000,8,uniform,300,0.5227661021759339,47723.856284451394,47475.66957712115
5000,8,uniform,400,0.0700322288201169,47508.917846673285,47475.66957712115
5000,8,uniform,500,0.0701021682906517,47508.95105090522,47475.66957712115
5000,8,uniform,600,0.0738135008278622,47510.71303087749,47475.66957712115
5000,8,uniform,700,0.0736633586128448,47510.6417498556,47475.66957712115
5000,8,uniform,800,0.0768419376034433,47512.15080151442,47475.66957712115
5000,8,uniform,900,0.0745578171072952,47511.066400014926,47475.66957712115
5000,8,uniform,1000,0.0718684183381816,47509.78958994169,47475.66957712115
5000,8,uniform,1100,0.0690731397929601,47508.4625127358,47475.66957712115
5000,8,uniform,1200,0.0669295794823076,47507.44484312553,47475.66957712115
5000,8,uniform,1300,0.0652366607354257,47506.64111861505,47475.66957712115
5000,8,uniform,1400,0.063242953394907,47505.69459270573,47475.66957712115
5000,8,uniform,1500,0.0614424798774227,47504.83980584775,47475.66957712115
5000,8,uniform,1600,0.0601011656719204,47504.20300794755,47475.66957712115
5000,8,uniform,1700,0.0528638407599454,47500.76703948612,47475.66957712115
5000,8,uniform,1800,0.0441810813957153,47496.64484134018,47475.66957712115
5000,8,uniform,1900,0.0396699088591844,47494.50313197269,47475.66957712115
5000,8,uniform,2000,0.0383775570679928,47493.88957930653,47475.66957712115
5000,8,uniform,2100,0.038150193458208,47493.7816369104,47475.66957712115
5000,8,uniform,2200,0.0378754954686527,47493.65122220055,47475.66957712115
5000,8,uniform,2300,0.0371466301917039,47493.30518853,47475.66957712115
5000,8,uniform,2400,0.0356809492635567,47492.6093466955,47475.66957712115
5000,8,uniform,2500,0.0306077472320566,47490.20081006205,47475.66957712115
5000,8,uniform,2600,0.0267018175768609,47488.34644380503,47475.66957712115
5000,8,uniform,2700,0.0254981592654088,47487.774998962246,47475.66957712115
5000,8,uniform,2800,0.0251318408493344,47487.60108684143,47475.66957712115
5000,8,uniform,2900,0.0255116310175102,47487.78139476676,47475.66957712115
5000,8,uniform,3000,0.0254549252943426,47487.754473345,47475.66957712115
5000,8,uniform,3100,0.0234162644896549,47486.786605477566,47475.66957712115
5000,8,uniform,3200,0.0216051824962135,47485.92678217459,47475.66957712115
5000,8,uniform,3300,0.0203096198258592,47485.31170512205,47475.66957712115
5000,8,uniform,3400,0.0198441893893058,47485.09073890588,47475.66957712115
5000,8,uniform,3500,0.0199796530394485,47485.15505118082,47475.66957712115
5000,8,uniform,3600,0.0209605353077525,47485.62073160546,47475.66957712115
5000,8,uniform,3700,0.0221805103073606,47486.1999229052,47475.66957712115
5000,8,uniform,3800,0.0234098782217625,47486.78357355412,47475.66957712115
5000,8,uniform,3900,0.0242584119069651,47487.18642060276,47475.66957712115
5000,8,uniform,4000,0.0248812177489462,47487.482101846406,47475.66957712115
5000,8,uniform,4100,0.0255564891897258,47487.80269148438,47475.66957712115
5000,8,uniform,4200,0.0259998125735136,47488.013162229225,47475.66957712115
5000,8,uniform,4300,0.0264455702834105,47488.22478868669,47475.66957712115
5000,8,uniform,4400,0.0267920922024199,47488.38930228797,47475.66957712115
5000,8,uniform,4500,0.0271533234061516,47488.56079922066,47475.66957712115
5000,8,uniform,4600,0.027478738466565,47488.7152921995,47475.66957712115
5000,8,uniform,4700,0.0277723838832213,47488.85470232724,47475.66957712115
5000,8,uniform,4800,0.0282319485900125,47489.07288374893,47475.66957712115
5000,8,uniform,4900,0.0289019889797078,47489.390989910375,47475.66957712115
5000,8,uniform,5000,0.0298158342089702,47489.824844051866,47475.66957712115
5000,8,uniform,5100,0.0304859136075625,47490.142968733046,47475.66957712115
5000,8,uniform,5200,0.0309443393623726,47490.360609429656,47475.66957712115
5000,8,uniform,5300,0.0312053168783824,47490.48451025283,47475.66957712115
5000,8,uniform,5400,0.031326120914835,47490.54186277801,47475.66957712115
5000,8,uniform,5500,0.031442725841484,47490.597221747696,47475.66957712115
5000,8,uniform,5600,0.0314281505629303,47490.59030203661,47475.66957712115
5000,8,uniform,5700,0.0314168014663137,47490.584913977,47475.66957712115
5000,8,uniform,5800,0.03132408078209,47490.54089421133,47475.66957712115
5000,8,uniform,5900,0.0311788410136179,47490.471940658754,47475.66957712115
5000,8,uniform,6000,0.0310739006138077,47490.42211950129,47475.66957712115
5000,8,uniform,6100,0.0289248400584936,47489.40183861304,47475.66957712115
5000,8,uniform,6200,0.0271216922225511,47488.545782104455,47475.66957712115
5000,8,uniform,6300,0.0255724663100127,47487.810276729215,47475.66957712115
5000,8,uniform,6400,0.0241161946524748,47487.11890200894,47475.66957712115
5000,8,uniform,6500,0.0226854943713698,47486.43966747084,47475.66957712115
5000,8,uniform,6600,0.0213525439120371,47485.80684031514,47475.66957712115
5000,8,uniform,6700,0.0200527427411896,47485.18975100611,47475.66957712115
5000,8,uniform,6800,0.018790435727922,47484.59046229944,47475.66957712115
5000,8,uniform,6900,0.0175775399731573,47484.0146319186,47475.66957712115
5000,8,uniform,7000,0.0166870981604274,47483.59188870581,47475.66957712115
5000,8,uniform,7100,0.0147224786597743,47482.65917244323,47475.66957712115
5000,8,uniform,7200,0.0119938637954133,47481.36374426619,47475.66957712115
5000,8,uniform,7300,0.0103102821019696,47480.56445258435,47475.66957712115
5000,8,uniform,7400,0.0094881700920823,47480.174149402985,47475.66957712115
5000,8,uniform,7500,0.0088231884790332,47479.858444929625,47475.66957712115
5000,8,uniform,7600,0.0082536983396679,47479.58807567279,47475.66957712115
5000,8,uniform,7700,0.0078490874346821,47479.39598393646,47475.66957712115
5000,8,uniform,7800,0.0075328033098382,47479.245825930426,47475.66957712115
5000,8,uniform,7900,0.0074051735848475,47479.18523286391,47475.66957712115
5000,8,uniform,8000,0.0073557874190406,47479.16178645101,47475.66957712115
5000,8,uniform,8100,0.0073966166478465,47479.18117040077,47475.66957712115
5000,8,uniform,8200,0.0074886394481661,47479.224858841386,47475.66957712115
5000,8,uniform,8300,0.0068769402225775,47478.93445053824,47475.66957712115
5000,8,uniform,8400,0.0062430468885531,47478.63350543351,47475.66957712115
5000,8,uniform,8500,0.0072260797687592,47479.10020687555,47475.66957712115
5000,8,uniform,8600,0.0080798745379823,47479.50555165905,47475.66957712115
5000,8,uniform,8700,0.009059112845662,47479.97045160238,47475.66957712115
5000,8,uniform,8800,0.0104867224737097,47480.64821883224,47475.66957712115
5000,8,uniform,8900,0.0119587461578682,47481.34707193263,47475.66957712115
5000,8,uniform,9000,0.0134481757312545,47482.05418859547,47475.66957712115
5000,8,uniform,9100,0.0148372008101689,47482.71363755228,47475.66957712115
5000,8,uniform,9200,0.0162017197632626,47483.36145206177,47475.66957712115
5000,8,uniform,9300,0.0175186230110661,47483.98666069635,47475.66957712115
5000,8,uniform,9400,0.0188220827251163,47484.60548692326,47475.66957712115
5000,8,uniform,9500,0.0200504810651963,47485.18867726029,47475.66957712115
5000,8,uniform,9600,0.0212156386137324,47485.74184360808,47475.66957712115
5000,8,uniform,9700,0.0223983644616067,47486.30335062362,47475.66957712115
5000,8,uniform,9800,0.0233139712434864,47486.738041074015,47475.66957712115
5000,8,uniform,9900,0.0241450672545113,47487.13260947008,47475.66957712115
5000,8,uniform,10000,0.0249891937904955,47487.53336419512,47475.66957712115
5000,9,uniform,0,41.16659490931647,66796.46209791505,47317.47063873305
5000,9,uniform,100,4.270110497532678,49337.97891964453,47317.47063873305
5000,9,uniform,200,1.9882351011538937,48258.25319895053,47317.47063873305
5000,9,uniform,300,0.4788080848459041,47544.03051369589,47317.47063873305
5000,9,uniform,400,0.072113210539723,47351.59278595683,47317.47063873305
5000,9,uniform,500,0.0160935999919894,47325.08572318398,47317.47063873305
5000,9,uniform,600,0.0109576156138749,47322.65550528385,47317.47063873305
5000,9,uniform,700,0.0085495308744126,47321.5160604943,47317.47063873305
5000,9,uniform,800,0.0067910929232215,47320.684012133046,47317.47063873305
5000,9,uniform,900,0.0059484965501886,47320.28531684163,47317.47063873305
5000,9,uniform,1000,0.0050724078238279,47319.87077381577,47317.47063873305
5000,9,uniform,1100,0.0044337339697154,47319.56856950237,47317.47063873305
5000,9,uniform,1200,0.0038437684207349,47319.28941272696,47317.47063873305
5000,9,uniform,1300,0.0033567060425431,47319.05894712916,47317.47063873305
5000,9,uniform,1400,0.0031077197860943,47318.94113313037,47317.47063873305
5000,9,uniform,1500,0.0026806872424407,47318.73907213191,47317.47063873305
5000,9,uniform,1600,0.0023811732822864,47318.59734970176,47317.47063873305
5000,9,uniform,1700,0.0020659002730783,47318.44817048819,47317.47063873305
5000,9,uniform,1800,0.0017681932772177,47318.30730306784,47317.47063873305
5000,9,uniform,1900,0.0014823960354778,47318.17207104189,47317.47063873305
5000,9,uniform,2000,0.0012627898701362,47318.06815895908,47317.47063873305
5000,9,uniform,2100,0.0010976360610425,47317.99001235396,47317.47063873305
5000,9,uniform,2200,0.0009115533671274,47317.9019627299,47317.47063873305
5000,9,uniform,2300,0.000725061283951,47317.8137193932,47317.47063873305
5000,9,uniform,2400,0.000584660161212,47317.74728513317,47317.47063873305
5000,9,uniform,2500,0.0003953850753179,47317.657724949975,47317.47063873305
5000,9,uniform,2600,0.0002522719510422,47317.590007439416,47317.47063873305
5000,9,uniform,2700,0.0001218091755275,47317.52827575392,47317.47063873305
5000,9,uniform,2800,4.023371400294719e-05,47317.48967630886,47317.47063873305
5000,9,uniform,2900,0.0001575666315026,47317.54519527765,47317.47063873305
5000,9,uniform,3000,0.0003204923383865,47317.62228760117,47317.47063873305
5000,9,uniform,3100,0.0005204501761552,47317.71690259234,47317.47063873305
5000,9,uniform,3200,0.0007168866746783,47317.809851374855,47317.47063873305
5000,9,uniform,3300,0.0008449149324089,47317.87043110812,47317.47063873305
5000,9,uniform,3400,0.001033457577784,47317.95964471898,47317.47063873305
5000,9,uniform,3500,0.001136311057461,47318.00831238403,47317.47063873305
5000,9,uniform,3600,0.0012260904296077,47318.050793712086,47317.47063873305
5000,9,uniform,3700,0.0013919386632621,47318.12926890135,47317.47063873305
5000,9,uniform,3800,0.0014925071482027,47318.17685536468,47317.47063873305
5000,9,uniform,3900,0.0015739410236637,47318.2153878148,47317.47063873305
5000,9,uniform,4000,0.001666623803027,47318.25924296171,47317.47063873305
5000,9,uniform,4100,0.001804388846232,47318.324429895576,47317.47063873305
5000,9,uniform,4200,0.0019056571102448,47318.37234747667,47317.47063873305
5000,9,uniform,4300,0.001978335825112,47318.40673720624,47317.47063873305
5000,9,uniform,4400,0.0020690965948535,47318.44968290681,47317.47063873305
5000,9,uniform,4500,0.0021407612131748,47318.48359279154,47317.47063873305
5000,9,uniform,4600,0.0021985877176037,47318.5109548308,47317.47063873305
5000,9,uniform,4700,0.0022829949202975,47318.55089418415,47317.47063873305
5000,9,uniform,4800,0.0023525858138193,47318.58382283476,47317.47063873305
5000,9,uniform,4900,0.0024178002199877,47318.61468064225,47317.47063873305
5000,9,uniform,5000,0.0024916139287907,47318.64960742224,47317.47063873305
5000,9,uniform,5100,0.0025596176458788,47318.681785061104,47317.47063873305
5000,9,uniform,5200,0.002645827468786,47318.722577368746,47317.47063873305
5000,9,uniform,5300,0.0027242248777932,47318.75967303973,47317.47063873305
5000,9,uniform,5400,0.0027827208549264,47318.78735185654,47317.47063873305
5000,9,uniform,5500,0.0028444049172319,47318.81653919461,47317.47063873305
5000,9,uniform,5600,0.0029107639331387,47318.84793860248,47317.47063873305
5000,9,uniform,5700,0.002972759564175,47318.87727336699,47317.47063873305
5000,9,uniform,5800,0.0030423330046292,47318.91019375925,47317.47063873305
5000,9,uniform,5900,0.0030851478736052,47318.93045267231,47317.47063873305
5000,9,uniform,6000,0.0031341592913907,47318.95364363553,47317.47063873305
5000,9,uniform,6100,0.0031782270277798,47318.97449537375,47317.47063873305
5000,9,uniform,6200,0.0032307972720963,47318.99937028367,47317.47063873305
5000,9,uniform,6300,0.0032924412410864,47319.0285386506,47317.47063873305
5000,9,uniform,6400,0.0033368238051085,47319.0495393573,47317.47063873305
5000,9,uniform,6500,0.0033772204147217,47319.06865401119,47317.47063873305
5000,9,uniform,6600,0.0034256542469278,47319.091571675526,47317.47063873305
5000,9,uniform,6700,0.0034511679015855,47319.10364409158,47317.47063873305
5000,9,uniform,6800,0.0035011210375196,47319.12728065201,47317.47063873305
5000,9,uniform,6900,0.003560966599827,47319.15559805838,47317.47063873305
5000,9,uniform,7000,0.0036015687426574,47319.17480996539,47317.47063873305
5000,9,uniform,7100,0.0036403581549663,47319.19316413417,47317.47063873305
5000,9,uniform,7200,0.003678230047223,47319.21108415567,47317.47063873305
5000,9,uniform,7300,0.0037268085599236,47319.23407027916,47317.47063873305
5000,9,uniform,7400,0.0037631778647361,47319.25127931428,47317.47063873305
5000,9,uniform,7500,0.0038009874795852,47319.269169867686,47317.47063873305
5000,9,uniform,7600,0.0038235463657225,47319.27984416201,47317.47063873305
5000,9,uniform,7700,0.0038845619347549,47319.30871518597,47317.47063873305
5000,9,uniform,7800,0.0039165790551654,47319.32386487752,47317.47063873305
5000,9,uniform,7900,0.0039444193487116,47319.33703820025,47317.47063873305
5000,9,uniform,8000,0.0039879371999054,47319.35762974671,47317.47063873305
5000,9,uniform,8100,0.0040203813245942,47319.37298148588,47317.47063873305
5000,9,uniform,8200,0.0040475015486868,47319.385814089954,47317.47063873305
5000,9,uniform,8300,0.0040805954859668,47319.40147330401,47317.47063873305
5000,9,uniform,8400,0.0041154172982972,47319.41795010484,47317.47063873305
5000,9,uniform,8500,0.0041437152920325,47319.43133999971,47317.47063873305
5000,9,uniform,8600,0.0041647718385242,47319.44130342492,47317.47063873305
5000,9,uniform,8700,0.0042129856312736,47319.46411697214,47317.47063873305
5000,9,uniform,8800,0.0042393895907252,47319.47661065791,47317.47063873305
5000,9,uniform,8900,0.004260237961265,47319.48647557951,47317.47063873305
5000,9,uniform,9000,0.004312182783913,47319.51105455572,47317.47063873305
5000,9,uniform,9100,0.0043247960010253,47319.51702281102,47317.47063873305
5000,9,uniform,9200,0.0043684507031833,47319.5376791119,47317.47063873305
5000,9,uniform,9300,0.0043991010914444,47319.55218210037,47317.47063873305
5000,9,uniform,9400,0.0044127091517082,47319.55862109029,47317.47063873305
5000,9,uniform,9500,0.0044532950873225,47319.57782532845,47317.47063873305
5000,9,uniform,9600,0.0044717263408028,47319.586546531405,47317.47063873305
5000,9,uniform,9700,0.004508441535375,47319.60391923282,47317.47063873305
5000,9,uniform,9800,0.0045244669537312,47319.61150205544,47317.47063873305
5000,9,uniform,9900,0.0045485950847516,47319.622918876754,47317.47063873305
5000,9,uniform,10000,0.0045796276040527,47319.63760267996,47317.47063873305
5000,10,uniform,0,37.516365620623816,41388.08042878004,30096.839923009808
5000,10,uniform,100,6.109064278825241,31935.47521980161,30096.839923009808
5000,10,uniform,200,3.5817657430106937,31174.83822510094,30096.839923009808
5000,10,uniform,300,1.296651491782105,30487.091046850783,30096.839923009808
5000,10,uniform,400,0.586541381472971,30273.37034367393,30096.839923009808
5000,10,uniform,500,0.5064105802934182,30249.253504713903,30096.839923009808
5000,10,uniform,600,0.4904050576982729,30244.4363481996,30096.839923009808
5000,10,uniform,700,0.4815188439701943,30241.761878678644,30096.839923009808
5000,10,uniform,800,0.4755533134514484,30239.96644250786,30096.839923009808
5000,10,uniform,900,0.4706269820495815,30238.48377243176,30096.839923009808
5000,10,uniform,1000,0.4653306031011996,30236.88972973795,30096.839923009808
5000,10,uniform,1100,0.4583740852678334,30234.796037701428,30096.839923009808
5000,10,uniform,1200,0.4526060009062526,30233.0600265845,30096.839923009808
5000,10,uniform,1300,0.4477826291680243,30231.608344113552,30096.839923009808
5000,10,uniform,1400,0.4438241166888784,30230.41695694937,30096.839923009808
5000,10,uniform,1500,0.4402116772172095,30229.329726824268,30096.839923009808
5000,10,uniform,1600,0.4370669220426914,30228.383254893422,30096.839923009808
5000,10,uniform,1700,0.4343812051484522,30227.57493897897,30096.839923009808
5000,10,uniform,1800,0.4317807204354797,30226.79227525769,30096.839923009808
5000,10,uniform,1900,0.4313456131265364,30226.661321707423,30096.839923009808
5000,10,uniform,2000,0.4314218629943794,30226.684270508093,30096.839923009808
5000,10,uniform,2100,0.4289678143292291,30225.94567940971,30096.839923009808
5000,10,uniform,2200,0.4278255849856293,30225.601904472613,30096.839923009808
5000,10,uniform,2300,0.4274683866121338,30225.49439904993,30096.839923009808
5000,10,uniform,2400,0.4271177426215478,30225.388866289388,30096.839923009808
5000,10,uniform,2500,0.4266514640774904,30225.248531182388,30096.839923009808
5000,10,uniform,2600,0.4261633554894728,30225.101625922,30096.839923009808
5000,10,uniform,2700,0.4256234567810357,30224.939133471977,30096.839923009808
5000,10,uniform,2800,0.4249886943008341,30224.74809002442,30096.839923009808
5000,10,uniform,2900,0.4244206584741084,30224.577129190944,30096.839923009808
5000,10,uniform,3000,0.4238808303130154,30224.41465797344,30096.839923009808
5000,10,uniform,3100,0.4232292369301499,30224.21854895605,30096.839923009808
5000,10,uniform,3200,0.4226085896034275,30224.03175372364,30096.839923009808
5000,10,uniform,3300,0.422004932154171,30223.85007190745,30096.839923009808
5000,10,uniform,3400,0.4213435472446566,30223.651015949963,30096.839923009808
5000,10,uniform,3500,0.420747600756512,30223.4716548894,30096.839923009808
5000,10,uniform,3600,0.4201227792400342,30223.28360335778,30096.839923009808
5000,10,uniform,3700,0.419475571576518,30223.088814303323,30096.839923009808
5000,10,uniform,3800,0.4186985441317181,30222.854953597103,30096.839923009808
5000,10,uniform,3900,0.4179338355848212,30222.624800489863,30096.839923009808
5000,10,uniform,4000,0.4172004957845117,30222.404088384075,30096.839923009808
5000,10,uniform,4100,0.4168066766468078,30222.28556126861,30096.839923009808
5000,10,uniform,4200,0.4164331487950024,30222.17314118899,30096.839923009808
5000,10,uniform,4300,0.4159203476804659,30222.018804258423,30096.839923009808
5000,10,uniform,4400,0.4148797767236664,30221.70562528327,30096.839923009808
5000,10,uniform,4500,0.4138683150691905,30221.40120728824,30096.839923009808
5000,10,uniform,4600,0.4128598276005217,30221.09768442915,30096.839923009808
5000,10,uniform,4700,0.4119249768952446,30220.816323908864,30096.839923009808
5000,10,uniform,4800,0.4111003653977076,30220.568141906464,30096.839923009808
5000,10,uniform,4900,0.410443180004989,30220.37034987082,30096.839923009808
5000,10,uniform,5000,0.4098014976814589,30220.177223769093,30096.839923009808
5000,10,uniform,5100,0.4091581393120643,30219.983593230525,30096.839923009808
5000,10,uniform,5200,0.4085351617278678,30219.796096664253,30096.839923009808
5000,10,uniform,5300,0.4079092388025587,30219.60771364338,30096.839923009808
5000,10,uniform,5400,0.4072948861093882,30219.422812896755,30096.839923009808
5000,10,uniform,5500,0.4066972052295256,30219.242929839093,30096.839923009808
5000,10,uniform,5600,0.4061221895924926,30219.06986830328,30096.839923009808
5000,10,uniform,5700,0.4053040236521852,30218.823626209924,30096.839923009808
5000,10,uniform,5800,0.4043156950047732,30218.526170519,30096.839923009808
5000,10,uniform,5900,0.4040710617270143,30218.452543633,30096.839923009808
5000,10,uniform,6000,0.4036308983504863,30218.32006836616,30096.839923009808
5000,10,uniform,6100,0.4030768156195737,30218.1533069736,30096.839923009808
5000,10,uniform,6200,0.4026087861915925,30218.012444905864,30096.839923009808
5000,10,uniform,6300,0.4021523250795788,30217.87506453567,30096.839923009808
5000,10,uniform,6400,0.4016843877808639,30217.734230195936,30096.839923009808
5000,10,uniform,6500,0.4012135193833816,30217.59251368809,30096.839923009808
5000,10,uniform,6600,0.4007352055591265,30217.44855634208,30096.839923009808
5000,10,uniform,6700,0.4002928306514486,30217.31541547426,30096.839923009808
5000,10,uniform,6800,0.3998317041246178,30217.17663096164,30096.839923009808
5000,10,uniform,6900,0.3993799137548274,30217.040656337253,30096.839923009808
5000,10,uniform,7000,0.3989243959846321,30216.903559883136,30096.839923009808
5000,10,uniform,7100,0.398477447574782,30216.769042535685,30096.839923009808
5000,10,uniform,7200,0.3980199739857731,30216.63135744191,30096.839923009808
5000,10,uniform,7300,0.39755773326172,30216.492237591134,30096.839923009808
5000,10,uniform,7400,0.3970796323590281,30216.34834432778,30096.839923009808
5000,10,uniform,7500,0.3966339656351235,30216.214212727296,30096.839923009808
5000,10,uniform,7600,0.396169885174472,30216.07453917394,30096.839923009808
5000,10,uniform,7700,0.3957135683139383,30215.937202218884,30096.839923009808
5000,10,uniform,7800,0.3952563489018412,30215.799593624328,30096.839923009808
5000,10,uniform,7900,0.3948200924520005,30215.668294218965,30096.839923009808
5000,10,uniform,8000,0.3943662922194151,30215.5317146894,30096.839923009808
5000,10,uniform,8100,0.3939213825452912,30215.39781093697,30096.839923009808
5000,10,uniform,8200,0.3934859736621959,30215.26676662241,30096.839923009808
5000,10,uniform,8300,0.3930455702532039,30215.134219113395,30096.839923009808
5000,10,uniform,8400,0.3926036104276743,30215.00120317218,30096.839923009808
5000,10,uniform,8500,0.3921653128416716,30214.869289449336,30096.839923009808
5000,10,uniform,8600,0.3916203092197254,30214.705260581664,30096.839923009808
5000,10,uniform,8700,0.3908928336017309,30214.48631340944,30096.839923009808
5000,10,uniform,8800,0.3901987223874109,30214.277407868376,30096.839923009808
5000,10,uniform,8900,0.3895083840270537,30214.06963783713,30096.839923009808
5000,10,uniform,9000,0.3888330108829574,30213.86637186307,30096.839923009808
5000,10,uniform,9100,0.3881955569107641,30213.67451836148,30096.839923009808
5000,10,uniform,9200,0.3869457619899774,30213.2983695848,30096.839923009808
5000,10,uniform,9300,0.3864056799200871,30213.135821948774,30096.839923009808
5000,10,uniform,9400,0.3863308497906404,30213.1133004445,30096.839923009808
5000,10,uniform,9500,0.3862276030332477,30213.0822264332,30096.839923009808
5000,10,uniform,9600,0.3860767506939702,30213.03682464613,30096.839923009808
5000,10,uniform,9700,0.3859203195257261,30212.98974380784,30096.839923009808
5000,10,uniform,9800,0.3857526833256017,30212.93929060903,30096.839923009808
5000,10,uniform,9900,0.38558575357817,30212.88905003016,30096.839923009808
5000,10,uniform,10000,0.385055099203915,30212.7293398326,30096.839923009808
5000,11,uniform,0,52.56654177636485,43633.184635087775,28599.445282731904
5000,11,uniform,100,6.415229171433282,30434.16523937782,28599.445282731904
5000,11,uniform,200,3.369941693140573,29563.22991332161,28599.445282731904
5000,11,uniform,300,0.9121286787734876,28860.30902512584,28599.445282731904
5000,11,uniform,400,0.2385572946758442,28667.671345690687,28599.445282731904
5000,11,uniform,500,0.0857754899407245,28623.976597043496,28599.445282731904
5000,11,uniform,600,0.0424710132083006,28611.59175691544,28599.445282731904
5000,11,uniform,700,0.0222974379145167,28605.82222628772,28599.445282731904
5000,11,uniform,800,0.0146704807695144,28603.64095885229,28599.445282731904
5000,11,uniform,900,0.0137636568247577,28603.381612234403,28599.445282731904
5000,11,uniform,1000,0.0140926557629769,28603.47570410572,28599.445282731904
5000,11,uniform,1100,0.0141456260487213,28603.490853313608,28599.445282731904
5000,11,uniform,1200,0.0139794783292511,28603.44333598749,28599.445282731904
5000,11,uniform,1300,0.0140460077616393,28603.462363036106,28599.445282731904
5000,11,uniform,1400,0.0117792286062114,28602.814076771865,28599.445282731904
5000,11,uniform,1500,0.0095086135745928,28602.16469346832,28599.445282731904
5000,11,uniform,1600,0.0073619126174729,28601.5507489027,28599.445282731904
5000,11,uniform,1700,0.0064037980311797,28601.276733445848,28599.445282731904
5000,11,uniform,1800,0.0061078574396847,28601.19209607832,28599.445282731904
5000,11,uniform,1900,0.0053832465707282,28600.984861389334,28599.445282731904
5000,11,uniform,2000,0.0047869581352103,28600.81432620449,28599.445282731904
5000,11,uniform,2100,0.0043241066122674,28600.68195323645,28599.445282731904
5000,11,uniform,2200,0.0037613904625162,28600.5210195391,28599.445282731904
5000,11,uniform,2300,0.003244888132996,28600.373302737986,28599.445282731904
5000,11,uniform,2400,0.002828056521235,28600.25409120926,28599.445282731904
5000,11,uniform,2500,0.0023875371215305,28600.12810510458,28599.445282731904
5000,11,uniform,2600,0.0019413762581112,28600.00050557257,28599.445282731904
5000,11,uniform,2700,0.0017079729382675,28599.933753517827,28599.445282731904
5000,11,uniform,2800,0.0016515821250637,28599.91762605806,28599.445282731904
5000,11,uniform,2900,0.0016431852177664,28599.91522458916,28599.445282731904
5000,11,uniform,3000,0.0014875273179757,28599.87070729328,28599.445282731904
5000,11,uniform,3100,0.0028256406712946,28600.253400289577,28599.445282731904
5000,11,uniform,3200,0.0035003449391999,28600.446361967497,28599.445282731904
5000,11,uniform,3300,0.0024559751822966,28600.14767801032,28599.445282731904
5000,11,uniform,3400,0.0027045835237019,28600.21877861689,28599.445282731904
5000,11,uniform,3500,0.002698497795187,28600.21703813229,28599.445282731904
5000,11,uniform,3600,0.002677288257312,28600.210972322115,28599.445282731904
5000,11,uniform,3700,0.0026716419211042,28600.20935750128,28599.445282731904
5000,11,uniform,3800,0.0027691026236505,28600.237230721577,28599.445282731904
5000,11,uniform,3900,0.0025442295421282,28600.17291826767,28599.445282731904
5000,11,uniform,4000,0.0025413220340861,28600.1720867365,28599.445282731904
5000,11,uniform,4100,0.0031799149919182,28600.35472078005,28599.445282731904
5000,11,uniform,4200,0.0035512456948269,28600.46091930125,28599.445282731904
5000,11,uniform,4300,0.0038551369798169,28600.54783052302,28599.445282731904
5000,11,uniform,4400,0.0039310338957783,28600.56953661997,28599.445282731904
5000,11,uniform,4500,0.0038711608131941,28600.55241325048,28599.445282731904
5000,11,uniform,4600,0.0037592510281706,28600.520407672742,28599.445282731904
5000,11,uniform,4700,0.0036368584873639,28600.485404085008,28599.445282731904
5000,11,uniform,4800,0.0035457659344817,28600.45935212019,28599.445282731904
5000,11,uniform,4900,0.003477448278165,28600.439813649453,28599.445282731904
5000,11,uniform,5000,0.0033962050432832,28600.416578534947,28599.445282731904
5000,11,uniform,5100,0.0033008177953683,28600.389298311173,28599.445282731904
5000,11,uniform,5200,0.003238826071964,28600.37156902216,28599.445282731904
5000,11,uniform,5300,0.0031387881634142,28600.34295873524,28599.445282731904
5000,11,uniform,5400,0.0030907689235565,28600.32922549901,28599.445282731904
5000,11,uniform,5500,0.0030206708850631,28600.30917784885,28599.445282731904
5000,11,uniform,5600,0.0029451571281051,28600.287581333247,28599.445282731904
5000,11,uniform,5700,0.0028596786506209,28600.26313496285,28599.445282731904
5000,11,uniform,5800,0.0027857625862422,28600.241995378463,28599.445282731904
5000,11,uniform,5900,0.0027039643899658,28600.21860154808,28599.445282731904
5000,11,uniform,6000,0.0029828149823657,28600.29835127067,28599.445282731904
5000,11,uniform,6100,0.0031101883486685,28600.33477934687,28599.445282731904
5000,11,uniform,6200,0.0030217490369453,28600.309486194303,28599.445282731904
5000,11,uniform,6300,0.0028037396467047,28600.24713671804,28599.445282731904
5000,11,uniform,6400,0.0026545311361667,28600.204463911705,28599.445282731904
5000,11,uniform,6500,0.0026740878764374,28600.210057030938,28599.445282731904
5000,11,uniform,6600,0.0026977908131548,28600.216835939354,28599.445282731904
5000,11,uniform,6700,0.0025398098937995,28600.171654272766,28599.445282731904
5000,11,uniform,6800,0.0023905506069174,28600.128966944685,28599.445282731904
5000,11,uniform,6900,0.0022811584245643,28600.09768138735,28599.445282731904
5000,11,uniform,7000,0.0021651974675572,28600.0645171969,28599.445282731904
5000,11,uniform,7100,0.0024340110333523,28600.141396385563,28599.445282731904
5000,11,uniform,7200,0.0027597562284248,28600.23455770439,28599.445282731904
5000,11,uniform,7300,0.0030959298165194,28600.33070148577,28599.445282731904
5000,11,uniform,7400,0.0033987887163646,28600.41731745112,28599.445282731904
5000,11,uniform,7500,0.0037058700379956,28600.50514100567,28599.445282731904
5000,11,uniform,7600,0.0039270937855552,28600.568409770305,28599.445282731904
5000,11,uniform,7700,0.0042606845213429,28600.66381487025,28599.445282731904
5000,11,uniform,7800,0.0046434815833643,28600.77329270655,28599.445282731904
5000,11,uniform,7900,0.0050174280641988,28600.880239325725,28599.445282731904
5000,11,uniform,8000,0.0052573352476783,28600.9488514494,28599.445282731904
5000,11,uniform,8100,0.0054053195022587,28600.99117412531,28599.445282731904
5000,11,uniform,8200,0.0052947990898541,28600.95956590044,28599.445282731904
5000,11,uniform,8300,0.0043995467886593,28600.70352870841,28599.445282731904
5000,11,uniform,8400,0.0035042284827417,28600.447472639407,28599.445282731904
5000,11,uniform,8500,0.0026540784767967,28600.20433445364,28599.445282731904
5000,11,uniform,8600,0.0018173315468184,28599.96502947324,28599.445282731904
5000,11,uniform,8700,0.0010228323489493,28599.73780710988,28599.445282731904
5000,11,uniform,8800,0.0005007159161988,28599.58848470638,28599.445282731904
5000,11,uniform,8900,0.0004434045096757,28599.57209396203,28599.445282731904
5000,11,uniform,9000,0.0003968537536649,28599.55878070404,28599.445282731904
5000,11,uniform,9100,0.0003463480436171,28599.54433635113,28599.445282731904
5000,11,uniform,9200,0.0004649776580302,28599.57826376279,28599.445282731904
5000,11,uniform,9300,0.0004940865668652,28599.586588749244,28599.445282731904
5000,11,uniform,9400,0.0007520299424659,28599.66035912381,28599.445282731904
5000,11,uniform,9500,0.0010852710470043,28599.75566423116,28599.445282731904
5000,11,uniform,9600,0.0010351914377266,28599.741341740708,28599.445282731904
5000,11,uniform,9700,0.0009660345174094,28599.721563245123,28599.445282731904
5000,11,uniform,9800,0.0009039902184929,28599.703818919803,28599.445282731904
5000,11,uniform,9900,0.0012613891893506,28599.806033042914,28599.445282731904
5000,11,uniform,10000,0.0012733672154422,28599.80945869193,28599.445282731904
5000,12,uniform,0,49.023505966155895,64425.36177746292,43231.67768720613
5000,12,uniform,100,5.871164364647709,45769.88054181673,43231.67768720613
5000,12,uniform,200,2.798292338855445,44441.4264118859,43231.67768720613
5000,12,uniform,300,0.5580934509472225,43472.95084911304,43231.67768720613
5000,12,uniform,400,0.0697653795794978,43261.8384312432,43231.67768720613
5000,12,uniform,500,0.0340394634812124,43246.39351834478,43231.67768720613
5000,12,uniform,600,0.0425554552505534,43250.07512445837,43231.67768720613
5000,12,uniform,700,0.0366840973451065,43247.53683793283,43231.67768720613
5000,12,uniform,800,0.0179048705512454,43239.41826313316,43231.67768720613
5000,12,uniform,900,0.0180493799316718,43239.48073696273,43231.67768720613
5000,12,uniform,1000,0.0243420738112128,43242.201174098576,43231.67768720613
5000,12,uniform,1100,0.014292069441784,43237.85638860204,43231.67768720613
5000,12,uniform,1200,0.0055269581255256,43234.06708392887,43231.67768720613
5000,12,uniform,1300,0.0056381830826831,43234.11516834385,43231.67768720613
5000,12,uniform,1400,0.0091931938116048,43235.65205912392,43231.67768720613
5000,12,uniform,1500,0.0085158025449321,43235.35921151484,43231.67768720613
5000,12,uniform,1600,0.0043532915190318,43233.55968816442,43231.67768720613
5000,12,uniform,1700,0.0086618805164113,43235.42236347264,43231.67768720613
5000,12,uniform,1800,0.0163916117525058,43238.76405596671,43231.67768720613
5000,12,uniform,1900,0.0337754832009812,43246.27939524088,43231.67768720613
5000,12,uniform,2000,0.0540571111522781,43255.0474832665,43231.67768720613
5000,12,uniform,2100,0.0511228941776538,43253.778972041386,43231.67768720613
5000,12,uniform,2200,0.0378213221322188,43248.02847928737,43231.67768720613
5000,12,uniform,2300,0.0258578244459404,43242.85645852752,43231.67768720613
5000,12,uniform,2400,0.0151266318331479,43238.21718392517,43231.67768720613
5000,12,uniform,2500,0.0174833656432593,43239.2360394899,43231.67768720613
5000,12,uniform,2600,0.0208620208213955,43240.69668880668,43231.67768720613
5000,12,uniform,2700,0.0229529910841455,43241.6006503312,43231.67768720613
5000,12,uniform,2800,0.0299360113146242,43244.61952713008,43231.67768720613
5000,12,uniform,2900,0.0395125225006728,43248.75961357971,43231.67768720613
5000,12,uniform,3000,0.0408585686804466,43249.34153192567,43231.67768720613
5000,12,uniform,3100,0.0362836842097917,43247.36373261675,43231.67768720613
5000,12,uniform,3200,0.0408505382678219,43249.338060243565,43231.67768720613
5000,12,uniform,3300,0.0448553022644624,43251.069386906725,43231.67768720613
5000,12,uniform,3400,0.0407258099249535,43249.28413808839,43231.67768720613
5000,12,uniform,3500,0.0477183952735146,43252.30715004829,43231.67768720613
5000,12,uniform,3600,0.0470947771865868,43252.037549486944,43231.67768720613
5000,12,uniform,3700,0.0507098004969922,43253.600384712816,43231.67768720613
5000,12,uniform,3800,0.0485556120052864,43252.66909288731,43231.67768720613
5000,12,uniform,3900,0.0435464319539145,43250.503540312726,43231.67768720613
5000,12,uniform,4000,0.0384981749840278,43248.32109413068,43231.67768720613
5000,12,uniform,4100,0.0358084943588348,43247.158300071984,43231.67768720613
5000,12,uniform,4200,0.0485770130926125,43252.6783449364,43231.67768720613
5000,12,uniform,4300,0.0533915683842586,43254.75975796216,43231.67768720613
5000,12,uniform,4400,0.0569278283480631,43256.28854247189,43231.67768720613
5000,12,uniform,4500,0.0541509052275289,43255.0880320188,43231.67768720613
5000,12,uniform,4600,0.0568216363880551,43256.24263390601,43231.67768720613
5000,12,uniform,4700,0.0575257093817475,43256.54701647333,43231.67768720613
5000,12,uniform,4800,0.0555113270987803,43255.676165217366,43231.67768720613
5000,12,uniform,4900,0.0633772899371231,43259.07675291864,43231.67768720613
5000,12,uniform,5000,0.0616618116685415,43258.33512288277,43231.67768720613
5000,12,uniform,5100,0.0608925588040807,43258.0025619638,43231.67768720613
5000,12,uniform,5200,0.0605162929464892,43257.839895921,43231.67768720613
5000,12,uniform,5300,0.059305688448716,43257.31653128646,43231.67768720613
5000,12,uniform,5400,0.0561142826874197,43255.93683303405,43231.67768720613
5000,12,uniform,5500,0.0525374142161999,43254.39049278527,43231.67768720613
5000,12,uniform,5600,0.0558957179712375,43255.842343840406,43231.67768720613
5000,12,uniform,5700,0.057509229314149,43256.53989186362,43231.67768720613
5000,12,uniform,5800,0.05441471617395,43255.20208191686,43231.67768720613
5000,12,uniform,5900,0.0506875053985389,43253.59074616771,43231.67768720613
5000,12,uniform,6000,0.0482662619429339,43252.54400200096,43231.67768720613
5000,12,uniform,6100,0.0465615950241848,43251.80704589301,43231.67768720613
5000,12,uniform,6200,0.0452859632438548,43251.25556887326,43231.67768720613
5000,12,uniform,6300,0.0422745966866384,43249.95370458927,43231.67768720613
5000,12,uniform,6400,0.0385687262811499,43248.35159464006,43231.67768720613
5000,12,uniform,6500,0.0416852037734115,43249.69890014471,43231.67768720613
5000,12,uniform,6600,0.04497201496463,43251.11984376508,43231.67768720613
5000,12,uniform,6700,0.0467372696637263,43251.88299298695,43231.67768720613
5000,12,uniform,6800,0.0455029942099597,43251.34939500101,43231.67768720613
5000,12,uniform,6900,0.0430971760095838,43250.30931943088,43231.67768720613
5000,12,uniform,7000,0.051451691747792,43253.92111674715,43231.67768720613
5000,12,uniform,7100,0.0489509180080235,43252.83999030429,43231.67768720613
5000,12,uniform,7200,0.0462216482240262,43251.660081188056,43231.67768720613
5000,12,uniform,7300,0.0477682673982106,43252.32871060449,43231.67768720613
5000,12,uniform,7400,0.0501485827232429,43253.35776085375,43231.67768720613
5000,12,uniform,7500,0.0531427253355534,43254.6521789374,43231.67768720613
5000,12,uniform,7600,0.0574453704879727,43256.51228462171,43231.67768720613
5000,12,uniform,7700,0.0594104107658785,43257.36180450108,43231.67768720613
5000,12,uniform,7800,0.0602415235524912,43257.721108502206,43231.67768720613
5000,12,uniform,7900,0.0650838694140912,43259.81453585759,43231.67768720613
5000,12,uniform,8000,0.0727327875427419,43263.12129148953,43231.67768720613
5000,12,uniform,8100,0.0721299518343753,43262.86067549911,43231.67768720613
5000,12,uniform,8200,0.070634563432737,43262.21419400514,43231.67768720613
5000,12,uniform,8300,0.0716515764557383,43262.65386579728,43231.67768720613
5000,12,uniform,8400,0.0709642165768272,43262.35670858988,43231.67768720613
5000,12,uniform,8500,0.0712898279041889,43262.49747582944,43231.67768720613
5000,12,uniform,8600,0.0742305764341223,43263.768810755486,43231.67768720613
5000,12,uniform,8700,0.0749352136779735,43264.07343725761,43231.67768720613
5000,12,uniform,8800,0.0734676518242086,43263.43898564713,43231.67768720613
5000,12,uniform,8900,0.0745509839006634,43263.90732827871,43231.67768720613
5000,12,uniform,9000,0.0750195871105631,43264.10991330804,43231.67768720613
5000,12,uniform,9100,0.0730483689882307,43263.25772264288,43231.67768720613
5000,12,uniform,9200,0.0730752584876664,43263.26934742461,43231.67768720613
5000,12,uniform,9300,0.074678950233358,43263.962650271205,43231.67768720613
5000,12,uniform,9400,0.0769943862482744,43264.96365210623,43231.67768720613
5000,12,uniform,9500,0.0795460828541805,43266.06679335845,43231.67768720613
5000,12,uniform,9600,0.0806034211510923,43266.52389844303,43231.67768720613
5000,12,uniform,9700,0.077217493200177,43265.06010498457,43231.67768720613
5000,12,uniform,9800,0.0754645982454624,43264.302299087554,43231.67768720613
5000,12,uniform,9900,0.0732867192199529,43263.36076544683,43231.67768720613
5000,12,uniform,10000,0.0727064683568138,43263.1099132639,43231.67768720613
5000,13,uniform,0,45.63982218757685,51621.55421186106,35444.669896242434
5000,13,uniform,100,5.774977058789727,37491.59145131418,35444.669896242434
5000,13,uniform,200,2.777476143340421,36429.13714669633,35444.669896242434
5000,13,uniform,300,0.6785051950972905,35685.163822873525,35444.669896242434
5000,13,uniform,400,0.1123166742413018,35484.4801706657,35444.669896242434
5000,13,uniform,500,0.0387941076613343,35458.42033964219,35444.669896242434
5000,13,uniform,600,0.0303260242972308,35455.41885544724,35444.669896242434
5000,13,uniform,700,0.026783690830448,35454.16328704332,35444.669896242434
5000,13,uniform,800,0.0245251108588797,35453.36274082805,35444.669896242434
5000,13,uniform,900,0.0234703423349205,35452.988881606565,35444.669896242434
5000,13,uniform,1000,0.0235868620264326,35453.030181626586,35444.669896242434
5000,13,uniform,1100,0.0226286403259617,35452.69054310798,35444.669896242434
5000,13,uniform,1200,0.0204364798915515,35451.91353907841,35444.669896242434
5000,13,uniform,1300,0.0189994926847805,35451.40420370652,35444.669896242434
5000,13,uniform,1400,0.0178224269191583,35450.98699663143,35444.669896242434
5000,13,uniform,1500,0.0167755590212186,35450.615937760755,35444.669896242434
5000,13,uniform,1600,0.0159485961436358,35450.32282349863,35444.669896242434
5000,13,uniform,1700,0.015153287291575,35450.04092890136,35444.669896242434
5000,13,uniform,1800,0.0144150199301858,35449.779252472166,35444.669896242434
5000,13,uniform,1900,0.0149202288360653,35449.95832210114,35444.669896242434
5000,13,uniform,2000,0.0166313838140112,35450.56483533449,35444.669896242434
5000,13,uniform,2100,0.0182113303426073,35451.124842166086,35444.669896242434
5000,13,uniform,2200,0.0195878070830832,35451.612729802946,35444.669896242434
5000,13,uniform,2300,0.0206352670326139,35451.98399852435,35444.669896242434
5000,13,uniform,2400,0.0216872347719945,35452.35686501699,35444.669896242434
5000,13,uniform,2500,0.0225502183175496,35452.66274668597,35444.669896242434
5000,13,uniform,2600,0.0220998239267195,35452.50310588091,35444.669896242434
5000,13,uniform,2700,0.0209215983407697,35452.08548771134,35444.669896242434
5000,13,uniform,2800,0.0200399061562142,35451.77297482702,35444.669896242434
5000,13,uniform,2900,0.0202743462079324,35451.85607132946,35444.669896242434
5000,13,uniform,3000,0.0210447549836681,35452.12914017687,35444.669896242434
5000,13,uniform,3100,0.0212983712253113,35452.21903361652,35444.669896242434
5000,13,uniform,3200,0.0207231412395821,35452.015145246936,35444.669896242434
5000,13,uniform,3300,0.0195246691555094,35451.59035077294,35444.669896242434
5000,13,uniform,3400,0.0187501076934633,35451.31581001957,35444.669896242434
5000,13,uniform,3500,0.0185750347204451,35451.25375598221,35444.669896242434
5000,13,uniform,3600,0.0172004920646451,35450.76655387528,35444.669896242434
5000,13,uniform,3700,0.0136562651624691,35449.51031434943,35444.669896242434
5000,13,uniform,3800,0.011342086712948,35448.690061437184,35444.669896242434
5000,13,uniform,3900,0.0084113160573257,35447.65125945288,35444.669896242434
5000,13,uniform,4000,0.0076185717322189,35447.37027384373,35444.669896242434
5000,13,uniform,4100,0.0076606363634944,35447.38518351343,35444.669896242434
5000,13,uniform,4200,0.0080505921417001,35447.52340205175,35444.669896242434
5000,13,uniform,4300,0.0084247029273871,35447.656004384786,35444.669896242434
5000,13,uniform,4400,0.0087382858558364,35447.767152818626,35444.669896242434
5000,13,uniform,4500,0.0076212344884919,35447.3712176489,35444.669896242434
5000,13,uniform,4600,0.0059474695224707,35446.777957181854,35444.669896242434
5000,13,uniform,4700,0.0048733367034906,35446.39723434992,35444.669896242434
5000,13,uniform,4800,0.004786963147289,35446.366619528046,35444.669896242434
5000,13,uniform,4900,0.0050758161539829,35446.469002522754,35444.669896242434
5000,13,uniform,5000,0.00536054659005,35446.56992428591,35444.669896242434
5000,13,uniform,5100,0.0056403360672055,35446.669094742494,35444.669896242434
5000,13,uniform,5200,0.0059842232004561,35446.79098440169,35444.669896242434
5000,13,uniform,5300,0.0063509773576777,35446.92097920205,35444.669896242434
5000,13,uniform,5400,0.0066630774157743,35447.03160203739,35444.669896242434
5000,13,uniform,5500,0.0070107262287724,35447.15482501155,35444.669896242434
5000,13,uniform,5600,0.0073913683368016,35447.28974235023,35444.669896242434
5000,13,uniform,5700,0.0075639078606804,35447.35089841491,35444.669896242434
5000,13,uniform,5800,0.0063703948226775,35446.92786165842,35444.669896242434
5000,13,uniform,5900,0.0049444185226976,35446.42242906609,35444.669896242434
5000,13,uniform,6000,0.0032294449269288,35445.814562336265,35444.669896242434
5000,13,uniform,6100,0.0013256257557894,35445.13975991563,35444.669896242434
5000,13,uniform,6200,0.0005878490370625,35444.87825739311,35444.669896242434
5000,13,uniform,6300,0.0016955341219674,35445.270872714944,35444.669896242434
5000,13,uniform,6400,0.0021865967491945,35445.44492824215,35444.669896242434
5000,13,uniform,6500,0.0021420651106843,35445.42914414988,35444.669896242434
5000,13,uniform,6600,0.0018895442023119,35445.33963894749,35444.669896242434
5000,13,uniform,6700,0.0016255636595654,35445.24607191552,35444.669896242434
5000,13,uniform,6800,0.0021099881219964,35445.417774567126,35444.669896242434
5000,13,uniform,6900,0.0025792198269963,35445.58409219601,35444.669896242434
5000,13,uniform,7000,0.0025669724165643,35445.57975114181,35444.669896242434
5000,13,uniform,7100,0.001582181677425,35445.23069531516,35444.669896242434
5000,13,uniform,7200,0.0012000239783802,35445.09524078025,35444.669896242434
5000,13,uniform,7300,0.0016435853560469,35445.25245964635,35444.669896242434
5000,13,uniform,7400,0.0024085544419249,35445.523600413646,35444.669896242434
5000,13,uniform,7500,0.0026740713221613,35445.617711995365,35444.669896242434
5000,13,uniform,7600,0.0024159729001222,35445.526229861665,35444.669896242434
5000,13,uniform,7700,0.0016585828909326,35445.25777547308,35444.669896242434
5000,13,uniform,7800,0.0015664001307391,35445.22510159803,35444.669896242434
5000,13,uniform,7900,0.001874764037663,35445.33440016692,35444.669896242434
5000,13,uniform,8000,0.0021670181599639,35445.437988675825,35444.669896242434
5000,13,uniform,8100,0.0026814473901876,35445.62032641833,35444.669896242434
5000,13,uniform,8200,0.0031527014135104,35445.78736085127,35444.669896242434
5000,13,uniform,8300,0.0033074614802073,35445.84221504604,35444.669896242434
5000,13,uniform,8400,0.0031644643346279,35445.79153017983,35444.669896242434
5000,13,uniform,8500,0.0033684104368645,35445.86381820253,35444.669896242434
5000,13,uniform,8600,0.0037292557042768,35445.9917186164,35444.669896242434
5000,13,uniform,8700,0.004086482246534,35446.11833638509,35444.669896242434
5000,13,uniform,8800,0.0044288288497686,35446.239680008504,35444.669896242434
5000,13,uniform,8900,0.0049093002880723,35446.40998152376,35444.669896242434
5000,13,uniform,9000,0.0049171407157126,35446.41276053745,35444.669896242434
5000,13,uniform,9100,0.0049708483785444,35446.43179704125,35444.669896242434
5000,13,uniform,9200,0.0047863548796348,35446.36640392958,35444.669896242434
5000,13,uniform,9300,0.004414334220537,35446.23454243502,35444.669896242434
5000,13,uniform,9400,0.0037770609978046,35446.008663044886,35444.669896242434
5000,13,uniform,9500,0.0029816789155505,35445.72674249142,35444.669896242434
5000,13,uniform,9600,0.0021681483555266,35445.43838926991,35444.669896242434
5000,13,uniform,9700,0.0013595484115991,35445.151783689005,35444.669896242434
5000,13,uniform,9800,0.0005630027425633,35444.86945070604,35444.669896242434
5000,13,uniform,9900,0.0017267986910105,35445.28195433824,35444.669896242434
5000,13,uniform,10000,0.0025255803039728,35445.56507984414,35444.669896242434
5000,14,uniform,0,40.14960692964953,50373.57079318278,35942.712860028674
5000,14,uniform,100,5.03108962145241,37751.02295639802,35942.712860028674
5000,14,uniform,200,2.542240612125037,36856.46310345581,35942.712860028674
5000,14,uniform,300,0.6709979368395975,36183.88772176365,35942.712860028674
5000,14,uniform,400,0.1098991079760128,35982.213580844225,35942.712860028674
5000,14,uniform,500,0.029723405632258,35953.3962583673,35942.712860028674
5000,14,uniform,600,0.0185868377158575,35949.393473738644,35942.712860028674
5000,14,uniform,700,0.0124341696793129,35947.18203793304,35942.712860028674
5000,14,uniform,800,0.0082663041519381,35945.68399399414,35942.712860028674
5000,14,uniform,900,0.0068860324415645,35945.187886896594,35942.712860028674
5000,14,uniform,1000,0.0069587203183536,35945.21401289143,35942.712860028674
5000,14,uniform,1100,0.0075489955713161,35945.42617383069,35942.712860028674
5000,14,uniform,1200,0.0032569321356275,35943.88348979423,35942.712860028674
5000,14,uniform,1300,0.0057172824048734,35944.767806426855,35942.712860028674
5000,14,uniform,1400,0.012413552805874,35947.17462766942,35942.712860028674
5000,14,uniform,1500,0.0182624034690554,35949.2768632689,35942.712860028674
5000,14,uniform,1600,0.0242046847663834,35951.41268037293,35942.712860028674
5000,14,uniform,1700,0.0337100418092273,35954.82916356116,35942.712860028674
5000,14,uniform,1800,0.0324185958725387,35954.364982856394,35942.712860028674
5000,14,uniform,1900,0.0397316900695349,35956.993507304804,35942.712860028674
5000,14,uniform,2000,0.0441105262143548,35958.56737980695,35942.712860028674
5000,14,uniform,2100,0.0472907406940116,35959.7104351657,35942.712860028674
5000,14,uniform,2200,0.0474524424391588,35959.76855515965,35942.712860028674
5000,14,uniform,2300,0.0356499824334675,35955.526430849386,35942.712860028674
5000,14,uniform,2400,0.0386553485377932,35956.60664095866,35942.712860028674
5000,14,uniform,2500,0.0300795416443403,35953.52426331151,35942.712860028674
5000,14,uniform,2600,0.0277473647403903,35952.68601566354,35942.712860028674
5000,14,uniform,2700,0.0260058282038729,35952.060060186865,35942.712860028674
5000,14,uniform,2800,0.0243399253560924,35951.46128950976,35942.712860028674
5000,14,uniform,2900,0.022965259958359,35950.967197473066,35942.712860028674
5000,14,uniform,3000,0.0216395404220157,35950.49069790679,35942.712860028674
5000,14,uniform,3100,0.014919177798547,35948.07521726588,35942.712860028674
5000,14,uniform,3200,0.0136340471719181,35947.61330645488,35942.712860028674
5000,14,uniform,3300,0.0162306670758379,35948.54660209101,35942.712860028674
5000,14,uniform,3400,0.017244629399406,35948.91104765748,35942.712860028674
5000,14,uniform,3500,0.0119415771120706,35947.004986801025,35942.712860028674
5000,14,uniform,3600,0.0094074477503371,35946.094151961035,35942.712860028674
5000,14,uniform,3700,0.0305231245003255,35953.683699023735,35942.712860028674
5000,14,uniform,3800,0.0405305126620196,35957.28062581548,35942.712860028674
5000,14,uniform,3900,0.0567855631746825,35963.1231319465,35942.712860028674
5000,14,uniform,4000,0.058000761049857,35963.559907029456,35942.712860028674
5000,14,uniform,4100,0.0591198944599897,35963.96215393758,35942.712860028674
5000,14,uniform,4200,0.0585368899833805,35963.75260631259,35942.712860028674
5000,14,uniform,4300,0.0573825495203087,35963.33770503452,35942.712860028674
5000,14,uniform,4400,0.0586497618330996,35963.79317551744,35942.712860028674
5000,14,uniform,4500,0.0597364373045293,35964.18375616185,35942.712860028674
5000,14,uniform,4600,0.0591441348747139,35963.97086660024,35942.712860028674
5000,14,uniform,4700,0.0569883958180599,35963.196035501096,35942.712860028674
5000,14,uniform,4800,0.0525936814518659,35961.61645593544,35942.712860028674
5000,14,uniform,4900,0.0477263620881072,35959.86700931254,35942.712860028674
5000,14,uniform,5000,0.0424989356810766,35957.98813044909,35942.712860028674
5000,14,uniform,5100,0.0422726276614244,35957.90678920741,35942.712860028674
5000,14,uniform,5200,0.0419176254318885,35957.7791917754,35942.712860028674
5000,14,uniform,5300,0.0416095726910583,35957.668469263306,35942.712860028674
5000,14,uniform,5400,0.0401316957187112,35957.13728018671,35942.712860028674
5000,14,uniform,5500,0.0371715978599461,35956.07334071296,35942.712860028674
5000,14,uniform,5600,0.0350664616393803,35955.31669764589,35942.712860028674
5000,14,uniform,5700,0.0339146536862706,35954.9027066206,35942.712860028674
5000,14,uniform,5800,0.0326106474672573,35954.43401140963,35942.712860028674
5000,14,uniform,5900,0.0313922663493868,35953.99609218289,35942.712860028674
5000,14,uniform,6000,0.0302583782156427,35953.588542026824,35942.712860028674
5000,14,uniform,6100,0.0301386063579476,35953.545492771926,35942.712860028674
5000,14,uniform,6200,0.0295219892698689,35953.32386386251,35942.712860028674
5000,14,uniform,6300,0.0286137318518506,35952.99741150672,35942.712860028674
5000,14,uniform,6400,0.0276659125035874,35952.656739519945,35942.712860028674
5000,14,uniform,6500,0.0263467140157127,35952.182583795395,35942.712860028674
5000,14,uniform,6600,0.0250744312461583,35951.725290852766,35942.712860028674
5000,14,uniform,6700,0.0238349916567065,35951.279802640056,35942.712860028674
5000,14,uniform,6800,0.023120029258403,35951.02282575818,35942.712860028674
5000,14,uniform,6900,0.0232492261608315,35951.06926262984,35942.712860028674
5000,14,uniform,7000,0.0229136489497523,35950.94864707644,35942.712860028674
5000,14,uniform,7100,0.0225127696724652,35950.80456018889,35942.712860028674
5000,14,uniform,7200,0.0221271978660634,35950.665975221644,35942.712860028674
5000,14,uniform,7300,0.0222832355310378,35950.72205939152,35942.712860028674
5000,14,uniform,7400,0.0183887103451371,35949.32226138669,35942.712860028674
5000,14,uniform,7500,0.0182780116698799,35949.2824732797,35942.712860028674
5000,14,uniform,7600,0.0172156864276712,35948.900644768255,35942.712860028674
5000,14,uniform,7700,0.0132118426290649,35947.46155468836,35942.712860028674
5000,14,uniform,7800,0.0127707297440235,35947.3030067507,35942.712860028674
5000,14,uniform,7900,0.0143554364985895,35947.872593349166,35942.712860028674
5000,14,uniform,8000,0.0161667925306385,35948.52364384664,35942.712860028674
5000,14,uniform,8100,0.0179048457674049,35949.14834733088,35942.712860028674
5000,14,uniform,8200,0.0185469259553304,35949.37912836916,35942.712860028674
5000,14,uniform,8300,0.0273773267234779,35952.553013961646,35942.712860028674
5000,14,uniform,8400,0.0272042533097876,35952.490806681526,35942.712860028674
5000,14,uniform,8500,0.0279453630695152,35952.75718163444,35942.712860028674
5000,14,uniform,8600,0.0283299282893728,35952.895404807176,35942.712860028674
5000,14,uniform,8700,0.0275156777779723,35952.6027410839,35942.712860028674
5000,14,uniform,8800,0.0269261385837096,35952.39084470411,35942.712860028674
5000,14,uniform,8900,0.0266003832520476,35952.273759400625,35942.712860028674
5000,14,uniform,9000,0.0250243649899653,35951.70729568206,35942.712860028674
5000,14,uniform,9100,0.0254328680185283,35951.854122752644,35942.712860028674
5000,14,uniform,9200,0.0330919234044618,35954.6069950378,35942.712860028674
5000,14,uniform,9300,0.0351517876538667,35955.34736613027,35942.712860028674
5000,14,uniform,9400,0.0347708871853415,35955.210460168586,35942.712860028674
5000,14,uniform,9500,0.0374966656161976,35956.19017888319,35942.712860028674
5000,14,uniform,9600,0.0390739149386244,35956.75708507824,35942.712860028674
5000,14,uniform,9700,0.0375519238662894,35956.21004019735,35942.712860028674
5000,14,uniform,9800,0.0395288750379699,35956.92061008037,35942.712860028674
5000,14,uniform,9900,0.041302108981891,35957.55795846517,35942.712860028674
5000,14,uniform,10000,0.0432379029177149,35958.25373532109,35942.712860028674
5000,15,uniform,0,46.4027753400576,49388.19236664876,33734.464563210735
5000,15,uniform,100,5.205512248532108,35490.51624802539,33734.464563210735
5000,15,uniform,200,2.705015355112466,34646.98700961056,33734.464563210735
5000,15,uniform,300,0.717814681512497,33976.61550257509,33734.464563210735
5000,15,uniform,400,0.1161032759431025,33773.63138169049,33734.464563210735
5000,15,uniform,500,0.0257680655864221,33743.15728216461,33734.464563210735
5000,15,uniform,600,0.0164861634211688,33740.02608216788,33734.464563210735
5000,15,uniform,700,0.0133173826765348,33738.9571109505,33734.464563210735
5000,15,uniform,800,0.0115672344704931,33738.36670782413,33734.464563210735
5000,15,uniform,900,0.0103024044420982,33737.94002418641,33734.464563210735
5000,15,uniform,1000,0.0091327234960901,33737.54543858218,33734.464563210735
5000,15,uniform,1100,0.008419654226521,33737.304888482126,33734.464563210735
5000,15,uniform,1200,0.0076629356210653,33737.049613512325,33734.464563210735
5000,15,uniform,1300,0.0071790919319429,33736.88639143448,33734.464563210735
5000,15,uniform,1400,0.0066714591251451,33736.71514422516,33734.464563210735
5000,15,uniform,1500,0.0062602909658674,33736.57643884817,33734.464563210735
5000,15,uniform,1600,0.0058671312166605,33736.443808511896,33734.464563210735
5000,15,uniform,1700,0.0055081995493023,33736.322724835765,33734.464563210735
5000,15,uniform,1800,0.0051989517028943,33736.218401730606,33734.464563210735
5000,15,uniform,1900,0.0049400076101665,33736.13104832741,33734.464563210735
5000,15,uniform,2000,0.0046674396750778,33736.03909899393,33734.464563210735
5000,15,uniform,2100,0.0044121949670121,33735.95299355834,33734.464563210735
5000,15,uniform,2200,0.0042242836012585,33735.88960266525,33734.464563210735
5000,15,uniform,2300,0.0040343266342316,33735.825521699524,33734.464563210735
5000,15,uniform,2400,0.0038522271487768,33735.76409141313,33734.464563210735
5000,15,uniform,2500,0.0036651252445486,33735.700973587554,33734.464563210735
5000,15,uniform,2600,0.0034857810389023,33735.640472780055,33734.464563210735
5000,15,uniform,2700,0.0033748195759513,33735.60304052466,33734.464563210735
5000,15,uniform,2800,0.0032088219206896,33735.54704210447,33734.464563210735
5000,15,uniform,2900,0.0030707797617525,33735.50047432128,33734.464563210735
5000,15,uniform,3000,0.0029463229031041,33735.4584894664,33734.464563210735
5000,15,uniform,3100,0.0028233582721045,33735.41700800653,33734.464563210735
5000,15,uniform,3200,0.0027150944868353,33735.380485798254,33734.464563210735
5000,15,uniform,3300,0.0026134859565556,33735.346208704614,33734.464563210735
5000,15,uniform,3400,0.0025053447401293,33735.30972784428,33734.464563210735
5000,15,uniform,3500,0.0024088673135085,33735.277181700985,33734.464563210735
5000,15,uniform,3600,0.0023110036647113,33735.24416792306,33734.464563210735
5000,15,uniform,3700,0.0022354785639232,33735.2186899347,33734.464563210735
5000,15,uniform,3800,0.0021436170329339,33735.18770093908,33734.464563210735
5000,15,uniform,3900,0.0020660808608918,33735.1615445266,33734.464563210735
5000,15,uniform,4000,0.0019909226202702,33735.13619029655,33734.464563210735
5000,15,uniform,4100,0.0019153873331955,33735.1107088719,33734.464563210735
5000,15,uniform,4200,0.0018514419169979,33735.08913722813,33734.464563210735
5000,15,uniform,4300,0.0017746530819521,33735.063232925786,33734.464563210735
5000,15,uniform,4400,0.0017114444942119,33735.041909847154,33734.464563210735
5000,15,uniform,4500,0.0016501382454568,33735.02122851239,33734.464563210735
5000,15,uniform,4600,0.0015896309771447,33735.000816709406,33734.464563210735
5000,15,uniform,4700,0.0015308948533501,33734.98100239254,33734.464563210735
5000,15,uniform,4800,0.0014766667473687,33734.96270883134,33734.464563210735
5000,15,uniform,4900,0.0014306043989287,33734.94716994473,33734.464563210735
5000,15,uniform,5000,0.0013763943063777,33734.92888246027,33734.464563210735
5000,15,uniform,5100,0.0013267983928569,33734.9121515444,33734.464563210735
5000,15,uniform,5200,0.0012822408254757,33734.89712028762,33734.464563210735
5000,15,uniform,5300,0.0012753912380157,33734.894809615966,33734.464563210735
5000,15,uniform,5400,0.0013907628859971,33734.93372962367,33734.464563210735
5000,15,uniform,5500,0.0015106282028838,33734.97416554652,33734.464563210735
5000,15,uniform,5600,0.001622855199667,33735.01202472298,33734.464563210735
5000,15,uniform,5700,0.001721545034605,33735.04531721037,33734.464563210735
5000,15,uniform,5800,0.0018174838025452,33735.07768164005,33734.464563210735
5000,15,uniform,5900,0.0019075500849084,33735.108065018154,33734.464563210735
5000,15,uniform,6000,0.0019875845564256,33735.135064218586,33734.464563210735
5000,15,uniform,6100,0.0020672991425659,33735.1619555074,33734.464563210735
5000,15,uniform,6200,0.0021387643000123,33735.18606389561,33734.464563210735
5000,15,uniform,6300,0.0022077098652625,33735.20932231289,33734.464563210735
5000,15,uniform,6400,0.0022720870610865,33735.2310396152,33734.464563210735
5000,15,uniform,6500,0.0023350867643394,33735.25229222777,33734.464563210735
5000,15,uniform,6600,0.0023927169943219,33735.27173347728,33734.464563210735
5000,15,uniform,6700,0.0024518723633347,33735.29168922428,33734.464563210735
5000,15,uniform,6800,0.0025066966548716,33735.31018390548,33734.464563210735
5000,15,uniform,6900,0.002556610917695,33735.327022214784,33734.464563210735
5000,15,uniform,7000,0.002599319086441,33735.341429586835,33734.464563210735
5000,15,uniform,7100,0.0026451808879949,33735.35690082003,33734.464563210735
5000,15,uniform,7200,0.0026887090643988,33735.37158481727,33734.464563210735
5000,15,uniform,7300,0.0027292377461304,33735.38525695105,33734.464563210735
5000,15,uniform,7400,0.0027608212028672,33735.39591146107,33734.464563210735
5000,15,uniform,7500,0.0027930865021287,33735.406795987015,33734.464563210735
5000,15,uniform,7600,0.0028272165850971,33735.41830958776,33734.464563210735
5000,15,uniform,7700,0.0028598268917825,33735.42931050011,33734.464563210735
5000,15,uniform,7800,0.0028887489276381,33735.43906719405,33734.464563210735
5000,15,uniform,7900,0.0029158581444936,33735.4482123432,33734.464563210735
5000,15,uniform,8000,0.0029423884771674,33735.45716220888,33734.464563210735
5000,15,uniform,8100,0.0029653241222309,33735.46489942593,33734.464563210735
5000,15,uniform,8200,0.0029882059432041,33735.47261848572,33734.464563210735
5000,15,uniform,8300,0.0030112167288255,33735.48038105104,33734.464563210735
5000,15,uniform,8400,0.0030336436309226,33735.48794664638,33734.464563210735
5000,15,uniform,8500,0.0030565210980067,33735.49566423741,33734.464563210735
5000,15,uniform,8600,0.0030740915378038,33735.5015915312,33734.464563210735
5000,15,uniform,8700,0.00309256606278,33735.50782381328,33734.464563210735
5000,15,uniform,8800,0.0031084064378818,33735.513167479,33734.464563210735
5000,15,uniform,8900,0.0031254705216786,33735.518923956304,33734.464563210735
5000,15,uniform,9000,0.0031383394802229,33735.523265230564,33734.464563210735
5000,15,uniform,9100,0.0031546917313916,33735.52878157494,33734.464563210735
5000,15,uniform,9200,0.0031672566146991,33735.53302027105,33734.464563210735
5000,15,uniform,9300,0.0031834498628248,33735.5384829766,33734.464563210735
5000,15,uniform,9400,0.0031936416929052,33735.541921135904,33734.464563210735
5000,15,uniform,9500,0.0032058506488772,33735.54603976183,33734.464563210735
5000,15,uniform,9600,0.0032168703142122,33735.54975718693,33734.464563210735
5000,15,uniform,9700,0.0032226656868946,33735.55171222487,33734.464563210735
5000,15,uniform,9800,0.0032349941470453,33735.55587116489,33734.464563210735
5000,15,uniform,9900,0.0032441137827584,33735.55894762517,33734.464563210735
5000,15,uniform,10000,0.0032509544718194,33735.561255295,33734.464563210735
5000,16,uniform,0,35.286232826285655,48599.42643869291,35923.408778110504
5000,16,uniform,100,4.549314923600327,37557.67777471904,35923.408778110504
5000,16,uniform,200,2.154661345819748,36697.43658115327,35923.408778110504
5000,16,uniform,300,0.5677092806130565,36127.3493036564,35923.408778110504
5000,16,uniform,400,0.1110186303421961,35963.29045450819,35923.408778110504
5000,16,uniform,500,0.0359085018005826,35936.30833599842,35923.408778110504
5000,16,uniform,600,0.0288507175998568,35933.77293932932,35923.408778110504
5000,16,uniform,700,0.0217080106455457,35931.2070355123,35923.408778110504
5000,16,uniform,800,0.0189722559734944,35930.22425917829,35923.408778110504
5000,16,uniform,900,0.0146052761909464,35928.65549117975,35923.408778110504
5000,16,uniform,1000,0.0127201891808461,35927.97830366729,35923.408778110504
5000,16,uniform,1100,0.014969085171946,35928.786183767166,35923.408778110504
5000,16,uniform,1200,0.0077099335282055,35926.17844904836,35923.408778110504
5000,16,uniform,1300,0.0055997622491253,35925.42040359386,35923.408778110504
5000,16,uniform,1400,0.0068486127503431,35925.86903326444,35923.408778110504
5000,16,uniform,1500,0.0080775959219629,35926.310525912995,35923.408778110504
5000,16,uniform,1600,0.0082011153168105,35926.35489829013,35923.408778110504
5000,16,uniform,1700,0.0080630776381876,35926.30531045057,35923.408778110504
5000,16,uniform,1800,0.0107248005883852,35927.26149206651,35923.408778110504
5000,16,uniform,1900,0.0129738615751322,35928.069431438445,35923.408778110504
5000,16,uniform,2000,0.0138540172037113,35928.38561334278,35923.408778110504
5000,16,uniform,2100,0.0143421391578864,35928.56096338772,35923.408778110504
5000,16,uniform,2200,0.0151874656094286,35928.864633464415,35923.408778110504
5000,16,uniform,2300,0.0142175721099794,35928.516214657895,35923.408778110504
5000,16,uniform,2400,0.0137114443416337,35928.33439631073,35923.408778110504
5000,16,uniform,2500,0.0110103479039275,35927.364070395925,35923.408778110504
5000,16,uniform,2600,0.0091464643909579,35926.69449990241,35923.408778110504
5000,16,uniform,2700,0.0073467466784746,35926.047979951705,35923.408778110504
5000,16,uniform,2800,0.0058617037162397,35925.51450189785,35923.408778110504
5000,16,uniform,2900,0.0045050433875942,35925.02714326226,35923.408778110504
5000,16,uniform,3000,0.0022758796806262,35924.226351671474,35923.408778110504
5000,16,uniform,3100,0.0024368300330189,35924.284170524494,35923.408778110504
5000,16,uniform,3200,0.0068979991704947,35925.88677455003,35923.408778110504
5000,16,uniform,3300,0.0032015075790957,35924.558868765205,35923.408778110504
5000,16,uniform,3400,0.0004389591444243,35923.566467198325,35923.408778110504
5000,16,uniform,3500,0.0015268264244551,35923.957266208294,35923.408778110504
5000,16,uniform,3600,0.0021759161686758,35924.19044137045,35923.408778110504
5000,16,uniform,3700,0.0078359907221031,35926.22373308942,35923.408778110504
5000,16,uniform,3800,0.0135017967848638,35928.25908376192,35923.408778110504
5000,16,uniform,3900,0.0194172459754734,35930.384114755725,35923.408778110504
5000,16,uniform,4000,0.020411673256622,35930.74134693293,35923.408778110504
5000,16,uniform,4100,0.0178869832940205,35929.83439223729,35923.408778110504
5000,16,uniform,4200,0.0222200714953181,35931.39098522456,35923.408778110504
5000,16,uniform,4300,0.0274911202670092,35933.284525621704,35923.408778110504
5000,16,uniform,4400,0.032624796257299,35935.12871703304,35923.408778110504
5000,16,uniform,4500,0.0308405203227545,35934.487744295344,35923.408778110504
5000,16,uniform,4600,0.0271510813428689,35933.16237204898,35923.408778110504
5000,16,uniform,4700,0.023163958025458,35931.73006144118,35923.408778110504
5000,16,uniform,4800,0.019076473704359,35930.26169773977,35923.408778110504
5000,16,uniform,4900,0.0151349928923388,35928.84578347576,35923.408778110504
5000,16,uniform,5000,0.0117266742321996,35927.621399231015,35923.408778110504
5000,16,uniform,5100,0.009527354420008,35926.83132858454,35923.408778110504
5000,16,uniform,5200,0.0105764035174113,35927.20818278009,35923.408778110504
5000,16,uniform,5300,0.011777395333558,35927.63961997959,35923.408778110504
5000,16,uniform,5400,0.0131654002097566,35928.13823864513,35923.408778110504
5000,16,uniform,5500,0.0146003142705979,35928.65370868882,35923.408778110504
5000,16,uniform,5600,0.01550891225855,35928.98010805818,35923.408778110504
5000,16,uniform,5700,0.016437996797647,35929.313866895056,35923.408778110504
5000,16,uniform,5800,0.0157595982211331,35929.07016300127,35923.408778110504
5000,16,uniform,5900,0.0137023049066351,35928.33111311414,35923.408778110504
5000,16,uniform,6000,0.0112332402428956,35927.44414092199,35923.408778110504
5000,16,uniform,6100,0.0097639172655262,35926.91631002256,35923.408778110504
5000,16,uniform,6200,0.0120197234623793,35927.72667250389,35923.408778110504
5000,16,uniform,6300,0.012376441698508,35927.854817854044,35923.408778110504
5000,16,uniform,6400,0.0103256093506421,35927.11808896637,35923.408778110504
5000,16,uniform,6500,0.0089761180193337,35926.633305678995,35923.408778110504
5000,16,uniform,6600,0.007757121142043,35926.195400447774,35923.408778110504
5000,16,uniform,6700,0.0065233264184852,35925.75217932575,35923.408778110504
5000,16,uniform,6800,0.0054782210721002,35925.376741860004,35923.408778110504
5000,16,uniform,6900,0.0051149991131491,35925.24626015092,35923.408778110504
5000,16,uniform,7000,0.0046340867026998,35925.07350001985,35923.408778110504
5000,16,uniform,7100,0.0031606599204387,35924.54419489381,35923.408778110504
5000,16,uniform,7200,0.0017796614332791,35924.04809316205,35923.408778110504
5000,16,uniform,7300,0.0036245872351458,35924.710853399505,35923.408778110504
5000,16,uniform,7400,0.0054813897273519,35925.37788014898,35923.408778110504
5000,16,uniform,7500,0.0122112380858269,35927.795471084944,35923.408778110504
5000,16,uniform,7600,0.0165630942687581,35929.358806170974,35923.408778110504
5000,16,uniform,7700,0.0221061636693012,35931.350065650586,35923.408778110504
5000,16,uniform,7800,0.0226411008901919,35931.54223333515,35923.408778110504
5000,16,uniform,7900,0.0203846052468298,35930.73162318113,35923.408778110504
5000,16,uniform,8000,0.0186277458597331,35930.100499401844,35923.408778110504
5000,16,uniform,8100,0.0173822605497632,35929.65307862267,35923.408778110504
5000,16,uniform,8200,0.0215385525011462,35931.14616037038,35923.408778110504
5000,16,uniform,8300,0.0249947607961169,35932.387748204404,35923.408778110504
5000,16,uniform,8400,0.0279863560930197,35933.4624312119,35923.408778110504
5000,16,uniform,8500,0.025271839760715,35932.487284413495,35923.408778110504
5000,16,uniform,8600,0.0262351457888691,35932.83333677577,35923.408778110504
5000,16,uniform,8700,0.0292745087685118,35933.9251795632,35923.408778110504
5000,16,uniform,8800,0.0299526611241598,35934.16879500606,35923.408778110504
5000,16,uniform,8900,0.0291492865208971,35933.88019546331,35923.408778110504
5000,16,uniform,9000,0.0280531996792492,35933.48644370662,35923.408778110504
5000,16,uniform,9100,0.0285950235705454,35933.68108531795,35923.408778110504
5000,16,uniform,9200,0.0308367547868394,35934.486391586484,35923.408778110504
5000,16,uniform,9300,0.0324101540161402,35935.05161022334,35923.408778110504
5000,16,uniform,9400,0.0324716448792152,35935.07369983744,35923.408778110504
5000,16,uniform,9500,0.0339497368400614,35935.60468085465,35923.408778110504
5000,16,uniform,9600,0.0326493579350503,35935.13754042494,35923.408778110504
5000,16,uniform,9700,0.0354003298656971,35936.12578331696,35923.408778110504
5000,16,uniform,9800,0.03591727890696,35936.311489034226,35923.408778110504
5000,16,uniform,9900,0.0382698204695258,35937.15660215642,35923.408778110504
5000,16,uniform,10000,0.0393772506761623,35937.55442883648,35923.408778110504
5000,17,uniform,0,47.35269689507042,52391.21573402257,35554.975808369665
5000,17,uniform,100,4.633276767373178,37202.33624214401,35554.975808369665
5000,17,uniform,200,2.5668595395882536,36467.6220967051,35554.975808369665
5000,17,uniform,300,0.8917096296667338,35872.022951478575,35554.975808369665
5000,17,uniform,400,0.2694103919529199,35650.76460805376,35554.975808369665
5000,17,uniform,500,0.1481209599044006,35607.6401798308,35554.975808369665
5000,17,uniform,600,0.1283439052308499,35600.60845282601,35554.975808369665
5000,17,uniform,700,0.1129647320050517,35595.14039150605,35554.975808369665
5000,17,uniform,800,0.1022896448940227,35591.3448668662,35554.975808369665
5000,17,uniform,900,0.0934429574198006,35588.1994292749,35554.975808369665
5000,17,uniform,1000,0.0853655984315564,35585.327526240675,35554.975808369665
5000,17,uniform,1100,0.0787107029670864,35582.96137976821,35554.975808369665
5000,17,uniform,1200,0.0721658352071938,35580.63435361949,35554.975808369665
5000,17,uniform,1300,0.0662456193304756,35578.52942229672,35554.975808369665
5000,17,uniform,1400,0.0616178312455581,35576.884013362665,35554.975808369665
5000,17,uniform,1500,0.0570129647025757,35575.2467541773,35554.975808369665
5000,17,uniform,1600,0.0530674963728754,35573.84394386715,35554.975808369665
5000,17,uniform,1700,0.0489917565415901,35572.39481555612,35554.975808369665
5000,17,uniform,1800,0.045228754909609,35571.0568812362,35554.975808369665
5000,17,uniform,1900,0.0415636698583537,35569.75376113287,35554.975808369665
5000,17,uniform,2000,0.038374963858834,35568.620017486144,35554.975808369665
5000,17,uniform,2100,0.0353114678560097,35567.53079222345,35554.975808369665
5000,17,uniform,2200,0.0320497566299945,35566.3710915861,35554.975808369665
5000,17,uniform,2300,0.0289962282434667,35565.28541030697,35554.975808369665
5000,17,uniform,2400,0.0254672108374314,35564.03066902198,35554.975808369665
5000,17,uniform,2500,0.0222236268791677,35562.877413530296,35554.975808369665
5000,17,uniform,2600,0.0195058206187044,35561.91109817187,35554.975808369665
5000,17,uniform,2700,0.0169397875437617,35560.99874573284,35554.975808369665
5000,17,uniform,2800,0.014832637269809,35560.24954896269,35554.975808369665
5000,17,uniform,2900,0.0129406721987145,35559.57686123936,35554.975808369665
5000,17,uniform,3000,0.0112941058294693,35558.991424965105,35554.975808369665
5000,17,uniform,3100,0.0098859170764466,35558.49074379463,35554.975808369665
5000,17,uniform,3200,0.0087790136138622,35558.09718453629,35554.975808369665
5000,17,uniform,3300,0.0081930092206119,35557.88883081603,35554.975808369665
5000,17,uniform,3400,0.0076178109059795,35557.68431919441,35554.975808369665
5000,17,uniform,3500,0.0071855373575641,35557.53062443885,35554.975808369665
5000,17,uniform,3600,0.0068123978491424,35557.3979547769,35554.975808369665
5000,17,uniform,3700,0.0064336139994903,35557.26327827079,35554.975808369665
5000,17,uniform,3800,0.0062092528958614,35557.18350673467,35554.975808369665
5000,17,uniform,3900,0.0059342042260672,35557.08571324666,35554.975808369665
5000,17,uniform,4000,0.0057202815600819,35557.00965309452,35554.975808369665
5000,17,uniform,4100,0.0056005983814605,35556.96709976932,35554.975808369665
5000,17,uniform,4200,0.0054268057009336,35556.9053078238,35554.975808369665
5000,17,uniform,4300,0.0053594246914265,35556.88135052217,35554.975808369665
5000,17,uniform,4400,0.0052548391045743,35556.844165142065,35554.975808369665
5000,17,uniform,4500,0.0051819647512912,35556.818254683385,35554.975808369665
5000,17,uniform,4600,0.0052087966225357,35556.827794748715,35554.975808369665
5000,17,uniform,4700,0.0052673980265853,35556.84863046375,35554.975808369665
5000,17,uniform,4800,0.0053808373568916,35556.8889637902,35554.975808369665
5000,17,uniform,4900,0.0054722380202604,35556.921461273945,35554.975808369665
5000,17,uniform,5000,0.0055486009441675,35556.94861209307,35554.975808369665
5000,17,uniform,5100,0.0056346641954861,35556.97921186125,35554.975808369665
5000,17,uniform,5200,0.005713544379322,35557.00725769153,35554.975808369665
5000,17,uniform,5300,0.0057735553462165,35557.028594576295,35554.975808369665
5000,17,uniform,5400,0.0058289185511516,35557.04827895042,35554.975808369665
5000,17,uniform,5500,0.0058825297490354,35557.067340398855,35554.975808369665
5000,17,uniform,5600,0.005931217188924,35557.08465120633,35554.975808369665
5000,17,uniform,5700,0.0059722748857624,35557.09924926051,35554.975808369665
5000,17,uniform,5800,0.006013470298042,35557.11389627938,35554.975808369665
5000,17,uniform,5900,0.0057317693344272,35557.01373756991,35554.975808369665
5000,17,uniform,6000,0.005463669245124,35556.91841464802,35554.975808369665
5000,17,uniform,6100,0.0051870404376466,35556.82005934244,35554.975808369665
5000,17,uniform,6200,0.0049457573707307,35556.73427120637,35554.975808369665
5000,17,uniform,6300,0.0046995117481281,35556.64671863482,35554.975808369665
5000,17,uniform,6400,0.0044003015770906,35556.540334530895,35554.975808369665
5000,17,uniform,6500,0.0041233105851504,35556.44185045072,35554.975808369665
5000,17,uniform,6600,0.0038261286789546,35556.336187495865,35554.975808369665
5000,17,uniform,6700,0.0034959029181293,35556.21877580649,35554.975808369665
5000,17,uniform,6800,0.0031222207606024,35556.08591320578,35554.975808369665
5000,17,uniform,6900,0.0027606760252087,35555.957366062576,35554.975808369665
5000,17,uniform,7000,0.0024219604785333,35555.836935831896,35554.975808369665
5000,17,uniform,7100,0.002095692534834,35555.72093134344,35554.975808369665
5000,17,uniform,7200,0.0017692429577542,35555.604862275286,35554.975808369665
5000,17,uniform,7300,0.0014819204959935,35555.502704843515,35554.975808369665
5000,17,uniform,7400,0.0012139956960985,35555.40744424573,35554.975808369665
5000,17,uniform,7500,0.0009395964791731,35555.30988167053,35554.975808369665
5000,17,uniform,7600,0.0006761193149406,35555.21620242853,35554.975808369665
5000,17,uniform,7700,0.0004480058085756,35555.135096726524,35554.975808369665
5000,17,uniform,7800,0.0002984743776126,35555.08193086242,35554.975808369665
5000,17,uniform,7900,0.00015057428597,35555.029345020615,35554.975808369665
5000,17,uniform,8000,1.5587152848582222e-05,35554.98135037809,35554.975808369665
5000,17,uniform,8100,0.0003543159063732,35555.10178530446,35554.975808369665
5000,17,uniform,8200,0.0007066956629004,35555.22707384165,35554.975808369665
5000,17,uniform,8300,0.001063152580921,35555.35381201262,35554.975808369665
5000,17,uniform,8400,0.0014102505221832,35555.477222601665,35554.975808369665
5000,17,uniform,8500,0.0017087950204091,35555.583370025786,35554.975808369665
5000,17,uniform,8600,0.0020421040527079,35555.70187797159,35554.975808369665
5000,17,uniform,8700,0.002348560490724,35555.81083848399,35554.975808369665
5000,17,uniform,8800,0.002642298878307,35555.91527709663,35554.975808369665
5000,17,uniform,8900,0.0029508251677058,35556.02497354419,35554.975808369665
5000,17,uniform,9000,0.0032124871165916,35556.118007386816,35554.975808369665
5000,17,uniform,9100,0.0035035365275592,35556.22148993448,35554.975808369665
5000,17,uniform,9200,0.0037635493771661,35556.31393744025,35554.975808369665
5000,17,uniform,9300,0.0040422782376659,35556.413039419174,35554.975808369665
5000,17,uniform,9400,0.0042854241205219,35556.499489879,35554.975808369665
5000,17,uniform,9500,0.0042763045539758,35556.49624741932,35554.975808369665
5000,17,uniform,9600,0.0047315274632646,35556.658101814595,35554.975808369665
5000,17,uniform,9700,0.0051568135631218,35556.80931218452,35554.975808369665
5000,17,uniform,9800,0.005592569177199,35556.964244987685,35554.975808369665
5000,17,uniform,9900,0.0059818321927977,35557.10264735871,35554.975808369665
5000,17,uniform,10000,0.0063939508967413,35557.2491760642,35554.975808369665
5000,18,uniform,0,34.13162822933421,40432.55207736479,30143.935931527223
5000,18,uniform,100,8.080782510390017,32579.801834225247,30143.935931527223
5000,18,uniform,200,3.7685017326047534,31279.910679382094,30143.935931527223
5000,18,uniform,300,0.998932230708709,30445.053423151432,30143.935931527223
5000,18,uniform,400,0.2332074962169172,30214.23384977437,30143.935931527223
5000,18,uniform,500,0.1141985618237151,30178.35987283809,30143.935931527223
5000,18,uniform,600,0.0869900355952911,30170.15815212388,30143.935931527223
5000,18,uniform,700,0.0516691635371173,30159.511051080208,30143.935931527223
5000,18,uniform,800,0.0502944799454666,30159.09666733908,30143.935931527223
5000,18,uniform,900,0.0397908393125623,30155.93045663622,30143.935931527223
5000,18,uniform,1000,0.0266949760962805,30151.982848018622,30143.935931527223
5000,18,uniform,1100,0.0291573111246357,30152.72509271199,30143.935931527223
5000,18,uniform,1200,0.0278684569258422,30152.33658132805,30143.935931527223
5000,18,uniform,1300,0.0280243779044175,30152.38358204794,30143.935931527223
5000,18,uniform,1400,0.0255865635617052,30151.648728854343,30143.935931527223
5000,18,uniform,1500,0.0279433744231054,30152.35916441043,30143.935931527223
5000,18,uniform,1600,0.0264002256640874,30151.893998637184,30143.935931527223
5000,18,uniform,1700,0.0229124133352786,30150.842634723376,30143.935931527223
5000,18,uniform,1800,0.0154707661999653,30148.599429378657,30143.935931527223
5000,18,uniform,1900,0.0177880466033212,30149.2979488988,30143.935931527223
5000,18,uniform,2000,0.0177041717400334,30149.272665713743,30143.935931527223
5000,18,uniform,2100,0.0143478505650433,30148.2609384091,30143.935931527223
5000,18,uniform,2200,0.0165222068730108,30148.91637498149,30143.935931527223
5000,18,uniform,2300,0.0159288158598106,30148.73750357465,30143.935931527223
5000,18,uniform,2400,0.0181018615104497,30149.392545063347,30143.935931527223
5000,18,uniform,2500,0.0117559135927792,30147.4796265888,30143.935931527223
5000,18,uniform,2600,0.0208039886836293,30150.20707254722,30143.935931527223
5000,18,uniform,2700,0.0082737912310989,30146.42997785504,30143.935931527223
5000,18,uniform,2800,0.0191345155157672,30149.703827625104,30143.935931527223
5000,18,uniform,2900,0.015064328612406,30148.47691309266,30143.935931527223
5000,18,uniform,3000,0.0102724707837049,30147.032458538848,30143.935931527223
5000,18,uniform,3100,0.0086505006067113,30146.543532887867,30143.935931527223
5000,18,uniform,3200,0.0103257272282359,30147.048512127367,30143.935931527223
5000,18,uniform,3300,0.01014209593097,30146.99315842677,30143.935931527223
5000,18,uniform,3400,0.0219630329039275,30150.556454094403,30143.935931527223
5000,18,uniform,3500,0.0135663338309491,30148.02535850548,30143.935931527223
5000,18,uniform,3600,0.0092080902737781,30146.711612359868,30143.935931527223
5000,18,uniform,3700,0.0078385721136058,30146.29878568309,30143.935931527223
5000,18,uniform,3800,0.0085160965013935,30146.50301820047,30143.935931527223
5000,18,uniform,3900,0.0059067817403114,30145.71646803064,30143.935931527223
5000,18,uniform,4000,0.0075110403392995,30146.200054714893,30143.935931527223
5000,18,uniform,4100,0.0069639993995086,30146.035155044483,30143.935931527223
5000,18,uniform,4200,0.0089960807355013,30146.64770434048,30143.935931527223
5000,18,uniform,4300,0.0063482941028972,30145.849557234345,30143.935931527223
5000,18,uniform,4400,0.0068515881009666,30146.00126985467,30143.935931527223
5000,18,uniform,4500,0.0071944593003055,30146.104624729327,30143.935931527223
5000,18,uniform,4600,0.0252032267214432,30151.533176042813,30143.935931527223
5000,18,uniform,4700,0.0241460162952304,30151.21449120928,30143.935931527223
5000,18,uniform,4800,0.0234798053799554,30151.013669017804,30143.935931527223
5000,18,uniform,4900,0.018177809655008,30149.415438823384,30143.935931527223
5000,18,uniform,5000,0.0178864238747437,30149.327603680467,30143.935931527223
5000,18,uniform,5100,0.0221292456867187,30150.60655716916,30143.935931527223
5000,18,uniform,5200,0.0226904712934504,30150.77573265648,30143.935931527223
5000,18,uniform,5300,0.0295726015289142,30152.850277585385,30143.935931527223
5000,18,uniform,5400,0.036026477071674,30154.79572969409,30143.935931527223
5000,18,uniform,5500,0.0345969252976182,30154.364806523216,30143.935931527223
5000,18,uniform,5600,0.0319508653158811,30153.56717989761,30143.935931527223
5000,18,uniform,5700,0.0325410215430377,30153.74507621262,30143.935931527223
5000,18,uniform,5800,0.0342775293819752,30154.26852802304,30143.935931527223
5000,18,uniform,5900,0.0363606207876247,30154.89645376175,30143.935931527223
5000,18,uniform,6000,0.0392863502412732,30155.778383773788,30143.935931527223
5000,18,uniform,6100,0.0414534057868393,30156.431619609044,30143.935931527223
5000,18,uniform,6200,0.0390591124005669,30155.70988534468,30143.935931527223
5000,18,uniform,6300,0.0384647343052621,30155.53071639244,30143.935931527223
5000,18,uniform,6400,0.0386493637563541,30155.58637097588,30143.935931527223
5000,18,uniform,6500,0.0386543573860181,30155.587876252408,30143.935931527223
5000,18,uniform,6600,0.0417219551406727,30156.512570954208,30143.935931527223
5000,18,uniform,6700,0.040389709227711,30156.110979599755,30143.935931527223
5000,18,uniform,6800,0.0396823662272815,30155.89775857889,30143.935931527223
5000,18,uniform,6900,0.0420650231866188,30156.61598516618,30143.935931527223
5000,18,uniform,7000,0.0419311338365312,30156.57562564627,30143.935931527223
5000,18,uniform,7100,0.0503935413228307,30159.126528337205,30143.935931527223
5000,18,uniform,7200,0.0511417802197901,30159.35207699092,30143.935931527223
5000,18,uniform,7300,0.053160917302943,30159.960724379634,30143.935931527223
5000,18,uniform,7400,0.0557589591701965,30160.743876455574,30143.935931527223
5000,18,uniform,7500,0.0538307007895378,30160.16262348472,30143.935931527223
5000,18,uniform,7600,0.0517870439306851,30159.54658487052,30143.935931527223
5000,18,uniform,7700,0.046988515713257,30158.100119599003,30143.935931527223
5000,18,uniform,7800,0.0418222428608755,30156.542801620333,30143.935931527223
5000,18,uniform,7900,0.0410362267762184,30156.305865435363,30143.935931527223
5000,18,uniform,8000,0.0403279938308456,30156.092376150064,30143.935931527223
5000,18,uniform,8100,0.0397602726393125,30155.92124263781,30143.935931527223
5000,18,uniform,8200,0.0382440361398857,30155.46418927886,30143.935931527223
5000,18,uniform,8300,0.0396191751988824,30155.878710315774,30143.935931527223
5000,18,uniform,8400,0.0418243316330173,30156.54343125847,30143.935931527223
5000,18,uniform,8500,0.0444982377273269,30157.349451798407,30143.935931527223
5000,18,uniform,8600,0.0477575195559603,30158.33192762466,30143.935931527223
5000,18,uniform,8700,0.0460127901807954,30157.80599751963,30143.935931527223
5000,18,uniform,8800,0.0435791810196352,30157.072411933263,30143.935931527223
5000,18,uniform,8900,0.0422334590710789,30156.66675837128,30143.935931527223
5000,18,uniform,9000,0.040811667715729,30156.23817449604,30143.935931527223
5000,18,uniform,9100,0.0405043097862834,30156.145524718708,30143.935931527223
5000,18,uniform,9200,0.040870318427983,30156.25585412917,30143.935931527223
5000,18,uniform,9300,0.0392699227044958,30155.773431867627,30143.935931527223
5000,18,uniform,9400,0.0390081762703918,30155.694531190227,30143.935931527223
5000,18,uniform,9500,0.0390178149968149,30155.697436681745,30143.935931527223
5000,18,uniform,9600,0.0404395673914699,30156.12600881269,30143.935931527223
5000,18,uniform,9700,0.0419347585034947,30156.57671826356,30143.935931527223
5000,18,uniform,9800,0.0417587686896036,30156.52366800681,30143.935931527223
5000,18,uniform,9900,0.0444367168834741,30157.33090699465,30143.935931527223
5000,18,uniform,10000,0.0445632093077494,30157.369036789984,30143.935931527223
5000,19,uniform,0,51.72585131667032,57867.96146566841,38139.81662550763
5000,19,uniform,100,4.336975064134582,39793.93096206255,38139.81662550763
5000,19,uniform,200,2.732903991514638,39182.14119642249,38139.81662550763
5000,19,uniform,300,0.8584589459036234,38467.231293280536,38139.81662550763
5000,19,uniform,400,0.1339028170876376,38190.88691440124,38139.81662550763
5000,19,uniform,500,0.047541922360161,38157.94902751604,38139.81662550763
5000,19,uniform,600,0.0335483406315718,38152.61190110541,38139.81662550763
5000,19,uniform,700,0.0296203303904398,38151.11376520241,38139.81662550763
5000,19,uniform,800,0.0269861697235186,38150.10910115443,38139.81662550763
5000,19,uniform,900,0.0228148222512474,38148.51815687769,38139.81662550763
5000,19,uniform,1000,0.0145514462312351,38145.36652041658,38139.81662550763
5000,19,uniform,1100,0.0117587995298311,38144.30141008567,38139.81662550763
5000,19,uniform,1200,0.0050031797781845,38141.72482910047,38139.81662550763
5000,19,uniform,1300,0.0044856379582549,38141.52743959939,38139.81662550763
5000,19,uniform,1400,0.0036464500881811,38141.2073748846,38139.81662550763
5000,19,uniform,1500,0.002925688125612,38140.93247759377,38139.81662550763
5000,19,uniform,1600,0.0022938253736902,38140.69148629886,38139.81662550763
5000,19,uniform,1700,0.0017092897928833,38140.46854550023,38139.81662550763
5000,19,uniform,1800,0.0018567228009104,38140.52477617914,38139.81662550763
5000,19,uniform,1900,0.002484063211905,38140.76404266151,38139.81662550763
5000,19,uniform,2000,0.0027680511375793,38140.8723551356,38139.81662550763
5000,19,uniform,2100,0.0021801515510622,38140.64813131136,38139.81662550763
5000,19,uniform,2200,0.0025095806458801,38140.77377496404,38139.81662550763
5000,19,uniform,2300,0.002651408357981,38140.82786779336,38139.81662550763
5000,19,uniform,2400,0.0034053116186615,38141.11540511451,38139.81662550763
5000,19,uniform,2500,0.0030387471141793,38140.97559808469,38139.81662550763
5000,19,uniform,2600,0.0028100353263991,38140.88836782823,38139.81662550763
5000,19,uniform,2700,0.0026261542413385,38140.81823591958,38139.81662550763
5000,19,uniform,2800,0.0024243054412702,38140.74125115737,38139.81662550763
5000,19,uniform,2900,0.0022426682583048,38140.671975068864,38139.81662550763
5000,19,uniform,3000,0.0020938114986594,38140.6152013737,38139.81662550763
5000,19,uniform,3100,0.0019259565522832,38140.55118180496,38139.81662550763
5000,19,uniform,3200,0.0022281277982532,38140.666429364064,38139.81662550763
5000,19,uniform,3300,0.0025030900500981,38140.77129946271,38139.81662550763
5000,19,uniform,3400,0.0015415568091408,38140.40457244781,38139.81662550763
5000,19,uniform,3500,0.0011652786569609,38140.26106065057,38139.81662550763
5000,19,uniform,3600,0.0007891651960722,38140.11761166628,38139.81662550763
5000,19,uniform,3700,0.0004201702840948,38139.9768776835,38139.81662550763
5000,19,uniform,3800,7.493452417499671e-05,38139.84520539774,38139.81662550763
5000,19,uniform,3900,0.0003913525776596,38139.96588666311,38139.81662550763
5000,19,uniform,4000,0.0027645827153088,38140.87103228571,38139.81662550763
5000,19,uniform,4100,0.0049225218784909,38141.69406632544,38139.81662550763
5000,19,uniform,4200,0.0069961917707966,38142.48496021978,38139.81662550763
5000,19,uniform,4300,0.0089381017656511,38143.22560113085,38139.81662550763
5000,19,uniform,4400,0.0107117838407398,38143.90208022181,38139.81662550763
5000,19,uniform,4500,0.0124313077135173,38144.55790347372,38139.81662550763
5000,19,uniform,4600,0.0135400007306466,38144.98075695739,38139.81662550763
5000,19,uniform,4700,0.0180288692515531,38146.69280317982,38139.81662550763
5000,19,uniform,4800,0.0222659188241885,38148.30880611716,38139.81662550763
5000,19,uniform,4900,0.0240761542170191,38148.99922657648,38139.81662550763
5000,19,uniform,5000,0.025532153224344,38149.55454192794,38139.81662550763
5000,19,uniform,5100,0.0243846403372545,38149.11688261705,38139.81662550763
5000,19,uniform,5200,0.0234098313166379,38148.745092244135,38139.81662550763
5000,19,uniform,5300,0.0243389224708307,38149.09944590663,38139.81662550763
5000,19,uniform,5400,0.0252380937853205,38149.44238819712,38139.81662550763
5000,19,uniform,5500,0.0262339403415629,38149.822202247546,38139.81662550763
5000,19,uniform,5600,0.0259416346272133,38149.71071738411,38139.81662550763
5000,19,uniform,5700,0.0244130757388108,38149.12772782706,38139.81662550763
5000,19,uniform,5800,0.0238276517490254,38148.90444819087,38139.81662550763
5000,19,uniform,5900,0.0241727812523639,38149.036079950565,38139.81662550763
5000,19,uniform,6000,0.0244805751536644,38149.153471980106,38139.81662550763
5000,19,uniform,6100,0.0247721175896255,38149.26466573057,38139.81662550763
5000,19,uniform,6200,0.0241231392583523,38149.01714658508,38139.81662550763
5000,19,uniform,6300,0.0225270694776472,38148.408408497504,38139.81662550763
5000,19,uniform,6400,0.021261906402912,38147.92587762079,38139.81662550763
5000,19,uniform,6500,0.0200932008927769,38147.48013548233,38139.81662550763
5000,19,uniform,6600,0.0186517694014747,38146.93037615476,38139.81662550763
5000,19,uniform,6700,0.0171165667937017,38146.34485269533,38139.81662550763
5000,19,uniform,6800,0.0156483667265101,38145.78488388201,38139.81662550763
5000,19,uniform,6900,0.0144083242185462,38145.31193394339,38139.81662550763
5000,19,uniform,7000,0.0156904274012546,38145.80092574623,38139.81662550763
5000,19,uniform,7100,0.0167541806584362,38146.20663928786,38139.81662550763
5000,19,uniform,7200,0.0177176291329227,38146.57409676931,38139.81662550763
5000,19,uniform,7300,0.0186251493651458,38146.92022332172,38139.81662550763
5000,19,uniform,7400,0.0195258745668454,38147.26375826195,38139.81662550763
5000,19,uniform,7500,0.0203620300510541,38147.58266643033,38139.81662550763
5000,19,uniform,7600,0.0211941988261263,38147.90005407516,38139.81662550763
5000,19,uniform,7700,0.0220174160152112,38148.21402760151,38139.81662550763
5000,19,uniform,7800,0.0227866218124195,38148.50740128203,38139.81662550763
5000,19,uniform,7900,0.023289221317357,38148.69909181158,38139.81662550763
5000,19,uniform,8000,0.023794287589569,38148.89172316164,38139.81662550763
5000,19,uniform,8100,0.0236957883146765,38148.854155718815,38139.81662550763
5000,19,uniform,8200,0.0223508974729612,38148.34121681797,38139.81662550763
5000,19,uniform,8300,0.0216880709293014,38148.08841598968,38139.81662550763
5000,19,uniform,8400,0.0210561297902536,38147.84739479806,38139.81662550763
5000,19,uniform,8500,0.0204383690040889,38147.61178196703,38139.81662550763
5000,19,uniform,8600,0.0198534137961475,38147.38868112338,38139.81662550763
5000,19,uniform,8700,0.0192808543716627,38147.17030800881,38139.81662550763
5000,19,uniform,8800,0.0187243406960169,38146.95805471343,38139.81662550763
5000,19,uniform,8900,0.0181832136251938,38146.7516698409,38139.81662550763
5000,19,uniform,9000,0.0176668500320224,38146.55472971335,38139.81662550763
5000,19,uniform,9100,0.0175041335991765,38146.49266996424,38139.81662550763
5000,19,uniform,9200,0.0167948458078734,38146.22214890129,38139.81662550763
5000,19,uniform,9300,0.0159550527625905,38145.90185337378,38139.81662550763
5000,19,uniform,9400,0.0151280950653011,38145.58645322447,38139.81662550763
5000,19,uniform,9500,0.0149300538852165,38145.51092068154,38139.81662550763
5000,19,uniform,9600,0.0138830754726911,38145.111605034894,38139.81662550763
5000,19,uniform,9700,0.0127369960713305,38144.67449245283,38139.81662550763
5000,19,uniform,9800,0.0116727256490905,38144.26858166539,38139.81662550763
5000,19,uniform,9900,0.0106417026859864,38143.875351397895,38139.81662550763
5000,19,uniform,10000,0.0096511063778348,38143.49753978247,38139.81662550763
5000,20,uniform,0,51.30499741003094,58173.934293251965,38448.12483992367
5000,20,uniform,100,4.566985095736454,40204.04497095312,38448.12483992367
5000,20,uniform,200,2.243883336216758,39310.85590629453,38448.12483992367
5000,20,uniform,300,0.5553523483268482,38661.64740410982,38448.12483992367
5000,20,uniform,400,0.0786658171887611,38478.370371522746,38448.12483992367
5000,20,uniform,500,0.0326024031111219,38460.65985257264,38448.12483992367
5000,20,uniform,600,0.0183017314237089,38455.16151246932,38448.12483992367
5000,20,uniform,700,0.0474444520879476,38466.36634209206,38448.12483992367
5000,20,uniform,800,0.0530268837396884,38468.51268238262,38448.12483992367
5000,20,uniform,900,0.0432768938308758,38464.7639940906,38448.12483992367
5000,20,uniform,1000,0.0296391765603918,38459.52054752913,38448.12483992367
5000,20,uniform,1100,0.01269035507336,38453.0040434849,38448.12483992367
5000,20,uniform,1200,0.0086663717104588,38451.456897338,38448.12483992367
5000,20,uniform,1300,0.0113522660133399,38452.48957333264,38448.12483992367
5000,20,uniform,1400,0.0112691349269468,38452.45761098876,38448.12483992367
5000,20,uniform,1500,0.0090260423488947,38451.59518395407,38448.12483992367
5000,20,uniform,1600,0.0138549830295009,38453.4518210954,38448.12483992367
5000,20,uniform,1700,0.0158913296346501,38454.23475818032,38448.12483992367
5000,20,uniform,1800,0.0675436442630331,38474.09410459135,38448.12483992367
5000,20,uniform,1900,0.0957358982648058,38484.93349760514,38448.12483992367
5000,20,uniform,2000,0.0924725300098467,38483.67879370449,38448.12483992367
5000,20,uniform,2100,0.0810272433927734,38479.27829561767,38448.12483992367
5000,20,uniform,2200,0.0713681574057658,38475.56455817899,38448.12483992367
5000,20,uniform,2300,0.085021145659957,38480.81387614734,38448.12483992367
5000,20,uniform,2400,0.0829356961439065,38480.01205991393,38448.12483992367
5000,20,uniform,2500,0.0714161006713136,38475.58299146558,38448.12483992367
5000,20,uniform,2600,0.0788450705913801,38478.439291094764,38448.12483992367
5000,20,uniform,2700,0.0749155058883946,38476.928447152095,38448.12483992367
5000,20,uniform,2800,0.0726345076896708,38476.05144611705,38448.12483992367
5000,20,uniform,2900,0.0695151866157603,38474.8521256564,38448.12483992367
5000,20,uniform,3000,0.0678764791864884,38474.22207337823,38448.12483992367
5000,20,uniform,3100,0.0634058043108137,38472.50318272085,38448.12483992367
5000,20,uniform,3200,0.0499503819994884,38467.32982515285,38448.12483992367
5000,20,uniform,3300,0.0457270659102247,38465.70603931046,38448.12483992367
5000,20,uniform,3400,0.0414147366266401,38464.048029564,38448.12483992367
5000,20,uniform,3500,0.032732935011016,38460.71003964047,38448.12483992367
5000,20,uniform,3600,0.0227606087090416,38456.87586717444,38448.12483992367
5000,20,uniform,3700,0.0191920609409615,38455.5038274736,38448.12483992367
5000,20,uniform,3800,0.0214740750725121,38456.38121911576,38448.12483992367
5000,20,uniform,3900,0.0263938638883156,38458.27278566152,38448.12483992367
5000,20,uniform,4000,0.0305667002843515,38459.87716300844,38448.12483992367
5000,20,uniform,4100,0.0364772333188681,38462.14965212825,38448.12483992367
5000,20,uniform,4200,0.0391677793310506,38463.18411661789,38448.12483992367
5000,20,uniform,4300,0.0355932489673887,38461.80977672123,38448.12483992367
5000,20,uniform,4400,0.0321585383879304,38460.48919490975,38448.12483992367
5000,20,uniform,4500,0.0394061099668504,38463.27575027828,38448.12483992367
5000,20,uniform,4600,0.0349412552639454,38461.55909736818,38448.12483992367
5000,20,uniform,4700,0.0328691941676486,38460.76242873112,38448.12483992367
5000,20,uniform,4800,0.0330731870179088,38460.84086015685,38448.12483992367
5000,20,uniform,4900,0.0351180974178014,38461.62708986027,38448.12483992367
5000,20,uniform,5000,0.0373949891131044,38462.50251202175,38448.12483992367
5000,20,uniform,5100,0.037762270119517,38462.643724681606,38448.12483992367
5000,20,uniform,5200,0.0366521021272631,38462.21688590601,38448.12483992367
5000,20,uniform,5300,0.035081628186932,38461.61306812485,38448.12483992367
5000,20,uniform,5400,0.0309007798619878,38460.00561034151,38448.12483992367
5000,20,uniform,5500,0.0273085890428086,38458.62448033087,38448.12483992367
5000,20,uniform,5600,0.027912840981364,38458.85680387055,38448.12483992367
5000,20,uniform,5700,0.029875157592291,38459.61127781087,38448.12483992367
5000,20,uniform,5800,0.035969684082226,38461.954508964125,38448.12483992367
5000,20,uniform,5900,0.0447560856859688,38465.33271562167,38448.12483992367
5000,20,uniform,6000,0.0478919927935264,38466.53841310125,38448.12483992367
5000,20,uniform,6100,0.0469529460124125,38466.17736722254,38448.12483992367
5000,20,uniform,6200,0.0442369244564262,38465.133107864014,38448.12483992367
5000,20,uniform,6300,0.0408696068373085,38463.83843738206,38448.12483992367
5000,20,uniform,6400,0.0367361578989888,38462.24920377406,38448.12483992367
5000,20,uniform,6500,0.0331569832374372,38460.87307823195,38448.12483992367
5000,20,uniform,6600,0.0296866845120396,38459.53881344569,38448.12483992367
5000,20,uniform,6700,0.0383530171669622,38462.870855843896,38448.12483992367
5000,20,uniform,6800,0.0480182611019452,38466.5869608981,38448.12483992367
5000,20,uniform,6900,0.057178886866825,38470.1090497283,38448.12483992367
5000,20,uniform,7000,0.0671330934978027,38473.9362555206,38448.12483992367
5000,20,uniform,7100,0.0674084500042873,38474.04212493397,38448.12483992367
5000,20,uniform,7200,0.0669443195743151,38473.86367548684,38448.12483992367
5000,20,uniform,7300,0.0665124490292993,38473.69762936054,38448.12483992367
5000,20,uniform,7400,0.0658309954330055,38473.43562323111,38448.12483992367
5000,20,uniform,7500,0.0652069290516816,38473.195681409736,38448.12483992367
5000,20,uniform,7600,0.0644887517177105,38472.9195556918,38448.12483992367
5000,20,uniform,7700,0.0635872698059657,38472.57295280096,38448.12483992367
5000,20,uniform,7800,0.0627865213829477,38472.265080047626,38448.12483992367
5000,20,uniform,7900,0.0605406487462715,38471.40158413253,38448.12483992367
5000,20,uniform,8000,0.0590390035661817,38470.82422971904,38448.12483992367
5000,20,uniform,8100,0.0599520790220915,38471.17529011021,38448.12483992367
5000,20,uniform,8200,0.0585959034746363,38470.653866042674,38448.12483992367
5000,20,uniform,8300,0.0546468615440295,38469.13553347121,38448.12483992367
5000,20,uniform,8400,0.0528738745601361,38468.45385322225,38448.12483992367
5000,20,uniform,8500,0.0514515065831326,38467.90697940677,38448.12483992367
5000,20,uniform,8600,0.0502770035499053,38467.45540501431,38448.12483992367
5000,20,uniform,8700,0.050833594448535,38467.66940377786,38448.12483992367
5000,20,uniform,8800,0.0546299764315905,38469.1290414621,38448.12483992367
5000,20,uniform,8900,0.0568263545545926,38469.97350766479,38448.12483992367
5000,20,uniform,9000,0.0600485768986662,38471.21239173426,38448.12483992367
5000,20,uniform,9100,0.0641933765527016,38472.80598947961,38448.12483992367
5000,20,uniform,9200,0.064252200928044,38472.82860634888,38448.12483992367
5000,20,uniform,9300,0.06382756677095,38472.665342478045,38448.12483992367
5000,20,uniform,9400,0.062805239257211,38472.27227671929,38448.12483992367
5000,20,uniform,9500,0.0613214692619941,38471.70179497919,38448.12483992367
5000,20,uniform,9600,0.0601981807964179,38471.269911627634,38448.12483992367
5000,20,uniform,9700,0.0588667458940067,38470.75799987419,38448.12483992367
5000,20,uniform,9800,0.0579990673260002,38470.42439373516,38448.12483992367
5000,20,uniform,9900,0.0575514111722714,38470.25227833832,38448.12483992367
5000,20,uniform,10000,0.0572198366565259,38470.124794154566,38448.12483992367
10000,1,uniform,0,53.32240571360439,49162.99707308179,32065.10936497752
10000,1,uniform,100,8.024578952589453,34638.19938220429,32065.10936497752
10000,1,uniform,200,3.262946275403454,33111.376656706096,32065.10936497752
10000,1,uniform,300,0.9035186683532196,32354.82361411797,32065.10936497752
10000,1,uniform,400,0.1273925533186273,32105.957926521973,32065.10936497752
10000,1,uniform,500,0.0361512467983026,32076.7013018002,32065.10936497752
10000,1,uniform,600,0.0204797759893191,32071.676227546195,32065.10936497752
10000,1,uniform,700,0.0157281596938472,32070.152616584448,32065.10936497752
10000,1,uniform,800,0.0125306895350073,32069.127344281103,32065.10936497752
10000,1,uniform,900,0.0112068304498782,32068.70284741762,32065.10936497752
10000,1,uniform,1000,0.0142386525635814,32069.67500449413,32065.10936497752
10000,1,uniform,1100,0.0172446698820809,32070.63888723484,32065.10936497752
10000,1,uniform,1200,0.0195297710179688,32071.37160741316,32065.10936497752
10000,1,uniform,1300,0.0215397364776269,32072.016105036,32065.10936497752
10000,1,uniform,1400,0.0201205071506019,32071.561027600143,32065.10936497752
10000,1,uniform,1500,0.0133210240948822,32069.38076592208,32065.10936497752
10000,1,uniform,1600,0.0096597249399608,32068.206766343872,32065.10936497752
10000,1,uniform,1700,0.011980637370812,32068.95096945309,32065.10936497752
10000,1,uniform,1800,0.0132161829515107,32069.347148494795,32065.10936497752
10000,1,uniform,1900,0.0139379581388379,32069.57858649798,32065.10936497752
10000,1,uniform,2000,0.0177516795246802,32070.801460431227,32065.10936497752
10000,1,uniform,2100,0.0163649515219345,32070.35680458055,32065.10936497752
10000,1,uniform,2200,0.0133745146700671,32069.39791773351,32065.10936497752
10000,1,uniform,2300,0.0128190975640231,32069.219822631025,32065.10936497752
10000,1,uniform,2400,0.0120998552774847,32068.989196805247,32065.10936497752
10000,1,uniform,2500,0.0110318250499324,32068.64673174473,32065.10936497752
10000,1,uniform,2600,0.0098745032194092,32068.27563523407,32065.10936497752
10000,1,uniform,2700,0.0097597039836386,32068.23882473357,32065.10936497752
10000,1,uniform,2800,0.0089250097957715,32067.971179129367,32065.10936497752
10000,1,uniform,2900,0.0080872275086959,32067.70254332277,32065.10936497752
10000,1,uniform,3000,0.007462982616337,32067.50237851533,32065.10936497752
10000,1,uniform,3100,0.0068460439789566,32067.304556466544,32065.10936497752
10000,1,uniform,3200,0.0060837924918488,32067.060139693567,32065.10936497752
10000,1,uniform,3300,0.0052796676237756,32066.80229617519,32065.10936497752
10000,1,uniform,3400,0.0045539184474592,32066.569583908087,32065.10936497752
10000,1,uniform,3500,0.0039445300252686,32066.37418284405,32065.10936497752
10000,1,uniform,3600,0.0034290614173033,32066.208897271168,32065.10936497752
10000,1,uniform,3700,0.0031581880365117,32066.122041425377,32065.10936497752
10000,1,uniform,3800,0.0031508929034427,32066.11970223298,32065.10936497752
10000,1,uniform,3900,0.0031419636062484,32066.11683904407,32065.10936497752
10000,1,uniform,4000,0.0021988758173858,32065.81443691316,32065.10936497752
10000,1,uniform,4100,0.001961514913853,32065.73832687985,32065.10936497752
10000,1,uniform,4200,0.0027741089971108,32065.998886061345,32065.10936497752
10000,1,uniform,4300,0.0033832770409861,32066.19421646083,32065.10936497752
10000,1,uniform,4400,0.0039586674743359,32066.37871603256,32065.10936497752
10000,1,uniform,4500,0.0043461295699121,32066.502956177254,32065.10936497752
10000,1,uniform,4600,0.0046862422939569,32066.612013694183,32065.10936497752
10000,1,uniform,4700,0.004878500826734,32066.67366160298,32065.10936497752
10000,1,uniform,4800,0.0050958362070778,32066.743350430377,32065.10936497752
10000,1,uniform,4900,0.0051931371929403,32066.774550097907,32065.10936497752
10000,1,uniform,5000,0.0053117855579622,32066.81259482591,32065.10936497752
10000,1,uniform,5100,0.0046755451760325,32066.60858365162,32065.10936497752
10000,1,uniform,5200,0.0033148886115045,32066.172287636124,32065.10936497752
10000,1,uniform,5300,0.0014407768492263,32065.571351649927,32065.10936497752
10000,1,uniform,5400,0.0013736816826152,32065.54983751137,32065.10936497752
10000,1,uniform,5500,0.0016995265530675,32065.654320025445,32065.10936497752
10000,1,uniform,5600,0.0023830897622285,32065.87350531604,32065.10936497752
10000,1,uniform,5700,0.0022020359791209,32065.81545022248,32065.10936497752
10000,1,uniform,5800,0.0030605934863319,32066.090747626127,32065.10936497752
10000,1,uniform,5900,0.0043647443213064,32066.50892501765,32065.10936497752
10000,1,uniform,6000,0.0059233308653183,32067.00868749753,32065.10936497752
10000,1,uniform,6100,0.0064098151243333,32067.164679207228,32065.10936497752
10000,1,uniform,6200,0.0067249705794225,32067.26573414857,32065.10936497752
10000,1,uniform,6300,0.0069962330278375,32067.35271474932,32065.10936497752
10000,1,uniform,6400,0.0073716025427541,32067.473077394803,32065.10936497752
10000,1,uniform,6500,0.0065295826295895,32067.20308278877,32065.10936497752
10000,1,uniform,6600,0.0053024909438745,32066.80961449774,32065.10936497752
10000,1,uniform,6700,0.0041199171735875,32066.43042092497,32065.10936497752
10000,1,uniform,6800,0.0035111389544502,32066.23521552322,32065.10936497752
10000,1,uniform,6900,0.003426482348514,32066.20807028994,32065.10936497752
10000,1,uniform,7000,0.0036106807108909,32066.267133696285,32065.10936497752
10000,1,uniform,7100,0.0040729646803872,32066.41536555668,32065.10936497752
10000,1,uniform,7200,0.0040220365670862,32066.399035401453,32065.10936497752
10000,1,uniform,7300,0.0025477352836443,32065.92629908255,32065.10936497752
10000,1,uniform,7400,0.001280926973198,32065.52009561236,32065.10936497752
10000,1,uniform,7500,0.000196227439403,32065.172285520566,32065.10936497752
10000,1,uniform,7600,0.0001411240854016,32065.15461656984,32065.10936497752
10000,1,uniform,7700,0.0002597748032852,32065.192662052294,32065.10936497752
10000,1,uniform,7800,0.0003666384151188,32065.2269279863,32065.10936497752
10000,1,uniform,7900,0.0004979025605569,32065.26901797809,32065.10936497752
10000,1,uniform,8000,0.0006857208332086,32065.329242112624,32065.10936497752
10000,1,uniform,8100,0.0008097824434802,32065.36902260364,32065.10936497752
10000,1,uniform,8200,0.0007496770516436,32065.34974974401,32065.10936497752
10000,1,uniform,8300,0.0010967573455594,32065.46104141984,32065.10936497752
10000,1,uniform,8400,0.0015276714028194,32065.59921448357,32065.10936497752
10000,1,uniform,8500,0.0020961846281986,32065.78150887104,32065.10936497752
10000,1,uniform,8600,0.0028258598791667,32066.01548003828,32065.10936497752
10000,1,uniform,8700,0.0028855093713219,32066.03460671317,32065.10936497752
10000,1,uniform,8800,0.0028673906771533,32066.028796934068,32065.10936497752
10000,1,uniform,8900,0.0028232326677209,32066.01463762005,32065.10936497752
10000,1,uniform,9000,0.002069784001367,32065.77304348117,32065.10936497752
10000,1,uniform,9100,0.0012764397351441,32065.51865677457,32065.10936497752
10000,1,uniform,9200,0.0004657489968887,32065.258707902736,32065.10936497752
10000,1,uniform,9300,0.0002151696424453,32065.178359358688,32065.10936497752
10000,1,uniform,9400,0.0001157176920048,32065.146469982014,32065.10936497752
10000,1,uniform,9500,0.0008782185343493,32065.39096671102,32065.10936497752
10000,1,uniform,9600,0.0003344704298665,32065.216613286648,32065.10936497752
10000,1,uniform,9700,0.0004493020190202,32065.25343416129,32065.10936497752
10000,1,uniform,9800,0.0006829382731209,32065.32834988169,32065.10936497752
10000,1,uniform,9900,0.0008798933036481,32065.391503727627,32065.10936497752
10000,1,uniform,10000,0.0009333925508418,32065.40865831975,32065.10936497752
10000,2,uniform,0,56.84633697589695,49547.6492719981,31589.930773845383
10000,2,uniform,100,6.103110982151468,33517.89930815799,31589.930773845383
10000,2,uniform,200,2.959810558458288,32524.93288029933,31589.930773845383
10000,2,uniform,300,0.7239003658825383,31818.610398299294,31589.930773845383
10000,2,uniform,400,0.1159055685700051,31626.545262719683,31589.930773845383
10000,2,uniform,500,0.0413389428455648,31602.98971727294,31589.930773845383
10000,2,uniform,600,0.0335207521560217,31600.519956246342,31589.930773845383
10000,2,uniform,700,0.0271590434552787,31598.510296871747,31589.930773845383
10000,2,uniform,800,0.0214037664017843,31596.692208834706,31589.930773845383
10000,2,uniform,900,0.0190871984071986,31595.960406608887,31589.930773845383
10000,2,uniform,1000,0.0176531518674809,31595.507392299725,31589.930773845383
10000,2,uniform,1100,0.0141879191667217,31594.412727688403,31589.930773845383
10000,2,uniform,1200,0.0113680646049536,31593.521937584417,31589.930773845383
10000,2,uniform,1300,0.0136739886808448,31594.25037740369,31589.930773845383
10000,2,uniform,1400,0.0151731971183611,31594.723976311256,31589.930773845383
10000,2,uniform,1500,0.010700704390796,31593.31111895476,31589.930773845383
10000,2,uniform,1600,0.0066786395457163,31592.04055145452,31589.930773845383
10000,2,uniform,1700,0.0063634396337202,31591.94098002052,31589.930773845383
10000,2,uniform,1800,0.0079844662678168,31592.45306121205,31589.930773845383
10000,2,uniform,1900,0.0086970814219049,31592.67817584591,31589.930773845383
10000,2,uniform,2000,0.0078975740090111,31592.42561200765,31589.930773845383
10000,2,uniform,2100,0.011289032095284,31593.496971269324,31589.930773845383
10000,2,uniform,2200,0.0274385816268776,31598.59860278664,31589.930773845383
10000,2,uniform,2300,0.0272083062364806,31598.525858950223,31589.930773845383
10000,2,uniform,2400,0.0213386342204412,31596.671633623708,31589.930773845383
10000,2,uniform,2500,0.0269036623846698,31598.429622168333,31589.930773845383
10000,2,uniform,2600,0.0305255686458807,31599.573779848943,31589.930773845383
10000,2,uniform,2700,0.0180440402238528,31595.630873660903,31589.930773845383
10000,2,uniform,2800,0.0263283203271354,31598.247872010645,31589.930773845383
10000,2,uniform,2900,0.0275464744213871,31598.632686045738,31589.930773845383
10000,2,uniform,3000,0.0190376544258104,31595.944755699464,31589.930773845383
10000,2,uniform,3100,0.0133480053350655,31594.147399490423,31589.930773845383
10000,2,uniform,3200,0.0087220313910427,31592.68605752389,31589.930773845383
10000,2,uniform,3300,0.005969496439489,31591.816533638168,31589.930773845383
10000,2,uniform,3400,0.0128428893259744,31593.987833692823,31589.930773845383
10000,2,uniform,3500,0.0213470353474416,31596.67428753391,31589.930773845383
10000,2,uniform,3600,0.0309246936799857,31599.69986317092,31589.930773845383
10000,2,uniform,3700,0.0370798903835903,31601.64428554858,31589.930773845383
10000,2,uniform,3800,0.031337234818903,31599.830184631115,31589.930773845383
10000,2,uniform,3900,0.0253877909505994,31597.95075943169,31589.930773845383
10000,2,uniform,4000,0.0208411510303333,31596.51447902834,31589.930773845383
10000,2,uniform,4100,0.0144560207664409,31594.49742079816,31589.930773845383
10000,2,uniform,4200,0.0095784030559271,31592.95658474,31589.930773845383
10000,2,uniform,4300,0.0047656501008012,31591.43623941316,31589.930773845383
10000,2,uniform,4400,0.0015611175686794,31590.42392980463,31589.930773845383
10000,2,uniform,4500,0.0019028300278526,31590.53187653393,31589.930773845383
10000,2,uniform,4600,0.0017831233393672,31590.494061273905,31589.930773845383
10000,2,uniform,4700,0.0011670405909911,31590.299441160183,31589.930773845383
10000,2,uniform,4800,0.0019940803563643,31590.560702449537,31589.930773845383
10000,2,uniform,4900,0.0026574652864912,31590.770265289728,31589.930773845383
10000,2,uniform,5000,0.0009417131891806,31590.228260389937,31589.930773845383
10000,2,uniform,5100,0.0009482589753764,31590.230328199264,31589.930773845383
10000,2,uniform,5200,0.0011658891928087,31590.29907743429,31589.930773845383
10000,2,uniform,5300,0.0012215916345237,31590.31667379707,31589.930773845383
10000,2,uniform,5400,0.0014145976478817,31590.37764426308,31589.930773845383
10000,2,uniform,5500,0.0022645136733376,31590.64613214716,31589.930773845383
10000,2,uniform,5600,0.002763769805957,31590.80384681384,31589.930773845383
10000,2,uniform,5700,0.0024146043000401,31590.69354567223,31589.930773845383
10000,2,uniform,5800,0.0017264670970384,31590.47616360617,31589.930773845383
10000,2,uniform,5900,0.0010342130044627,31590.25748101755,31589.930773845383
10000,2,uniform,6000,0.0058179020655308,31591.768645080378,31589.930773845383
10000,2,uniform,6100,0.0082655967151277,31592.54187012574,31589.930773845383
10000,2,uniform,6200,0.0118162961031434,31593.6635336044,31589.930773845383
10000,2,uniform,6300,0.0100748210883618,31593.11340285279,31589.930773845383
10000,2,uniform,6400,0.0068387270076794,31592.091122972924,31589.930773845383
10000,2,uniform,6500,0.0037542251274683,31591.116730964248,31589.930773845383
10000,2,uniform,6600,0.0016580163187964,31590.45454005272,31589.930773845383
10000,2,uniform,6700,0.0013676256895421,31590.36280585396,31589.930773845383
10000,2,uniform,6800,0.0016703395115972,31590.458432940788,31589.930773845383
10000,2,uniform,6900,0.0019606522022994,31590.55014251881,31589.930773845383
10000,2,uniform,7000,0.0022700052726648,31590.647866939584,31589.930773845383
10000,2,uniform,7100,0.0025926019426859,31590.74977500432,31589.930773845383
10000,2,uniform,7200,0.0029100528859267,31590.850057537533,31589.930773845383
10000,2,uniform,7300,0.0032195459410599,31590.9478261794,31589.930773845383
10000,2,uniform,7400,0.0033297850905782,31590.982650650418,31589.930773845383
10000,2,uniform,7500,0.0032578700688611,31590.95993274484,31589.930773845383
10000,2,uniform,7600,0.0031582066772054,31590.92844914841,31589.930773845383
10000,2,uniform,7700,0.0030426588867802,31590.891947681404,31589.930773845383
10000,2,uniform,7800,0.002432119819871,31590.69907881282,31589.930773845383
10000,2,uniform,7900,0.0018506314948969,31590.515387053503,31589.930773845383
10000,2,uniform,8000,0.004636078521066,31591.39530784081,31589.930773845383
10000,2,uniform,8100,0.008428845536228,31592.593440315315,31589.930773845383
10000,2,uniform,8200,0.0107533668177491,31593.32775497897,31589.930773845383
10000,2,uniform,8300,0.0129328320111054,31594.016246524792,31589.930773845383
10000,2,uniform,8400,0.0148849482193479,31594.6329186836,31589.930773845383
10000,2,uniform,8500,0.0132948305240698,31594.13060160444,31589.930773845383
10000,2,uniform,8600,0.0108222585842035,31593.349517840303,31589.930773845383
10000,2,uniform,8700,0.0105540771374345,31593.26479950692,31589.930773845383
10000,2,uniform,8800,0.0105205704977607,31593.254214782643,31589.930773845383
10000,2,uniform,8900,0.0096969046177259,31592.99401930133,31589.930773845383
10000,2,uniform,9000,0.0139199217430513,31594.32806748779,31589.930773845383
10000,2,uniform,9100,0.0152673584117293,31594.753721798646,31589.930773845383
10000,2,uniform,9200,0.0151860424063145,31594.728034128828,31589.930773845383
10000,2,uniform,9300,0.0125696904369369,31593.9015303529,31589.930773845383
10000,2,uniform,9400,0.0108100578579339,31593.34566363932,31589.930773845383
10000,2,uniform,9500,0.0104822515492366,31593.24210985333,31589.930773845383
10000,2,uniform,9600,0.0092942540764369,31592.86682227408,31589.930773845383
10000,2,uniform,9700,0.0085745199110367,31592.639458749472,31589.930773845383
10000,2,uniform,9800,0.006335226897295,31591.932067636608,31589.930773845383
10000,2,uniform,9900,0.0062653986155124,31591.91000893073,31589.930773845383
10000,2,uniform,10000,0.0070627841220953,31592.161902460262,31589.930773845383
10000,3,uniform,0,56.22836263277552,57757.05766405206,36969.63642883054
10000,3,uniform,100,6.589654881564052,39405.807880459455,36969.63642883054
10000,3,uniform,200,2.7460979287071288,37984.85884905321,36969.63642883054
10000,3,uniform,300,0.7712855050038586,37254.77787585874,36969.63642883054
10000,3,uniform,400,0.1098291574416686,37010.23986902957,36969.63642883054
10000,3,uniform,500,0.0470787010603908,36987.041253447984,36969.63642883054
10000,3,uniform,600,0.0410032488315982,36984.79518084759,36969.63642883054
10000,3,uniform,700,0.0325570581545735,36981.67265486221,36969.63642883054
10000,3,uniform,800,0.0287501700026422,36980.26526215319,36969.63642883054
10000,3,uniform,900,0.0182977411317413,36976.40103720164,36969.63642883054
10000,3,uniform,1000,0.0120018566926505,36974.07347161452,36969.63642883054
10000,3,uniform,1100,0.0326571522346931,36981.70965927972,36969.63642883054
10000,3,uniform,1200,0.0273967643521876,36979.76491300481,36969.63642883054
10000,3,uniform,1300,0.0243366346707772,36978.63359418734,36969.63642883054
10000,3,uniform,1400,0.0284034818680197,36980.13709281028,36969.63642883054
10000,3,uniform,1500,0.0272422807546418,36979.70780098045,36969.63642883054
10000,3,uniform,1600,0.0248928777386243,36978.839235227184,36969.63642883054
10000,3,uniform,1700,0.0222724951043086,36977.87048929423,36969.63642883054
10000,3,uniform,1800,0.0190000457332073,36976.66067665942,36969.63642883054
10000,3,uniform,1900,0.037482696820695,36983.49364556887,36969.63642883054
10000,3,uniform,2000,0.0417214991030988,36985.060715361615,36969.63642883054
10000,3,uniform,2100,0.0380958175503405,36983.72031407349,36969.63642883054
10000,3,uniform,2200,0.0629324971007738,36992.90234420428,36969.63642883054
10000,3,uniform,2300,0.070407450727667,36995.66580738337,36969.63642883054
10000,3,uniform,2400,0.0595769181567408,36991.66179886859,36969.63642883054
10000,3,uniform,2500,0.0497324777072626,36988.022345025965,36969.63642883054
10000,3,uniform,2600,0.049639139581806,36987.987838260335,36969.63642883054
10000,3,uniform,2700,0.0453780058774352,36986.41251262208,36969.63642883054
10000,3,uniform,2800,0.036422670442576,36983.10175767083,36969.63642883054
10000,3,uniform,2900,0.0282237395271274,36980.07064272034,36969.63642883054
10000,3,uniform,3000,0.0306389576317284,36980.963540072575,36969.63642883054
10000,3,uniform,3100,0.0283028251694465,36980.09988039477,36969.63642883054
10000,3,uniform,3200,0.0263147893298062,36979.36491077278,36969.63642883054
10000,3,uniform,3300,0.0304885655407365,36980.90794066332,36969.63642883054
10000,3,uniform,3400,0.0463433130283676,36986.7693831662,36969.63642883054
10000,3,uniform,3500,0.0439114421763419,36985.87032935379,36969.63642883054
10000,3,uniform,3600,0.0394655057894367,36984.226682835695,36969.63642883054
10000,3,uniform,3700,0.0324054427876626,36981.61660321229,36969.63642883054
10000,3,uniform,3800,0.0219580695120394,36977.75424729593,36969.63642883054
10000,3,uniform,3900,0.0201629567670112,36977.09060064061,36969.63642883054
10000,3,uniform,4000,0.0184435330634061,36976.45493594872,36969.63642883054
10000,3,uniform,4100,0.0155037869644284,36975.36812250399,36969.63642883054
10000,3,uniform,4200,0.0220621183949962,36977.79271378967,36969.63642883054
10000,3,uniform,4300,0.0204484860087247,36977.19615976317,36969.63642883054
10000,3,uniform,4400,0.0155571460062234,36975.387849147744,36969.63642883054
10000,3,uniform,4500,0.0125851447925432,36974.28911110439,36969.63642883054
10000,3,uniform,4600,0.0129964023328684,36974.44115152183,36969.63642883054
10000,3,uniform,4700,0.0150199334380108,36975.189243614426,36969.63642883054
10000,3,uniform,4800,0.0211271946630646,36977.44707588509,36969.63642883054
10000,3,uniform,4900,0.0236623675977297,36978.38432010188,36969.63642883054
10000,3,uniform,5000,0.023860556634218,36978.45758986811,36969.63642883054
10000,3,uniform,5100,0.0327076548419162,36981.72832991,36969.63642883054
10000,3,uniform,5200,0.0292003133774645,36980.43167852227,36969.63642883054
10000,3,uniform,5300,0.0307330583108435,36980.99832875152,36969.63642883054
10000,3,uniform,5400,0.0351896356462853,36982.6459091896,36969.63642883054
10000,3,uniform,5500,0.0335829295354983,36982.051915781965,36969.63642883054
10000,3,uniform,5600,0.0378054439127013,36983.61296399537,36969.63642883054
10000,3,uniform,5700,0.0439565054705047,36985.886989089806,36969.63642883054
10000,3,uniform,5800,0.0532392049489735,36989.31876933778,36969.63642883054
10000,3,uniform,5900,0.0582093345564927,36991.15620818372,36969.63642883054
10000,3,uniform,6000,0.0611079284273569,36992.227807799325,36969.63642883054
10000,3,uniform,6100,0.0632523310105537,36993.0205856379,36969.63642883054
10000,3,uniform,6200,0.0601204580464353,36991.862743589656,36969.63642883054
10000,3,uniform,6300,0.0570910674610704,36990.74278890424,36969.63642883054
10000,3,uniform,6400,0.0584411226452791,36991.24189939743,36969.63642883054
10000,3,uniform,6500,0.0586970118382233,36991.33650070172,36969.63642883054
10000,3,uniform,6600,0.0541969290652111,36989.67283646154,36969.63642883054
10000,3,uniform,6700,0.0483491123602884,36987.51091988671,36969.63642883054
10000,3,uniform,6800,0.0442667996865519,36986.00170373334,36969.63642883054
10000,3,uniform,6900,0.0418582034827926,36985.11125447377,36969.63642883054
10000,3,uniform,7000,0.0426203621003355,36985.39302174369,36969.63642883054
10000,3,uniform,7100,0.0437441607671952,36985.80848602502,36969.63642883054
10000,3,uniform,7200,0.043910811730339,36985.8700962802,36969.63642883054
10000,3,uniform,7300,0.0461696845973143,36986.705193366506,36969.63642883054
10000,3,uniform,7400,0.0457138388213835,36986.53666884047,36969.63642883054
10000,3,uniform,7500,0.0446780208640111,36986.15373070756,36969.63642883054
10000,3,uniform,7600,0.0437976707278479,36985.82826846292,36969.63642883054
10000,3,uniform,7700,0.0423095077544847,36985.2781000222,36969.63642883054
10000,3,uniform,7800,0.0406815860802358,36984.676263297886,36969.63642883054
10000,3,uniform,7900,0.0435804697379634,36985.74797004664,36969.63642883054
10000,3,uniform,8000,0.0473736938141978,36987.15031119656,36969.63642883054
10000,3,uniform,8100,0.0487521684489614,36987.65992825729,36969.63642883054
10000,3,uniform,8200,0.0489611534061848,36987.73718923617,36969.63642883054
10000,3,uniform,8300,0.0453948317818567,36986.41873309777,36969.63642883054
10000,3,uniform,8400,0.0435575703586458,36985.739504229365,36969.63642883054
10000,3,uniform,8500,0.0435657760850094,36985.74253785657,36969.63642883054
10000,3,uniform,8600,0.0444064567064552,36986.05333442584,36969.63642883054
10000,3,uniform,8700,0.044473161677889,36986.07799501126,36969.63642883054
10000,3,uniform,8800,0.0435397680703494,36985.732922788105,36969.63642883054
10000,3,uniform,8900,0.0415910207588216,36985.01247799212,36969.63642883054
10000,3,uniform,9000,0.0395551131654182,36984.25981035681,36969.63642883054
10000,3,uniform,9100,0.0393822175221561,36984.19589146609,36969.63642883054
10000,3,uniform,9200,0.0419709033293224,36985.15291919729,36969.63642883054
10000,3,uniform,9300,0.0434150095044521,36985.68679999988,36969.63642883054
10000,3,uniform,9400,0.0416141776378546,36985.0210390061,36969.63642883054
10000,3,uniform,9500,0.0416333755867293,36985.028136418005,36969.63642883054
10000,3,uniform,9600,0.039351532924632,36984.18454748195,36969.63642883054
10000,3,uniform,9700,0.0389165940942197,36984.02375217766,36969.63642883054
10000,3,uniform,9800,0.0375226543231266,36983.50841771225,36969.63642883054
10000,3,uniform,9900,0.0360802674085062,36982.975172514016,36969.63642883054
10000,3,uniform,10000,0.0354667425413953,36982.748354601245,36969.63642883054
10000,4,uniform,0,41.46796570678912,54971.6596446528,38858.02652919231
10000,4,uniform,100,5.883244359791268,41144.139183297215,38858.02652919231
10000,4,uniform,200,2.9889779862074364,40019.48438802452,38858.02652919231
10000,4,uniform,300,1.0340936867217163,39259.85492831534,38858.02652919231
10000,4,uniform,400,0.4725969343801431,39041.6683713299,38858.02652919231
10000,4,uniform,500,0.3915352559114751,39010.169402805535,38858.02652919231
10000,4,uniform,600,0.3769495387498054,39004.50168096138,38858.02652919231
10000,4,uniform,700,0.3690253991710821,39001.42251670167,38858.02652919231
10000,4,uniform,800,0.3641908920685593,38999.543922649216,38858.02652919231
10000,4,uniform,900,0.3597714104633717,38997.82659931462,38858.02652919231
10000,4,uniform,1000,0.356765247778081,38996.65846382086,38858.02652919231
10000,4,uniform,1100,0.3545254607461132,38995.78812678178,38858.02652919231
10000,4,uniform,1200,0.3526059727442179,38995.04225162478,38858.02652919231
10000,4,uniform,1300,0.3508297863322033,38994.35206063759,38858.02652919231
10000,4,uniform,1400,0.3491489038347881,38993.69890287082,38858.02652919231
10000,4,uniform,1500,0.3476354404983002,38993.11080088602,38858.02652919231
10000,4,uniform,1600,0.3461384772903272,38992.52911052553,38858.02652919231
10000,4,uniform,1700,0.3447913705899768,38992.00565144653,38858.02652919231
10000,4,uniform,1800,0.3434944575942911,38991.50169665061,38858.02652919231
10000,4,uniform,1900,0.3423088519798331,38991.04099370641,38858.02652919231
10000,4,uniform,2000,0.3410834892653727,38990.56484193775,38858.02652919231
10000,4,uniform,2100,0.3398579174815866,38990.08860892887,38858.02652919231
10000,4,uniform,2200,0.3386926267009769,38989.6357999282,38858.02652919231
10000,4,uniform,2300,0.3376475622408761,38989.22970850304,38858.02652919231
10000,4,uniform,2400,0.3365785754410005,38988.81432132876,38858.02652919231
10000,4,uniform,2500,0.3355272001496114,38988.40577763911,38858.02652919231
10000,4,uniform,2600,0.3345507226030735,38988.02633773502,38858.02652919231
10000,4,uniform,2700,0.3336335706881826,38987.66995060062,38858.02652919231
10000,4,uniform,2800,0.3327047274924422,38987.3090204652,38858.02652919231
10000,4,uniform,2900,0.3317859470916107,38986.9520005333,38858.02652919231
10000,4,uniform,3000,0.3309764858986411,38986.6374598882,38858.02652919231
10000,4,uniform,3100,0.3301597679273265,38986.32009940223,38858.02652919231
10000,4,uniform,3200,0.3293527901506317,38986.00652376368,38858.02652919231
10000,4,uniform,3300,0.328607255344991,38985.71682365112,38858.02652919231
10000,4,uniform,3400,0.3278606226046307,38985.4266969028,38858.02652919231
10000,4,uniform,3500,0.3271289154075767,38985.14236992605,38858.02652919231
10000,4,uniform,3600,0.3264317205086287,38984.871453747255,38858.02652919231
10000,4,uniform,3700,0.3257115527833553,38984.59161078152,38858.02652919231
10000,4,uniform,3800,0.3250199358717012,38984.3228620985,38858.02652919231
10000,4,uniform,3900,0.3243600039022152,38984.066425558725,38858.02652919231
10000,4,uniform,4000,0.3236930846431771,38983.80727389612,38858.02652919231
10000,4,uniform,4100,0.3230447868127909,38983.5553581532,38858.02652919231
10000,4,uniform,4200,0.3224437447535221,38983.32180507036,38858.02652919231
10000,4,uniform,4300,0.3218297074548179,38983.08320229393,38858.02652919231
10000,4,uniform,4400,0.3212097277059071,38982.84229039862,38858.02652919231
10000,4,uniform,4500,0.3206060770465478,38982.60772366526,38858.02652919231
10000,4,uniform,4600,0.3199949550062884,38982.370253700734,38858.02652919231
10000,4,uniform,4700,0.3194333222487897,38982.15201429483,38858.02652919231
10000,4,uniform,4800,0.3188406461596029,38981.92171206286,38858.02652919231
10000,4,uniform,4900,0.3182921506857064,38981.7085775461,38858.02652919231
10000,4,uniform,5000,0.3177504967704603,38981.49810152402,38858.02652919231
10000,4,uniform,5100,0.3171962399094069,38981.28272824591,38858.02652919231
10000,4,uniform,5200,0.3166658366699404,38981.07662401441,38858.02652919231
10000,4,uniform,5300,0.3161394808641314,38980.87209253575,38858.02652919231
10000,4,uniform,5400,0.3157507969264667,38980.721057628136,38858.02652919231
10000,4,uniform,5500,0.3153354431333097,38980.559659341,38858.02652919231
10000,4,uniform,5600,0.3149474747357245,38980.40890247814,38858.02652919231
10000,4,uniform,5700,0.3145377524676385,38980.24969249051,38858.02652919231
10000,4,uniform,5800,0.314137866914371,38980.09430485614,38858.02652919231
10000,4,uniform,5900,0.313746708177112,38979.94230829024,38858.02652919231
10000,4,uniform,6000,0.3133385274173734,38979.78369730234,38858.02652919231
10000,4,uniform,6100,0.3128127170424251,38979.57937776735,38858.02652919231
10000,4,uniform,6200,0.3122703675244418,38979.36863144777,38858.02652919231
10000,4,uniform,6300,0.311729542432364,38979.15847749001,38858.02652919231
10000,4,uniform,6400,0.311202928222327,38978.95384560057,38858.02652919231
10000,4,uniform,6500,0.3106801845951908,38978.750717743256,38858.02652919231
10000,4,uniform,6600,0.3101574066599664,38978.5475765545,38858.02652919231
10000,4,uniform,6700,0.3096587270752,38978.353799509154,38858.02652919231
10000,4,uniform,6800,0.3091552657866142,38978.15816438807,38858.02652919231
10000,4,uniform,6900,0.3086653298918386,38977.9677849681,38858.02652919231
10000,4,uniform,7000,0.3081619845712987,38977.77219490992,38858.02652919231
10000,4,uniform,7100,0.3076904083864731,38977.58894971091,38858.02652919231
10000,4,uniform,7200,0.3072188632752157,38977.40571658648,38858.02652919231
10000,4,uniform,7300,0.3067442194124775,38977.22127934838,38858.02652919231
10000,4,uniform,7400,0.3062949690771592,38977.0467095339,38858.02652919231
10000,4,uniform,7500,0.3058342289675992,38976.86767501989,38858.02652919231
10000,4,uniform,7600,0.3053898700771569,38976.69500592436,38858.02652919231
10000,4,uniform,7700,0.3049340477240538,38976.517882353466,38858.02652919231
10000,4,uniform,7800,0.3045032193057588,38976.35047093239,38858.02652919231
10000,4,uniform,7900,0.3040579580461567,38976.17745119401,38858.02652919231
10000,4,uniform,8000,0.303626873588777,38976.0099402812,38858.02652919231
10000,4,uniform,8100,0.3032090701183971,38975.84759009784,38858.02652919231
10000,4,uniform,8200,0.3027883619277762,38975.68411119752,38858.02652919231
10000,4,uniform,8300,0.3023648041840944,38975.51952501711,38858.02652919231
10000,4,uniform,8400,0.301944656849043,38975.35626405419,38858.02652919231
10000,4,uniform,8500,0.3015446202389434,38975.200817722114,38858.02652919231
10000,4,uniform,8600,0.3011302534073234,38975.03980294876,38858.02652919231
10000,4,uniform,8700,0.3007430800468936,38974.889355021645,38858.02652919231
10000,4,uniform,8800,0.3003437173440739,38974.73417055664,38858.02652919231
10000,4,uniform,8900,0.2999485137121387,38974.580602224494,38858.02652919231
10000,4,uniform,9000,0.2995605719260067,38974.42985570232,38858.02652919231
10000,4,uniform,9100,0.2991838039776772,38974.283451113006,38858.02652919231
10000,4,uniform,9200,0.2988004059004478,38974.13447018645,38858.02652919231
10000,4,uniform,9300,0.2984201413464427,38973.98670688517,38858.02652919231
10000,4,uniform,9400,0.2980428134004051,38973.840084691794,38858.02652919231
10000,4,uniform,9500,0.2976712966710709,38973.69572062255,38858.02652919231
10000,4,uniform,9600,0.2973092737674284,38973.55504566661,38858.02652919231
10000,4,uniform,9700,0.2969403879537776,38973.41170391928,38858.02652919231
10000,4,uniform,9800,0.2965756359807869,38973.26996850085,38858.02652919231
10000,4,uniform,9900,0.296210970557161,38973.12826671379,38858.02652919231
10000,4,uniform,10000,0.2958529580498469,38972.98915011872,38858.02652919231
10000,5,uniform,0,49.66178448216431,50640.56918028777,33836.673373571044
10000,5,uniform,100,5.518238800260125,35703.86181238873,33836.673373571044
10000,5,uniform,200,2.934282758701909,34829.53704649002,33836.673373571044
10000,5,uniform,300,0.7359204565533839,34085.684374744305,33836.673373571044
10000,5,uniform,400,0.1043033570099895,33871.966159800184,33836.673373571044
10000,5,uniform,500,0.016299655193061,33842.18863465974,33836.673373571044
10000,5,uniform,600,0.0104178676734995,33840.19843342822,33836.673373571044
10000,5,uniform,700,0.0060834386599176,33838.73180684028,33836.673373571044
10000,5,uniform,800,0.0028915451573119,33837.65177626137,33836.673373571044
10000,5,uniform,900,0.0009799539561447,33837.0049573904,33836.673373571044
10000,5,uniform,1000,0.0015617681517911,33837.20182395942,33836.673373571044
10000,5,uniform,1100,0.0056413977942228,33838.58223491638,33836.673373571044
10000,5,uniform,1200,0.0052721378057245,33838.45728962017,33836.673373571044
10000,5,uniform,1300,0.0001567642642543,33836.726417383106,33836.673373571044
10000,5,uniform,1400,0.00217339643947,33837.40877862538,33836.673373571044
10000,5,uniform,1500,0.003869890551983,33837.98281579703,33836.673373571044
10000,5,uniform,1600,0.0050640279084827,33838.386872153984,33836.673373571044
10000,5,uniform,1700,0.0061161553179159,33838.74287706899,33836.673373571044
10000,5,uniform,1800,0.0068739486361492,33838.999289118925,33836.673373571044
10000,5,uniform,1900,0.0075848669547088,33839.23984022833,33836.673373571044
10000,5,uniform,2000,0.0080208629677064,33839.38736677517,33836.673373571044
10000,5,uniform,2100,0.008479609521974,33839.54259134835,33836.673373571044
10000,5,uniform,2200,0.0088465760328243,33839.666760608015,33836.673373571044
10000,5,uniform,2300,0.0090757270137603,33839.74429767697,33836.673373571044
10000,5,uniform,2400,0.0090478384530107,33839.73486111576,33836.673373571044
10000,5,uniform,2500,0.0088451627752097,33839.66628240865,33836.673373571044
10000,5,uniform,2600,0.0086247983085599,33839.59171840384,33836.673373571044
10000,5,uniform,2700,0.0084642509696047,33839.53739452515,33836.673373571044
10000,5,uniform,2800,0.0082407334915819,33839.46176364618,33836.673373571044
10000,5,uniform,2900,0.008047504422852,33839.39638135733,33836.673373571044
10000,5,uniform,3000,0.0078818056661141,33839.34031441023,33836.673373571044
10000,5,uniform,3100,0.0077039293065678,33839.28012696744,33836.673373571044
10000,5,uniform,3200,0.0075742860214328,33839.236259992496,33836.673373571044
10000,5,uniform,3300,0.0074129596810939,33839.18167252565,33836.673373571044
10000,5,uniform,3400,0.0072851405855079,33839.13842279577,33836.673373571044
10000,5,uniform,3500,0.0071510404188098,33839.09304776037,33836.673373571044
10000,5,uniform,3600,0.0070551533329337,33839.06060276031,33836.673373571044
10000,5,uniform,3700,0.0069044061434516,33839.00959492619,33836.673373571044
10000,5,uniform,3800,0.0068273537640638,33838.98352296425,33836.673373571044
10000,5,uniform,3900,0.0066769486827369,33838.93263088814,33836.673373571044
10000,5,uniform,4000,0.0066039961471485,33838.90794617696,33836.673373571044
10000,5,uniform,4100,0.0065158339211254,33838.8781150125,33836.673373571044
10000,5,uniform,4200,0.0064066517914076,33838.841171411885,33836.673373571044
10000,5,uniform,4300,0.0062949565206601,33838.80337744795,33836.673373571044
10000,5,uniform,4400,0.006191578873973,33838.7683978913,33836.673373571044
10000,5,uniform,4500,0.0061030008466656,33838.73842603352,33836.673373571044
10000,5,uniform,4600,0.0060052885238426,33838.705363434,33836.673373571044
10000,5,uniform,4700,0.00592919683847,33838.67961653895,33836.673373571044
10000,5,uniform,4800,0.005875091209172,33838.66130899389,33836.673373571044
10000,5,uniform,4900,0.0058058998343171,33838.63789693438,33836.673373571044
10000,5,uniform,5000,0.0057113203915343,33838.605894397246,33836.673373571044
10000,5,uniform,5100,0.0056581386958072,33838.58789948057,33836.673373571044
10000,5,uniform,5200,0.005600836757341,33838.56851041081,33836.673373571044
10000,5,uniform,5300,0.0055197079908014,33838.54105913507,33836.673373571044
10000,5,uniform,5400,0.0054596734835983,33838.52074545495,33836.673373571044
10000,5,uniform,5500,0.0054055765466775,33838.5024408511,33836.673373571044
10000,5,uniform,5600,0.0053471854548137,33838.48268324807,33836.673373571044
10000,5,uniform,5700,0.005283989424573,33838.46129981373,33836.673373571044
10000,5,uniform,5800,0.0052237082238789,33838.440902660746,33836.673373571044
10000,5,uniform,5900,0.0051715391793321,33838.42325039154,33836.673373571044
10000,5,uniform,6000,0.0051200490981938,33838.40582786097,33836.673373571044
10000,5,uniform,6100,0.0050713628452355,33838.389354052575,33836.673373571044
10000,5,uniform,6200,0.0050142151355083,33838.370017168694,33836.673373571044
10000,5,uniform,6300,0.0049615324445738,33838.35219109864,33836.673373571044
10000,5,uniform,6400,0.0049095781151207,33838.33461148188,33836.673373571044
10000,5,uniform,6500,0.004864621150703,33838.31939954067,33836.673373571044
10000,5,uniform,6600,0.0048188060435358,33838.3038972325,33836.673373571044
10000,5,uniform,6700,0.0047742383422859,33838.288817005,33836.673373571044
10000,5,uniform,6800,0.0047277153437312,33838.273075169935,33836.673373571044
10000,5,uniform,6900,0.0046876950370179,33838.25953362947,33836.673373571044
10000,5,uniform,7000,0.0046532637935182,33838.24788324207,33836.673373571044
10000,5,uniform,7100,0.0046151428629857,33838.23498438732,33836.673373571044
10000,5,uniform,7200,0.0045695309536419,33838.21955083453,33836.673373571044
10000,5,uniform,7300,0.0045316121311952,33838.206720366434,33836.673373571044
10000,5,uniform,7400,0.004499253317566,33838.19577122036,33836.673373571044
10000,5,uniform,7500,0.0044562475992987,33838.18121951594,33836.673373571044
10000,5,uniform,7600,0.0044180569833336,33838.16829708195,33836.673373571044
10000,5,uniform,7700,0.0043872524399298,33838.15787384922,33836.673373571044
10000,5,uniform,7800,0.0043577735489117,33838.14789917315,33836.673373571044
10000,5,uniform,7900,0.004318961701143,33838.13476653499,33836.673373571044
10000,5,uniform,8000,0.0042811178708104,33838.12196144173,33836.673373571044
10000,5,uniform,8100,0.0042507772104685,33838.11169517159,33836.673373571044
10000,5,uniform,8200,0.0042174963828994,33838.10043404667,33836.673373571044
10000,5,uniform,8300,0.0041840487138636,33838.089116468145,33836.673373571044
10000,5,uniform,8400,0.00416135754388,33838.08143853107,33836.673373571044
10000,5,uniform,8500,0.0041329456628749,33838.0718248957,33836.673373571044
10000,5,uniform,8600,0.0041051648371818,33838.06242478845,33836.673373571044
10000,5,uniform,8700,0.0040715427920327,33838.05104820685,33836.673373571044
10000,5,uniform,8800,0.0040469593300019,33838.0427299811,33836.673373571044
10000,5,uniform,8900,0.0040195291526634,33838.033448521586,33836.673373571044
10000,5,uniform,9000,0.0039942591613119,33838.02489799715,33836.673373571044
10000,5,uniform,9100,0.0039683272170866,33838.016123489884,33836.673373571044
10000,5,uniform,9200,0.0039415613984396,33838.00706682725,33836.673373571044
10000,5,uniform,9300,0.0039137794573125,33837.99766634258,33836.673373571044
10000,5,uniform,9400,0.0038848541476179,33837.98787898001,33836.673373571044
10000,5,uniform,9500,0.0038561946812779,33837.97818157,33836.673373571044
10000,5,uniform,9600,0.0038299002551807,33837.96928441092,33836.673373571044
10000,5,uniform,9700,0.0038109189080139,33837.96286175448,33836.673373571044
10000,5,uniform,9800,0.0037809940305712,33837.95273617144,33836.673373571044
10000,5,uniform,9900,0.0037833927572941,33837.95354782077,33836.673373571044
10000,5,uniform,10000,0.0038112778615165,33837.962983212405,33836.673373571044
10000,6,uniform,0,39.53695280589048,48367.02337639299,34662.51942858193
10000,6,uniform,100,7.0628935593152224,37110.69628079963,34662.51942858193
10000,6,uniform,200,3.2949345596159363,35804.626760467865,34662.51942858193
10000,6,uniform,300,0.9598804721331172,34995.23818372624,34662.51942858193
10000,6,uniform,400,0.1937159785459108,34729.666267281675,34662.51942858193
10000,6,uniform,500,0.084049513337084,34691.653107472026,34662.51942858193
10000,6,uniform,600,0.0588801482111332,34682.92877139519,34662.51942858193
10000,6,uniform,700,0.0510080436311859,34680.20010161573,34662.51942858193
10000,6,uniform,800,0.0465931593110869,34678.669791480526,34662.51942858193
10000,6,uniform,900,0.043164716056418,34677.48140667128,34662.51942858193
10000,6,uniform,1000,0.044421704391598,34677.917110497176,34662.51942858193
10000,6,uniform,1100,0.0337667838737419,34674.223846602574,34662.51942858193
10000,6,uniform,1200,0.0297495003056108,34672.83135490527,34662.51942858193
10000,6,uniform,1300,0.0248916407957252,34671.14749840884,34662.51942858193
10000,6,uniform,1400,0.0208927032766023,34669.76136591434,34662.51942858193
10000,6,uniform,1500,0.019499628059204,34669.27849094645,34662.51942858193
10000,6,uniform,1600,0.0177459665256205,34668.67062767666,34662.51942858193
10000,6,uniform,1700,0.0111615938131849,34666.388318205965,34662.51942858193
10000,6,uniform,1800,0.010321824829705,34666.09723311891,34662.51942858193
10000,6,uniform,1900,0.0097730109666878,34665.907000407016,34662.51942858193
10000,6,uniform,2000,0.0096269398858674,34665.85636849025,34662.51942858193
10000,6,uniform,2100,0.0095417583240103,34665.82684241482,34662.51942858193
10000,6,uniform,2200,0.0105752676343764,34666.18508278032,34662.51942858193
10000,6,uniform,2300,0.0093187467010568,34665.749540967685,34662.51942858193
10000,6,uniform,2400,0.007439088131941,34665.098003950974,34662.51942858193
10000,6,uniform,2500,0.0060118627697663,34664.60329168252,34662.51942858193
10000,6,uniform,2600,0.0053441312182552,34664.37183910375,34662.51942858193
10000,6,uniform,2700,0.0062491554393361,34664.68554330021,34662.51942858193
10000,6,uniform,2800,0.0066539905415413,34664.82586934617,34662.51942858193
10000,6,uniform,2900,0.0040132952619826,34663.91053783184,34662.51942858193
10000,6,uniform,3000,0.0038929040930966,34663.86880721954,34662.51942858193
10000,6,uniform,3100,0.0047471161107193,34664.164898626106,34662.51942858193
10000,6,uniform,3200,0.0052378815565365,34664.33501029411,34662.51942858193
10000,6,uniform,3300,0.0057428677520383,34664.51005123224,34662.51942858193
10000,6,uniform,3400,0.0043223584860999,34664.01766693195,34662.51942858193
10000,6,uniform,3500,0.0044567430134956,34664.064247994866,34662.51942858193
10000,6,uniform,3600,0.0051657223755576,34664.309998103985,34662.51942858193
10000,6,uniform,3700,0.0054976412203267,34664.42504953804,34662.51942858193
10000,6,uniform,3800,0.0053585623878235,34664.3768413107,34662.51942858193
10000,6,uniform,3900,0.005262199813623,34664.3434396147,34662.51942858193
10000,6,uniform,4000,0.005833112408157,34664.5413323037,34662.51942858193
10000,6,uniform,4100,0.0061367948472427,34664.64659628815,34662.51942858193
10000,6,uniform,4200,0.0064611051150247,34664.75901039773,34662.51942858193
10000,6,uniform,4300,0.0066426378095575,34664.82193420324,34662.51942858193
10000,6,uniform,4400,0.0068133653462744,34664.88111266882,34662.51942858193
10000,6,uniform,4500,0.0062614935239055,34664.689819991174,34662.51942858193
10000,6,uniform,4600,0.0050098953466336,34664.25598452981,34662.51942858193
10000,6,uniform,4700,0.0045679697523293,34664.10280198482,34662.51942858193
10000,6,uniform,4800,0.0047320301831039,34664.159669463515,34662.51942858193
10000,6,uniform,4900,0.0048177901277148,34664.18939602098,34662.51942858193
10000,6,uniform,5000,0.0049227581712501,34664.22578058946,34662.51942858193
10000,6,uniform,5100,0.0046539498039543,34664.13260483692,34662.51942858193
10000,6,uniform,5200,0.0025020411520148,34663.38669908236,34662.51942858193
10000,6,uniform,5300,0.0021563032209898,34663.266857604845,34662.51942858193
10000,6,uniform,5400,0.0026162300830975,34663.42627984278,34662.51942858193
10000,6,uniform,5500,0.0029598153913051,34663.54537516699,34662.51942858193
10000,6,uniform,5600,0.0031526737665349,34663.612224738776,34662.51942858193
10000,6,uniform,5700,0.0035361803636717,34663.74515778752,34662.51942858193
10000,6,uniform,5800,0.0018375595451963,34663.156373016296,34662.51942858193
10000,6,uniform,5900,0.00383570321891,34663.84897995541,34662.51942858193
10000,6,uniform,6000,0.0028525570075721,34663.50819670889,34662.51942858193
10000,6,uniform,6100,0.0019999682382122,34663.21266796107,34662.51942858193
10000,6,uniform,6200,0.0022335397225901,34663.29362972222,34662.51942858193
10000,6,uniform,6300,0.0021677898124245,34663.27083914683,34662.51942858193
10000,6,uniform,6400,0.0128929089363356,34666.9884356469,34662.51942858193
10000,6,uniform,6500,0.01524554067807,34667.80391708146,34662.51942858193
10000,6,uniform,6600,0.0154479031465046,34667.8740610114,34662.51942858193
10000,6,uniform,6700,0.0135433496747722,34667.21389479423,34662.51942858193
10000,6,uniform,6800,0.0120194365536835,34666.68566811256,34662.51942858193
10000,6,uniform,6900,0.0105792080734512,34666.18644863578,34662.51942858193
10000,6,uniform,7000,0.013690879976732,34667.26503251381,34662.51942858193
10000,6,uniform,7100,0.0157175769599941,34667.96753674939,34662.51942858193
10000,6,uniform,7200,0.0146067126212595,34667.58248318215,34662.51942858193
10000,6,uniform,7300,0.0159080568496382,34668.03356187815,34662.51942858193
10000,6,uniform,7400,0.0157811522462862,34667.989573545354,34662.51942858193
10000,6,uniform,7500,0.0151410472684149,34667.76769703304,34662.51942858193
10000,6,uniform,7600,0.0147332645376857,34667.62634926477,34662.51942858193
10000,6,uniform,7700,0.0149408908158385,34667.698317763774,34662.51942858193
10000,6,uniform,7800,0.0156853286496606,34667.95635867256,34662.51942858193
10000,6,uniform,7900,0.0167373038099476,34668.320999766875,34662.51942858193
10000,6,uniform,8000,0.0175255757767608,34668.59423469052,34662.51942858193
10000,6,uniform,8100,0.0166900382159418,34668.30461632117,34662.51942858193
10000,6,uniform,8200,0.0158486459696525,34668.01296857033,34662.51942858193
10000,6,uniform,8300,0.0160084568615286,34668.068363051774,34662.51942858193
10000,6,uniform,8400,0.0163014736747536,34668.16993006159,34662.51942858193
10000,6,uniform,8500,0.0169652823405367,34668.40002286933,34662.51942858193
10000,6,uniform,8600,0.0179483320272121,34668.74077265797,34662.51942858193
10000,6,uniform,8700,0.0184266612322204,34668.90657361159,34662.51942858193
10000,6,uniform,8800,0.0197286563831981,34669.357877933755,34662.51942858193
10000,6,uniform,8900,0.0196820691094061,34669.341729610926,34662.51942858193
10000,6,uniform,9000,0.0186557381723676,34668.98597745047,34662.51942858193
10000,6,uniform,9100,0.0170318549491342,34668.42309861272,34662.51942858193
10000,6,uniform,9200,0.0169687350580201,34668.4012196682,34662.51942858193
10000,6,uniform,9300,0.0165926116540924,34668.27084582024,34662.51942858193
10000,6,uniform,9400,0.01553408234727,34667.903932893605,34662.51942858193
10000,6,uniform,9500,0.0146362280890705,34667.59271398692,34662.51942858193
10000,6,uniform,9600,0.0159427020652387,34668.045570782735,34662.51942858193
10000,6,uniform,9700,0.0172652529644943,34668.50400024514,34662.51942858193
10000,6,uniform,9800,0.0177596422464671,34668.67536802606,34662.51942858193
10000,6,uniform,9900,0.0173867271047346,34668.546106242604,34662.51942858193
10000,6,uniform,10000,0.0167782846795806,34668.33520476877,34662.51942858193
10000,7,uniform,0,36.96470027849045,45256.52274963813,33042.472007471995
10000,7,uniform,100,8.634598206434,35895.55670279063,33042.472007471995
10000,7,uniform,200,4.264860373674948,34451.687302601305,33042.472007471995
10000,7,uniform,300,1.070137116060519,33396.07176448786,33042.472007471995
10000,7,uniform,400,0.2731211278931743,33132.71797970259,33042.472007471995
10000,7,uniform,500,0.1497813908791818,33091.96348162565,33042.472007471995
10000,7,uniform,600,0.1256526620955196,33083.99075317155,33042.472007471995
10000,7,uniform,700,0.1189099481075892,33081.762793789545,33042.472007471995
10000,7,uniform,800,0.1154578018144919,33080.62211931699,33042.472007471995
10000,7,uniform,900,0.1085426112639209,33078.337169415056,33042.472007471995
10000,7,uniform,1000,0.1089464318911553,33078.47060173277,33042.472007471995
10000,7,uniform,1100,0.1109824451327616,33079.1433508382,33042.472007471995
10000,7,uniform,1200,0.1102491128896053,33078.90103973703,33042.472007471995
10000,7,uniform,1300,0.1083590938415775,33078.27653072215,33042.472007471995
10000,7,uniform,1400,0.1074902163480412,33077.98943211957,33042.472007471995
10000,7,uniform,1500,0.1055064435402836,33077.33394454487,33042.472007471995
10000,7,uniform,1600,0.1023837198373508,33076.30211943946,33042.472007471995
10000,7,uniform,1700,0.0997205441050629,33075.42214034361,33042.472007471995
10000,7,uniform,1800,0.0972471637376532,33074.60487432807,33042.472007471995
10000,7,uniform,1900,0.0936193607400443,33073.4061585381,33042.472007471995
10000,7,uniform,2000,0.0897474554996194,33072.126785332875,33042.472007471995
10000,7,uniform,2100,0.0867692560996112,33071.1427146298,33042.472007471995
10000,7,uniform,2200,0.0832569916195546,33069.98217562215,33042.472007471995
10000,7,uniform,2300,0.0795701937253479,33068.763966459985,33042.472007471995
10000,7,uniform,2400,0.0760847574548889,33067.61229215598,33042.472007471995
10000,7,uniform,2500,0.0733751817017392,33066.716981346224,33042.472007471995
10000,7,uniform,2600,0.0699185913657034,33065.57483845203,33042.472007471995
10000,7,uniform,2700,0.0661304955724018,33064.32315795991,33042.472007471995
10000,7,uniform,2800,0.0634866237591669,33063.44955735611,33042.472007471995
10000,7,uniform,2900,0.0605245756734055,33062.47082344652,33042.472007471995
10000,7,uniform,3000,0.0573585970213695,33061.42470583666,33042.472007471995
10000,7,uniform,3100,0.0547596035888387,33060.56593415924,33042.472007471995
10000,7,uniform,3200,0.0521720745740568,33059.710950608845,33042.472007471995
10000,7,uniform,3300,0.0494494050404658,33058.81131329035,33042.472007471995
10000,7,uniform,3400,0.0467817739182372,33057.92986202353,33042.472007471995
10000,7,uniform,3500,0.0442194785375597,33057.08321628962,33042.472007471995
10000,7,uniform,3600,0.0415479346218369,33056.2004721391,33042.472007471995
10000,7,uniform,3700,0.0388049752929134,33055.29413057066,33042.472007471995
10000,7,uniform,3800,0.0360839619012609,33054.395040482406,33042.472007471995
10000,7,uniform,3900,0.033600952573637,33053.57459282038,33042.472007471995
10000,7,uniform,4000,0.0313891957104422,33052.84377367799,33042.472007471995
10000,7,uniform,4100,0.029243884527767,33052.13490983098,33042.472007471995
10000,7,uniform,4200,0.0272256543970162,33051.46803670498,33042.472007471995
10000,7,uniform,4300,0.0253955674079093,33050.86333072389,33042.472007471995
10000,7,uniform,4400,0.0237715376843192,33050.32671115708,33042.472007471995
10000,7,uniform,4500,0.0222795490058817,33049.833721215655,33042.472007471995
10000,7,uniform,4600,0.0209505492218755,33049.394586834045,33042.472007471995
10000,7,uniform,4700,0.0197641324272514,33049.00256539679,33042.472007471995
10000,7,uniform,4800,0.0185655456816539,33048.60652270689,33042.472007471995
10000,7,uniform,4900,0.017422156723582,33048.22871873048,33042.472007471995
10000,7,uniform,5000,0.0164006108324045,33047.89117471535,33042.472007471995
10000,7,uniform,5100,0.0155004066339815,33047.59372499507,33042.472007471995
10000,7,uniform,5200,0.0146497743574766,33047.31265506322,33042.472007471995
10000,7,uniform,5300,0.0139223785247998,33047.07230549883,33042.472007471995
10000,7,uniform,5400,0.013272339779336,33046.85751662832,33042.472007471995
10000,7,uniform,5500,0.0125246048247513,33046.61044651526,33042.472007471995
10000,7,uniform,5600,0.0118539403477802,33046.38884239319,33042.472007471995
10000,7,uniform,5700,0.0112614922398646,33046.193082892976,33042.472007471995
10000,7,uniform,5800,0.0107667249159166,33046.02959953846,33042.472007471995
10000,7,uniform,5900,0.0103240369924715,33045.883324505274,33042.472007471995
10000,7,uniform,6000,0.0099480245443332,33045.75908069735,33042.472007471995
10000,7,uniform,6100,0.0095828117000665,33045.63840534552,33042.472007471995
10000,7,uniform,6200,0.0091374400356258,33045.49124353797,33042.472007471995
10000,7,uniform,6300,0.008759572605025,33045.366386797985,33042.472007471995
10000,7,uniform,6400,0.0084491592364944,33045.26381854758,33042.472007471995
10000,7,uniform,6500,0.0081667442547469,33045.17050165629,33042.472007471995
10000,7,uniform,6600,0.0079424860238869,33045.096401193136,33042.472007471995
10000,7,uniform,6700,0.0077389730329961,33045.02915547009,33042.472007471995
10000,7,uniform,6800,0.0074738980523537,33044.94156814381,33042.472007471995
10000,7,uniform,6900,0.0072444749179682,33044.86576106885,33042.472007471995
10000,7,uniform,7000,0.0070619283916436,33044.80544318399,33042.472007471995
10000,7,uniform,7100,0.0069021009600103,33044.752632249634,33042.472007471995
10000,7,uniform,7200,0.0067813629872373,33044.71273743878,33042.472007471995
10000,7,uniform,7300,0.0066821170756284,33044.67994413622,33042.472007471995
10000,7,uniform,7400,0.0066183775248016,33044.65888301298,33042.472007471995
10000,7,uniform,7500,0.0065750469139107,33044.644565508,33042.472007471995
10000,7,uniform,7600,0.006535832243162,33044.6316080114,33042.472007471995
10000,7,uniform,7700,0.0064939241645206,33044.61776054624,33042.472007471995
10000,7,uniform,7800,0.0064574415356727,33044.60570578382,33042.472007471995
10000,7,uniform,7900,0.0064137294143085,33044.59126221835,33042.472007471995
10000,7,uniform,8000,0.0063730821852007,33044.57783136905,33042.472007471995
10000,7,uniform,8100,0.0063427541798619,33044.56781024638,33042.472007471995
10000,7,uniform,8200,0.006294831647202,33044.55197545694,33042.472007471995
10000,7,uniform,8300,0.0062603643662291,33044.54058661527,33042.472007471995
10000,7,uniform,8400,0.0062175960542382,33044.526454907755,33042.472007471995
10000,7,uniform,8500,0.0061758352328021,33044.51265610002,33042.472007471995
10000,7,uniform,8600,0.0061489088377149,33044.50375895346,33042.472007471995
10000,7,uniform,8700,0.0061057986768227,33044.48951429062,33042.472007471995
10000,7,uniform,8800,0.0060727295300318,33044.478587427046,33042.472007471995
10000,7,uniform,8900,0.0060386505451101,33044.46732688799,33042.472007471995
10000,7,uniform,9000,0.0060097140410399,33044.457765551735,33042.472007471995
10000,7,uniform,9100,0.0059687472733808,33044.444229119,33042.472007471995
10000,7,uniform,9200,0.0059353187506587,33044.433183508736,33042.472007471995
10000,7,uniform,9300,0.0059037525281789,33044.42275324851,33042.472007471995
10000,7,uniform,9400,0.0058704941554855,33044.41176386002,33042.472007471995
10000,7,uniform,9500,0.0058348910356264,33044.39999970911,33042.472007471995
10000,7,uniform,9600,0.005808646731453,33044.39132794225,33042.472007471995
10000,7,uniform,9700,0.0057715373417597,33044.37906608255,33042.472007471995
10000,7,uniform,9800,0.0057395214260953,33044.368487232576,33042.472007471995
10000,7,uniform,9900,0.0057090814195124,33044.35842910192,33042.472007471995
10000,7,uniform,10000,0.005681047507045,33044.34916600424,33042.472007471995
10000,8,uniform,0,33.75974859676248,63503.53817879135,47475.82052522517
10000,8,uniform,100,4.028938041524695,49388.59191889196,47475.82052522517
10000,8,uniform,200,2.569849725553387,48695.87776869689,47475.82052522517
10000,8,uniform,300,0.6112025372525725,47765.993944856826,47475.82052522517
10000,8,uniform,400,0.1161441160578277,47530.9608973154,47475.82052522517
10000,8,uniform,500,0.0608434850716185,47504.706468999066,47475.82052522517
10000,8,uniform,600,0.0493279592882312,47499.23937864561,47475.82052522517
10000,8,uniform,700,0.0495159635752197,47499.32863522348,47475.82052522517
10000,8,uniform,800,0.0482759011917365,47498.739905431896,47475.82052522517
10000,8,uniform,900,0.0443551651057025,47496.87850380442,47475.82052522517
10000,8,uniform,1000,0.0418493365307621,47495.68884112752,47475.82052522517
10000,8,uniform,1100,0.0402642197747741,47494.936293941326,47475.82052522517
10000,8,uniform,1200,0.038801473020275,47494.24184291742,47475.82052522517
10000,8,uniform,1300,0.037761943777162,47493.74831787965,47475.82052522517
10000,8,uniform,1400,0.0356282055478827,47492.73530814744,47475.82052522517
10000,8,uniform,1500,0.0350520012932225,47492.46175044964,47475.82052522517
10000,8,uniform,1600,0.0340883964523079,47492.0042711448,47475.82052522517
10000,8,uniform,1700,0.035351169891423,47492.60378319639,47475.82052522517
10000,8,uniform,1800,0.0369518260056281,47493.3637078204,47475.82052522517
10000,8,uniform,1900,0.035772111017133,47492.80362844975,47475.82052522517
10000,8,uniform,2000,0.0379701297050111,47493.84715585712,47475.82052522517
10000,8,uniform,2100,0.0395330316229854,47494.58915636668,47475.82052522517
10000,8,uniform,2200,0.0410445701488896,47495.30677168441,47475.82052522517
10000,8,uniform,2300,0.0406135920927248,47495.10216131596,47475.82052522517
10000,8,uniform,2400,0.0377213578828477,47493.72904939331,47475.82052522517
10000,8,uniform,2500,0.034946332692207,47492.41158341427,47475.82052522517
10000,8,uniform,2600,0.0323138549129142,47491.16179298841,47475.82052522517
10000,8,uniform,2700,0.0322149604558527,47491.114842033465,47475.82052522517
10000,8,uniform,2800,0.0339042569581791,47491.91684940905,47475.82052522517
10000,8,uniform,2900,0.0352165267928545,47492.539860280565,47475.82052522517
10000,8,uniform,3000,0.0361761500520303,47492.99544929681,47475.82052522517
10000,8,uniform,3100,0.0383901912637979,47494.04658352886,47475.82052522517
10000,8,uniform,3200,0.0392480144750015,47494.45384213704,47475.82052522517
10000,8,uniform,3300,0.0382223903490434,47493.966918667735,47475.82052522517
10000,8,uniform,3400,0.0366383212560776,47493.21486886816,47475.82052522517
10000,8,uniform,3500,0.0375367217106582,47493.64139185558,47475.82052522517
10000,8,uniform,3600,0.0384427604239351,47494.07154116898,47475.82052522517
10000,8,uniform,3700,0.0428977658462449,47496.18659154767,47475.82052522517
10000,8,uniform,3800,0.047641811674978,47498.43886623095,47475.82052522517
10000,8,uniform,3900,0.0491584774619568,47499.15891575794,47475.82052522517
10000,8,uniform,4000,0.0488866416807376,47499.02985949033,47475.82052522517
10000,8,uniform,4100,0.0479270560040878,47498.5742883167,47475.82052522517
10000,8,uniform,4200,0.0474825791812345,47498.363269298,47475.82052522517
10000,8,uniform,4300,0.0453510203871065,47497.35129427051,47475.82052522517
10000,8,uniform,4400,0.0433274152010138,47496.390571104224,47475.82052522517
10000,8,uniform,4500,0.041183753919305,47495.37285032145,47475.82052522517
10000,8,uniform,4600,0.0391329666697968,47494.39922224752,47475.82052522517
10000,8,uniform,4700,0.0368314714715728,47493.306568517815,47475.82052522517
10000,8,uniform,4800,0.0343601389958298,47492.13328314705,47475.82052522517
10000,8,uniform,4900,0.0325552525298599,47491.27639848778,47475.82052522517
10000,8,uniform,5000,0.0345990215390174,47492.24669459452,47475.82052522517
10000,8,uniform,5100,0.0402125933657422,47494.91178388003,47475.82052522517
10000,8,uniform,5200,0.0427176815611048,47496.10109505566,47475.82052522517
10000,8,uniform,5300,0.0426582637216294,47496.07288594883,47475.82052522517
10000,8,uniform,5400,0.042486585492458,47495.99138030087,47475.82052522517
10000,8,uniform,5500,0.0422323681899433,47495.87068855058,47475.82052522517
10000,8,uniform,5600,0.0417894860226921,47495.66042660772,47475.82052522517
10000,8,uniform,5700,0.0416529003491077,47495.59558143847,47475.82052522517
10000,8,uniform,5800,0.0416683165109167,47495.60290038778,47475.82052522517
10000,8,uniform,5900,0.0416129419366942,47495.5766108543,47475.82052522517
10000,8,uniform,6000,0.0415376204645446,47495.54085136737,47475.82052522517
10000,8,uniform,6100,0.0414909348203041,47495.5186869747,47475.82052522517
10000,8,uniform,6200,0.0413937032127992,47495.472525471225,47475.82052522517
10000,8,uniform,6300,0.0413217262984277,47495.43835384054,47475.82052522517
10000,8,uniform,6400,0.0412381993368638,47495.398698730176,47475.82052522517
10000,8,uniform,6500,0.0412660479205315,47495.41192007378,47475.82052522517
10000,8,uniform,6600,0.0416206110769021,47495.58025184154,47475.82052522517
10000,8,uniform,6700,0.0425446437658534,47496.01894394255,47475.82052522517
10000,8,uniform,6800,0.0434422505347175,47496.44509012115,47475.82052522517
10000,8,uniform,6900,0.0428855237162246,47496.18077949599,47475.82052522517
10000,8,uniform,7000,0.0411238199253901,47495.34439616607,47475.82052522517
10000,8,uniform,7100,0.039586248939497,47494.61442172436,47475.82052522517
10000,8,uniform,7200,0.0378903125025139,47493.80926198531,47475.82052522517
10000,8,uniform,7300,0.0371328270606021,47493.449639556406,47475.82052522517
10000,8,uniform,7400,0.0368155111028277,47493.2989912018,47475.82052522517
10000,8,uniform,7500,0.0364984042188366,47493.14844210668,47475.82052522517
10000,8,uniform,7600,0.0360903669108367,47492.954723046656,47475.82052522517
10000,8,uniform,7700,0.0360636024135497,47492.94201638196,47475.82052522517
10000,8,uniform,7800,0.0360026824472375,47492.91309412809,47475.82052522517
10000,8,uniform,7900,0.0360514705029952,47492.93625665788,47475.82052522517
10000,8,uniform,8000,0.0363245681669757,47493.06591201469,47475.82052522517
10000,8,uniform,8100,0.0365237986864396,47493.16049833854,47475.82052522517
10000,8,uniform,8200,0.0358504981444637,47492.84084338164,47475.82052522517
10000,8,uniform,8300,0.0349712595557129,47492.42341764725,47475.82052522517
10000,8,uniform,8400,0.0343197020460466,47492.11408537335,47475.82052522517
10000,8,uniform,8500,0.0353518747734009,47492.604117844894,47475.82052522517
10000,8,uniform,8600,0.0347371381500623,47492.312266588895,47475.82052522517
10000,8,uniform,8700,0.0341730558485268,47492.0444638878,47475.82052522517
10000,8,uniform,8800,0.0331570781286677,47491.56212012895,47475.82052522517
10000,8,uniform,8900,0.0326329275943076,47491.31327536197,47475.82052522517
10000,8,uniform,9000,0.0330689350679532,47491.52027348764,47475.82052522517
10000,8,uniform,9100,0.0327576509198046,47491.37248878414,47475.82052522517
10000,8,uniform,9200,0.0324617051801021,47491.23198611591,47475.82052522517
10000,8,uniform,9300,0.0322338959148677,47491.123831798,47475.82052522517
10000,8,uniform,9400,0.0318876590712718,47490.959453015545,47475.82052522517
10000,8,uniform,9500,0.0314819252851572,47490.76682757144,47475.82052522517
10000,8,uniform,9600,0.031031143989059,47490.55281545234,47475.82052522517
10000,8,uniform,9700,0.0305559936938976,47490.327233950986,47475.82052522517
10000,8,uniform,9800,0.0300541176711119,47490.08896419115,47475.82052522517
10000,8,uniform,9900,0.0315544578816356,47490.801263016765,47475.82052522517
10000,8,uniform,10000,0.034611562017439,47492.25264828955,47475.82052522517
10000,9,uniform,0,41.167879410115575,66798.08757222074,47318.191539990105
10000,9,uniform,100,4.529522511885375,49461.479678011,47318.191539990105
10000,9,uniform,200,1.976835353482857,48253.59427898136,47318.191539990105
10000,9,uniform,300,0.4486125411411322,47530.46688147968,47318.191539990105
10000,9,uniform,400,0.0282857245368002,47331.5758333049,47318.191539990105
10000,9,uniform,500,0.0876607199501222,47359.67100736144,47318.191539990105
10000,9,uniform,600,0.0971155788951464,47364.14487562688,47318.191539990105
10000,9,uniform,700,0.0711471166993409,47351.85706894508,47318.191539990105
10000,9,uniform,800,0.0490064514766469,47341.38050656678,47318.191539990105
10000,9,uniform,900,0.0268545028401256,47330.89860508111,47318.191539990105
10000,9,uniform,1000,0.011128161995802,47323.45718499816,47318.191539990105
10000,9,uniform,1100,0.0003236490734501,47318.3446848786,47318.191539990105
10000,9,uniform,1200,0.0056436009995574,47320.86198992083,47318.191539990105
10000,9,uniform,1300,0.007632224073433,47321.80297039593,47318.191539990105
10000,9,uniform,1400,0.0083890494260377,47322.1610864659,47318.191539990105
10000,9,uniform,1500,0.0088097610441357,47322.360159595184,47318.191539990105
10000,9,uniform,1600,0.0090593154860478,47322.478244244005,47318.191539990105
10000,9,uniform,1700,0.0082445922044338,47322.09273192109,47318.191539990105
10000,9,uniform,1800,0.0074054046264677,47321.69564353557,47318.191539990105
10000,9,uniform,1900,0.0067534112725662,47321.38713207154,47318.191539990105
10000,9,uniform,2000,0.0061824168262513,47321.11694782575,47318.191539990105
10000,9,uniform,2100,0.0056927193522137,47320.88523183702,47318.191539990105
10000,9,uniform,2200,0.0052411076620016,47320.67153735243,47318.191539990105
10000,9,uniform,2300,0.0044343452404973,47320.28979196455,47318.191539990105
10000,9,uniform,2400,0.0034299973287246,47319.81455269593,47318.191539990105
10000,9,uniform,2500,0.002567921592219,47319.40663404771,47318.191539990105
10000,9,uniform,2600,0.0018429079891098,47319.0635707223,47318.191539990105
10000,9,uniform,2700,0.0011849513967059,47318.75223756165,47318.191539990105
10000,9,uniform,2800,0.0006025947426809,47318.476676924656,47318.191539990105
10000,9,uniform,2900,0.0001027063905242,47318.2401387967,47318.191539990105
10000,9,uniform,3000,0.0006744234808001,47318.51066498454,47318.191539990105
10000,9,uniform,3100,0.0014336574302586,47318.86992075898,47318.191539990105
10000,9,uniform,3200,0.0020481429254264,47319.16068418257,47318.191539990105
10000,9,uniform,3300,0.0025751351843375,47319.41004738904,47318.191539990105
10000,9,uniform,3400,0.0029656782740322,47319.59484531627,47318.191539990105
10000,9,uniform,3500,0.003366209734135,47319.78436955974,47318.191539990105
10000,9,uniform,3600,0.003765343884064,47319.973232621305,47318.191539990105
10000,9,uniform,3700,0.004084299747572,47320.12415676773,47318.191539990105
10000,9,uniform,3800,0.0044605523726219,47320.30219270552,47318.191539990105
10000,9,uniform,3900,0.0048049599686394,47320.465160151485,47318.191539990105
10000,9,uniform,4000,0.0039880437050863,47320.078610149176,47318.191539990105
10000,9,uniform,4100,0.0032175538585957,47319.71402828782,47318.191539990105
10000,9,uniform,4200,0.0025038802537787,47319.37633084452,47318.191539990105
10000,9,uniform,4300,0.0018477139414332,47319.06584481202,47318.191539990105
10000,9,uniform,4400,0.001207041642009,47318.76269026624,47318.191539990105
10000,9,uniform,4500,0.0006536545529697,47318.50083750349,47318.191539990105
10000,9,uniform,4600,2.770767173957701e-05,47318.20465075929,47318.191539990105
10000,9,uniform,4700,0.0003917988907386,47318.37693213968,47318.191539990105
10000,9,uniform,4800,0.000732784579177,47318.538280400855,47318.191539990105
10000,9,uniform,4900,0.0010634784215004,47318.69475874658,47318.191539990105
10000,9,uniform,5000,0.0013507231151404,47318.8306777409,47318.191539990105
10000,9,uniform,5100,0.0016271260678263,47318.96146661948,47318.191539990105
10000,9,uniform,5200,0.0018825763286276,47319.08234106317,47318.191539990105
10000,9,uniform,5300,0.0021137060715711,47319.19170747764,47318.191539990105
10000,9,uniform,5400,0.0023354276265996,47319.29662210774,47318.191539990105
10000,9,uniform,5500,0.0025467777146429,47319.39662914722,47318.191539990105
10000,9,uniform,5600,0.0027548411068025,47319.49508098165,47318.191539990105
10000,9,uniform,5700,0.0029217241656627,47319.57404702708,47318.191539990105
10000,9,uniform,5800,0.0031055342264984,47319.66102262374,47318.191539990105
10000,9,uniform,5900,0.0032861538120559,47319.74648854519,47318.191539990105
10000,9,uniform,6000,0.0034330386840257,47319.815991810254,47318.191539990105
10000,9,uniform,6100,0.0035884983605319,47319.88955251775,47318.191539990105
10000,9,uniform,6200,0.0037361424019512,47319.95941500807,47318.191539990105
10000,9,uniform,6300,0.0038622175700165,47320.019071497576,47318.191539990105
10000,9,uniform,6400,0.0039939975980852,47320.08142742367,47318.191539990105
10000,9,uniform,6500,0.0041164368800254,47320.13936347762,47318.191539990105
10000,9,uniform,6600,0.0042339857510132,47320.194985477545,47318.191539990105
10000,9,uniform,6700,0.0043377273152904,47320.24407410964,47318.191539990105
10000,9,uniform,6800,0.0042411044624636,47320.19835392306,47318.191539990105
10000,9,uniform,6900,0.0039325003342566,47320.05232803058,47318.191539990105
10000,9,uniform,7000,0.0036353347930452,47319.9117146706,47318.191539990105
10000,9,uniform,7100,0.003350363456778,47319.77687138787,47318.191539990105
10000,9,uniform,7200,0.0030985089173423,47319.657698374496,47318.191539990105
10000,9,uniform,7300,0.0028623399396086,47319.54594748525,47318.191539990105
10000,9,uniform,7400,0.0026403040106344,47319.440884099095,47318.191539990105
10000,9,uniform,7500,0.0024290026511356,47319.34090011708,47318.191539990105
10000,9,uniform,7600,0.0022291913608756,47319.24635302804,47318.191539990105
10000,9,uniform,7700,0.0020262031781259,47319.15030269092,47318.191539990105
10000,9,uniform,7800,0.0018394835660475,47319.06195034723,47318.191539990105
10000,9,uniform,7900,0.0016211813049195,47318.95865366518,47318.191539990105
10000,9,uniform,8000,0.0015295935581266,47318.91531599972,47318.191539990105
10000,9,uniform,8100,0.0014473397590102,47318.87639498951,47318.191539990105
10000,9,uniform,8200,0.001379559208392,47318.84432245874,47318.191539990105
10000,9,uniform,8300,0.0013009661039662,47318.80713362305,47318.191539990105
10000,9,uniform,8400,0.0012251992144811,47318.77128210116,47318.191539990105
10000,9,uniform,8500,0.0011616285354104,47318.74120160547,47318.191539990105
10000,9,uniform,8600,0.0010921476704369,47318.7083245167,47318.191539990105
10000,9,uniform,8700,0.0010198627097102,47318.67412058053,47318.191539990105
10000,9,uniform,8800,0.0009524211588516,47318.64220845832,47318.191539990105
10000,9,uniform,8900,0.0008946135794544,47318.61485495717,47318.191539990105
10000,9,uniform,9000,0.0008349718645793,47318.58663357629,47318.191539990105
10000,9,uniform,9100,0.0007710031832582,47318.55636475314,47318.191539990105
10000,9,uniform,9200,0.0007099597198132,47318.52748009018,47318.191539990105
10000,9,uniform,9300,0.0006578727821164,47318.50283349324,47318.191539990105
10000,9,uniform,9400,0.0006076075154381,47318.47904887807,47318.191539990105
10000,9,uniform,9500,0.0005552735520766,47318.45428539305,47318.191539990105
10000,9,uniform,9600,0.0005006749776328,47318.42845033501,47318.191539990105
10000,9,uniform,9700,0.000448405630581,47318.40371742526,47318.191539990105
10000,9,uniform,9800,0.0004027575374893,47318.382117573135,47318.191539990105
10000,9,uniform,9900,0.0003585502693671,47318.36119949333,47318.191539990105
10000,9,uniform,10000,0.0003096475158645,47318.33805959476,47318.191539990105
10000,10,uniform,0,37.51960116709245,41388.37546802428,30096.34635119073
10000,10,uniform,100,6.024275172627789,31909.433072293585,30096.34635119073
10000,10,uniform,200,3.584924043827364,31175.277507848128,30096.34635119073
10000,10,uniform,300,1.2937622521805632,30485.72151956796,30096.34635119073
10000,10,uniform,400,0.5923890147064899,30274.633800803203,30096.34635119073
10000,10,uniform,500,0.5166822865822351,30251.848841695773,30096.34635119073
10000,10,uniform,600,0.5020172700268349,30247.4352075208,30096.34635119073
10000,10,uniform,700,0.4911879973595291,30244.175992111534,30096.34635119073
10000,10,uniform,800,0.481260665410521,30241.188227904728,30096.34635119073
10000,10,uniform,900,0.4755200311646006,30239.46050673932,30096.34635119073
10000,10,uniform,1000,0.4725254990523038,30238.55926198321,30096.34635119073
10000,10,uniform,1100,0.4696084829540245,30237.681346715148,30096.34635119073
10000,10,uniform,1200,0.4671945299541497,30236.95483505955,30096.34635119073
10000,10,uniform,1300,0.4651077174967652,30236.32678075468,30096.34635119073
10000,10,uniform,1400,0.4636684482222384,30235.89361328889,30096.34635119073
10000,10,uniform,1500,0.4622503022483141,30235.46680316481,30096.34635119073
10000,10,uniform,1600,0.461725131591035,30235.30874598486,30096.34635119073
10000,10,uniform,1700,0.4615522419123987,30235.256712508373,30096.34635119073
10000,10,uniform,1800,0.4550974218941522,30233.314047519336,30096.34635119073
10000,10,uniform,1900,0.4492008905917783,30231.539407035867,30096.34635119073
10000,10,uniform,2000,0.4449387241117923,30230.256650649982,30096.34635119073
10000,10,uniform,2100,0.4433520472581038,30229.779118888626,30096.34635119073
10000,10,uniform,2200,0.4548456255663416,30233.23826602442,30096.34635119073
10000,10,uniform,2300,0.4554928305315098,30233.433051072338,30096.34635119073
10000,10,uniform,2400,0.4546406046551902,30233.176562220902,30096.34635119073
10000,10,uniform,2500,0.4542012529744924,30233.044333417383,30096.34635119073
10000,10,uniform,2600,0.4525971268710279,30232.56155006937,30096.34635119073
10000,10,uniform,2700,0.4473475400298684,30230.981616231653,30096.34635119073
10000,10,uniform,2800,0.448426107341218,30231.306225585307,30096.34635119073
10000,10,uniform,2900,0.4491550716643379,30231.52561721277,30096.34635119073
10000,10,uniform,3000,0.4499599467938688,30231.76785521945,30096.34635119073
10000,10,uniform,3100,0.4509999685871679,30232.080863780488,30096.34635119073
10000,10,uniform,3200,0.4555016051121886,30233.43569190053,30096.34635119073
10000,10,uniform,3300,0.4604226495547036,30234.916746480045,30096.34635119073
10000,10,uniform,3400,0.461488176559969,30235.23743117801,30096.34635119073
10000,10,uniform,3500,0.4509772326618638,30232.074021097666,30096.34635119073
10000,10,uniform,3600,0.4461047849454455,30230.607592357148,30096.34635119073
10000,10,uniform,3700,0.4541468485754035,30233.027959681003,30096.34635119073
10000,10,uniform,3800,0.4508544852162167,30232.037078601283,30096.34635119073
10000,10,uniform,3900,0.4483909073022527,30231.295631659665,30096.34635119073
10000,10,uniform,4000,0.4486819986212901,30231.38323951124,30096.34635119073
10000,10,uniform,4100,0.4554580003276243,30233.42256845354,30096.34635119073
10000,10,uniform,4200,0.4619063366870076,30235.36328209815,30096.34635119073
10000,10,uniform,4300,0.4679541843574444,30237.18346327984,30096.34635119073
10000,10,uniform,4400,0.4736412580489283,30238.895064675275,30096.34635119073
10000,10,uniform,4500,0.4786989079828372,30240.41723251661,30096.34635119073
10000,10,uniform,4600,0.4786318664487256,30240.39705546431,30096.34635119073
10000,10,uniform,4700,0.4734792821304066,30238.84631584183,30096.34635119073
10000,10,uniform,4800,0.4689972265067783,30237.49738085769,30096.34635119073
10000,10,uniform,4900,0.4693822521749164,30237.613259516314,30096.34635119073
10000,10,uniform,5000,0.4698271855907588,30237.74716821818,30096.34635119073
10000,10,uniform,5100,0.4757925991721085,30239.542539750903,30096.34635119073
10000,10,uniform,5200,0.4755485691646853,30239.469095634668,30096.34635119073
10000,10,uniform,5300,0.4729914045957151,30238.69948252922,30096.34635119073
10000,10,uniform,5400,0.4716241571885303,30238.28799101408,30096.34635119073
10000,10,uniform,5500,0.470194553448829,30237.857732521126,30096.34635119073
10000,10,uniform,5600,0.4667381858430779,30236.81749215533,30096.34635119073
10000,10,uniform,5700,0.4634582782708035,30235.83035981238,30096.34635119073
10000,10,uniform,5800,0.4609180767223471,30235.065851956337,30096.34635119073
10000,10,uniform,5900,0.4573636752633763,30233.996106982533,30096.34635119073
10000,10,uniform,6000,0.4540533729011903,30232.99982691833,30096.34635119073
10000,10,uniform,6100,0.4508930980326436,30232.04869964825,30096.34635119073
10000,10,uniform,6200,0.4478478711446191,30231.13219761685,30096.34635119073
10000,10,uniform,6300,0.4446187468694398,30230.160349190883,30096.34635119073
10000,10,uniform,6400,0.4414124910912642,30229.19538334697,30096.34635119073
10000,10,uniform,6500,0.4382854412288,30228.2542555898,30096.34635119073
10000,10,uniform,6600,0.4353518302592287,30227.3713458718,30096.34635119073
10000,10,uniform,6700,0.4325091147801829,30226.515792375445,30096.34635119073
10000,10,uniform,6800,0.4306108617476835,30225.94448756816,30096.34635119073
10000,10,uniform,6900,0.4293841904299418,30225.575304319784,30096.34635119073
10000,10,uniform,7000,0.4282494852151117,30225.233799508263,30096.34635119073
10000,10,uniform,7100,0.4270347549738882,30224.868210087632,30096.34635119073
10000,10,uniform,7200,0.4246587296543045,30224.15311327806,30096.34635119073
10000,10,uniform,7300,0.4211138883580942,30223.08624556395,30096.34635119073
10000,10,uniform,7400,0.4182937872476989,30222.237498166312,30096.34635119073
10000,10,uniform,7500,0.4166056903722341,30221.72944268393,30096.34635119073
10000,10,uniform,7600,0.4167057275721256,30221.75955022609,30096.34635119073
10000,10,uniform,7700,0.4187310974952109,30222.36911257304,30096.34635119073
10000,10,uniform,7800,0.420614870709198,30222.936059483985,30096.34635119073
10000,10,uniform,7900,0.422388804000568,30223.469948591395,30096.34635119073
10000,10,uniform,8000,0.4215086159694016,30223.205044153,30096.34635119073
10000,10,uniform,8100,0.4177599908814918,30222.07684496313,30096.34635119073
10000,10,uniform,8200,0.4150213778152502,30221.252622489494,30096.34635119073
10000,10,uniform,8300,0.412375593815094,30220.456338173102,30096.34635119073
10000,10,uniform,8400,0.4097703261592891,30219.67224779604,30096.34635119073
10000,10,uniform,8500,0.408460591130957,30219.278065405622,30096.34635119073
10000,10,uniform,8600,0.4072112697727897,30218.90206532264,30096.34635119073
10000,10,uniform,8700,0.4059125376761411,30218.51119441265,30096.34635119073
10000,10,uniform,8800,0.4053686932273394,30218.347517103728,30096.34635119073
10000,10,uniform,8900,0.4051286199328223,30218.27526381352,30096.34635119073
10000,10,uniform,9000,0.4048105937930866,30218.17954956501,30096.34635119073
10000,10,uniform,9100,0.4044254337934138,30218.063630477503,30096.34635119073
10000,10,uniform,9200,0.4040134214336959,30217.93962981072,30096.34635119073
10000,10,uniform,9300,0.4035344772094501,30217.795485098155,30096.34635119073
10000,10,uniform,9400,0.4029658922609775,30217.62436180276,30096.34635119073
10000,10,uniform,9500,0.4032189853015419,30217.70053356084,30096.34635119073
10000,10,uniform,9600,0.4032008285253227,30217.695069034584,30096.34635119073
10000,10,uniform,9700,0.4028079700539588,30217.57683298837,30096.34635119073
10000,10,uniform,9800,0.40249003791151,30217.48114702962,30096.34635119073
10000,10,uniform,9900,0.4021051151854192,30217.36529935279,30096.34635119073
10000,10,uniform,10000,0.4017725510478249,30217.2652096981,30096.34635119073
10000,11,uniform,0,52.56622429340199,43634.25562815822,28600.206782495086
10000,11,uniform,100,6.56140088037718,30476.781002111413,28600.206782495086
10000,11,uniform,200,3.2456254026595754,29528.46235904092,28600.206782495086
10000,11,uniform,300,0.935544342943498,28867.77439911886,28600.206782495086
10000,11,uniform,400,0.2406467007948287,28669.03223653766,28600.206782495086
10000,11,uniform,500,0.0970747105378932,28627.970350442432,28600.206782495086
10000,11,uniform,600,0.0534818288338944,28615.50269613264,28600.206782495086
10000,11,uniform,700,0.0340941129290838,28609.95776929346,28600.206782495086
10000,11,uniform,800,0.0248950931712073,28607.326830620743,28600.206782495086
10000,11,uniform,900,0.0216359214116087,28606.394700758105,28600.206782495086
10000,11,uniform,1000,0.0201365416525302,28605.96587504656,28600.206782495086
10000,11,uniform,1100,0.0193739680149445,28605.74777740933,28600.206782495086
10000,11,uniform,1200,0.0177442224767243,28605.281666815376,28600.206782495086
10000,11,uniform,1300,0.0147098063420075,28604.413817526205,28600.206782495086
10000,11,uniform,1400,0.0120899261507442,28603.66452637405,28600.206782495086
10000,11,uniform,1500,0.0100801577824061,28603.089728464856,28600.206782495086
10000,11,uniform,1600,0.0083248943060663,28602.587719481045,28600.206782495086
10000,11,uniform,1700,0.006904501989055,28602.181484341258,28600.206782495086
10000,11,uniform,1800,0.0057482547153868,28601.85079523007,28600.206782495086
10000,11,uniform,1900,0.0048827174374559,28601.603249778804,28600.206782495086
10000,11,uniform,2000,0.0050889733042747,28601.66223938321,28600.206782495086
10000,11,uniform,2100,0.0052376903899557,28601.70477277724,28600.206782495086
10000,11,uniform,2200,0.0054337587991729,28601.760848747712,28600.206782495086
10000,11,uniform,2300,0.0070089578939342,28602.21135894605,28600.206782495086
10000,11,uniform,2400,0.0081162598289389,28602.528049589167,28600.206782495086
10000,11,uniform,2500,0.0092499863963377,28602.85229773179,28600.206782495086
10000,11,uniform,2600,0.0102489537361281,28603.13800445666,28600.206782495086
10000,11,uniform,2700,0.0111809713459556,28603.40456342032,28600.206782495086
10000,11,uniform,2800,0.0103162256860826,28603.15724437345,28600.206782495086
10000,11,uniform,2900,0.0086288351496163,28602.6746471908,28600.206782495086
10000,11,uniform,3000,0.00697992568336,28602.203055673792,28600.206782495086
10000,11,uniform,3100,0.0054853199167884,28601.77559533397,28600.206782495086
10000,11,uniform,3200,0.0041981923802833,28601.40747419697,28600.206782495086
10000,11,uniform,3300,0.0029378698787649,28601.047019355414,28600.206782495086
10000,11,uniform,3400,0.0017736067270404,28600.714037686528,28600.206782495086
10000,11,uniform,3500,0.0039695034277009,28601.342068683647,28600.206782495086
10000,11,uniform,3600,0.0072191518894569,28602.271474863413,28600.206782495086
10000,11,uniform,3700,0.0028530891189773,28601.022771882803,28600.206782495086
10000,11,uniform,3800,0.0064050609708329,28602.03864317729,28600.206782495086
10000,11,uniform,3900,0.0067913099619422,28602.14911118744,28600.206782495086
10000,11,uniform,4000,0.0064973919856476,28602.06505003845,28600.206782495086
10000,11,uniform,4100,0.0197942457606249,28605.86797771366,28600.206782495086
10000,11,uniform,4200,0.0326450457946392,28609.5433330966,28600.206782495086
10000,11,uniform,4300,0.044324940720392,28612.883807197337,28600.206782495086
10000,11,uniform,4400,0.0558111418270061,28616.16888446528,28600.206782495086
10000,11,uniform,4500,0.0672476223704413,28619.439741549344,28600.206782495086
10000,11,uniform,4600,0.0778610331121686,28622.47519896816,28600.206782495086
10000,11,uniform,4700,0.0775702335754935,28622.392029699346,28600.206782495086
10000,11,uniform,4800,0.0774160420208082,28622.34793059586,28600.206782495086
10000,11,uniform,4900,0.0733065700193812,28621.172613105784,28600.206782495086
10000,11,uniform,5000,0.0694496750868484,28620.069533179696,28600.206782495086
10000,11,uniform,5100,0.0658675667077814,28619.04504277611,28600.206782495086
10000,11,uniform,5200,0.062557475273577,28618.09834978124,28600.206782495086
10000,11,uniform,5300,0.0593257436610215,28617.17406785739,28600.206782495086
10000,11,uniform,5400,0.0563625053691931,28616.32657557847,28600.206782495086
10000,11,uniform,5500,0.0531320283105625,28615.40265245964,28600.206782495086
10000,11,uniform,5600,0.0489098680546826,28614.19510589577,28600.206782495086
10000,11,uniform,5700,0.044720161830067,28612.996841251952,28600.206782495086
10000,11,uniform,5800,0.0409671342568741,28611.92346760541,28600.206782495086
10000,11,uniform,5900,0.0373566429024951,28610.8908596122,28600.206782495086
10000,11,uniform,6000,0.0339304715303913,28609.91096751505,28600.206782495086
10000,11,uniform,6100,0.0306091709216089,28608.96106867308,28600.206782495086
10000,11,uniform,6200,0.0274906031456341,28608.069151840493,28600.206782495086
10000,11,uniform,6300,0.0245620286893963,28607.23157349023,28600.206782495086
10000,11,uniform,6400,0.021714048663457,28606.417045313687,28600.206782495086
10000,11,uniform,6500,0.0189844818956337,28605.636383573823,28600.206782495086
10000,11,uniform,6600,0.0166122196164165,28604.957911656544,28600.206782495086
10000,11,uniform,6700,0.0160839026380364,28604.80681190826,28600.206782495086
10000,11,uniform,6800,0.0156260940163402,28604.675877695787,28600.206782495086
10000,11,uniform,6900,0.0152144948645385,28604.558159487256,28600.206782495086
10000,11,uniform,7000,0.0148266761601936,28604.44724253588,28600.206782495086
10000,11,uniform,7100,0.0143756113171781,28604.318237058047,28600.206782495086
10000,11,uniform,7200,0.0144334130893876,28604.334768484423,28600.206782495086
10000,11,uniform,7300,0.0153977220509489,28604.61056284145,28600.206782495086
10000,11,uniform,7400,0.0159144504700219,28604.75834823781,28600.206782495086
10000,11,uniform,7500,0.0157486278795888,28604.71092263405,28600.206782495086
10000,11,uniform,7600,0.0154939788015152,28604.63809247116,28600.206782495086
10000,11,uniform,7700,0.01535804733849,28604.599215791648,28600.206782495086
10000,11,uniform,7800,0.0159573576194408,28604.77061977127,28600.206782495086
10000,11,uniform,7900,0.0164958285510246,28604.924623571165,28600.206782495086
10000,11,uniform,8000,0.0166459614744466,28604.96756189772,28600.206782495086
10000,11,uniform,8100,0.015300525316967,28604.582764374547,28600.206782495086
10000,11,uniform,8200,0.0138909818686267,28604.17963203364,28600.206782495086
10000,11,uniform,8300,0.012558369888849,28603.798502251808,28600.206782495086
10000,11,uniform,8400,0.0109993905287904,28603.35263093113,28600.206782495086
10000,11,uniform,8500,0.0085677601221744,28602.657179606656,28600.206782495086
10000,11,uniform,8600,0.00617599835887,28601.973130796607,28600.206782495086
10000,11,uniform,8700,0.0038889572525909,28601.31903231101,28600.206782495086
10000,11,uniform,8800,0.0016690032193361,28600.684120867023,28600.206782495086
10000,11,uniform,8900,0.0003454525878262,28600.30558264954,28600.206782495086
10000,11,uniform,9000,0.0007385387987825,28600.418006118707,28600.206782495086
10000,11,uniform,9100,0.0011259929960721,28600.52881882032,28600.206782495086
10000,11,uniform,9200,0.001498097297415,28600.63524141995,28600.206782495086
10000,11,uniform,9300,0.0016788179026225,28600.68692788673,28600.206782495086
10000,11,uniform,9400,0.0016962448856436,28600.69191203992,28600.206782495086
10000,11,uniform,9500,0.0018399427687348,28600.733009931624,28600.206782495086
10000,11,uniform,9600,0.001881504961974,28600.74489680484,28600.206782495086
10000,11,uniform,9700,0.0018780355401254,28600.74390454301,28600.206782495086
10000,11,uniform,9800,0.0018536218936283,28600.73692218963,28600.206782495086
10000,11,uniform,9900,0.0018752217824626,28600.7430998025,28600.206782495086
10000,11,uniform,10000,0.0018803288964418,28600.74456044766,28600.206782495086
10000,12,uniform,0,49.020087970245136,64422.78500402608,43230.9401245887
10000,12,uniform,100,5.859545892121458,45764.07690078452,43230.9401245887
10000,12,uniform,200,2.790104476762378,44437.12852035131,43230.9401245887
10000,12,uniform,300,0.699801220496691,43533.47077121277,43230.9401245887
10000,12,uniform,400,0.1490435866287991,43295.37306828373,43230.9401245887
10000,12,uniform,500,0.0780806895332922,43264.6951407297,43230.9401245887
10000,12,uniform,600,0.0662601263023701,43259.58500011695,43230.9401245887
10000,12,uniform,700,0.0598820337682613,43256.82769075244,43230.9401245887
10000,12,uniform,800,0.0466151228533458,43251.09228043843,43230.9401245887
10000,12,uniform,900,0.0229863320104071,43240.87733201696,43230.9401245887
10000,12,uniform,1000,0.0151626082027218,43237.49506266214,43230.9401245887
10000,12,uniform,1100,0.008826577748825,43234.75593713034,43230.9401245887
10000,12,uniform,1200,0.0079582541604351,43234.38055267976,43230.9401245887
10000,12,uniform,1300,0.01269736819767,43236.42931623163,43230.9401245887
10000,12,uniform,1400,0.0074533598670975,43234.16228213011,43230.9401245887
10000,12,uniform,1500,0.027759902631601,43242.94099147401,43230.9401245887
10000,12,uniform,1600,0.0157802319877756,43237.762067230855,43230.9401245887
10000,12,uniform,1700,0.0128811038147827,43236.50874686625,43230.9401245887
10000,12,uniform,1800,0.0121310986848393,43236.1845125976,43230.9401245887
10000,12,uniform,1900,0.0088390219131819,43234.76131685959,43230.9401245887
10000,12,uniform,2000,0.0107471020702781,43235.58619784983,43230.9401245887
10000,12,uniform,2100,0.0143380243304254,43237.13858730203,43230.9401245887
10000,12,uniform,2200,0.0241816807489541,43241.3940925144,43230.9401245887
10000,12,uniform,2300,0.0319591366555701,43244.7563598206,43230.9401245887
10000,12,uniform,2400,0.0280020539903204,43243.04567578291,43230.9401245887
10000,12,uniform,2500,0.0415500345853626,43248.90259516204,43230.9401245887
10000,12,uniform,2600,0.0434624242148959,43249.729339177735,43230.9401245887
10000,12,uniform,2700,0.0420295002749587,43249.10987268723,43230.9401245887
10000,12,uniform,2800,0.0611387366559701,43257.37097522537,43230.9401245887
10000,12,uniform,2900,0.0677451849033925,43260.227004911576,43230.9401245887
10000,12,uniform,3000,0.0639168212098924,43258.57196729549,43230.9401245887
10000,12,uniform,3100,0.0614643620632854,43257.51174615024,43230.9401245887
10000,12,uniform,3200,0.0560246611563919,43255.16011230822,43230.9401245887
10000,12,uniform,3300,0.051669768509473,43253.27745127554,43230.9401245887
10000,12,uniform,3400,0.0456450890646856,43250.67292571207,43230.9401245887
10000,12,uniform,3500,0.0457881572850123,43250.734775448735,43230.9401245887
10000,12,uniform,3600,0.0423055966037723,43249.22923172583,43230.9401245887
10000,12,uniform,3700,0.046037928981875,43250.84275410145,43230.9401245887
10000,12,uniform,3800,0.044783001994574,43250.300237366966,43230.9401245887
10000,12,uniform,3900,0.0494954059420262,43252.33745389592,43230.9401245887
10000,12,uniform,4000,0.0573444018878668,43255.730648633646,43230.9401245887
10000,12,uniform,4100,0.0535519947729648,43254.09115538452,43230.9401245887
10000,12,uniform,4200,0.0501760713483207,43252.63171195016,43230.9401245887
10000,12,uniform,4300,0.0495354556316406,43252.354767753255,43230.9401245887
10000,12,uniform,4400,0.0536610106519891,43254.13828397391,43230.9401245887
10000,12,uniform,4500,0.0529711619098416,43253.84005587724,43230.9401245887
10000,12,uniform,4600,0.0521755432258861,43253.49610244036,43230.9401245887
10000,12,uniform,4700,0.0553176312885558,43254.8544566494,43230.9401245887
10000,12,uniform,4800,0.0538106013080681,43254.20295342087,43230.9401245887
10000,12,uniform,4900,0.0489070786363081,43252.083114470646,43230.9401245887
10000,12,uniform,5000,0.0435186315470335,43249.75363813584,43230.9401245887
10000,12,uniform,5100,0.0454233944854203,43250.577085061246,43230.9401245887
10000,12,uniform,5200,0.0459099507683663,43250.7874279166,43230.9401245887
10000,12,uniform,5300,0.0436300659099536,43249.80181225855,43230.9401245887
10000,12,uniform,5400,0.0427416882448145,43249.41775824205,43230.9401245887
10000,12,uniform,5500,0.0414991374867737,43248.88059186783,43230.9401245887
10000,12,uniform,5600,0.0366107194537116,43246.76728279491,43230.9401245887
10000,12,uniform,5700,0.0337544209248289,43245.53247808811,43230.9401245887
10000,12,uniform,5800,0.0354075727762899,43246.24715117519,43230.9401245887
10000,12,uniform,5900,0.0365253249007786,43246.73036592687,43230.9401245887
10000,12,uniform,6000,0.0346124040285595,43245.903392249966,43230.9401245887
10000,12,uniform,6100,0.0354920558605487,43246.28367400676,43230.9401245887
10000,12,uniform,6200,0.0342035131552751,43245.72662488136,43230.9401245887
10000,12,uniform,6300,0.0322872397072436,43244.89820185442,43230.9401245887
10000,12,uniform,6400,0.0428855698101094,43249.4799595954,43230.9401245887
10000,12,uniform,6500,0.0426850865026498,43249.39328877679,43230.9401245887
10000,12,uniform,6600,0.0423355681124875,43249.24218869081,43230.9401245887
10000,12,uniform,6700,0.0417706817308033,43248.997982997374,43230.9401245887
10000,12,uniform,6800,0.0394372266840021,43247.98920844326,43230.9401245887
10000,12,uniform,6900,0.0376727697335801,43247.2264171155,43230.9401245887
10000,12,uniform,7000,0.0374239372586195,43247.11884449724,43230.9401245887
10000,12,uniform,7100,0.034329311944918,43245.78100888079,43230.9401245887
10000,12,uniform,7200,0.0316034704881848,43244.60260199274,43230.9401245887
10000,12,uniform,7300,0.0287393522242664,43243.364416740966,43230.9401245887
10000,12,uniform,7400,0.0264885028093506,43242.39135337811,43230.9401245887
10000,12,uniform,7500,0.0247283833199674,43241.63043717553,43230.9401245887
10000,12,uniform,7600,0.0227415024696868,43240.7714899048,43230.9401245887
10000,12,uniform,7700,0.020617676427123,43239.85333993999,43230.9401245887
10000,12,uniform,7800,0.0170735572854749,43238.32118391592,43230.9401245887
10000,12,uniform,7900,0.0178108452913603,43238.63992045229,43230.9401245887
10000,12,uniform,8000,0.0165635026505077,43238.10068250208,43230.9401245887
10000,12,uniform,8100,0.0154016965552746,43237.59842280468,43230.9401245887
10000,12,uniform,8200,0.0151172427156003,43237.47545073557,43230.9401245887
10000,12,uniform,8300,0.0161042649164245,43237.90214971222,43230.9401245887
10000,12,uniform,8400,0.0142809952694377,43237.11393310282,43230.9401245887
10000,12,uniform,8500,0.0154656797934564,43237.62608336007,43230.9401245887
10000,12,uniform,8600,0.0154623612358519,43237.62464871642,43230.9401245887
10000,12,uniform,8700,0.0163037576189841,43237.98839228302,43230.9401245887
10000,12,uniform,8800,0.0219513528450156,43240.429900793664,43230.9401245887
10000,12,uniform,8900,0.0249144816623833,43241.71088923852,43230.9401245887
10000,12,uniform,9000,0.0263240311211625,43242.320250721066,43230.9401245887
10000,12,uniform,9100,0.0274368990932654,43242.80135400775,43230.9401245887
10000,12,uniform,9200,0.0276226260299208,43242.88164550853,43230.9401245887
10000,12,uniform,9300,0.0261075075645282,43242.22664555194,43230.9401245887
10000,12,uniform,9400,0.0248377762844199,43241.677728782495,43230.9401245887
10000,12,uniform,9500,0.0261819002598606,43242.25880621352,43230.9401245887
10000,12,uniform,9600,0.0257970818119096,43242.092445580696,43230.9401245887
10000,12,uniform,9700,0.0250390238753061,43241.76473000801,43230.9401245887
10000,12,uniform,9800,0.0246432459116081,43241.5936314735,43230.9401245887
10000,12,uniform,9900,0.0251974352043359,43241.83321271482,43230.9401245887
10000,12,uniform,10000,0.0254773176764056,43241.95420853874,43230.9401245887
10000,13,uniform,0,45.64234875235259,51623.81701639274,35445.6086836205
10000,13,uniform,100,5.6823297639846,37459.74505587538,35445.6086836205
10000,13,uniform,200,2.8041017019942607,36439.53960000013,35445.6086836205
10000,13,uniform,300,0.7460255465366618,35710.041979525726,35445.6086836205
10000,13,uniform,400,0.1366472699683506,35494.04414021033,35445.6086836205
10000,13,uniform,500,0.049478734657208,35463.1467222887,35445.6086836205
10000,13,uniform,600,0.0408810204268325,35460.099210146866,35445.6086836205
10000,13,uniform,700,0.0380982706170013,35459.11284753863,35445.6086836205
10000,13,uniform,800,0.0370615916262199,35458.74539036025,35445.6086836205
10000,13,uniform,900,0.0260799305254071,35454.852873739495,35445.6086836205
10000,13,uniform,1000,0.0161523746776912,35451.333991141866,35445.6086836205
10000,13,uniform,1100,0.0111772001816719,35449.57051025868,35445.6086836205
10000,13,uniform,1200,0.0060026630473076,35447.736364074844,35445.6086836205
10000,13,uniform,1300,0.0024850791825313,35446.48953506302,35445.6086836205
10000,13,uniform,1400,0.0085200787497949,35448.62867739369,35445.6086836205
10000,13,uniform,1500,0.018957662388471,35452.32834244628,35445.6086836205
10000,13,uniform,1600,0.0174407558331625,35451.79066568459,35445.6086836205
10000,13,uniform,1700,0.0137357297457432,35450.477396636015,35445.6086836205
10000,13,uniform,1800,0.0041926188594085,35447.094782895,35445.6086836205
10000,13,uniform,1900,0.0028223132810332,35446.60906974192,35445.6086836205
10000,13,uniform,2000,0.0047593442266588,35447.29566215099,35445.6086836205
10000,13,uniform,2100,0.0072373002312087,35448.17398873971,35445.6086836205
10000,13,uniform,2200,0.0081913608872315,35448.51216134645,35445.6086836205
10000,13,uniform,2300,0.0064833662405805,35447.90675224766,35445.6086836205
10000,13,uniform,2400,0.0054983100093072,35447.55759307061,35445.6086836205
10000,13,uniform,2500,0.0064200425364444,35447.88430677529,35445.6086836205
10000,13,uniform,2600,0.0076173539939551,35448.30870110924,35445.6086836205
10000,13,uniform,2700,0.0095560395493019,35448.9958800048,35445.6086836205
10000,13,uniform,2800,0.0103866445479762,35449.290293002334,35445.6086836205
10000,13,uniform,2900,0.0099278713610333,35449.127678053745,35445.6086836205
10000,13,uniform,3000,0.0085304731056266,35448.63236173638,35445.6086836205
10000,13,uniform,3100,0.0078857832126611,35448.4038474797,35445.6086836205
10000,13,uniform,3200,0.0083898756167463,35448.582526100654,35445.6086836205
10000,13,uniform,3300,0.008564765153192,35448.64451676137,35445.6086836205
10000,13,uniform,3400,0.0096015021138751,35449.01199448753,35445.6086836205
10000,13,uniform,3500,0.0094531415917114,35448.959407197406,35445.6086836205
10000,13,uniform,3600,0.0077606033884464,35448.359476729056,35445.6086836205
10000,13,uniform,3700,0.0055947908201589,35447.59179128128,35445.6086836205
10000,13,uniform,3800,0.0026676610095928,35446.554252302965,35445.6086836205
10000,13,uniform,3900,0.0047704849704133,35447.29961105542,35445.6086836205
10000,13,uniform,4000,0.0061233098592419,35447.77912807169,35445.6086836205
10000,13,uniform,4100,0.0063869836299663,35447.872588844664,35445.6086836205
10000,13,uniform,4200,0.005739389559499,35447.64304518459,35445.6086836205
10000,13,uniform,4300,0.0049341432427141,35447.3576207262,35445.6086836205
10000,13,uniform,4400,0.003737261870439,35446.93337883858,35445.6086836205
10000,13,uniform,4500,0.0033380766693475,35446.79188521428,35445.6086836205
10000,13,uniform,4600,0.0057828821274396,35447.65846139003,35445.6086836205
10000,13,uniform,4700,0.0087500108517099,35448.71017822677,35445.6086836205
10000,13,uniform,4800,0.0128965056240004,35450.179928537844,35445.6086836205
10000,13,uniform,4900,0.0147953113049367,35450.85297176917,35445.6086836205
10000,13,uniform,5000,0.015581410074217,35451.1316092628,35445.6086836205
10000,13,uniform,5100,0.0162464581310732,35451.36733959459,35445.6086836205
10000,13,uniform,5200,0.016783768996675,35451.557792701424,35445.6086836205
10000,13,uniform,5300,0.0174102137213452,35451.77983984715,35445.6086836205
10000,13,uniform,5400,0.0180617013636232,35452.01076360745,35445.6086836205
10000,13,uniform,5500,0.0182721992349954,35452.08537585923,35445.6086836205
10000,13,uniform,5600,0.0183457666824969,35452.11145228879,35445.6086836205
10000,13,uniform,5700,0.0182919709992263,35452.09238408141,35445.6086836205
10000,13,uniform,5800,0.0174656848556923,35451.79950192836,35445.6086836205
10000,13,uniform,5900,0.0149245626141302,35450.898785682446,35445.6086836205
10000,13,uniform,6000,0.0128882766902798,35450.1770117422,35445.6086836205
10000,13,uniform,6100,0.0113476887593777,35449.630940972784,35445.6086836205
10000,13,uniform,6200,0.0102367946884214,35449.2371778075,35445.6086836205
10000,13,uniform,6300,0.0092514607309893,35448.887920188725,35445.6086836205
10000,13,uniform,6400,0.0086018517994569,35448.65766234888,35445.6086836205
10000,13,uniform,6500,0.0075913537938628,35448.29948518006,35445.6086836205
10000,13,uniform,6600,0.0073368760893164,35448.20928400872,35445.6086836205
10000,13,uniform,6700,0.0072595699637885,35448.18188238198,35445.6086836205
10000,13,uniform,6800,0.0066089519900992,35447.951266881,35445.6086836205
10000,13,uniform,6900,0.0055191083055075,35447.564965153295,35445.6086836205
10000,13,uniform,7000,0.0033412674253841,35446.793016197174,35445.6086836205
10000,13,uniform,7100,0.0011926415037138,35446.031422660904,35445.6086836205
10000,13,uniform,7200,0.0002854107328227,35445.709849192,35445.6086836205
10000,13,uniform,7300,0.0009373406927875,35445.9409297345,35445.6086836205
10000,13,uniform,7400,0.0016491266068129,35446.19322658425,35445.6086836205
10000,13,uniform,7500,0.0019823929130522,35446.31135485503,35445.6086836205
10000,13,uniform,7600,0.0020617300912006,35446.33947640074,35445.6086836205
10000,13,uniform,7700,0.0020240784235998,35446.32613053798,35445.6086836205
10000,13,uniform,7800,0.001885546736877,35446.2770271384,35445.6086836205
10000,13,uniform,7900,0.0016149560310444,35446.18111461568,35445.6086836205
10000,13,uniform,8000,0.0014125307447499,35446.10936374082,35445.6086836205
10000,13,uniform,8100,0.0014218333500352,35446.112661105886,35445.6086836205
10000,13,uniform,8200,0.0013448516725965,35446.08537448174,35445.6086836205
10000,13,uniform,8300,0.0014862427790474,35446.13549142005,35445.6086836205
10000,13,uniform,8400,0.0017494304528383,35446.228779893005,35445.6086836205
10000,13,uniform,8500,0.0020073870775518,35446.320214188774,35445.6086836205
10000,13,uniform,8600,0.0022963613289646,35446.422642871126,35445.6086836205
10000,13,uniform,8700,0.0022640954929687,35446.41120604916,35445.6086836205
10000,13,uniform,8800,0.0023455940668775,35446.44009371475,35445.6086836205
10000,13,uniform,8900,0.0026460929164609,35446.54660736107,35445.6086836205
10000,13,uniform,9000,0.0031549797908023,35446.726985411195,35445.6086836205
10000,13,uniform,9100,0.0037275770765532,35446.929946004435,35445.6086836205
10000,13,uniform,9200,0.0039941801989346,35447.02444510393,35445.6086836205
10000,13,uniform,9300,0.0039370774737165,35447.004204695404,35445.6086836205
10000,13,uniform,9400,0.0035598848785812,35446.87050648415,35445.6086836205
10000,13,uniform,9500,0.0028148701679905,35446.6064314852,35445.6086836205
10000,13,uniform,9600,0.0022030118300936,35446.38955457305,35445.6086836205
10000,13,uniform,9700,0.0020496227549337,35446.335184881704,35445.6086836205
10000,13,uniform,9800,0.0020663649455144,35446.34111925306,35445.6086836205
10000,13,uniform,9900,0.0019521886179302,35446.30064875878,35445.6086836205
10000,13,uniform,10000,0.0017393332824922,35446.22520088952,35445.6086836205
10000,14,uniform,0,40.14692272223823,50373.22487017473,35943.15443515736
10000,14,uniform,100,5.248983656963259,37829.80473725584,35943.15443515736
10000,14,uniform,200,2.456189121871996,36825.98628445135,35943.15443515736
10000,14,uniform,300,0.6426168701514122,36174.13120922226,35943.15443515736
10000,14,uniform,400,0.1089196719688187,35982.30360106338,35943.15443515736
10000,14,uniform,500,0.0327244446741666,35954.916632844644,35943.15443515736
10000,14,uniform,600,0.0461161594272186,35959.73003755985,35943.15443515736
10000,14,uniform,700,0.0265274891894477,35952.689251564494,35943.15443515736
10000,14,uniform,800,0.0021950261388487,35943.94339679234,35943.15443515736
10000,14,uniform,900,0.0068577012833372,35945.61930932033,35943.15443515736
10000,14,uniform,1000,0.0140011303510582,35948.18688306211,35943.15443515736
10000,14,uniform,1100,0.0182773323400094,35949.72388494696,35943.15443515736
10000,14,uniform,1200,0.0118855458983128,35947.42647527505,35943.15443515736
10000,14,uniform,1300,0.015633388552447,35948.773568148215,35943.15443515736
10000,14,uniform,1400,0.014404707082157,35948.33194126983,35943.15443515736
10000,14,uniform,1500,0.0139671427549755,35948.17466684796,35943.15443515736
10000,14,uniform,1600,0.0141505280219258,35948.24058129767,35943.15443515736
10000,14,uniform,1700,0.0154264667962,35948.69919394181,35943.15443515736
10000,14,uniform,1800,0.0151066428374671,35948.5842391224,35943.15443515736
10000,14,uniform,1900,0.0149781184904137,35948.53804341785,35943.15443515736
10000,14,uniform,2000,0.0143149043123532,35948.299663321595,35943.15443515736
10000,14,uniform,2100,0.0135643306378454,35948.02988346662,35943.15443515736
10000,14,uniform,2200,0.0132852200737213,35947.92956232551,35943.15443515736
10000,14,uniform,2300,0.0154305050308721,35948.70064541073,35943.15443515736
10000,14,uniform,2400,0.0128024270451952,35947.756031281664,35943.15443515736
10000,14,uniform,2500,0.0092439423544756,35946.47699963373,35943.15443515736
10000,14,uniform,2600,0.0171660506989441,35949.3244552705,35943.15443515736
10000,14,uniform,2700,0.0461634271498483,35959.74702707039,35943.15443515736
10000,14,uniform,2800,0.0411445268734045,35957.943075993084,35943.15443515736
10000,14,uniform,2900,0.0377161496865956,35956.71080908621,35943.15443515736
10000,14,uniform,3000,0.0327547002841614,35954.92750766527,35943.15443515736
10000,14,uniform,3100,0.0318505033459031,35954.602510763354,35943.15443515736
10000,14,uniform,3200,0.0349948278204412,35955.73268016518,35943.15443515736
10000,14,uniform,3300,0.0382070681215533,35956.88726065744,35943.15443515736
10000,14,uniform,3400,0.0412229086909052,35957.9712488908,35943.15443515736
10000,14,uniform,3500,0.047113614761471,35960.08855447106,35943.15443515736
10000,14,uniform,3600,0.0453713932452016,35959.46234510087,35943.15443515736
10000,14,uniform,3700,0.0386851711915564,35957.05910598225,35943.15443515736
10000,14,uniform,3800,0.037669751449837,35956.69413209632,35943.15443515736
10000,14,uniform,3900,0.0383396751656604,35956.93492381209,35943.15443515736
10000,14,uniform,4000,0.0392377029326858,35957.257703319265,35943.15443515736
10000,14,uniform,4100,0.0400272542881236,35957.541492982295,35943.15443515736
10000,14,uniform,4200,0.0407391695708194,35957.7973777918,35943.15443515736
10000,14,uniform,4300,0.0406337999070309,35957.75950461082,35943.15443515736
10000,14,uniform,4400,0.040797707936891,35957.81841832712,35943.15443515736
10000,14,uniform,4500,0.0370989181231172,35956.488956592126,35943.15443515736
10000,14,uniform,4600,0.0332304403546421,35955.09850365351,35943.15443515736
10000,14,uniform,4700,0.0305779858894469,35954.145127848766,35943.15443515736
10000,14,uniform,4800,0.0297643309332068,35953.852674591275,35943.15443515736
10000,14,uniform,4900,0.0348445868236162,35955.678678811666,35943.15443515736
10000,14,uniform,5000,0.0357468856600784,35956.00299347592,35943.15443515736
10000,14,uniform,5100,0.031171375094539,35954.35841064715,35943.15443515736
10000,14,uniform,5200,0.0356604157846259,35955.97191347505,35943.15443515736
10000,14,uniform,5300,0.0320529855316477,35954.67528924808,35943.15443515736
10000,14,uniform,5400,0.0311421293873728,35954.34789881746,35943.15443515736
10000,14,uniform,5500,0.0354992324505001,35955.91397910034,35943.15443515736
10000,14,uniform,5600,0.037190793538832,35956.521979514684,35943.15443515736
10000,14,uniform,5700,0.0439608779436178,35958.95536140769,35943.15443515736
10000,14,uniform,5800,0.0412218533582434,35957.97086957095,35943.15443515736
10000,14,uniform,5900,0.0436624092138298,35958.8480823312,35943.15443515736
10000,14,uniform,6000,0.0511513425335977,35961.53984119987,35943.15443515736
10000,14,uniform,6100,0.056528716911237,35963.47263917698,35943.15443515736
10000,14,uniform,6200,0.0572630370093938,35963.73657698391,35943.15443515736
10000,14,uniform,6300,0.0550175209003573,35962.92946766097,35943.15443515736
10000,14,uniform,6400,0.0620755014841833,35965.46632852222,35943.15443515736
10000,14,uniform,6500,0.0646316944350357,35966.385104902205,35943.15443515736
10000,14,uniform,6600,0.0675344814555891,35967.428458123926,35943.15443515736
10000,14,uniform,6700,0.0663252833572808,35966.993834184024,35943.15443515736
10000,14,uniform,6800,0.0652577954101866,35966.61014534262,35943.15443515736
10000,14,uniform,6900,0.0633706538114058,35965.931847123364,35943.15443515736
10000,14,uniform,7000,0.0609986273339367,35965.079265983324,35943.15443515736
10000,14,uniform,7100,0.0579246413209249,35963.97437844335,35943.15443515736
10000,14,uniform,7200,0.0551024568424373,35962.959996317804,35943.15443515736
10000,14,uniform,7300,0.0540794297320644,35962.59228810361,35943.15443515736
10000,14,uniform,7400,0.0555717351869556,35963.128669757905,35943.15443515736
10000,14,uniform,7500,0.0560459506704601,35963.2991177615,35943.15443515736
10000,14,uniform,7600,0.0573100041106373,35963.75345844164,35943.15443515736
10000,14,uniform,7700,0.0556851490475907,35963.169434276984,35943.15443515736
10000,14,uniform,7800,0.0549309177249057,35962.89833974787,35943.15443515736
10000,14,uniform,7900,0.054128288735678,35962.609849570734,35943.15443515736
10000,14,uniform,8000,0.0533239926559129,35962.32076018867,35943.15443515736
10000,14,uniform,8100,0.0529509351187685,35962.18667154196,35943.15443515736
10000,14,uniform,8200,0.0527809496305621,35962.12557339542,35943.15443515736
10000,14,uniform,8300,0.0535657668048731,35962.40766144441,35943.15443515736
10000,14,uniform,8400,0.0543030011779716,35962.672646733685,35943.15443515736
10000,14,uniform,8500,0.0538010280114668,35962.492221743225,35943.15443515736
10000,14,uniform,8600,0.0521845378176063,35961.91120417642,35943.15443515736
10000,14,uniform,8700,0.0506355245096324,35961.35443993091,35943.15443515736
10000,14,uniform,8800,0.0543843583726286,35962.701889075805,35943.15443515736
10000,14,uniform,8900,0.0569864317213891,35963.637156318066,35943.15443515736
10000,14,uniform,9000,0.059111765358117,35964.40106826938,35943.15443515736
10000,14,uniform,9100,0.0605544268048766,35964.91960630116,35943.15443515736
10000,14,uniform,9200,0.0603377973343706,35964.841742836026,35943.15443515736
10000,14,uniform,9300,0.0583708395016886,35964.13475614455,35943.15443515736
10000,14,uniform,9400,0.0559711174646706,35963.27222034677,35943.15443515736
10000,14,uniform,9500,0.0534433517132577,35962.36366159898,35943.15443515736
10000,14,uniform,9600,0.0510870080543308,35961.51671735863,35943.15443515736
10000,14,uniform,9700,0.0485452645082525,35960.60313455052,35943.15443515736
10000,14,uniform,9800,0.0489047562118679,35960.73234720873,35943.15443515736
10000,14,uniform,9900,0.0479426484993944,35960.3865353478,35943.15443515736
10000,14,uniform,10000,0.0479584307618315,35960.392207990764,35943.15443515736
10000,15,uniform,0,46.40522926671636,49389.26271900504,33734.63022214136
10000,15,uniform,100,5.20483055979883,35490.4605651785,33734.63022214136
10000,15,uniform,200,2.704345945442824,34646.931326763966,33734.63022214136
10000,15,uniform,300,0.7092775550731287,33973.90238259392,33734.63022214136
10000,15,uniform,400,0.1067796457998902,33770.65194080446,33734.63022214136
10000,15,uniform,500,0.0195631286994586,33741.229771268,33734.63022214136
10000,15,uniform,600,0.0131652923935252,33739.07148484798,33734.63022214136
10000,15,uniform,700,0.0116399562242245,33738.55691833162,33734.63022214136
10000,15,uniform,800,0.0107247411931636,33738.24817392515,33734.63022214136
10000,15,uniform,900,0.0100838267072566,33738.03196379329,33734.63022214136
10000,15,uniform,1000,0.0093214001607768,33737.77476201712,33734.63022214136
10000,15,uniform,1100,0.0089857463622473,33737.66153044936,33734.63022214136
10000,15,uniform,1200,0.0086319573689955,33737.54218104072,33734.63022214136
10000,15,uniform,1300,0.0082716671143003,33737.42063845557,33734.63022214136
10000,15,uniform,1400,0.0080261858241108,33737.33782625006,33734.63022214136
10000,15,uniform,1500,0.0076399913683551,33737.207544978475,33734.63022214136
10000,15,uniform,1600,0.0072491591705217,33737.07569918175,33734.63022214136
10000,15,uniform,1700,0.0068922970697171,33736.95531307164,33734.63022214136
10000,15,uniform,1800,0.0065455334060878,33736.83833363197,33734.63022214136
10000,15,uniform,1900,0.0062863983009411,33736.75091536247,33734.63022214136
10000,15,uniform,2000,0.0060498687961581,33736.671123008666,33734.63022214136
10000,15,uniform,2100,0.0058197742576467,33736.59350146694,33734.63022214136
10000,15,uniform,2200,0.0056308342173475,33736.529763243,33734.63022214136
10000,15,uniform,2300,0.0053973091197876,33736.45098441486,33734.63022214136
10000,15,uniform,2400,0.0052200960949503,33736.39120225623,33734.63022214136
10000,15,uniform,2500,0.0050817104353441,33736.34451836568,33734.63022214136
10000,15,uniform,2600,0.0049597692423264,33736.30338195513,33734.63022214136
10000,15,uniform,2700,0.0047720060822748,33736.24004074739,33734.63022214136
10000,15,uniform,2800,0.0046365325659851,33736.19433925762,33734.63022214136
10000,15,uniform,2900,0.0044961237922506,33736.146972877,33734.63022214136
10000,15,uniform,3000,0.0043709407003383,33736.104742823845,33734.63022214136
10000,15,uniform,3100,0.0042516485754173,33736.06450006662,33734.63022214136
10000,15,uniform,3200,0.0041382216835012,33736.02623592406,33734.63022214136
10000,15,uniform,3300,0.0040391965743624,33735.992830169664,33734.63022214136
10000,15,uniform,3400,0.0039345967669035,33735.957543811404,33734.63022214136
10000,15,uniform,3500,0.0038480029842186,33735.92833171902,33734.63022214136
10000,15,uniform,3600,0.0037685253032972,33735.90152021725,33734.63022214136
10000,15,uniform,3700,0.0036791616288196,33735.871373712114,33734.63022214136
10000,15,uniform,3800,0.0035934472948941,33735.84245829852,33734.63022214136
10000,15,uniform,3900,0.0035174593304727,33735.816824039706,33734.63022214136
10000,15,uniform,4000,0.0034380192075784,33735.790025208,33734.63022214136
10000,15,uniform,4100,0.0033614318086031,33735.76418873216,33734.63022214136
10000,15,uniform,4200,0.0032825281827875,33735.73757088576,33734.63022214136
10000,15,uniform,4300,0.0032030483110531,33735.71075864493,33734.63022214136
10000,15,uniform,4400,0.0031731869329275,33735.70068501944,33734.63022214136
10000,15,uniform,4500,0.0031686487693148,33735.699154086724,33734.63022214136
10000,15,uniform,4600,0.0031540265993665,33735.69422135176,33734.63022214136
10000,15,uniform,4700,0.0031313973448825,33735.68658745644,33734.63022214136
10000,15,uniform,4800,0.0031168497887725,33735.68167989218,33734.63022214136
10000,15,uniform,4900,0.0030947495628766,33735.674224462695,33734.63022214136
10000,15,uniform,5000,0.0030733922245586,33735.66701964359,33734.63022214136
10000,15,uniform,5100,0.0030553351682446,33735.66092816241,33734.63022214136
10000,15,uniform,5200,0.0030266417208515,33735.651248534035,33734.63022214136
10000,15,uniform,5300,0.0030162366643871,33735.64773842671,33734.63022214136
10000,15,uniform,5400,0.0029983454166385,33735.64170288044,33734.63022214136
10000,15,uniform,5500,0.002972643653098,33735.63303248555,33734.63022214136
10000,15,uniform,5600,0.0029573171778087,33735.62786215579,33734.63022214136
10000,15,uniform,5700,0.0029411098072444,33735.62239465926,33734.63022214136
10000,15,uniform,5800,0.0029231177183628,33735.616325094605,33734.63022214136
10000,15,uniform,5900,0.0029002548938481,33735.608612405296,33734.63022214136
10000,15,uniform,6000,0.0028748238376774,33735.600033332536,33734.63022214136
10000,15,uniform,6100,0.0028582194961337,33735.594431919315,33734.63022214136
10000,15,uniform,6200,0.0028383797855158,33735.5877390663,33734.63022214136
10000,15,uniform,6300,0.0028159919718865,33735.58018662016,33734.63022214136
10000,15,uniform,6400,0.0027995808313395,33735.57465038258,33734.63022214136
10000,15,uniform,6500,0.0027768436456247,33735.566980077056,33734.63022214136
10000,15,uniform,6600,0.0027561600380854,33735.560002538536,33734.63022214136
10000,15,uniform,6700,0.0027346445773159,33735.552744377404,33734.63022214136
10000,15,uniform,6800,0.0027187410964753,33735.54737939695,33734.63022214136
10000,15,uniform,6900,0.0027024790144236,33735.541893443704,33734.63022214136
10000,15,uniform,7000,0.0026861740084966,33735.53639301025,33734.63022214136
10000,15,uniform,7100,0.002665083925232,33735.529278348644,33734.63022214136
10000,15,uniform,7200,0.0026475071434185,33735.523348886294,33734.63022214136
10000,15,uniform,7300,0.0026297110342314,33735.517345434666,33734.63022214136
10000,15,uniform,7400,0.002611960740139,33735.51135743859,33734.63022214136
10000,15,uniform,7500,0.0025955318648251,33735.505815218254,33734.63022214136
10000,15,uniform,7600,0.0025785785063166,33735.50009606545,33734.63022214136
10000,15,uniform,7700,0.002558847502846,33735.49343988439,33734.63022214136
10000,15,uniform,7800,0.002541118992694,33735.48745923705,33734.63022214136
10000,15,uniform,7900,0.0025245398808072,33735.48186633496,33734.63022214136
10000,15,uniform,8000,0.002508312606943,33735.476392124125,33734.63022214136
10000,15,uniform,8100,0.0024935199349054,33735.47140187091,33734.63022214136
10000,15,uniform,8200,0.0024771058624615,33735.46586464427,33734.63022214136
10000,15,uniform,8300,0.0024593275511282,33735.45986719668,33734.63022214136
10000,15,uniform,8400,0.0024456964643032,33735.455268799946,33734.63022214136
10000,15,uniform,8500,0.0024279946803187,33735.449297168576,33734.63022214136
10000,15,uniform,8600,0.0024154518954113,33735.44506590647,33734.63022214136
10000,15,uniform,8700,0.0023951117963577,33735.438204249265,33734.63022214136
10000,15,uniform,8800,0.0023752892705603,33735.43151719349,33734.63022214136
10000,15,uniform,8900,0.00234972424519,33735.42289292671,33734.63022214136
10000,15,uniform,9000,0.0023298563839102,33735.416190577176,33734.63022214136
10000,15,uniform,9100,0.0023066528125039,33735.408362938164,33734.63022214136
10000,15,uniform,9200,0.0022891542996078,33735.402459879544,33734.63022214136
10000,15,uniform,9300,0.0022685980906623,33735.39552531847,33734.63022214136
10000,15,uniform,9400,0.0022511539473542,33735.38964060123,33734.63022214136
10000,15,uniform,9500,0.0022317053252654,33735.38307968048,33734.63022214136
10000,15,uniform,9600,0.0022079851481746,33735.37507776645,33734.63022214136
10000,15,uniform,9700,0.0021919017712301,33735.369652098714,33734.63022214136
10000,15,uniform,9800,0.002173511967999,33735.3634483666,33734.63022214136
10000,15,uniform,9900,0.0021513390049152,33735.35596839949,33734.63022214136
10000,15,uniform,10000,0.0021367182061015,33735.351036127075,33734.63022214136
10000,16,uniform,0,35.28690415979932,48600.22327523239,35923.81951310407
10000,16,uniform,100,5.690258274160176,37967.97762534284,35923.81951310407
10000,16,uniform,200,2.4837537089217494,36816.07871264715,35923.81951310407
10000,16,uniform,300,0.5307222412196901,36114.47521315573,35923.81951310407
10000,16,uniform,400,0.0820539216513309,35953.29641582152,35923.81951310407
10000,16,uniform,500,0.0293604677009744,35934.36691452917,35923.81951310407
10000,16,uniform,600,0.0255979717645505,35933.01528227978,35923.81951310407
10000,16,uniform,700,0.026149697198185,35933.21348312877,35923.81951310407
10000,16,uniform,800,0.0295127275516694,35934.421612083126,35923.81951310407
10000,16,uniform,900,0.0312979655736345,35935.062937768016,35923.81951310407
10000,16,uniform,1000,0.0299003138307022,35934.56084787846,35923.81951310407
10000,16,uniform,1100,0.0204085066548392,35931.151028200075,35923.81951310407
10000,16,uniform,1200,0.0106448526826932,35927.64355076924,35923.81951310407
10000,16,uniform,1300,0.0033267573190101,35925.01461139899,35923.81951310407
10000,16,uniform,1400,0.0088474166288224,35926.99784308538,35923.81951310407
10000,16,uniform,1500,0.0246746081617471,35932.68357480566,35923.81951310407
10000,16,uniform,1600,0.0386117873601869,35937.69034190613,35923.81951310407
10000,16,uniform,1700,0.0491899499628889,35941.490421947325,35923.81951310407
10000,16,uniform,1800,0.0477871462316596,35940.986481266795,35923.81951310407
10000,16,uniform,1900,0.0395907468720526,35938.04202155428,35923.81951310407
10000,16,uniform,2000,0.0322161796462091,35935.39279533419,35923.81951310407
10000,16,uniform,2100,0.0255383970726417,35932.993880774986,35923.81951310407
10000,16,uniform,2200,0.0212291799290778,35931.445845385904,35923.81951310407
10000,16,uniform,2300,0.0174322800535946,35930.08185392754,35923.81951310407
10000,16,uniform,2400,0.0141907773185134,35928.91738233548,35923.81951310407
10000,16,uniform,2500,0.0113596998825628,35927.90035118711,35923.81951310407
10000,16,uniform,2600,0.0103671577438359,35927.543792140605,35923.81951310407
10000,16,uniform,2700,0.0022338942712195,35924.62201325018,35923.81951310407
10000,16,uniform,2800,0.0012783304473669,35924.27873822676,35923.81951310407
10000,16,uniform,2900,0.0048640142692605,35925.56685281125,35923.81951310407
10000,16,uniform,3000,0.0086526801538365,35926.92788630558,35923.81951310407
10000,16,uniform,3100,0.0111770352406409,35927.834731070834,35923.81951310407
10000,16,uniform,3200,0.0137487972162025,35928.75860620124,35923.81951310407
10000,16,uniform,3300,0.0163961632101711,35929.709641182766,35923.81951310407
10000,16,uniform,3400,0.0187790206585832,35930.56565459179,35923.81951310407
10000,16,uniform,3500,0.0216445460247796,35931.59506075244,35923.81951310407
10000,16,uniform,3600,0.0258148973215914,35933.09321022537,35923.81951310407
10000,16,uniform,3700,0.026508657328164,35933.34243531799,35923.81951310407
10000,16,uniform,3800,0.0219473430926853,35931.70383702461,35923.81951310407
10000,16,uniform,3900,0.0170783504495964,35929.9547088954,35923.81951310407
10000,16,uniform,4000,0.0120651109947836,35928.15376180189,35923.81951310407
10000,16,uniform,4100,0.0140091453858434,35928.85213320781,35923.81951310407
10000,16,uniform,4200,0.0119575457451426,35928.11512025575,35923.81951310407
10000,16,uniform,4300,0.0162136112111061,35929.644061532104,35923.81951310407
10000,16,uniform,4400,0.0211562563330072,35931.41964844487,35923.81951310407
10000,16,uniform,4500,0.0223980829220129,35931.86575998737,35923.81951310407
10000,16,uniform,4600,0.0198760154981076,35930.95973703801,35923.81951310407
10000,16,uniform,4700,0.0196809558235984,35930.88966415259,35923.81951310407
10000,16,uniform,4800,0.0218966666686444,35931.6856321175,35923.81951310407
10000,16,uniform,4900,0.0240594945504194,35932.46260250213,35923.81951310407
10000,16,uniform,5000,0.0260978669671655,35933.194863730125,35923.81951310407
10000,16,uniform,5100,0.0257694776631612,35933.076893749254,35923.81951310407
10000,16,uniform,5200,0.0218798056501174,35931.67957499564,35923.81951310407
10000,16,uniform,5300,0.018868145214956,35930.59767153656,35923.81951310407
10000,16,uniform,5400,0.0158869632842512,35929.52671712042,35923.81951310407
10000,16,uniform,5500,0.0141661857817482,35928.9085481162,35923.81951310407
10000,16,uniform,5600,0.0125815030028967,35928.33926953487,35923.81951310407
10000,16,uniform,5700,0.0111488890846732,35927.824619896564,35923.81951310407
10000,16,uniform,5800,0.0096216932483005,35927.275992820694,35923.81951310407
10000,16,uniform,5900,0.0068647534071566,35926.28559472808,35923.81951310407
10000,16,uniform,6000,0.0051480116418007,35925.668875514784,35923.81951310407
10000,16,uniform,6100,0.003502134118238,35925.07761344381,35923.81951310407
10000,16,uniform,6200,0.0031322464026789,35924.944735648474,35923.81951310407
10000,16,uniform,6300,0.0036994024204736,35925.148479752665,35923.81951310407
10000,16,uniform,6400,0.0040262237891737,35925.26588647129,35923.81951310407
10000,16,uniform,6500,0.0049270356619692,35925.58949250262,35923.81951310407
10000,16,uniform,6600,0.0058828342320293,35925.93285185584,35923.81951310407
10000,16,uniform,6700,0.0068002436060396,35926.262420343555,35923.81951310407
10000,16,uniform,6800,0.0069153619799189,35926.303775260414,35923.81951310407
10000,16,uniform,6900,0.0060314964485306,35925.98625700218,35923.81951310407
10000,16,uniform,7000,0.0053863014912594,35925.75447833022,35923.81951310407
10000,16,uniform,7100,0.0052207769472247,35925.69501559177,35923.81951310407
10000,16,uniform,7200,0.0050838966189034,35925.64584294968,35923.81951310407
10000,16,uniform,7300,0.0049830815085947,35925.60962631141,35923.81951310407
10000,16,uniform,7400,0.0046423918766908,35925.48723758294,35923.81951310407
10000,16,uniform,7500,0.0038905099972561,35925.217132893624,35923.81951310407
10000,16,uniform,7600,0.0047398867405034,35925.522261461854,35923.81951310407
10000,16,uniform,7700,0.0074927739230541,35926.51120368471,35923.81951310407
10000,16,uniform,7800,0.0101461709348565,35927.4644052382,35923.81951310407
10000,16,uniform,7900,0.0128609548676244,35928.43965931838,35923.81951310407
10000,16,uniform,8000,0.0153299955709263,35929.32663304434,35923.81951310407
10000,16,uniform,8100,0.016783758261411,35929.848880129415,35923.81951310407
10000,16,uniform,8200,0.0169544172337737,35929.91018735063,35923.81951310407
10000,16,uniform,8300,0.0150232771266217,35929.21644806399,35923.81951310407
10000,16,uniform,8400,0.0135972690556559,35928.704171498335,35923.81951310407
10000,16,uniform,8500,0.0115596599616069,35927.97218448501,35923.81951310407
10000,16,uniform,8600,0.0085328888395798,35926.884852690055,35923.81951310407
10000,16,uniform,8700,0.0061934476258496,35926.04443605082,35923.81951310407
10000,16,uniform,8800,0.005081130178757,35925.64484913871,35923.81951310407
10000,16,uniform,8900,0.0043817207184098,35925.39359454652,35923.81951310407
10000,16,uniform,9000,0.0047062680834902,35925.510184356186,35923.81951310407
10000,16,uniform,9100,0.0033913867282841,35925.03782875133,35923.81951310407
10000,16,uniform,9200,0.0025664226770592,35924.74147015452,35923.81951310407
10000,16,uniform,9300,0.0029937877703365,35924.89499601929,35923.81951310407
10000,16,uniform,9400,0.003808382603357,35925.18762959687,35923.81951310407
10000,16,uniform,9500,0.0043295620830116,35925.37485717248,35923.81951310407
10000,16,uniform,9600,0.0038880348182713,35925.21624371479,35923.81951310407
10000,16,uniform,9700,0.0036769471024924,35925.14041294476,35923.81951310407
10000,16,uniform,9800,0.0034635508231343,35925.06375285052,35923.81951310407
10000,16,uniform,9900,0.0031763532417582,35924.96058050974,35923.81951310407
10000,16,uniform,10000,0.0041280842555643,35925.30247864139,35923.81951310407
10000,17,uniform,0,47.35098701583206,52390.91117914814,35555.1817060574
10000,17,uniform,100,4.633468353527973,37202.61979844694,35555.1817060574
10000,17,uniform,200,2.666625339004536,36503.30519076024,35555.1817060574
10000,17,uniform,300,0.8832523474423213,35869.22368311354,35555.1817060574
10000,17,uniform,400,0.2426444022821371,35641.454364188394,35555.1817060574
10000,17,uniform,500,0.1369497484921391,35603.87443797977,35555.1817060574
10000,17,uniform,600,0.1161131222877722,35596.4659376714,35555.1817060574
10000,17,uniform,700,0.1059905384094116,35592.8668345801,35555.1817060574
10000,17,uniform,800,0.0967224879364996,35589.571562393845,35555.1817060574
10000,17,uniform,900,0.0897018409026771,35587.07535858403,35555.1817060574
10000,17,uniform,1000,0.082763324756951,35584.60835656071,35555.1817060574
10000,17,uniform,1100,0.0776264782973981,35582.781941468056,35555.1817060574
10000,17,uniform,1200,0.074391072947439,35581.63158721695,35555.1817060574
10000,17,uniform,1300,0.0704176322956001,35580.21882317321,35555.1817060574
10000,17,uniform,1400,0.067378596820984,35579.138288588096,35555.1817060574
10000,17,uniform,1500,0.063774126899873,35577.856712758105,35555.1817060574
10000,17,uniform,1600,0.0603507039983939,35576.63950852492,35555.1817060574
10000,17,uniform,1700,0.0575788772900534,35575.65398050219,35555.1817060574
10000,17,uniform,1800,0.0540678949548466,35574.40564435324,35555.1817060574
10000,17,uniform,1900,0.0508852968812359,35573.27406582519,35555.1817060574
10000,17,uniform,2000,0.0476976210286027,35572.14068188359,35555.1817060574
10000,17,uniform,2100,0.044090989614049,35570.85833753068,35555.1817060574
10000,17,uniform,2200,0.0402554602485816,35569.4946080954,35555.1817060574
10000,17,uniform,2300,0.0364297929911836,35568.13438515056,35555.1817060574
10000,17,uniform,2400,0.0333166858628712,35567.02751425438,35555.1817060574
10000,17,uniform,2500,0.0304098299618445,35565.99397635684,35555.1817060574
10000,17,uniform,2600,0.0271394815713322,35564.83119804417,35555.1817060574
10000,17,uniform,2700,0.024051219172851,35563.73316073683,35555.1817060574
10000,17,uniform,2800,0.0216388709388312,35562.875445938844,35555.1817060574
10000,17,uniform,2900,0.019595737137987,35562.149006003456,35555.1817060574
10000,17,uniform,3000,0.017751525791921,35561.49329330832,35555.1817060574
10000,17,uniform,3100,0.0160655821528971,35560.893852984,35555.1817060574
10000,17,uniform,3200,0.0147191427917089,35560.41512402257,35555.1817060574
10000,17,uniform,3300,0.0133433124425011,35559.92594504194,35555.1817060574
10000,17,uniform,3400,0.0121975779709417,35559.51857706871,35555.1817060574
10000,17,uniform,3500,0.011181210935926,35559.15720592261,35555.1817060574
10000,17,uniform,3600,0.0103425491167894,35558.85901818892,35555.1817060574
10000,17,uniform,3700,0.0096099904805585,35558.5985556347,35555.1817060574
10000,17,uniform,3800,0.008903068919315,35558.34720838908,35555.1817060574
10000,17,uniform,3900,0.0082917445437656,35558.12985089654,35555.1817060574
10000,17,uniform,4000,0.0077049196059469,35557.9212042236,35555.1817060574
10000,17,uniform,4100,0.0073441670146368,35557.79293798425,35555.1817060574
10000,17,uniform,4200,0.0069577362017045,35557.65554180655,35555.1817060574
10000,17,uniform,4300,0.0067026299735871,35557.5648383236,35555.1817060574
10000,17,uniform,4400,0.006508500193974,35557.49581512771,35555.1817060574
10000,17,uniform,4500,0.00626514006493,35557.40928799163,35555.1817060574
10000,17,uniform,4600,0.0061376898937879,35557.363972851694,35555.1817060574
10000,17,uniform,4700,0.0059303902642195,35557.290267091725,35555.1817060574
10000,17,uniform,4800,0.0058355860091935,35557.256559266585,35555.1817060574
10000,17,uniform,4900,0.0057317634140958,35557.219644954246,35555.1817060574
10000,17,uniform,5000,0.0056294915262298,35557.18328199868,35555.1817060574
10000,17,uniform,5100,0.0056141692107643,35557.177834121576,35555.1817060574
10000,17,uniform,5200,0.0053864662536047,35557.09687392141,35555.1817060574
10000,17,uniform,5300,0.0050639113937888,35556.9821889549,35555.1817060574
10000,17,uniform,5400,0.0046767062585368,35556.844517465484,35555.1817060574
10000,17,uniform,5500,0.0042783727109131,35556.70288924883,35555.1817060574
10000,17,uniform,5600,0.0039108564978047,35556.57221819146,35555.1817060574
10000,17,uniform,5700,0.003561044691572,35556.447841968125,35555.1817060574
10000,17,uniform,5800,0.0032346331787578,35556.331785761635,35555.1817060574
10000,17,uniform,5900,0.0029074080510339,35556.215440272885,35555.1817060574
10000,17,uniform,6000,0.0026054160138202,35556.10806645532,35555.1817060574
10000,17,uniform,6100,0.0023174679098442,35556.00568598373,35555.1817060574
10000,17,uniform,6200,0.0020466804918151,35555.90940702521,35555.1817060574
10000,17,uniform,6300,0.0017830129397101,35555.81565954796,35555.1817060574
10000,17,uniform,6400,0.0015237676538978,35555.723484415525,35555.1817060574
10000,17,uniform,6500,0.0012834960410368,35555.638055406984,35555.1817060574
10000,17,uniform,6600,0.0010505935354965,35555.55524649794,35555.1817060574
10000,17,uniform,6700,0.000822586366425,35555.474178134675,35555.1817060574
10000,17,uniform,6800,0.0006131318151529,35555.39970618838,35555.1817060574
10000,17,uniform,6900,0.0004136886019275,35555.32879379152,35555.1817060574
10000,17,uniform,7000,0.0002066986419787,35555.25519813514,35555.1817060574
10000,17,uniform,7100,0.0002350696875229,35555.26528551194,35555.1817060574
10000,17,uniform,7200,0.0002545853688449,35555.27222434789,35555.1817060574
10000,17,uniform,7300,0.0002875196870989,35555.28393420459,35555.1817060574
10000,17,uniform,7400,0.0003265080253663,35555.29779657911,35555.1817060574
10000,17,uniform,7500,0.0003998801501556,35555.3238841714,35555.1817060574
10000,17,uniform,7600,0.0003072851619937,35555.290961855106,35555.1817060574
10000,17,uniform,7700,0.0010989837557291,35555.57245172867,35555.1817060574
10000,17,uniform,7800,0.002949182185305,35556.23029314223,35555.1817060574
10000,17,uniform,7900,0.0032530527850169,35556.33833488611,35555.1817060574
10000,17,uniform,8000,0.0031563086058935,35556.30393731743,35555.1817060574
10000,17,uniform,8100,0.0030181717543243,35556.254822508854,35555.1817060574
10000,17,uniform,8200,0.0029093492943127,35556.21613048546,35555.1817060574
10000,17,uniform,8300,0.002819559327508,35556.18420549961,35555.1817060574
10000,17,uniform,8400,0.0027573288000895,35556.16207932251,35555.1817060574
10000,17,uniform,8500,0.0026971607021089,35556.14068644594,35555.1817060574
10000,17,uniform,8600,0.0026003451138629,35556.10626348762,35555.1817060574
10000,17,uniform,8700,0.0025483355194783,35556.08777138183,35555.1817060574
10000,17,uniform,8800,0.0025536239403978,35556.0896516895,35555.1817060574
10000,17,uniform,8900,0.0025638095486385,35556.09327320102,35555.1817060574
10000,17,uniform,9000,0.002408304957888,35556.037983261216,35555.1817060574
10000,17,uniform,9100,0.0023638479927229,35556.02217650647,35555.1817060574
10000,17,uniform,9200,0.0023460147659165,35556.01583587028,35555.1817060574
10000,17,uniform,9300,0.002305389431746,35556.00139145889,35555.1817060574
10000,17,uniform,9400,0.0022241215389654,35555.972496511946,35555.1817060574
10000,17,uniform,9500,0.0019927072117384,35555.89021672741,35555.1817060574
10000,17,uniform,9600,0.0017657956168361,35555.80953789753,35555.1817060574
10000,17,uniform,9700,0.0015414211232528,35555.72976113863,35555.1817060574
10000,17,uniform,9800,0.0013301452452021,35555.65464161629,35555.1817060574
10000,17,uniform,9900,0.0011154480595766,35555.57830564182,35555.1817060574
10000,17,uniform,10000,0.000928614055256,35555.5118764721,35555.1817060574
10000,18,uniform,0,34.130683661856764,40432.31524706671,30143.97164260828
10000,18,uniform,100,8.080626352809636,32579.793358944346,30143.97164260828
10000,18,uniform,200,3.973935614015738,31341.87366719269,30143.97164260828
10000,18,uniform,300,1.079201780146515,30469.285921182163,30143.97164260828
10000,18,uniform,400,0.2151955525744723,30208.84012895248,30143.97164260828
10000,18,uniform,500,0.1193563005484837,30179.950371999275,30143.97164260828
10000,18,uniform,600,0.0875229097149408,30170.35452369353,30143.97164260828
10000,18,uniform,700,0.0771941581922112,30167.241027763484,30143.97164260828
10000,18,uniform,800,0.0645282348817035,30163.42301543249,30143.97164260828
10000,18,uniform,900,0.0567615711925614,30161.08183453246,30143.97164260828
10000,18,uniform,1000,0.0583385500041364,30161.55719857823,30143.97164260828
10000,18,uniform,1100,0.0458611292298915,30157.79600839832,30143.97164260828
10000,18,uniform,1200,0.029624073402843,30152.901514894213,30143.97164260828
10000,18,uniform,1300,0.0236655400739058,30151.105376297222,30143.97164260828
10000,18,uniform,1400,0.0151207235897964,30148.52962923934,30143.97164260828
10000,18,uniform,1500,0.0183808472735836,30149.51235999809,30143.97164260828
10000,18,uniform,1600,0.0139109338394437,30148.16495056005,30143.97164260828
10000,18,uniform,1700,0.0133235226737414,30147.987881504843,30143.97164260828
10000,18,uniform,1800,0.0093053173175225,30146.776634821723,30143.97164260828
10000,18,uniform,1900,0.0108873417866603,30147.25351982908,30143.97164260828
10000,18,uniform,2000,0.0074506143317069,30146.217553679624,30143.97164260828
10000,18,uniform,2100,0.0067766284073979,30146.014387553725,30143.97164260828
10000,18,uniform,2200,0.0081378900373376,30146.42472587344,30143.97164260828
10000,18,uniform,2300,0.0145923252805315,30148.370349002835,30143.97164260828
10000,18,uniform,2400,0.0129970302427069,30147.889463719017,30143.97164260828
10000,18,uniform,2500,0.0125449449263524,30147.75318724945,30143.97164260828
10000,18,uniform,2600,0.0147153176714174,30148.407423794262,30143.97164260828
10000,18,uniform,2700,0.0144617543226547,30148.33098973032,30143.97164260828
10000,18,uniform,2800,0.0091545678111301,30146.731192933265,30143.97164260828
10000,18,uniform,2900,0.0039356807302205,30145.15801309153,30143.97164260828
10000,18,uniform,3000,0.005351448642794,30145.584781769627,30143.97164260828
10000,18,uniform,3100,0.0060898755745165,30145.807372974527,30143.97164260828
10000,18,uniform,3200,0.0063861178380886,30145.89667215845,30143.97164260828
10000,18,uniform,3300,0.0049341165278657,30145.458981295247,30143.97164260828
10000,18,uniform,3400,0.0041103741572604,30145.210672628644,30143.97164260828
10000,18,uniform,3500,0.0036981689793621,30145.08641761671,30143.97164260828
10000,18,uniform,3600,0.0091225848518167,30146.72155199908,30143.97164260828
10000,18,uniform,3700,0.0097760635600047,30146.918536435565,30143.97164260828
10000,18,uniform,3800,0.0088531472046104,30146.64033279111,30143.97164260828
10000,18,uniform,3900,0.0083310993623268,30146.48296683757,30143.97164260828
10000,18,uniform,4000,0.0025844567549995,30144.750700519617,30143.97164260828
10000,18,uniform,4100,0.0087163076840512,30146.59908392484,30143.97164260828
10000,18,uniform,4200,0.0082838322066852,30146.46871863958,30143.97164260828
10000,18,uniform,4300,0.0063232384335936,30145.87771780859,30143.97164260828
10000,18,uniform,4400,0.0039131389906649,30145.15121811596,30143.97164260828
10000,18,uniform,4500,0.0065230761157888,30145.937956822843,30143.97164260828
10000,18,uniform,4600,0.0083908312566347,30146.500972402853,30143.97164260828
10000,18,uniform,4700,0.0074713315489762,30146.223798671723,30143.97164260828
10000,18,uniform,4800,0.0093340289240567,30146.78528964025,30143.97164260828
10000,18,uniform,4900,0.002550359213905,30144.7404221665,30143.97164260828
10000,18,uniform,5000,0.0050738535856768,30145.501103594328,30143.97164260828
10000,18,uniform,5100,0.0100762179885572,30147.009014901392,30143.97164260828
10000,18,uniform,5200,0.0137797153580947,30148.12539609825,30143.97164260828
10000,18,uniform,5300,0.0115974299611334,30147.46756860703,30143.97164260828
10000,18,uniform,5400,0.0171521683964973,30149.141987385807,30143.97164260828
10000,18,uniform,5500,0.0251359850037564,30151.548626799897,30143.97164260828
10000,18,uniform,5600,0.0247948416396248,30151.445792640952,30143.97164260828
10000,18,uniform,5700,0.0265812456705074,30151.984285765444,30143.97164260828
10000,18,uniform,5800,0.0249524125703149,30151.493290777616,30143.97164260828
10000,18,uniform,5900,0.0239566807583932,30151.193137662594,30143.97164260828
10000,18,uniform,6000,0.0332843765541638,30154.00487563818,30143.97164260828
10000,18,uniform,6100,0.0309051413682392,30153.287679658424,30143.97164260828
10000,18,uniform,6200,0.0255603684657162,30151.67655283033,30143.97164260828
10000,18,uniform,6300,0.0197724400723424,30149.931841336733,30143.97164260828
10000,18,uniform,6400,0.0234702087027186,30151.046495664083,30143.97164260828
10000,18,uniform,6500,0.0278101712387173,30152.35473274024,30143.97164260828
10000,18,uniform,6600,0.0241794367017343,30151.260285150987,30143.97164260828
10000,18,uniform,6700,0.0221153024876647,30150.63807311884,30143.97164260828
10000,18,uniform,6800,0.0276928458738813,30152.319366215528,30143.97164260828
10000,18,uniform,6900,0.0317952324408027,30153.55598845893,30143.97164260828
10000,18,uniform,7000,0.0363318095811457,30154.92349298566,30143.97164260828
10000,18,uniform,7100,0.0320428581435469,30153.630632680542,30143.97164260828
10000,18,uniform,7200,0.0309291961003603,30153.294930710053,30143.97164260828
10000,18,uniform,7300,0.0276302341071726,30152.300492542327,30143.97164260828
10000,18,uniform,7400,0.0254082779089813,30151.63070669604,30143.97164260828
10000,18,uniform,7500,0.0295840964530984,30152.88946425381,30143.97164260828
10000,18,uniform,7600,0.0270972530265278,30152.13983087652,30143.97164260828
10000,18,uniform,7700,0.0278961763584724,30152.380658099144,30143.97164260828
10000,18,uniform,7800,0.0293241831765104,30152.811116069428,30143.97164260828
10000,18,uniform,7900,0.0308698571352032,30153.277043589223,30143.97164260828
10000,18,uniform,8000,0.0321548158784465,30153.66438118841,30143.97164260828
10000,18,uniform,8100,0.0348553642167132,30154.478433713688,30143.97164260828
10000,18,uniform,8200,0.0396467991772202,30155.922762509457,30143.97164260828
10000,18,uniform,8300,0.0405889194134335,30156.2067549663,30143.97164260828
10000,18,uniform,8400,0.0386821358376786,30155.63197466594,30143.97164260828
10000,18,uniform,8500,0.0386516067185876,30155.622771976938,30143.97164260828
10000,18,uniform,8600,0.0396799027817188,30155.93274125061,30143.97164260828
10000,18,uniform,8700,0.0428323041841824,30156.88300023543,30143.97164260828
10000,18,uniform,8800,0.0418864344159164,30156.597877520708,30143.97164260828
10000,18,uniform,8900,0.0405672576464563,30156.20022524941,30143.97164260828
10000,18,uniform,9000,0.0391006662900382,30155.75813636681,30143.97164260828
10000,18,uniform,9100,0.0390048984362908,30155.729268132138,30143.97164260828
10000,18,uniform,9200,0.0396728485482941,30155.930614824487,30143.97164260828
10000,18,uniform,9300,0.0365841364730034,30154.99955433239,30143.97164260828
10000,18,uniform,9400,0.0341445155182776,30154.26415568361,30143.97164260828
10000,18,uniform,9500,0.033918605816602,30154.1960575272,30143.97164260828
10000,18,uniform,9600,0.0330940813069357,30153.94751309282,30143.97164260828
10000,18,uniform,9700,0.0334714993265657,30154.06128187363,30143.97164260828
10000,18,uniform,9800,0.0391930726028152,30155.785991299534,30143.97164260828
10000,18,uniform,9900,0.0446443830897813,30157.429232786875,30143.97164260828
10000,18,uniform,10000,0.0443120402231783,30157.32905144741,30143.97164260828
10000,19,uniform,0,51.72125192928855,57866.64812478524,38140.10719589544
10000,19,uniform,100,4.346058148947574,39797.6984327,38140.10719589544
10000,19,uniform,200,2.631606620393157,39143.80478188767,38140.10719589544
10000,19,uniform,300,0.7956334165981402,38443.56263387234,38140.10719589544
10000,19,uniform,400,0.0984422600714597,38177.65317941276,38140.10719589544
10000,19,uniform,500,0.0224814248282524,38148.6816354241,38140.10719589544
10000,19,uniform,600,0.010051992261602,38143.94103651934,38140.10719589544
10000,19,uniform,700,0.0028207272276408,38141.18302428377,38140.10719589544
10000,19,uniform,800,0.0386898527449404,38154.863547206296,38140.10719589544
10000,19,uniform,900,0.0353605841039228,38153.59376057777,38140.10719589544
10000,19,uniform,1000,0.0349479246700268,38153.43637182733,38140.10719589544
10000,19,uniform,1100,0.0409980838769182,38155.74390903436,38140.10719589544
10000,19,uniform,1200,0.0481803657284045,38158.48323903163,38140.10719589544
10000,19,uniform,1300,0.0484863460411752,38158.59994025092,38140.10719589544
10000,19,uniform,1400,0.0385630968237547,38154.81520236208,38140.10719589544
10000,19,uniform,1500,0.0240652167619346,38149.28569536537,38140.10719589544
10000,19,uniform,1600,0.0119822861345588,38144.67725267168,38140.10719589544
10000,19,uniform,1700,0.0049630180649479,38142.000096305565,38140.10719589544
10000,19,uniform,1800,0.0001697172706429,38140.1719262444,38140.10719589544
10000,19,uniform,1900,0.0017992818452639,38140.79344391998,38140.10719589544
10000,19,uniform,2000,0.003421115437884,38141.412012990746,38140.10719589544
10000,19,uniform,2100,0.0051721739354712,38142.07986857879,38140.10719589544
10000,19,uniform,2200,0.00673648382087,38142.67649804596,38140.10719589544
10000,19,uniform,2300,0.0082068409239573,38143.23729382124,38140.10719589544
10000,19,uniform,2400,0.0090372707904646,38143.55402066251,38140.10719589544
10000,19,uniform,2500,0.0076729941248387,38143.03368407979,38140.10719589544
10000,19,uniform,2600,0.005918125703436,38142.36437538272,38140.10719589544
10000,19,uniform,2700,0.0043827550383356,38141.7787833652,38140.10719589544
10000,19,uniform,2800,0.0045476070834656,38141.84165811192,38140.10719589544
10000,19,uniform,2900,0.002808885671497,38141.17850790156,38140.10719589544
10000,19,uniform,3000,0.0011343704411456,38140.53984599769,38140.10719589544
10000,19,uniform,3100,0.000825559197605,38140.42206505837,38140.10719589544
10000,19,uniform,3200,0.003920973473408,38141.60265938132,38140.10719589544
10000,19,uniform,3300,0.0067572666584907,38142.6844246425,38140.10719589544
10000,19,uniform,3400,0.0093200686910879,38143.66188008496,38140.10719589544
10000,19,uniform,3500,0.014047393274695,38145.46488674864,38140.10719589544
10000,19,uniform,3600,0.0172499777821966,38146.68635591284,38140.10719589544
10000,19,uniform,3700,0.0220849411259056,38148.53041611501,38140.10719589544
10000,19,uniform,3800,0.0265731772530366,38150.24223418511,38140.10719589544
10000,19,uniform,3900,0.0307373860503692,38151.83046788427,38140.10719589544
10000,19,uniform,4000,0.0336929288476211,38152.95771507536,38140.10719589544
10000,19,uniform,4100,0.0355044656322193,38153.6486371469,38140.10719589544
10000,19,uniform,4200,0.0371205830937938,38154.26502607916,38140.10719589544
10000,19,uniform,4300,0.0386901041306106,38154.86364308506,38140.10719589544
10000,19,uniform,4400,0.0374433092539756,38154.3881141826,38140.10719589544
10000,19,uniform,4500,0.037158563010968,38154.27951166028,38140.10719589544
10000,19,uniform,4600,0.0369342095346856,38154.19394300393,38140.10719589544
10000,19,uniform,4700,0.0351121747417927,38153.49901698077,38140.10719589544
10000,19,uniform,4800,0.032592406105406,38152.537974521765,38140.10719589544
10000,19,uniform,4900,0.0297385995103783,38151.44952962726,38140.10719589544
10000,19,uniform,5000,0.0290645493056189,38151.19244615661,38140.10719589544
10000,19,uniform,5100,0.0281680464378654,38150.85051900183,38140.10719589544
10000,19,uniform,5200,0.032318648615085,38152.4335631215,38140.10719589544
10000,19,uniform,5300,0.0371984320597549,38154.29471775823,38140.10719589544
10000,19,uniform,5400,0.037846193553568,38154.54177468634,38140.10719589544
10000,19,uniform,5500,0.0374519571656408,38154.39141250538,38140.10719589544
10000,19,uniform,5600,0.0402094117024033,38155.44310862158,38140.10719589544
10000,19,uniform,5700,0.0399665351293201,38155.35047523625,38140.10719589544
10000,19,uniform,5800,0.0380122543322067,38154.60511044532,38140.10719589544
10000,19,uniform,5900,0.0361244513155148,38153.88510035111,38140.10719589544
10000,19,uniform,6000,0.0373537815924114,38154.35396823651,38140.10719589544
10000,19,uniform,6100,0.0424577443120902,38156.30062508903,38140.10719589544
10000,19,uniform,6200,0.0445545176258985,38157.10033667857,38140.10719589544
10000,19,uniform,6300,0.0454364267911926,38157.43669777959,38140.10719589544
10000,19,uniform,6400,0.0452198405201662,38157.354091543646,38140.10719589544
10000,19,uniform,6500,0.0449888662720105,38157.265997717805,38140.10719589544
10000,19,uniform,6600,0.047498980041157,38158.223357800096,38140.10719589544
10000,19,uniform,6700,0.0469525098265066,38158.01493347444,38140.10719589544
10000,19,uniform,6800,0.0445613885988989,38157.10295727504,38140.10719589544
10000,19,uniform,6900,0.0422319979630376,38156.21452518951,38140.10719589544
10000,19,uniform,7000,0.0394156790548909,38155.14037813897,38140.10719589544
10000,19,uniform,7100,0.0374110123039004,38154.37579609122,38140.10719589544
10000,19,uniform,7200,0.034992626366652,38153.45342110234,38140.10719589544
10000,19,uniform,7300,0.0326817425394505,38152.57204753348,38140.10719589544
10000,19,uniform,7400,0.0304753938580561,38151.73054378128,38140.10719589544
10000,19,uniform,7500,0.0283466803411932,38150.91865016405,38140.10719589544
10000,19,uniform,7600,0.0263175008433577,38150.14471892838,38140.10719589544
10000,19,uniform,7700,0.0243698801953025,38149.40189432544,38140.10719589544
10000,19,uniform,7800,0.0224947247193683,38148.68670801683,38140.10719589544
10000,19,uniform,7900,0.020697970654383,38148.0014240904,38140.10719589544
10000,19,uniform,8000,0.0192101608455206,38147.43397183443,38140.10719589544
10000,19,uniform,8100,0.0177525197329529,38146.87802595156,38140.10719589544
10000,19,uniform,8200,0.0163537595903683,38146.34453733377,38140.10719589544
10000,19,uniform,8300,0.0167052767599132,38146.47860635904,38140.10719589544
10000,19,uniform,8400,0.0187251724706678,38147.24899674837,38140.10719589544
10000,19,uniform,8500,0.0221081935340565,38148.53928460841,38140.10719589544
10000,19,uniform,8600,0.0260087427521978,38150.02695826144,38140.10719589544
10000,19,uniform,8700,0.0297864456164515,38151.4677781834,38140.10719589544
10000,19,uniform,8800,0.0334312023057641,38152.85789229174,38140.10719589544
10000,19,uniform,8900,0.0367972039565578,38154.141688929565,38140.10719589544
10000,19,uniform,9000,0.0382617498472288,38154.7002683022,38140.10719589544
10000,19,uniform,9100,0.0367457682864001,38154.12207130983,38140.10719589544
10000,19,uniform,9200,0.0352655636651667,38153.55751968057,38140.10719589544
10000,19,uniform,9300,0.0339756388284066,38153.065540965086,38140.10719589544
10000,19,uniform,9400,0.0328884423630528,38152.65088306777,38140.10719589544
10000,19,uniform,9500,0.0318395201730029,38152.25082302008,38140.10719589544
10000,19,uniform,9600,0.0308217902938572,38151.86265975321,38140.10719589544
10000,19,uniform,9700,0.0298429215856689,38151.4893181786,38140.10719589544
10000,19,uniform,9800,0.0315259306216194,38152.13121962903,38140.10719589544
10000,19,uniform,9900,0.0323140885307397,38152.43182390044,38140.10719589544
10000,19,uniform,10000,0.0314566539604735,38152.10479743621,38140.10719589544
10000,20,uniform,0,51.31285258123625,58179.19564936118,38449.60600298389
10000,20,uniform,100,4.522721288849822,40188.57451915972,38449.60600298389
10000,20,uniform,200,2.311833698906167,39338.49695165752,38449.60600298389
10000,20,uniform,300,0.6022359434898699,38681.1633504641,38449.60600298389
10000,20,uniform,400,0.1156215120733505,38494.06201883079,38449.60600298389
10000,20,uniform,500,0.0367547435066029,38463.73805704959,38449.60600298389
10000,20,uniform,600,0.0094042006688659,38453.2218810888,38449.60600298389
10000,20,uniform,700,0.0305697839551917,38461.35996447063,38449.60600298389
10000,20,uniform,800,0.0044736596472166,38451.32610749216,38449.60600298389
10000,20,uniform,900,0.0113764726276412,38453.98021188626,38449.60600298389
10000,20,uniform,1000,0.0136068599396846,38454.83778702008,38449.60600298389
10000,20,uniform,1100,0.0060546610953195,38451.93399631986,38449.60600298389
10000,20,uniform,1200,0.0038915921354949,38451.10230482723,38449.60600298389
10000,20,uniform,1300,0.0053897403224076,38451.67833690244,38449.60600298389
10000,20,uniform,1400,0.0082932334882032,38452.79471858501,38449.60600298389
10000,20,uniform,1500,0.0037115003369256,38451.03306024024,38449.60600298389
10000,20,uniform,1600,0.0058667430002165,38451.86174255268,38449.60600298389
10000,20,uniform,1700,0.0044067657995682,38451.3003870713,38449.60600298389
10000,20,uniform,1800,0.0040167300888553,38451.15041987726,38449.60600298389
10000,20,uniform,1900,0.0039691011847007,38451.13210675127,38449.60600298389
10000,20,uniform,2000,0.005074205438763,38451.55701498288,38449.60600298389
10000,20,uniform,2100,0.0064712366387837,38452.09416797503,38449.60600298389
10000,20,uniform,2200,0.0038839287889849,38451.09935830069,38449.60600298389
10000,20,uniform,2300,0.0022080197943087,38450.45497789527,38449.60600298389
10000,20,uniform,2400,0.0035564299027053,38450.97343626925,38449.60600298389
10000,20,uniform,2500,0.0046722951219254,38451.40248204957,38449.60600298389
10000,20,uniform,2600,0.0096041086415746,38453.29874491668,38449.60600298389
10000,20,uniform,2700,0.0100821399285886,38453.482546063104,38449.60600298389
10000,20,uniform,2800,0.0171569679813565,38456.20278957478,38449.60600298389
10000,20,uniform,2900,0.0569388548565314,38471.49876833884,38449.60600298389
10000,20,uniform,3000,0.0682963068340929,38475.86566387619,38449.60600298389
10000,20,uniform,3100,0.0716926108589009,38477.17152939239,38449.60600298389
10000,20,uniform,3200,0.0760319654500577,38478.83999413576,38449.60600298389
10000,20,uniform,3300,0.0775172417472962,38479.41107702011,38449.60600298389
10000,20,uniform,3400,0.075677056960802,38478.70353321997,38449.60600298389
10000,20,uniform,3500,0.0768259012088237,38479.145259306926,38449.60600298389
10000,20,uniform,3600,0.0874633289853052,38483.23530837584,38449.60600298389
10000,20,uniform,3700,0.0989199730644343,38487.64034288543,38449.60600298389
10000,20,uniform,3800,0.1066005514683939,38490.5934950205,38449.60600298389
10000,20,uniform,3900,0.1067937406023086,38490.66777548133,38449.60600298389
10000,20,uniform,4000,0.1068913373931184,38490.70530106287,38449.60600298389
10000,20,uniform,4100,0.106144514456717,38490.41815058628,38449.60600298389
10000,20,uniform,4200,0.0981315421121532,38487.33719429067,38449.60600298389
10000,20,uniform,4300,0.0889334019368329,38483.80054563365,38449.60600298389
10000,20,uniform,4400,0.0828946058642725,38481.47865233643,38449.60600298389
10000,20,uniform,4500,0.0785868530941314,38479.82233836873,38449.60600298389
10000,20,uniform,4600,0.0759418234675796,38478.80533489866,38449.60600298389
10000,20,uniform,4700,0.074838188154489,38478.380991469065,38449.60600298389
10000,20,uniform,4800,0.0734241879932982,38477.837313978205,38449.60600298389
10000,20,uniform,4900,0.0705548535622237,38476.73406619455,38449.60600298389
10000,20,uniform,5000,0.0716096838236078,38477.13964427405,38449.60600298389
10000,20,uniform,5100,0.0703017178737699,38476.636736519686,38449.60600298389
10000,20,uniform,5200,0.0664176589677571,38475.1433311734,38449.60600298389
10000,20,uniform,5300,0.0616378585242845,38473.30551673516,38449.60600298389
10000,20,uniform,5400,0.0623847474639864,38473.59269258975,38449.60600298389
10000,20,uniform,5500,0.0621357108983397,38473.49693901146,38449.60600298389
10000,20,uniform,5600,0.0706219499173835,38476.75986447875,38449.60600298389
10000,20,uniform,5700,0.0788947506268543,38479.94072375696,38449.60600298389
10000,20,uniform,5800,0.0789506234348886,38479.96220663151,38449.60600298389
10000,20,uniform,5900,0.079730000808133,38480.2618741608,38449.60600298389
10000,20,uniform,6000,0.0814943074928033,38480.940243129735,38449.60600298389
10000,20,uniform,6100,0.0840462453515343,38481.92145318186,38449.60600298389
10000,20,uniform,6200,0.0824106456189535,38481.292571528895,38449.60600298389
10000,20,uniform,6300,0.0778836142530397,38479.55194580507,38449.60600298389
10000,20,uniform,6400,0.0728303534131826,38477.60898692184,38449.60600298389
10000,20,uniform,6500,0.0673671529715435,38475.50840787688,38449.60600298389
10000,20,uniform,6600,0.0627039169981215,38473.71541201811,38449.60600298389
10000,20,uniform,6700,0.0583272218938417,38472.03258999456,38449.60600298389
10000,20,uniform,6800,0.0548934430337524,38470.71231555184,38449.60600298389
10000,20,uniform,6900,0.0546316912215829,38470.61167301136,38449.60600298389
10000,20,uniform,7000,0.0506688656899073,38469.08798220784,38449.60600298389
10000,20,uniform,7100,0.0491684022389964,38468.51105992275,38449.60600298389
10000,20,uniform,7200,0.0570629713914312,38471.54649065749,38449.60600298389
10000,20,uniform,7300,0.0655203923098039,38474.79833567862,38449.60600298389
10000,20,uniform,7400,0.0647338358539306,38474.49590782035,38449.60600298389
10000,20,uniform,7500,0.0612150695262134,38473.14295603117,38449.60600298389
10000,20,uniform,7600,0.0575943780443173,38471.7508144218,38449.60600298389
10000,20,uniform,7700,0.0546264224174498,38470.60964717693,38449.60600298389
10000,20,uniform,7800,0.0516789067943674,38469.476339032975,38449.60600298389
10000,20,uniform,7900,0.0487750482339002,38468.35981685759,38449.60600298389
10000,20,uniform,8000,0.0460709504089412,38467.32010189796,38449.60600298389
10000,20,uniform,8100,0.0432300843937941,38466.22780010806,38449.60600298389
10000,20,uniform,8200,0.0400948917695177,38465.022330896594,38449.60600298389
10000,20,uniform,8300,0.0400080441262082,38464.98893831992,38449.60600298389
10000,20,uniform,8400,0.0409435952384539,38465.34865403653,38449.60600298389
10000,20,uniform,8500,0.0425467235949907,38465.965050573344,38449.60600298389
10000,20,uniform,8600,0.0454352649698939,38467.07568335123,38449.60600298389
10000,20,uniform,8700,0.0518990832375418,38469.56099600789,38449.60600298389
10000,20,uniform,8800,0.0576889278274425,38471.78716844089,38449.60600298389
10000,20,uniform,8900,0.0583385415896353,38472.03694237299,38449.60600298389
10000,20,uniform,9000,0.0564834358698539,38471.3236615328,38449.60600298389
10000,20,uniform,9100,0.0540862329820349,38470.40194646734,38449.60600298389
10000,20,uniform,9200,0.0512778655717365,38469.32214026296,38449.60600298389
10000,20,uniform,9300,0.0481373755596475,38468.11463422675,38449.60600298389
10000,20,uniform,9400,0.0452210154911267,38466.99330527078,38449.60600298389
10000,20,uniform,9500,0.0492257050752146,38468.5330926375,38449.60600298389
10000,20,uniform,9600,0.0539550509096469,38470.35150747736,38449.60600298389
10000,20,uniform,9700,0.0565716028789913,38471.35756140044,38449.60600298389
10000,20,uniform,9800,0.0570286811390319,38471.53330619055,38449.60600298389
10000,20,uniform,9900,0.0589063229814017,38472.255252081086,38449.60600298389
10000,20,uniform,10000,0.0608579734530748,38473.005653998,38449.60600298389
50000,1,uniform,0,53.32071161577451,49162.82844506942,32065.353680507746
50000,1,uniform,100,6.594879198221349,34180.025020219655,32065.353680507746
50000,1,uniform,200,3.750528383589262,33267.97387159347,32065.353680507746
50000,1,uniform,300,0.9196874751656888,32360.25472217496,32065.353680507746
50000,1,uniform,400,0.1091289453697199,32100.346262808354,32065.353680507746
50000,1,uniform,500,0.0010391138324778,32065.68687603328,32065.353680507746
50000,1,uniform,600,0.0557952587468648,32083.24462756188,32065.353680507746
50000,1,uniform,700,0.0861674854530474,32092.983589475865,32065.353680507746
50000,1,uniform,800,0.0373781714058216,32077.33912336833,32065.353680507746
50000,1,uniform,900,0.0068030188517254,32067.535092563503,32065.353680507746
50000,1,uniform,1000,0.0049602963687583,32066.94421708199,32065.353680507746
50000,1,uniform,1100,0.0074385680309494,32067.738883655635,32065.353680507746
50000,1,uniform,1200,0.0101714033496415,32068.61517696608,32065.353680507746
50000,1,uniform,1300,0.0130723937231163,32069.54538978957,32065.353680507746
50000,1,uniform,1400,0.0141849074220467,32069.90212124188,32065.353680507746
50000,1,uniform,1500,0.0132729564999857,32069.60970095333,32065.353680507746
50000,1,uniform,1600,0.0126578031485147,32069.4124498555,32065.353680507746
50000,1,uniform,1700,0.0121654383017624,32069.25457132599,32065.353680507746
50000,1,uniform,1800,0.0115917327019968,32069.07061059634,32065.353680507746
50000,1,uniform,1900,0.0111286179823285,32068.92211122353,32065.353680507746
50000,1,uniform,2000,0.0107751917726995,32068.80878385941,32065.353680507746
50000,1,uniform,2100,0.0103337982373363,32068.667249461178,32065.353680507746
50000,1,uniform,2200,0.0098988741410549,32068.527789511463,32065.353680507746
50000,1,uniform,2300,0.0093965721079118,32068.36672458799,32065.353680507746
50000,1,uniform,2400,0.0089915018930941,32068.23683739096,32065.353680507746
50000,1,uniform,2500,0.0085668778896369,32068.100680202435,32065.353680507746
50000,1,uniform,2600,0.0081833929970962,32067.97771441533,32065.353680507746
50000,1,uniform,2700,0.0078645964317087,32067.87549116912,32065.353680507746
50000,1,uniform,2800,0.007483160700624,32067.75318245288,32065.353680507746
50000,1,uniform,2900,0.0071608197497828,32067.649822686937,32065.353680507746
50000,1,uniform,3000,0.0068398389766765,32067.5468990668,32065.353680507746
50000,1,uniform,3100,0.0065752106986931,32067.46204507352,32065.353680507746
50000,1,uniform,3200,0.0063139438706498,32067.37826894106,32065.353680507746
50000,1,uniform,3300,0.0060755852664823,32067.301838411604,32065.353680507746
50000,1,uniform,3400,0.0062075061752248,32067.34413931757,32065.353680507746
50000,1,uniform,3500,0.0066760547185163,32067.494381065146,32065.353680507746
50000,1,uniform,3600,0.0079901190903891,32067.915740453573,32065.353680507746
50000,1,uniform,3700,0.0103354953311016,32068.667793640296,32065.353680507746
50000,1,uniform,3800,0.0131674835192665,32069.57588066902,32065.353680507746
50000,1,uniform,3900,0.0152458690599828,32070.242322343496,32065.353680507746
50000,1,uniform,4000,0.0141371082401018,32069.88679426513,32065.353680507746
50000,1,uniform,4100,0.0127820462900659,32069.45228885826,32065.353680507746
50000,1,uniform,4200,0.011529708692341,32069.05072237828,32065.353680507746
50000,1,uniform,4300,0.0103547507956085,32068.673967973093,32065.353680507746
50000,1,uniform,4400,0.0092247848759953,32068.3116404045,32065.353680507746
50000,1,uniform,4500,0.0082313174853855,32067.993081572,32065.353680507746
50000,1,uniform,4600,0.0077030122455164,32067.823678628323,32065.353680507746
50000,1,uniform,4700,0.0074226473070146,32067.7337786192,32065.353680507746
50000,1,uniform,4800,0.00757698405494,32067.78326724328,32065.353680507746
50000,1,uniform,4900,0.0081628961113096,32067.97114201641,32065.353680507746
50000,1,uniform,5000,0.0091475700734542,32068.28688120497,32065.353680507746
50000,1,uniform,5100,0.0105358522759759,32068.732038803293,32065.353680507746
50000,1,uniform,5200,0.0115372006466038,32069.05312469991,32065.353680507746
50000,1,uniform,5300,0.0127266610841952,32069.434529396112,32065.353680507746
50000,1,uniform,5400,0.0126901994374898,32069.42283784014,32065.353680507746
50000,1,uniform,5500,0.0123187145490493,32069.30371989679,32065.353680507746
50000,1,uniform,5600,0.0121735699826806,32069.25717877824,32065.353680507746
50000,1,uniform,5700,0.0128020915178179,32069.45871643144,32065.353680507746
50000,1,uniform,5800,0.0095889222159507,32068.42840233044,32065.353680507746
50000,1,uniform,5900,0.0101157639243322,32068.597335987568,32065.353680507746
50000,1,uniform,6000,0.0127792559046113,32069.451394111296,32065.353680507746
50000,1,uniform,6100,0.0170213716042668,32070.811643513927,32065.353680507746
50000,1,uniform,6200,0.0210497982125765,32072.10337275364,32065.353680507746
50000,1,uniform,6300,0.0203720011922381,32071.88603474184,32065.353680507746
50000,1,uniform,6400,0.0193061693458254,32071.54427199064,32065.353680507746
50000,1,uniform,6500,0.0182880210506935,32071.217799138816,32065.353680507746
50000,1,uniform,6600,0.0172440694903198,32070.88305237873,32065.353680507746
50000,1,uniform,6700,0.0162758557329001,32070.57259121303,32065.353680507746
50000,1,uniform,6800,0.0157423597379206,32070.401523835368,32065.353680507746
50000,1,uniform,6900,0.0152981489839552,32070.259086086025,32065.353680507746
50000,1,uniform,7000,0.0147600798421485,32070.086552312656,32065.353680507746
50000,1,uniform,7100,0.0142458381624207,32069.92165889928,32065.353680507746
50000,1,uniform,7200,0.0133429601818816,32069.632147881515,32065.353680507746
50000,1,uniform,7300,0.0174536215124774,32070.95024597578,32065.353680507746
50000,1,uniform,7400,0.0211683992136152,32072.141402584093,32065.353680507746
50000,1,uniform,7500,0.0204465282451333,32071.909932104933,32065.353680507746
50000,1,uniform,7600,0.0197017439823524,32071.671114396915,32065.353680507746
50000,1,uniform,7700,0.0189865335795178,32071.441779651686,32065.353680507746
50000,1,uniform,7800,0.0179220979466393,32071.100464601303,32065.353680507746
50000,1,uniform,7900,0.0168622437027854,32070.76061858952,32065.353680507746
50000,1,uniform,8000,0.0157666504432097,32070.40931273593,32065.353680507746
50000,1,uniform,8100,0.0146302305217979,32070.04491566884,32065.353680507746
50000,1,uniform,8200,0.0149713145300281,32070.15428546242,32065.353680507746
50000,1,uniform,8300,0.0159435317092181,32070.46603033947,32065.353680507746
50000,1,uniform,8400,0.0168948664171207,32070.771079178245,32065.353680507746
50000,1,uniform,8500,0.0178048828021904,32071.062879150668,32065.353680507746
50000,1,uniform,8600,0.0167887804901257,32070.73706235055,32065.353680507746
50000,1,uniform,8700,0.0162619599904673,32070.56813549407,32065.353680507746
50000,1,uniform,8800,0.0158033932539822,32070.42109444816,32065.353680507746
50000,1,uniform,8900,0.0148620071896231,32070.11923567712,32065.353680507746
50000,1,uniform,9000,0.0139481933691452,32069.826218043603,32065.353680507746
50000,1,uniform,9100,0.0131033179873416,32069.55530576427,32065.353680507746
50000,1,uniform,9200,0.0148030174577662,32070.10032041097,32065.353680507746
50000,1,uniform,9300,0.0160764390591987,32070.50864755131,32065.353680507746
50000,1,uniform,9400,0.0177612834197838,32071.048898854497,32065.353680507746
50000,1,uniform,9500,0.0189715426893947,32071.43697276975,32065.353680507746
50000,1,uniform,9600,0.0196962580529415,32071.669355314247,32065.353680507746
50000,1,uniform,9700,0.0204091721943497,32071.897953755128,32065.353680507746
50000,1,uniform,9800,0.0210533726918213,32072.104518923054,32065.353680507746
50000,1,uniform,9900,0.0224223167669744,32072.54347568244,32065.353680507746
50000,1,uniform,10000,0.0242997882608792,32073.14549355721,32065.353680507746
50000,2,uniform,0,56.84573967107914,49547.70453653677,31590.08631056422
50000,2,uniform,100,6.041556930879113,33498.61935953081,31590.08631056422
50000,2,uniform,200,2.9830332025334894,32532.429073917338,31590.08631056422
50000,2,uniform,300,0.7565855387319678,31829.092335262896,31590.08631056422
50000,2,uniform,400,0.1158332401570658,31626.67813110616,31590.08631056422
50000,2,uniform,500,0.0425999928403043,31603.543685070767,31590.08631056422
50000,2,uniform,600,0.032208189633349,31600.260905468465,31590.08631056422
50000,2,uniform,700,0.0295703373705843,31599.42760566192,31590.08631056422
50000,2,uniform,800,0.0274639698411819,31598.76220234136,31590.08631056422
50000,2,uniform,900,0.0236927084062842,31597.57085759908,31590.08631056422
50000,2,uniform,1000,0.0172334400935355,31595.530369164047,31590.08631056422
50000,2,uniform,1100,0.0192315527362746,31596.16157467247,31590.08631056422
50000,2,uniform,1200,0.0204780714317935,31596.555351004263,31590.08631056422
50000,2,uniform,1300,0.0190568347372968,31596.1063811058,31590.08631056422
50000,2,uniform,1400,0.0107886560837658,31593.49445633283,31590.08631056422
50000,2,uniform,1500,0.005443731561675,31591.80599006307,31590.08631056422
50000,2,uniform,1600,0.0024198269001378,31590.85073597054,31590.08631056422
50000,2,uniform,1700,0.004532011801438,31591.5179770039,31590.08631056422
50000,2,uniform,1800,0.0008779111532812,31590.36364345527,31590.08631056422
50000,2,uniform,1900,0.003242103944043,31591.11049399842,31590.08631056422
50000,2,uniform,2000,0.0020016255894494,31590.71862581554,31590.08631056422
50000,2,uniform,2100,0.0034699022175647,31591.18245566964,31590.08631056422
50000,2,uniform,2200,0.0030858709217282,31591.061139851827,31590.08631056422
50000,2,uniform,2300,0.0041775865260502,31591.40601375349,31590.08631056422
50000,2,uniform,2400,0.0057481192495847,31591.9021463964,31590.08631056422
50000,2,uniform,2500,0.0036504745611099,31591.23949862882,31590.08631056422
50000,2,uniform,2600,0.0029098427164968,31591.005532389863,31590.08631056422
50000,2,uniform,2700,0.0048557662382177,31591.620251309912,31590.08631056422
50000,2,uniform,2800,0.0049470095631982,31591.649075155023,31590.08631056422
50000,2,uniform,2900,0.0068560885925635,31592.25215486814,31590.08631056422
50000,2,uniform,3000,0.0081078417120448,31592.64758475898,31590.08631056422
50000,2,uniform,3100,0.0078157333868665,31592.55530748693,31590.08631056422
50000,2,uniform,3200,0.0078064446568298,31592.5523731691,31590.08631056422
50000,2,uniform,3300,0.0084927900029972,31592.769190256346,31590.08631056422
50000,2,uniform,3400,0.0090903637976324,31592.95796433384,31590.08631056422
50000,2,uniform,3500,0.0092484903736334,31593.007916655675,31590.08631056422
50000,2,uniform,3600,0.0094283986760841,31593.0647498437,31590.08631056422
50000,2,uniform,3700,0.009328847447266,31593.033301524592,31590.08631056422
50000,2,uniform,3800,0.0091121830520515,31592.96485705514,31590.08631056422
50000,2,uniform,3900,0.008918825738328,31592.903775312847,31590.08631056422
50000,2,uniform,4000,0.0082328851997472,31592.68708610467,31590.08631056422
50000,2,uniform,4100,0.0084301391816324,31592.7493988078,31590.08631056422
50000,2,uniform,4200,0.0079320095520152,31592.592039227864,31590.08631056422
50000,2,uniform,4300,0.0081620981248679,31592.66472440662,31590.08631056422
50000,2,uniform,4400,0.0085271951523642,31592.78005887272,31590.08631056422
50000,2,uniform,4500,0.0085005568716173,31592.771643816843,31590.08631056422
50000,2,uniform,4600,0.0080669435776507,31592.634665003025,31590.08631056422
50000,2,uniform,4700,0.007508216923279,31592.45816277067,31590.08631056422
50000,2,uniform,4800,0.0069831204672901,31592.292284347008,31590.08631056422
50000,2,uniform,4900,0.0067323973943415,31592.213080711863,31590.08631056422
50000,2,uniform,5000,0.0068544938792715,31592.251651096834,31590.08631056422
50000,2,uniform,5100,0.0073842181283056,31592.418991444312,31590.08631056422
50000,2,uniform,5200,0.0074584187721365,31592.44243149174,31590.08631056422
50000,2,uniform,5300,0.0074519740807604,31592.440395608173,31590.08631056422
50000,2,uniform,5400,0.0074989354761704,31592.45523075352,31590.08631056422
50000,2,uniform,5500,0.0079751722006485,31592.60567434582,31590.08631056422
50000,2,uniform,5600,0.0079472460776097,31592.59685245945,31590.08631056422
50000,2,uniform,5700,0.0073517403131868,31592.408731674484,31590.08631056422
50000,2,uniform,5800,0.0067831120754835,31592.229101523408,31590.08631056422
50000,2,uniform,5900,0.0062610399675005,31592.064178493893,31590.08631056422
50000,2,uniform,6000,0.0057501711119909,31591.902794581503,31590.08631056422
50000,2,uniform,6100,0.0052964024571075,31591.75944867177,31590.08631056422
50000,2,uniform,6200,0.0058837326228586,31591.944986778064,31590.08631056422
50000,2,uniform,6300,0.0066229106083073,31592.178493741656,31590.08631056422
50000,2,uniform,6400,0.0071790910312592,31592.35419161731,31590.08631056422
50000,2,uniform,6500,0.0072576736619455,31592.379015938168,31590.08631056422
50000,2,uniform,6600,0.0067882602233846,31592.230727827773,31590.08631056422
50000,2,uniform,6700,0.0062342816890012,31592.05572553062,31590.08631056422
50000,2,uniform,6800,0.0055585779694046,31591.842270142395,31590.08631056422
50000,2,uniform,6900,0.004777962343892,31591.595672992546,31590.08631056422
50000,2,uniform,7000,0.0039421289492161,31591.33163250175,31590.08631056422
50000,2,uniform,7100,0.0037433924184692,31591.26885146016,31590.08631056422
50000,2,uniform,7200,0.0039003807435119,31591.318444207536,31590.08631056422
50000,2,uniform,7300,0.0040451133284597,31591.36416535604,31590.08631056422
50000,2,uniform,7400,0.0041818915667662,31591.407373719576,31590.08631056422
50000,2,uniform,7500,0.003860819858977,31591.305946889966,31590.08631056422
50000,2,uniform,7600,0.0034620923037576,31591.17998851113,31590.08631056422
50000,2,uniform,7700,0.0037732290328126,31591.27827687238,31590.08631056422
50000,2,uniform,7800,0.0037221367619184,31591.262136779907,31590.08631056422
50000,2,uniform,7900,0.0036115195799444,31591.227192716648,31590.08631056422
50000,2,uniform,8000,0.0032801529180944,31591.122513702165,31590.08631056422
50000,2,uniform,8100,0.0030660365449427,31591.05487415508,31590.08631056422
50000,2,uniform,8200,0.0025740379786609,31590.899451383342,31590.08631056422
50000,2,uniform,8300,0.0054420566083558,31591.80546094387,31590.08631056422
50000,2,uniform,8400,0.0078304691626297,31592.559962531217,31590.08631056422
50000,2,uniform,8500,0.0106722098626203,31593.457670871067,31590.08631056422
50000,2,uniform,8600,0.0133209813594062,31594.29442007307,31590.08631056422
50000,2,uniform,8700,0.0139872445543523,31594.50489319141,31590.08631056422
50000,2,uniform,8800,0.0159628011336209,31595.128973219915,31590.08631056422
50000,2,uniform,8900,0.0163646586799498,31595.25592036565,31590.08631056422
50000,2,uniform,9000,0.0175172747183823,31595.620032767016,31590.08631056422
50000,2,uniform,9100,0.0211322038912512,31596.76199201279,31590.08631056422
50000,2,uniform,9200,0.0249206934616463,31597.958779137945,31590.08631056422
50000,2,uniform,9300,0.0242097882344109,31597.734203563075,31590.08631056422
50000,2,uniform,9400,0.0235603360045462,31597.529041043115,31590.08631056422
50000,2,uniform,9500,0.0212041685782652,31596.78472571953,31590.08631056422
50000,2,uniform,9600,0.0188218046318812,31596.03213489264,31590.08631056422
50000,2,uniform,9700,0.0166042157547694,31595.331596652344,31590.08631056422
50000,2,uniform,9800,0.0144617505378517,31594.654790041142,31590.08631056422
50000,2,uniform,9900,0.0127075127038774,31594.1006247953,31590.08631056422
50000,2,uniform,10000,0.0129297868524749,31594.17084139069,31590.08631056422
50000,3,uniform,0,56.22758339531821,57757.258686123656,36969.94949987462
50000,3,uniform,100,5.441067402192833,38981.509370719454,36969.94949987462
50000,3,uniform,200,2.9884130585241007,38074.76429845864,36969.94949987462
50000,3,uniform,300,0.724421134296992,37237.76762739064,36969.94949987462
50000,3,uniform,400,0.1353388707641271,37019.98421204982,36969.94949987462
50000,3,uniform,500,0.0713803523905689,36996.33878010625,36969.94949987462
50000,3,uniform,600,0.0703260077360965,36995.948989419936,36969.94949987462
50000,3,uniform,700,0.04997121566183,36988.42383306928,36969.94949987462
50000,3,uniform,800,0.0309488897181752,36981.391288774204,36969.94949987462
50000,3,uniform,900,0.0286120599476456,36980.52736398814,36969.94949987462
50000,3,uniform,1000,0.0255503298885443,36979.39544393147,36969.94949987462
50000,3,uniform,1100,0.0267431215891406,36979.83641842082,36969.94949987462
50000,3,uniform,1200,0.0917180236604871,37003.85760690419,36969.94949987462
50000,3,uniform,1300,0.0940117601617672,37004.70560013037,36969.94949987462
50000,3,uniform,1400,0.0975892734215194,37006.02820497585,36969.94949987462
50000,3,uniform,1500,0.0850984186439611,37001.41034227249,36969.94949987462
50000,3,uniform,1600,0.0620621522676845,36992.89384622652,36969.94949987462
50000,3,uniform,1700,0.0403650103197963,36984.87242380547,36969.94949987462
50000,3,uniform,1800,0.0611407932311414,36992.553220256,36969.94949987462
50000,3,uniform,1900,0.0867880894079631,37002.03501270065,36969.94949987462
50000,3,uniform,2000,0.1101507433438075,37010.672174062565,36969.94949987462
50000,3,uniform,2100,0.0905736807438483,37003.4345439058,36969.94949987462
50000,3,uniform,2200,0.0915341121631026,37003.78961491648,36969.94949987462
50000,3,uniform,2300,0.0787976615808175,36999.08095556813,36969.94949987462
50000,3,uniform,2400,0.0617611587139756,36992.78256906172,36969.94949987462
50000,3,uniform,2500,0.0532563237636684,36989.63833587554,36969.94949987462
50000,3,uniform,2600,0.0499528654341149,36988.41704899936,36969.94949987462
50000,3,uniform,2700,0.0422040346582692,36985.552310174695,36969.94949987462
50000,3,uniform,2800,0.0390574990413966,36984.38903754614,36969.94949987462
50000,3,uniform,2900,0.0405262939999432,36984.93205030057,36969.94949987462
50000,3,uniform,3000,0.0455822948634254,36986.80125126652,36969.94949987462
50000,3,uniform,3100,0.0443976643349072,36986.36329395836,36969.94949987462
50000,3,uniform,3200,0.0423244398091566,36985.59682389817,36969.94949987462
50000,3,uniform,3300,0.0438981833886732,36986.17863610478,36969.94949987462
50000,3,uniform,3400,0.0528411477871226,36989.48484552668,36969.94949987462
50000,3,uniform,3500,0.0561038625055038,36990.69106951039,36969.94949987462
50000,3,uniform,3600,0.0510497759412519,36988.8225762599,36969.94949987462
50000,3,uniform,3700,0.0490249090300504,36988.07398398539,36969.94949987462
50000,3,uniform,3800,0.0476557286567091,36987.567798692806,36969.94949987462
50000,3,uniform,3900,0.0376432023840246,36983.86617278613,36969.94949987462
50000,3,uniform,4000,0.0428092507054707,36985.77605824171,36969.94949987462
50000,3,uniform,4100,0.0470933877415499,36987.35990154045,36969.94949987462
50000,3,uniform,4200,0.0444221424726331,36986.37234351352,36969.94949987462
50000,3,uniform,4300,0.0425466096352466,36985.67895997068,36969.94949987462
50000,3,uniform,4400,0.0473122462107458,36987.44081340599,36969.94949987462
50000,3,uniform,4500,0.0447360742082497,36986.48840391764,36969.94949987462
50000,3,uniform,4600,0.0416777508712459,36985.357743324406,36969.94949987462
50000,3,uniform,4700,0.0426500770161985,36985.71721180917,36969.94949987462
50000,3,uniform,4800,0.044585984040212,36986.43291565831,36969.94949987462
50000,3,uniform,4900,0.0435158604241836,36986.03729149788,36969.94949987462
50000,3,uniform,5000,0.0431426783718201,36985.89932628158,36969.94949987462
50000,3,uniform,5100,0.0432841502786268,36985.95162837408,36969.94949987462
50000,3,uniform,5200,0.0425590810491343,36985.6835706461,36969.94949987462
50000,3,uniform,5300,0.0470816535096634,36987.35556340085,36969.94949987462
50000,3,uniform,5400,0.0441184006021614,36986.2600502974,36969.94949987462
50000,3,uniform,5500,0.0411926641874015,36985.17840702236,36969.94949987462
50000,3,uniform,5600,0.0425883614083405,36985.69439558011,36969.94949987462
50000,3,uniform,5700,0.045674912470388,36986.83549194904,36969.94949987462
50000,3,uniform,5800,0.0460181371016812,36986.9623819219,36969.94949987462
50000,3,uniform,5900,0.0407781787274344,36985.02517195712,36969.94949987462
50000,3,uniform,6000,0.0365278692093286,36983.45383467469,36969.94949987462
50000,3,uniform,6100,0.041459418224456,36985.277025855146,36969.94949987462
50000,3,uniform,6200,0.0472994903551382,36987.436097572616,36969.94949987462
50000,3,uniform,6300,0.0524808823884427,36989.35165559072,36969.94949987462
50000,3,uniform,6400,0.0597164905261143,36992.026656265225,36969.94949987462
50000,3,uniform,6500,0.058871075726639,36991.7141068408,36969.94949987462
50000,3,uniform,6600,0.0554497622664139,36990.44924898232,36969.94949987462
50000,3,uniform,6700,0.0554913697015912,36990.46463123009,36969.94949987462
50000,3,uniform,6800,0.0507595255253691,36988.71527082773,36969.94949987462
50000,3,uniform,6900,0.0489907646425289,36988.06136082257,36969.94949987462
50000,3,uniform,7000,0.0478369238011463,36987.6347864462,36969.94949987462
50000,3,uniform,7100,0.0475539220730354,36987.53016085024,36969.94949987462
50000,3,uniform,7200,0.0486316276771206,36987.92858806782,36969.94949987462
50000,3,uniform,7300,0.0489976205624528,36988.0638954527,36969.94949987462
50000,3,uniform,7400,0.0476966220616518,36987.58291696396,36969.94949987462
50000,3,uniform,7500,0.0445539381078994,36986.42106829332,36969.94949987462
50000,3,uniform,7600,0.0430275546612136,36985.85676510391,36969.94949987462
50000,3,uniform,7700,0.046269263326933,36987.05522316056,36969.94949987462
50000,3,uniform,7800,0.0490330504106702,36988.076993849696,36969.94949987462
50000,3,uniform,7900,0.0529230680957601,36989.51513142341,36969.94949987462
50000,3,uniform,8000,0.0530840296267656,36989.57463882014,36969.94949987462
50000,3,uniform,8100,0.0518134946253936,36989.10492267175,36969.94949987462
50000,3,uniform,8200,0.0497132868128903,36988.32847690408,36969.94949987462
50000,3,uniform,8300,0.0510411746021462,36988.81939634918,36969.94949987462
50000,3,uniform,8400,0.053837244923986,36989.853102135145,36969.94949987462
50000,3,uniform,8500,0.0559121333751691,36990.620187347726,36969.94949987462
50000,3,uniform,8600,0.058526148520631,36991.58658742692,36969.94949987462
50000,3,uniform,8700,0.0567215462144807,36990.91942686567,36969.94949987462
50000,3,uniform,8800,0.0559627056620655,36990.63888389665,36969.94949987462
50000,3,uniform,8900,0.0558071041838305,36990.58135810873,36969.94949987462
50000,3,uniform,9000,0.0581418167440608,36991.44450016321,36969.94949987462
50000,3,uniform,9100,0.0571030878396395,36991.06048261181,36969.94949987462
50000,3,uniform,9200,0.0556309022362661,36990.516216337695,36969.94949987462
50000,3,uniform,9300,0.0539394665860804,36989.890893432,36969.94949987462
50000,3,uniform,9400,0.0517200483478587,36989.07037563014,36969.94949987462
50000,3,uniform,9500,0.0512045951777552,36988.879812853454,36969.94949987462
50000,3,uniform,9600,0.0510016510521365,36988.8047845127,36969.94949987462
50000,3,uniform,9700,0.0507184167592262,36988.700072937645,36969.94949987462
50000,3,uniform,9800,0.0504635977042221,36988.605866461694,36969.94949987462
50000,3,uniform,9900,0.0511351102766293,36988.8541243206,36969.94949987462
50000,3,uniform,10000,0.0513344267015176,36988.927811502224,36969.94949987462
50000,4,uniform,0,41.46905189481943,54972.07347476413,38858.02070380398
50000,4,uniform,100,6.5278817759587895,41394.62635582589,38858.02070380398
50000,4,uniform,200,3.215199373450042,40107.383542007774,38858.02070380398
50000,4,uniform,300,1.0951037580148502,39283.55634882153,38858.02070380398
50000,4,uniform,400,0.488675277175798,39047.91024418333,38858.02070380398
50000,4,uniform,500,0.4015477423014931,39014.05420864315,38858.02070380398
50000,4,uniform,600,0.3871581678475604,39008.462704822654,38858.02070380398
50000,4,uniform,700,0.3790373186676135,39005.307103566985,38858.02070380398
50000,4,uniform,800,0.3734679978537121,39003.14297573206,38858.02070380398
50000,4,uniform,900,0.36922096780442,39001.49266391621,38858.02070380398
50000,4,uniform,1000,0.3659471127953415,39000.22050865897,38858.02070380398
50000,4,uniform,1100,0.3628737519723056,38999.02626147405,38858.02070380398
50000,4,uniform,1200,0.3604475170980563,38998.08347462429,38858.02070380398
50000,4,uniform,1300,0.3584359875124407,38997.30183404145,38858.02070380398
50000,4,uniform,1400,0.3564849468038131,38996.54369823895,38858.02070380398
50000,4,uniform,1500,0.3546436546806975,38995.82820856453,38858.02070380398
50000,4,uniform,1600,0.3529245415738044,38995.160195237535,38858.02070380398
50000,4,uniform,1700,0.351372574332647,38994.55713148565,38858.02070380398
50000,4,uniform,1800,0.3499409504571601,38994.00083078371,38858.02070380398
50000,4,uniform,1900,0.3497841246900239,38993.93989139465,38858.02070380398
50000,4,uniform,2000,0.349563040207246,38993.85398234056,38858.02070380398
50000,4,uniform,2100,0.3494974557033701,38993.828497500464,38858.02070380398
50000,4,uniform,2200,0.349363856601144,38993.77658353366,38858.02070380398
50000,4,uniform,2300,0.3491079802049102,38993.67715503064,38858.02070380398
50000,4,uniform,2400,0.3488073014443451,38993.5603172156,38858.02070380398
50000,4,uniform,2500,0.3484668416383231,38993.42802127369,38858.02070380398
50000,4,uniform,2600,0.3476791650992041,38993.12194576104,38858.02070380398
50000,4,uniform,2700,0.3465750962947752,38992.69292647643,38858.02070380398
50000,4,uniform,2800,0.3455747935326979,38992.30422862205,38858.02070380398
50000,4,uniform,2900,0.3446066071052556,38991.92801053962,38858.02070380398
50000,4,uniform,3000,0.3436457083223409,38991.55462429161,38858.02070380398
50000,4,uniform,3100,0.3427194807877673,38991.19471060446,38858.02070380398
50000,4,uniform,3200,0.3418599967278396,38990.86073211051,38858.02070380398
50000,4,uniform,3300,0.3410313844943257,38990.538749797255,38858.02070380398
50000,4,uniform,3400,0.3402109818053403,38990.21995755052,38858.02070380398
50000,4,uniform,3500,0.339447598259376,38989.923321814174,38858.02070380398
50000,4,uniform,3600,0.3386628587351356,38989.618387567374,38858.02070380398
50000,4,uniform,3700,0.3377660618604989,38989.26991005216,38858.02070380398
50000,4,uniform,3800,0.3368485580708002,38988.9133862396,38858.02070380398
50000,4,uniform,3900,0.3360286796515995,38988.59479771372,38858.02070380398
50000,4,uniform,4000,0.3351567007805485,38988.25596398347,38858.02070380398
50000,4,uniform,4100,0.3343603025757009,38987.94649940415,38858.02070380398
50000,4,uniform,4200,0.3335322411846878,38987.62473113739,38858.02070380398
50000,4,uniform,4300,0.3327886276558228,38987.33577763839,38858.02070380398
50000,4,uniform,4400,0.3319948939413533,38987.02734842728,38858.02070380398
50000,4,uniform,4500,0.3312775707465252,38986.748610831724,38858.02070380398
50000,4,uniform,4600,0.3305428244112266,38986.46310294863,38858.02070380398
50000,4,uniform,4700,0.3298606004059561,38986.19800420342,38858.02070380398
50000,4,uniform,4800,0.3291650872318547,38985.92774155023,38858.02070380398
50000,4,uniform,4900,0.3284967867914537,38985.668053226735,38858.02070380398
50000,4,uniform,5000,0.3278666642941872,38985.42320009629,38858.02070380398
50000,4,uniform,5100,0.3272346529206082,38985.17761298589,38858.02070380398
50000,4,uniform,5200,0.3267184189696454,38984.97701469035,38858.02070380398
50000,4,uniform,5300,0.3261755113199084,38984.76605152341,38858.02070380398
50000,4,uniform,5400,0.3256634065177615,38984.567057733366,38858.02070380398
50000,4,uniform,5500,0.3251464607185713,38984.36618282769,38858.02070380398
50000,4,uniform,5600,0.3246252180293857,38984.16363823561,38858.02070380398
50000,4,uniform,5700,0.3241420438830843,38983.9758863258,38858.02070380398
50000,4,uniform,5800,0.3236526901057341,38983.785733133685,38858.02070380398
50000,4,uniform,5900,0.3231683001282769,38983.59750877596,38858.02070380398
50000,4,uniform,6000,0.3226963254363755,38983.41410875246,38858.02070380398
50000,4,uniform,6100,0.322203870139585,38983.22275037128,38858.02070380398
50000,4,uniform,6200,0.321739523685545,38983.04231453003,38858.02070380398
50000,4,uniform,6300,0.321285597897967,38982.86592795351,38858.02070380398
50000,4,uniform,6400,0.3208245866989902,38982.68678812637,38858.02070380398
50000,4,uniform,6500,0.3206109064488265,38982.60375621052,38858.02070380398
50000,4,uniform,6600,0.3197079700597893,38982.252893001525,38858.02070380398
50000,4,uniform,6700,0.3193637779222638,38982.119146749465,38858.02070380398
50000,4,uniform,6800,0.3189838477599639,38981.97151340834,38858.02070380398
50000,4,uniform,6900,0.3186202170102395,38981.830213696325,38858.02070380398
50000,4,uniform,7000,0.3182653199561903,38981.69230772559,38858.02070380398
50000,4,uniform,7100,0.3179184726098742,38981.55752971194,38858.02070380398
50000,4,uniform,7200,0.3175418000891377,38981.41116222585,38858.02070380398
50000,4,uniform,7300,0.3171951071852288,38981.27644422547,38858.02070380398
50000,4,uniform,7400,0.3168405021727546,38981.13865173631,38858.02070380398
50000,4,uniform,7500,0.3165442417541955,38981.023530801525,38858.02070380398
50000,4,uniform,7600,0.3163152471846265,38980.93454804427,38858.02070380398
50000,4,uniform,7700,0.3160902032556754,38980.84710042777,38858.02070380398
50000,4,uniform,7800,0.3158522181708163,38980.75462413422,38858.02070380398
50000,4,uniform,7900,0.3156155681132933,38980.66266660587,38858.02070380398
50000,4,uniform,8000,0.3153709263494918,38980.567603658645,38858.02070380398
50000,4,uniform,8100,0.3151238190918978,38980.47158266933,38858.02070380398
50000,4,uniform,8200,0.3148653783856643,38980.37115772619,38858.02070380398
50000,4,uniform,8300,0.3146263208451285,38980.2782646976,38858.02070380398
50000,4,uniform,8400,0.3143796271045444,38980.182404392806,38858.02070380398
50000,4,uniform,8500,0.314138924267165,38980.08887203442,38858.02070380398
50000,4,uniform,8600,0.3135713843954853,38979.86833727358,38858.02070380398
50000,4,uniform,8700,0.3128630753692381,38979.59310240552,38858.02070380398
50000,4,uniform,8800,0.312166106443891,38979.32227407621,38858.02070380398
50000,4,uniform,8900,0.3114687034238119,38979.05127706628,38858.02070380398
50000,4,uniform,9000,0.3107787219862142,38978.7831639364,38858.02070380398
50000,4,uniform,9100,0.3102822929332257,38978.59026143221,38858.02070380398
50000,4,uniform,9200,0.3093013145549367,38978.20907265088,38858.02070380398
50000,4,uniform,9300,0.3085748246073366,38977.92677303663,38858.02070380398
50000,4,uniform,9400,0.30829210789164,38977.81691491671,38858.02070380398
50000,4,uniform,9500,0.3080637266579704,38977.728170489645,38858.02070380398
50000,4,uniform,9600,0.3078407241666788,38977.64151613541,38858.02070380398
50000,4,uniform,9700,0.3076009979204192,38977.548363261005,38858.02070380398
50000,4,uniform,9800,0.3073453718094854,38977.44903201389,38858.02070380398
50000,4,uniform,9900,0.3070880160707117,38977.34902866764,38858.02070380398
50000,4,uniform,10000,0.3068432037625653,38977.253899450254,38858.02070380398
50000,5,uniform,0,49.660738113998136,50640.376031617154,33836.78088841434
50000,5,uniform,100,5.550963730772865,35715.0483231913,33836.78088841434
50000,5,uniform,200,2.934077110829271,34829.57813150276,33836.78088841434
50000,5,uniform,300,0.7314736710290659,34084.28803173688,33836.78088841434
50000,5,uniform,400,0.0987702739007155,33870.20156957701,33836.78088841434
50000,5,uniform,500,0.0120894622883369,33840.87157327943,33836.78088841434
50000,5,uniform,600,0.0034514400747672,33837.94874462993,33836.78088841434
50000,5,uniform,700,0.0009418308579253,33837.09957365807,33836.78088841434
50000,5,uniform,800,0.0058253760383806,33838.75200814037,33836.78088841434
50000,5,uniform,900,0.0100012555024625,33840.1649913248,33836.78088841434
50000,5,uniform,1000,0.0138357594154367,33841.46246401199,33836.78088841434
50000,5,uniform,1100,0.0161783226341852,33842.25511199549,33836.78088841434
50000,5,uniform,1200,0.0178253203259326,33842.81240299568,33836.78088841434
50000,5,uniform,1300,0.0197193185813238,33843.45327103539,33836.78088841434
50000,5,uniform,1400,0.022028777008829,33844.23471742321,33836.78088841434
50000,5,uniform,1500,0.0233413394644302,33844.67884630534,33836.78088841434
50000,5,uniform,1600,0.0244383014844642,33845.050022940486,33836.78088841434
50000,5,uniform,1700,0.0217320005178775,33844.13429781224,33836.78088841434
50000,5,uniform,1800,0.016006542258038,33842.196987046,33836.78088841434
50000,5,uniform,1900,0.0117330576457277,33840.750977421434,33836.78088841434
50000,5,uniform,2000,0.0079426370369582,33839.468421105295,33836.78088841434
50000,5,uniform,2100,0.0046706343953511,33838.36128074079,33836.78088841434
50000,5,uniform,2200,0.0019939600215386,33837.45558029783,33836.78088841434
50000,5,uniform,2300,0.0001580793951395,33836.8343773929,33836.78088841434
50000,5,uniform,2400,0.000929160526869,33837.09528642592,33836.78088841434
50000,5,uniform,2500,0.0015401851984115,33837.3020375052,33836.78088841434
50000,5,uniform,2600,0.0020652030781042,33837.47968665478,33836.78088841434
50000,5,uniform,2700,0.002544302729771,33837.64179855415,33836.78088841434
50000,5,uniform,2800,0.0029580427787404,33837.781794867966,33836.78088841434
50000,5,uniform,2900,0.003332505502331,33837.908500999256,33836.78088841434
50000,5,uniform,3000,0.0036426911559036,33838.0134578392,33836.78088841434
50000,5,uniform,3100,0.0033197825772022,33837.90419597096,33836.78088841434
50000,5,uniform,3200,0.0028249811134776,33837.736771083844,33836.78088841434
50000,5,uniform,3300,0.0023148769954829,33837.564168271136,33836.78088841434
50000,5,uniform,3400,0.0015247949091725,33837.29682992675,33836.78088841434
50000,5,uniform,3500,0.0007559604501935,33837.03668109547,33836.78088841434
50000,5,uniform,3600,6.762201660036313e-05,33836.80376952793,33836.78088841434
50000,5,uniform,3700,0.0014037780879093,33837.2558817301,33836.78088841434
50000,5,uniform,3800,0.0028146959517295,33837.7332909162,33836.78088841434
50000,5,uniform,3900,0.0041947393040378,33838.200253161485,33836.78088841434
50000,5,uniform,4000,0.0053694074240936,33838.597723039435,33836.78088841434
50000,5,uniform,4100,0.0044560498195573,33838.28867222806,33836.78088841434
50000,5,uniform,4200,0.0033701467086277,33837.921237571754,33836.78088841434
50000,5,uniform,4300,0.0024331397374193,33837.604184576,33836.78088841434
50000,5,uniform,4400,0.0015921790411666,33837.31963054785,33836.78088841434
50000,5,uniform,4500,0.0007609775332964,33837.03837871489,33836.78088841434
50000,5,uniform,4600,1.0936831132846907e-05,33836.784589085924,33836.78088841434
50000,5,uniform,4700,0.0003230332288955,33836.8901924602,33836.78088841434
50000,5,uniform,4800,0.0005969643092074,33836.98288191963,33836.78088841434
50000,5,uniform,4900,0.0008642227798168,33837.07331358273,33836.78088841434
50000,5,uniform,5000,0.0011134244265378,33837.1576353979,33836.78088841434
50000,5,uniform,5100,0.0013406880352633,33837.23453408723,33836.78088841434
50000,5,uniform,5200,0.0015466127612543,33837.30421238556,33836.78088841434
50000,5,uniform,5300,0.0017615965108771,33837.37695596586,33836.78088841434
50000,5,uniform,5400,0.001941852692828,33837.437948855186,33836.78088841434
50000,5,uniform,5500,0.0021173523955571,33837.49733230506,33836.78088841434
50000,5,uniform,5600,0.0022874141036746,33837.55487571261,33836.78088841434
50000,5,uniform,5700,0.0024396238622375,33837.606378595105,33836.78088841434
50000,5,uniform,5800,0.0025941268452729,33837.65865743094,33836.78088841434
50000,5,uniform,5900,0.0027306270196967,33837.70484469587,33836.78088841434
50000,5,uniform,6000,0.0028496191888591,33837.745107815426,33836.78088841434
50000,5,uniform,6100,0.0030339195939361,33837.80746913967,33836.78088841434
50000,5,uniform,6200,0.003244587951626,33837.87875253026,33836.78088841434
50000,5,uniform,6300,0.0034570003577796,33837.95062605071,33836.78088841434
50000,5,uniform,6400,0.0036391443982333,33838.01225773058,33836.78088841434
50000,5,uniform,6500,0.0038351804829083,33838.078590031015,33836.78088841434
50000,5,uniform,6600,0.00401110502372,33838.13811723242,33836.78088841434
50000,5,uniform,6700,0.0041742666601255,33838.19332587782,33836.78088841434
50000,5,uniform,6800,0.0043314036431866,33838.24649597448,33836.78088841434
50000,5,uniform,6900,0.0044760177473827,33838.295428732046,33836.78088841434
50000,5,uniform,7000,0.0046169508611148,33838.34311596094,33836.78088841434
50000,5,uniform,7100,0.0047478956011318,33838.3874234457,33836.78088841434
50000,5,uniform,7200,0.0048890691491575,33838.43519202982,33836.78088841434
50000,5,uniform,7300,0.0050115652199633,33838.4766407569,33836.78088841434
50000,5,uniform,7400,0.005135389571245,33838.51853893133,33836.78088841434
50000,5,uniform,7500,0.0052432663646509,33838.55504096554,33836.78088841434
50000,5,uniform,7600,0.0053521601067259,33838.59188710245,33836.78088841434
50000,5,uniform,7700,0.0054509005500755,33838.62529768991,33836.78088841434
50000,5,uniform,7800,0.0055574708899446,33838.661357662306,33836.78088841434
50000,5,uniform,7900,0.0056484454220941,33838.69214051541,33836.78088841434
50000,5,uniform,8000,0.0057345033104113,33838.72125973452,33836.78088841434
50000,5,uniform,8100,0.005716756722983,33838.71525486062,33836.78088841434
50000,5,uniform,8200,0.0056807836129242,33838.70308271819,33836.78088841434
50000,5,uniform,8300,0.0056445096805279,33838.69080878716,33836.78088841434
50000,5,uniform,8400,0.0056048413432312,33838.67738629879,33836.78088841434
50000,5,uniform,8500,0.0055709002324962,33838.66590171952,33836.78088841434
50000,5,uniform,8600,0.0055465921050388,33838.657676631694,33836.78088841434
50000,5,uniform,8700,0.0055222678971314,33838.64944610276,33836.78088841434
50000,5,uniform,8800,0.0054976948399493,33838.641131371245,33836.78088841434
50000,5,uniform,8900,0.005466680965283,33838.63063727443,33836.78088841434
50000,5,uniform,9000,0.0054411008384516,33838.62198178296,33836.78088841434
50000,5,uniform,9100,0.005410531684432,33838.6116381653,33836.78088841434
50000,5,uniform,9200,0.005381561661019,33838.60183564195,33836.78088841434
50000,5,uniform,9300,0.0053530708154044,33838.59219525695,33836.78088841434
50000,5,uniform,9400,0.0053272128013799,33838.5834457374,33836.78088841434
50000,5,uniform,9500,0.0052997975935181,33838.574169313586,33836.78088841434
50000,5,uniform,9600,0.0052745163790972,33838.56561496446,33836.78088841434
50000,5,uniform,9700,0.0052488259158912,33838.55692213871,33836.78088841434
50000,5,uniform,9800,0.005224794595784,33838.54879071358,33836.78088841434
50000,5,uniform,9900,0.0052036200816239,33838.54162593962,33836.78088841434
50000,5,uniform,10000,0.0051764232097691,33838.532423393684,33836.78088841434
50000,6,uniform,0,39.53869053256301,48367.72448186637,34662.590208684225
50000,6,uniform,100,7.042381538618467,37103.662062347576,34662.590208684225
50000,6,uniform,200,3.2520122247316907,35789.821879679286,34662.590208684225
50000,6,uniform,300,0.9534557244616004,34993.08265927559,34662.590208684225
50000,6,uniform,400,0.2171098546853689,34737.846107916484,34662.590208684225
50000,6,uniform,500,0.0727995208654898,34687.82440827572,34662.590208684225
50000,6,uniform,600,0.0612208825795855,34683.81095233493,34662.590208684225
50000,6,uniform,700,0.0600155065553607,34683.393137783176,34662.590208684225
50000,6,uniform,800,0.0641237626747591,34684.817165766566,34662.590208684225
50000,6,uniform,900,0.0708096981483493,34687.134684181394,34662.590208684225
50000,6,uniform,1000,0.0675664640380819,34686.01049523224,34662.590208684225
50000,6,uniform,1100,0.0619361083265101,34684.05886810465,34662.590208684225
50000,6,uniform,1200,0.0525777575758238,34680.81502133365,34662.590208684225
50000,6,uniform,1300,0.0357352403656323,34674.97696861225,34662.590208684225
50000,6,uniform,1400,0.0224586459413222,34670.374957093285,34662.590208684225
50000,6,uniform,1500,0.0181143525059999,34668.86911246234,34662.590208684225
50000,6,uniform,1600,0.0155119310596838,34667.9670457809,34662.590208684225
50000,6,uniform,1700,0.0140336352880927,34667.45463017552,34662.590208684225
50000,6,uniform,1800,0.0142020076235101,34667.51299238817,34662.590208684225
50000,6,uniform,1900,0.0183793347593906,34668.960962174955,34662.590208684225
50000,6,uniform,2000,0.0177368328483392,34668.738254370444,34662.590208684225
50000,6,uniform,2100,0.0158888335942556,34668.09768996194,34662.590208684225
50000,6,uniform,2200,0.0106127443628731,34666.26886077262,34662.590208684225
50000,6,uniform,2300,0.0075365227936841,34665.202562696184,34662.590208684225
50000,6,uniform,2400,0.0081597785564786,34665.41859928719,34662.590208684225
50000,6,uniform,2500,0.0062463361419021,34664.75535058415,34662.590208684225
50000,6,uniform,2600,0.0069099095155322,34664.985362303385,34662.590208684225
50000,6,uniform,2700,0.0075357254200956,34665.202286305845,34662.590208684225
50000,6,uniform,2800,0.0080803903785138,34665.39108128839,34662.590208684225
50000,6,uniform,2900,0.0084549128391964,34665.52090047418,34662.590208684225
50000,6,uniform,3000,0.0079093756410814,34665.33180315076,34662.590208684225
50000,6,uniform,3100,0.00974607859368,34665.96845196857,34662.590208684225
50000,6,uniform,3200,0.0128508425130402,34667.044643562884,34662.590208684225
50000,6,uniform,3300,0.0051678393689783,34664.38151566734,34662.590208684225
50000,6,uniform,3400,0.0028482318069355,34663.57747960366,34662.590208684225
50000,6,uniform,3500,0.0023847202146715,34663.41681447986,34662.590208684225
50000,6,uniform,3600,0.0020232172396931,34663.29150818505,34662.590208684225
50000,6,uniform,3700,0.0019838702025742,34663.277869482816,34662.590208684225
50000,6,uniform,3800,0.0015759840339915,34663.13648557168,34662.590208684225
50000,6,uniform,3900,0.0017342099295018,34663.19133076545,34662.590208684225
50000,6,uniform,4000,0.0024654684854855,34663.44480392207,34662.590208684225
50000,6,uniform,4100,0.0016207002980902,34663.15198538706,34662.590208684225
50000,6,uniform,4200,0.001008088154844,34662.93963815028,34662.590208684225
50000,6,uniform,4300,0.0010959601179253,34662.97009684875,34662.590208684225
50000,6,uniform,4400,0.0009697508472115,34662.92634944644,34662.590208684225
50000,6,uniform,4500,0.0008108930106765,34662.87128520555,34662.590208684225
50000,6,uniform,4600,0.0009864135583742,34662.93212517373,34662.590208684225
50000,6,uniform,4700,0.0010455195553926,34662.95261284326,34662.590208684225
50000,6,uniform,4800,0.0011302849825621,34662.98199473592,34662.590208684225
50000,6,uniform,4900,0.0012403284569973,34663.02013865452,34662.590208684225
50000,6,uniform,5000,0.0004299295095407,34662.7392333883,34662.590208684225
50000,6,uniform,5100,7.642211033334062e-05,34662.61669856716,34662.590208684225
50000,6,uniform,5200,0.0016063160772308,34663.14699944353,34662.590208684225
50000,6,uniform,5300,0.0019726509381717,34663.27398059517,34662.590208684225
50000,6,uniform,5400,0.0035255558249225,34663.8122576524,34662.590208684225
50000,6,uniform,5500,0.0045377979414435,34664.163126989166,34662.590208684225
50000,6,uniform,5600,0.0080993578637665,34665.39765591008,34662.590208684225
50000,6,uniform,5700,0.008153047646008,34665.41626617928,34662.590208684225
50000,6,uniform,5800,0.0080871068710074,34665.39340939866,34662.590208684225
50000,6,uniform,5900,0.0064622972220169,34664.83020828836,34662.590208684225
50000,6,uniform,6000,0.0053230922286857,34664.435330329885,34662.590208684225
50000,6,uniform,6100,0.0043517436782456,34664.09863576235,34662.590208684225
50000,6,uniform,6200,0.0033457751182453,34663.74994100277,34662.590208684225
50000,6,uniform,6300,0.0023575301064937,34663.407389684086,34662.590208684225
50000,6,uniform,6400,0.0016713085113904,34663.16952750465,34662.590208684225
50000,6,uniform,6500,0.0014424096552916,34663.09018523217,34662.590208684225
50000,6,uniform,6600,0.0037146690706379,34663.87780920179,34662.590208684225
50000,6,uniform,6700,0.0066485836184837,34664.89477997858,34662.590208684225
50000,6,uniform,6800,0.0076330587243084,34665.23602455022,34662.590208684225
50000,6,uniform,6900,0.0055608885761114,34664.517756703324,34662.590208684225
50000,6,uniform,7000,0.0045168347588962,34664.155860607105,34662.590208684225
50000,6,uniform,7100,0.0030825426609887,34663.65869781481,34662.590208684225
50000,6,uniform,7200,0.0030265918594288,34663.63930381775,34662.590208684225
50000,6,uniform,7300,0.0038096435941207,34663.91072983167,34662.590208684225
50000,6,uniform,7400,0.004670066862483,34664.20897482324,34662.590208684225
50000,6,uniform,7500,0.003979653321451,34663.969659606766,34662.590208684225
50000,6,uniform,7600,0.0037601118713186,34663.89356085357,34662.590208684225
50000,6,uniform,7700,0.0053283217562157,34664.43714301958,34662.590208684225
50000,6,uniform,7800,0.0078143772471252,34665.29887424676,34662.590208684225
50000,6,uniform,7900,0.0083549742843471,34665.48625918245,34662.590208684225
50000,6,uniform,8000,0.0085638522003223,34665.5586616785,34662.590208684225
50000,6,uniform,8100,0.0086058405249492,34665.5732159194,34662.590208684225
50000,6,uniform,8200,0.0063254075163134,34664.782758770634,34662.590208684225
50000,6,uniform,8300,0.00380994960185,34663.91083590187,34662.590208684225
50000,6,uniform,8400,0.0025120318126287,34663.46094397735,34662.590208684225
50000,6,uniform,8500,0.0022684739007179,34663.37652049642,34662.590208684225
50000,6,uniform,8600,0.0028361793204024,34663.57330189964,34662.590208684225
50000,6,uniform,8700,0.0036534965601622,34663.85660522516,34662.590208684225
50000,6,uniform,8800,0.003926773987867,34663.95133026006,34662.590208684225
50000,6,uniform,8900,0.0029977231300965,34663.6292971684,34662.590208684225
50000,6,uniform,9000,0.0031173181302961,34663.67075189323,34662.590208684225
50000,6,uniform,9100,0.0043410356784631,34664.094924092264,34662.590208684225
50000,6,uniform,9200,0.0059006948299311,34664.63554235259,34662.590208684225
50000,6,uniform,9300,0.0058597625820319,34664.62135417524,34662.590208684225
50000,6,uniform,9400,0.0055801434295501,34664.52443093427,34662.590208684225
50000,6,uniform,9500,0.005226733217278,34664.40192980063,34662.590208684225
50000,6,uniform,9600,0.005025303343046,34664.33210898877,34662.590208684225
50000,6,uniform,9700,0.0048958901792708,34664.28725103413,34662.590208684225
50000,6,uniform,9800,0.0046901588062802,34664.21593921138,34662.590208684225
50000,6,uniform,9900,0.0040244156115688,34663.98517537596,34662.590208684225
50000,6,uniform,10000,0.0049194749438066,34664.295426124416,34662.590208684225
50000,7,uniform,0,36.9633476708143,45255.95261393966,33042.38205589897
50000,7,uniform,100,8.387206043163241,35813.71472049641,33042.38205589897
50000,7,uniform,200,4.334352062004437,34474.55522387421,33042.38205589897
50000,7,uniform,300,1.1697840840681586,33428.90658218587,33042.38205589897
50000,7,uniform,400,0.2755551835945747,33133.43205243712,33042.38205589897
50000,7,uniform,500,0.1562752050605992,33094.01910621373,33042.38205589897
50000,7,uniform,600,0.1427393406132917,33089.54653416848,33042.38205589897
50000,7,uniform,700,0.1350507671538048,33087.00604635135,33042.38205589897
50000,7,uniform,800,0.1239998300197434,33083.35455348276,33042.38205589897
50000,7,uniform,900,0.1186738841518455,33081.594734101,33042.38205589897
50000,7,uniform,1000,0.1140141409906924,33080.055043962864,33042.38205589897
50000,7,uniform,1100,0.108825566188738,33078.340615253546,33042.38205589897
50000,7,uniform,1200,0.1035926487986273,33076.61153469684,33042.38205589897
50000,7,uniform,1300,0.0993060787840782,33075.195149855535,33042.38205589897
50000,7,uniform,1400,0.0946883533857013,33073.66934338711,33042.38205589897
50000,7,uniform,1500,0.0904058865842159,33072.25431434515,33042.38205589897
50000,7,uniform,1600,0.0864600138220278,33070.950503991626,33042.38205589897
50000,7,uniform,1700,0.0818926011361661,33069.441322041894,33042.38205589897
50000,7,uniform,1800,0.0779262331499574,33068.13073957815,33042.38205589897
50000,7,uniform,1900,0.0735482169012582,33066.68413872278,33042.38205589897
50000,7,uniform,2000,0.0692955105250462,33065.27894323424,33042.38205589897
50000,7,uniform,2100,0.0655608046971623,33064.04490746593,33042.38205589897
50000,7,uniform,2200,0.0620315648930825,33062.87876256619,33042.38205589897
50000,7,uniform,2300,0.0582062769339054,33061.614796303984,33042.38205589897
50000,7,uniform,2400,0.0551389701873387,33060.60128508996,33042.38205589897
50000,7,uniform,2500,0.0518092430780326,33059.50106393708,33042.38205589897
50000,7,uniform,2600,0.0494202364280916,33058.71167923247,33042.38205589897
50000,7,uniform,2700,0.0472292791007255,33057.98773474168,33042.38205589897
50000,7,uniform,2800,0.0449543174527648,33057.23603322233,33042.38205589897
50000,7,uniform,2900,0.0426833780186699,33056.48566073826,33042.38205589897
50000,7,uniform,3000,0.0404043898582824,33055.7326287633,33042.38205589897
50000,7,uniform,3100,0.0382422701409621,33055.018212905794,33042.38205589897
50000,7,uniform,3200,0.0359000911473804,33054.2443011743,33042.38205589897
50000,7,uniform,3300,0.033195744187129,33053.35072051958,33042.38205589897
50000,7,uniform,3400,0.0305392608375268,33052.47295514195,33042.38205589897
50000,7,uniform,3500,0.0282538776499162,33051.71781009766,33042.38205589897
50000,7,uniform,3600,0.0260967839806612,33051.00505496616,33042.38205589897
50000,7,uniform,3700,0.0242881839736144,33050.40745044197,33042.38205589897
50000,7,uniform,3800,0.0225206368845514,33049.82341077978,33042.38205589897
50000,7,uniform,3900,0.0209640599283368,33049.30908067492,33042.38205589897
50000,7,uniform,4000,0.0196035080481977,33048.85952192461,33042.38205589897
50000,7,uniform,4100,0.0182524806077676,33048.413110276066,33042.38205589897
50000,7,uniform,4200,0.0171270105448839,33048.04122815796,33042.38205589897
50000,7,uniform,4300,0.0160702174729881,33047.69203855361,33042.38205589897
50000,7,uniform,4400,0.015027884903254,33047.34762704362,33042.38205589897
50000,7,uniform,4500,0.0141530927475217,33047.05857487733,33042.38205589897
50000,7,uniform,4600,0.0133931376270763,33046.80746760298,33042.38205589897
50000,7,uniform,4700,0.0125999113494186,33046.54536674575,33042.38205589897
50000,7,uniform,4800,0.0119326578001925,33046.32489027873,33042.38205589897
50000,7,uniform,4900,0.0113815309035819,33046.14278482394,33042.38205589897
50000,7,uniform,5000,0.0107334651677694,33045.92864846754,33042.38205589897
50000,7,uniform,5100,0.0101474562604838,33045.73501716551,33042.38205589897
50000,7,uniform,5200,0.0095783453805894,33045.546969374256,33042.38205589897
50000,7,uniform,5300,0.0090180430209432,33045.361832127914,33042.38205589897
50000,7,uniform,5400,0.0085044624444488,33045.19213287166,33042.38205589897
50000,7,uniform,5500,0.008113038988701,33045.06279723796,33042.38205589897
50000,7,uniform,5600,0.007726644761444,33044.93512338115,33042.38205589897
50000,7,uniform,5700,0.0073244543275586,33044.80223008139,33042.38205589897
50000,7,uniform,5800,0.0070013835689128,33044.69547980701,33042.38205589897
50000,7,uniform,5900,0.0067307303859245,33044.60604954824,33042.38205589897
50000,7,uniform,6000,0.0064434111844379,33044.51111243996,33042.38205589897
50000,7,uniform,6100,0.0061704351145408,33044.420914644026,33042.38205589897
50000,7,uniform,6200,0.0059406144366798,33044.344976417604,33042.38205589897
50000,7,uniform,6300,0.0057791443574296,33044.29162285711,33042.38205589897
50000,7,uniform,6400,0.0056317009565056,33044.24290404526,33042.38205589897
50000,7,uniform,6500,0.0055370152907439,33044.21161764583,33042.38205589897
50000,7,uniform,6600,0.0054705382825138,33044.18965205879,33042.38205589897
50000,7,uniform,6700,0.0054258607783172,33044.17488954716,33042.38205589897
50000,7,uniform,6800,0.0053756547964053,33044.1583002948,33042.38205589897
50000,7,uniform,6900,0.0053252660862883,33044.14165066469,33042.38205589897
50000,7,uniform,7000,0.005274114682524,33044.124749022434,33042.38205589897
50000,7,uniform,7100,0.0052242557137774,33044.10827443149,33042.38205589897
50000,7,uniform,7200,0.0051680667775094,33044.0897082685,33042.38205589897
50000,7,uniform,7300,0.005123756940935,33044.07506724301,33042.38205589897
50000,7,uniform,7400,0.0050741582333451,33044.05867864855,33042.38205589897
50000,7,uniform,7500,0.0050327432894147,33044.04499416455,33042.38205589897
50000,7,uniform,7600,0.0049894344295826,33044.03068388562,33042.38205589897
50000,7,uniform,7700,0.0049483553290679,33044.01711037228,33042.38205589897
50000,7,uniform,7800,0.0049001023330785,33044.001166432994,33042.38205589897
50000,7,uniform,7900,0.0048547922118968,33043.98619488964,33042.38205589897
50000,7,uniform,8000,0.0048217905124379,33043.97529034202,33042.38205589897
50000,7,uniform,8100,0.0047835277668396,33043.96264741944,33042.38205589897
50000,7,uniform,8200,0.0047438456358618,33043.94953549811,33042.38205589897
50000,7,uniform,8300,0.0047062103682253,33043.93709990919,33042.38205589897
50000,7,uniform,8400,0.0046599850057312,33043.92182594831,33042.38205589897
50000,7,uniform,8500,0.0046215784468409,33043.90913550639,33042.38205589897
50000,7,uniform,8600,0.0045937171832458,33043.899929481224,33042.38205589897
50000,7,uniform,8700,0.0045677552410846,33043.891351037106,33042.38205589897
50000,7,uniform,8800,0.0045376119041528,33043.88139096055,33042.38205589897
50000,7,uniform,8900,0.0045015488762787,33043.8694748771,33042.38205589897
50000,7,uniform,9000,0.0044802507462528,33043.86243746761,33042.38205589897
50000,7,uniform,9100,0.0044481572049526,33043.85183299708,33042.38205589897
50000,7,uniform,9200,0.0044273551823266,33043.844959513284,33042.38205589897
50000,7,uniform,9300,0.0043831717909295,33043.83036026829,33042.38205589897
50000,7,uniform,9400,0.004356622821686,33043.821587856444,33042.38205589897
50000,7,uniform,9500,0.0043235402243877,33043.81065657825,33042.38205589897
50000,7,uniform,9600,0.0042859391279235,33043.7982322803,33042.38205589897
50000,7,uniform,9700,0.0042586661491974,33043.78922063847,33042.38205589897
50000,7,uniform,9800,0.0042240781624228,33043.777791943736,33042.38205589897
50000,7,uniform,9900,0.004197521638994,33043.769017035804,33042.38205589897
50000,7,uniform,10000,0.0041669248180424,33043.75890711733,33042.38205589897
50000,8,uniform,0,33.75958280057883,63504.23834913599,47476.40282626628
50000,8,uniform,100,4.897724047824409,49801.66602453031,47476.40282626628
50000,8,uniform,200,1.75947965282471,48311.74047388753,47476.40282626628
50000,8,uniform,300,0.5064086647692111,47716.82744389922,47476.40282626628
50000,8,uniform,400,0.1383091351540304,47542.06702841753,47476.40282626628
50000,8,uniform,500,0.0965861854460356,47522.25847274316,47476.40282626628
50000,8,uniform,600,0.0754531636345062,47512.22527417856,47476.40282626628
50000,8,uniform,700,0.0549808939764255,47502.505776968006,47476.40282626628
50000,8,uniform,800,0.0427075547033727,47496.6788369745,47476.40282626628
50000,8,uniform,900,0.0391765193838439,47495.00242842226,47476.40282626628
50000,8,uniform,1000,0.0392298300348957,47495.0277384017,47476.40282626628
50000,8,uniform,1100,0.03630444882585,47493.63887263469,47476.40282626628
50000,8,uniform,1200,0.0339329686614545,47492.5129791589,47476.40282626628
50000,8,uniform,1300,0.0333935795984733,47492.25689663456,47476.40282626628
50000,8,uniform,1400,0.0391661064660235,47494.99748474345,47476.40282626628
50000,8,uniform,1500,0.0391876535272187,47495.00771451302,47476.40282626628
50000,8,uniform,1600,0.0364569801241782,47493.71128900832,47476.40282626628
50000,8,uniform,1700,0.0345825221817058,47492.821363804745,47476.40282626628
50000,8,uniform,1800,0.0362044290486277,47493.59138684235,47476.40282626628
50000,8,uniform,1900,0.0387376641235928,47494.79407573108,47476.40282626628
50000,8,uniform,2000,0.040590111051613,47495.67355089677,47476.40282626628
50000,8,uniform,2100,0.0419071351514781,47496.29882656374,47476.40282626628
50000,8,uniform,2200,0.0437218257334637,47497.16037637449,47476.40282626628
50000,8,uniform,2300,0.0448343938304529,47497.68858368594,47476.40282626628
50000,8,uniform,2400,0.045966102424651,47498.22587821694,47476.40282626628
50000,8,uniform,2500,0.0462657523581347,47498.36814122643,47476.40282626628
50000,8,uniform,2600,0.0479480400980311,47499.16683093052,47476.40282626628
50000,8,uniform,2700,0.0502730087383455,47500.27064240778,47476.40282626628
50000,8,uniform,2800,0.0519347182732177,47501.05956232036,47476.40282626628
50000,8,uniform,2900,0.0536050003491961,47501.85255216708,47476.40282626628
50000,8,uniform,3000,0.0519772252650171,47501.07974311101,47476.40282626628
50000,8,uniform,3100,0.0516452991223068,47500.92215651841,47476.40282626628
50000,8,uniform,3200,0.0496475975625838,47499.97371967865,47476.40282626628
50000,8,uniform,3300,0.0483270617386072,47499.3467767714,47476.40282626628
50000,8,uniform,3400,0.0473551499246113,47498.88534800347,47476.40282626628
50000,8,uniform,3500,0.0466163547530776,47498.53459463177,47476.40282626628
50000,8,uniform,3600,0.0455624479625644,47498.03423759849,47476.40282626628
50000,8,uniform,3700,0.043793823289784,47497.19455822436,47476.40282626628
50000,8,uniform,3800,0.0417838910497145,47496.24031469753,47476.40282626628
50000,8,uniform,3900,0.046020648220943,47498.25177459891,47476.40282626628
50000,8,uniform,4000,0.0448198209329257,47497.6816649984,47476.40282626628
50000,8,uniform,4100,0.0413190090202776,47496.01960543256,47476.40282626628
50000,8,uniform,4200,0.0380330795708929,47494.45956433059,47476.40282626628
50000,8,uniform,4300,0.034769767071147,47492.91026094273,47476.40282626628
50000,8,uniform,4400,0.0315350605887881,47491.37453866292,47476.40282626628
50000,8,uniform,4500,0.0285086627284794,47489.93771382363,47476.40282626628
50000,8,uniform,4600,0.02635608444576,47488.915747086976,47476.40282626628
50000,8,uniform,4700,0.0270979143770055,47489.26794125342,47476.40282626628
50000,8,uniform,4800,0.0266868542499516,47489.07278469164,47476.40282626628
50000,8,uniform,4900,0.0261470328459301,47488.816496907326,47476.40282626628
50000,8,uniform,5000,0.0274314196384049,47489.42627755477,47476.40282626628
50000,8,uniform,5100,0.0291353437896465,47490.235239448666,47476.40282626628
50000,8,uniform,5200,0.0312814668321788,47491.254141469486,47476.40282626628
50000,8,uniform,5300,0.0307979002406995,47491.02456144658,47476.40282626628
50000,8,uniform,5400,0.0292067766216898,47490.26915318776,47476.40282626628
50000,8,uniform,5500,0.0280027155532586,47489.69750830464,47476.40282626628
50000,8,uniform,5600,0.0264005003084442,47488.93683414086,47476.40282626628
50000,8,uniform,5700,0.0259962801323192,47488.74492494174,47476.40282626628
50000,8,uniform,5800,0.0270210388919832,47489.23144353848,47476.40282626628
50000,8,uniform,5900,0.029013207437544,47490.17725350215,47476.40282626628
50000,8,uniform,6000,0.0305568906378522,47490.91013875669,47476.40282626628
50000,8,uniform,6100,0.0293879070271889,47490.35514738871,47476.40282626628
50000,8,uniform,6200,0.0316492837557953,47491.428767713805,47476.40282626628
50000,8,uniform,6300,0.0343528055846368,47492.71230262776,47476.40282626628
50000,8,uniform,6400,0.0329496526218663,47492.04613607489,47476.40282626628
50000,8,uniform,6500,0.0314297081900065,47491.32452113368,47476.40282626628
50000,8,uniform,6600,0.0299064373088479,47490.60132691401,47476.40282626628
50000,8,uniform,6700,0.028307409645022,47489.84216609903,47476.40282626628
50000,8,uniform,6800,0.0266902365287093,47489.07439047593,47476.40282626628
50000,8,uniform,6900,0.0274129936622322,47489.417529564096,47476.40282626628
50000,8,uniform,7000,0.026533056302456,47488.99976695855,47476.40282626628
50000,8,uniform,7100,0.0251141091163694,47488.32610187659,47476.40282626628
50000,8,uniform,7200,0.0237279450809341,47487.668001055295,47476.40282626628
50000,8,uniform,7300,0.0229257335428258,47487.28713987394,47476.40282626628
50000,8,uniform,7400,0.0233486800226223,47487.48793964843,47476.40282626628
50000,8,uniform,7500,0.023732440046743,47487.67013510337,47476.40282626628
50000,8,uniform,7600,0.0223521389412952,47487.01481779033,47476.40282626628
50000,8,uniform,7700,0.0200850479418546,47485.938484535,47476.40282626628
50000,8,uniform,7800,0.0182724880154041,47485.07794628285,47476.40282626628
50000,8,uniform,7900,0.0166895408069156,47484.32641988962,47476.40282626628
50000,8,uniform,8000,0.0156824523022981,47483.84829049435,47476.40282626628
50000,8,uniform,8100,0.0162795519079462,47484.1317719084,47476.40282626628
50000,8,uniform,8200,0.0177052911264993,47484.808661603056,47476.40282626628
50000,8,uniform,8300,0.0184797326861698,47485.17633859758,47476.40282626628
50000,8,uniform,8400,0.0191616675083284,47485.50009672076,47476.40282626628
50000,8,uniform,8500,0.0209771629953683,47486.36202867148,47476.40282626628
50000,8,uniform,8600,0.0232159995426848,47487.424947729305,47476.40282626628
50000,8,uniform,8700,0.0253271126203947,47488.4272282782,47476.40282626628
50000,8,uniform,8800,0.0268078500205795,47489.13022913111,47476.40282626628
50000,8,uniform,8900,0.0280902403735074,47489.73906194087,47476.40282626628
50000,8,uniform,9000,0.0295508630751126,47490.432513058455,47476.40282626628
50000,8,uniform,9100,0.030972265665334,47491.10734387797,47476.40282626628
50000,8,uniform,9200,0.0321417930369708,47491.66259340409,47476.40282626628
50000,8,uniform,9300,0.0330960467039819,47492.11563871903,47476.40282626628
50000,8,uniform,9400,0.034200237955181,47492.63986900542,47476.40282626628
50000,8,uniform,9500,0.035328375308896,47493.1754680399,47476.40282626628
50000,8,uniform,9600,0.0363803351383144,47493.67490072609,47476.40282626628
50000,8,uniform,9700,0.0367910675626255,47493.86990170639,47476.40282626628
50000,8,uniform,9800,0.0387864840287357,47494.817253665904,47476.40282626628
50000,8,uniform,9900,0.0383353263138069,47494.60306021178,47476.40282626628
50000,8,uniform,10000,0.037609274149979,47494.25835676176,47476.40282626628
50000,9,uniform,0,41.16990356323954,66799.13548182829,47318.25537580285
50000,9,uniform,100,4.473939034885424,49435.24527368766,47318.25537580285
50000,9,uniform,200,1.9212553202444185,48227.3598746573,47318.25537580285
50000,9,uniform,300,0.4466427848122185,47529.59894933789,47318.25537580285
50000,9,uniform,400,0.0757348767131967,47354.091798174544,47318.25537580285
50000,9,uniform,500,0.0178146056948504,47326.684936419726,47318.25537580285
50000,9,uniform,600,0.0134742144879102,47324.63113902412,47318.25537580285
50000,9,uniform,700,0.0128047748587596,47324.31437187081,47318.25537580285
50000,9,uniform,800,0.0127433490519818,47324.28530625069,47318.25537580285
50000,9,uniform,900,0.0125479055605249,47324.19282580029,47318.25537580285
50000,9,uniform,1000,0.0124336268508714,47324.13875110861,47318.25537580285
50000,9,uniform,1100,0.009730864999041,47322.859851353365,47318.25537580285
50000,9,uniform,1200,0.0067144549223441,47321.43253873009,47318.25537580285
50000,9,uniform,1300,0.0013134373855855,47318.87687145916,47318.25537580285
50000,9,uniform,1400,0.0069649928716613,47321.55108891676,47318.25537580285
50000,9,uniform,1500,0.0144447941427705,47325.09040038383,47318.25537580285
50000,9,uniform,1600,0.020815386482629,47328.10485353616,47318.25537580285
50000,9,uniform,1700,0.0260718326231129,47330.5921121446,47318.25537580285
50000,9,uniform,1800,0.0271530300644112,47331.10371591099,47318.25537580285
50000,9,uniform,1900,0.0250037475370005,47330.08671291592,47318.25537580285
50000,9,uniform,2000,0.0231153511334669,47329.19315668319,47318.25537580285
50000,9,uniform,2100,0.021127376007235,47328.25248153616,47318.25537580285
50000,9,uniform,2200,0.0190496662680117,47327.26934553578,47318.25537580285
50000,9,uniform,2300,0.0171394757778997,47326.36547672151,47318.25537580285
50000,9,uniform,2400,0.0155806851945071,47325.62788421248,47318.25537580285
50000,9,uniform,2500,0.0137746765888234,47324.773312448335,47318.25537580285
50000,9,uniform,2600,0.0117175537807051,47323.7999178246,47318.25537580285
50000,9,uniform,2700,0.0099013767206727,47322.94053452525,47318.25537580285
50000,9,uniform,2800,0.0083121375943618,47322.18853429693,47318.25537580285
50000,9,uniform,2900,0.0068842217754102,47321.51286944317,47318.25537580285
50000,9,uniform,3000,0.0055637743720044,47320.88805676872,47318.25537580285
50000,9,uniform,3100,0.0043998693824774,47320.33731723345,47318.25537580285
50000,9,uniform,3200,0.0033416662047274,47319.83659395141,47318.25537580285
50000,9,uniform,3300,0.0023351996739848,47319.36035154812,47318.25537580285
50000,9,uniform,3400,0.0014270274731142,47318.930620306855,47318.25537580285
50000,9,uniform,3500,0.0006731977590996,47318.57392123768,47318.25537580285
50000,9,uniform,3600,0.0007441430576994,47318.60749131525,47318.25537580285
50000,9,uniform,3700,0.0008752714179407,47318.66953896762,47318.25537580285
50000,9,uniform,3800,0.0009824533044453,47318.72025556639,47318.25537580285
50000,9,uniform,3900,0.001133097477234,47318.79153776078,47318.25537580285
50000,9,uniform,4000,0.0012098135390765,47318.82783846284,47318.25537580285
50000,9,uniform,4100,0.0013194177022883,47318.87970124069,47318.25537580285
50000,9,uniform,4200,0.0014263418243241,47318.93029586981,47318.25537580285
50000,9,uniform,4300,0.0015438592186358,47318.98590305056,47318.25537580285
50000,9,uniform,4400,0.0016410364417423,47319.03188561716,47318.25537580285
50000,9,uniform,4500,0.0016979966891245,47319.05883821248,47318.25537580285
50000,9,uniform,4600,0.0017745696761173,47319.09507121401,47318.25537580285
50000,9,uniform,4700,0.0018729583241902,47319.14162700577,47318.25537580285
50000,9,uniform,4800,0.0019532768352245,47319.17963232393,47318.25537580285
50000,9,uniform,4900,0.0020311533104466,47319.21648211336,47318.25537580285
50000,9,uniform,5000,0.002116445650441,47319.25684096061,47318.25537580285
50000,9,uniform,5100,0.0021896393947743,47319.29147496347,47318.25537580285
50000,9,uniform,5200,0.0022916212694534,47319.33973100737,47318.25537580285
50000,9,uniform,5300,0.0023455417321789,47319.36524522962,47318.25537580285
50000,9,uniform,5400,0.002412968076202,47319.39715019928,47318.25537580285
50000,9,uniform,5500,0.0024811509176052,47319.429413130296,47318.25537580285
50000,9,uniform,5600,0.0025471555579625,47319.46064537458,47318.25537580285
50000,9,uniform,5700,0.0026318482658429,47319.50072048638,47318.25537580285
50000,9,uniform,5800,0.0026866839676411,47319.52666778379,47318.25537580285
50000,9,uniform,5900,0.0027463678139754,47319.55490913862,47318.25537580285
50000,9,uniform,6000,0.002824743702033,47319.59199524149,47318.25537580285
50000,9,uniform,6100,0.00286474537348,47319.61092333453,47318.25537580285
50000,9,uniform,6200,0.002931719619772,47319.64261437943,47318.25537580285
50000,9,uniform,6300,0.0029774523501637,47319.66425430959,47318.25537580285
50000,9,uniform,6400,0.0030206296011242,47319.68468503146,47318.25537580285
50000,9,uniform,6500,0.0030890467820388,47319.71705884785,47318.25537580285
50000,9,uniform,6600,0.0031420091036368,47319.742119694434,47318.25537580285
50000,9,uniform,6700,0.003167417561869,47319.75414253359,47318.25537580285
50000,9,uniform,6800,0.0032354457136161,47319.78633226816,47318.25537580285
50000,9,uniform,6900,0.0029325814619566,47319.64302218812,47318.25537580285
50000,9,uniform,7000,0.0024498457027436,47319.41460004878,47318.25537580285
50000,9,uniform,7100,0.0019730576614191,47319.18899226579,47318.25537580285
50000,9,uniform,7200,0.0015125096292986,47318.97106897182,47318.25537580285
50000,9,uniform,7300,0.0010719965453615,47318.7626258658,47318.25537580285
50000,9,uniform,7400,0.0006603537390535,47318.56784367147,47318.25537580285
50000,9,uniform,7500,0.0002559272343065,47318.37647610515,47318.25537580285
50000,9,uniform,7600,7.069216505203947e-05,47318.288826102034,47318.25537580285
50000,9,uniform,7700,0.0002835359459615,47318.38954006584,47318.25537580285
50000,9,uniform,7800,0.0004916838392525,47318.48803201754,47318.25537580285
50000,9,uniform,7900,0.0006855669079807,47318.579774103135,47318.25537580285
50000,9,uniform,8000,0.0008637382223649,47318.66408166068,47318.25537580285
50000,9,uniform,8100,0.0010435391760832,47318.74916033513,47318.25537580285
50000,9,uniform,8200,0.0012138917168039,47318.82976818539,47318.25537580285
50000,9,uniform,8300,0.0013748704651294,47318.90594052062,47318.25537580285
50000,9,uniform,8400,0.0015324459264362,47318.98050247981,47318.25537580285
50000,9,uniform,8500,0.001690555858671,47319.05531734132,47318.25537580285
50000,9,uniform,8600,0.0018406039475668,47319.12631747921,47318.25537580285
50000,9,uniform,8700,0.001981041770386,47319.19277020686,47318.25537580285
50000,9,uniform,8800,0.0021229904537183,47319.25993784734,47318.25537580285
50000,9,uniform,8900,0.0022513347672689,47319.320668137385,47318.25537580285
50000,9,uniform,9000,0.0023808565953135,47319.38195560675,47318.25537580285
50000,9,uniform,9100,0.0025007208926743,47319.43867330108,47318.25537580285
50000,9,uniform,9200,0.002380415653442,47319.381746960746,47318.25537580285
50000,9,uniform,9300,0.0023855116941349,47319.384158318295,47318.25537580285
50000,9,uniform,9400,0.0023900651520767,47319.38631293515,47318.25537580285
50000,9,uniform,9500,0.0023938235040951,47319.38809132176,47318.25537580285
50000,9,uniform,9600,0.0023979278434681,47319.39003342354,47318.25537580285
50000,9,uniform,9700,0.0024055031105288,47319.39361790776,47318.25537580285
50000,9,uniform,9800,0.0024081207784266,47319.39485654254,47318.25537580285
50000,9,uniform,9900,0.0024090766979832,47319.395308867,47318.25537580285
50000,9,uniform,10000,0.0024172786248927,47319.39918987572,47318.25537580285
50000,10,uniform,0,37.51683705294288,41388.68649919434,30097.17747017409
50000,10,uniform,100,6.116529123602724,31938.08009551969,30097.17747017409
50000,10,uniform,200,3.5892589320554382,31177.44310081889,30097.17747017409
50000,10,uniform,300,1.3162765572498936,30493.33956160789,30097.17747017409
50000,10,uniform,400,0.6111643617081184,30281.120692751843,30097.17747017409
50000,10,uniform,500,0.529050503047445,30256.406738983133,30097.17747017409
50000,10,uniform,600,0.5135924199727303,30251.75429228665,30097.17747017409
50000,10,uniform,700,0.5048157634707411,30249.112766403297,30097.17747017409
50000,10,uniform,800,0.4980230536393841,30247.06835247032,30097.17747017409
50000,10,uniform,900,0.4930076625613661,30245.558861316746,30097.17747017409
50000,10,uniform,1000,0.4891646139337293,30244.40221215102,30097.17747017409
50000,10,uniform,1100,0.4858914685983366,30243.41708779057,30097.17747017409
50000,10,uniform,1200,0.4831179217466345,30242.5823284724,30097.17747017409
50000,10,uniform,1300,0.480424748155989,30241.77175923724,30097.17747017409
50000,10,uniform,1400,0.4781093357995294,30241.07488547115,30097.17747017409
50000,10,uniform,1500,0.4760460544819412,30240.45389603129,30097.17747017409
50000,10,uniform,1600,0.4741988495484572,30239.897939484217,30097.17747017409
50000,10,uniform,1700,0.4724654195027769,30239.376225967048,30097.17747017409
50000,10,uniform,1800,0.4706518131871943,30238.83038165564,30097.17747017409
50000,10,uniform,1900,0.4690107173750042,30238.336458136582,30097.17747017409
50000,10,uniform,2000,0.467565764296767,30237.901568044268,30097.17747017409
50000,10,uniform,2100,0.4661167128660851,30237.46544446354,30097.17747017409
50000,10,uniform,2200,0.4647488216266695,30237.053747809616,30097.17747017409
50000,10,uniform,2300,0.4634688213116396,30236.668503843182,30097.17747017409
50000,10,uniform,2400,0.4621469703777496,30236.27066402172,30097.17747017409
50000,10,uniform,2500,0.4609301894510067,30235.904447306773,30097.17747017409
50000,10,uniform,2600,0.4597539271419955,30235.550425552115,30097.17747017409
50000,10,uniform,2700,0.4586512472819961,30235.218550037724,30097.17747017409
50000,10,uniform,2800,0.4578247074938316,30234.96978489081,30097.17747017409
50000,10,uniform,2900,0.4576736609536072,30234.924324145544,30097.17747017409
50000,10,uniform,3000,0.4574133634420614,30234.845981941544,30097.17747017409
50000,10,uniform,3100,0.4570736326182085,30234.743732552568,30097.17747017409
50000,10,uniform,3200,0.4567122634178393,30234.63497062301,30097.17747017409
50000,10,uniform,3300,0.4563371525742903,30234.52207284672,30097.17747017409
50000,10,uniform,3400,0.4559424939164097,30234.403291730054,30097.17747017409
50000,10,uniform,3500,0.4555426837585636,30234.282960157303,30097.17747017409
50000,10,uniform,3600,0.4550908163200584,30234.14696081241,30097.17747017409
50000,10,uniform,3700,0.4545994665027035,30233.99907838588,30097.17747017409
50000,10,uniform,3800,0.4541751964297062,30233.87138506905,30097.17747017409
50000,10,uniform,3900,0.4536870323143614,30233.72446144892,30097.17747017409
50000,10,uniform,4000,0.4532095641611967,30233.58075701149,30097.17747017409
50000,10,uniform,4100,0.4526853819544116,30233.42299296245,30097.17747017409
50000,10,uniform,4200,0.452193525540308,30233.2749580646,30097.17747017409
50000,10,uniform,4300,0.4516175586420217,30233.10160828505,30097.17747017409
50000,10,uniform,4400,0.4503927953216874,30232.73298909494,30097.17747017409
50000,10,uniform,4500,0.4491938139059068,30232.3721295304,30097.17747017409
50000,10,uniform,4600,0.4480448348575246,30232.026319267112,30097.17747017409
50000,10,uniform,4700,0.446945821882063,30231.695547381467,30097.17747017409
50000,10,uniform,4800,0.4459093594752789,30231.383601451485,30097.17747017409
50000,10,uniform,4900,0.4448797205225672,30231.073709188586,30097.17747017409
50000,10,uniform,5000,0.443881346697812,30230.773226846733,30097.17747017409
50000,10,uniform,5100,0.4428985473487062,30230.477431982457,30097.17747017409
50000,10,uniform,5200,0.4420293680623116,30230.215833550097,30097.17747017409
50000,10,uniform,5300,0.4411457170009692,30229.949879521948,30097.17747017409
50000,10,uniform,5400,0.4403126158011136,30229.69913957532,30097.17747017409
50000,10,uniform,5500,0.4394777977625511,30229.447882908706,30097.17747017409
50000,10,uniform,5600,0.4386001126884545,30229.18372447432,30097.17747017409
50000,10,uniform,5700,0.4376895986376236,30228.909685444552,30097.17747017409
50000,10,uniform,5800,0.4368139351482535,30228.646135450115,30097.17747017409
50000,10,uniform,5900,0.4359523354614453,30228.38681826329,30097.17747017409
50000,10,uniform,6000,0.4351159515045657,30228.13509029946,30097.17747017409
50000,10,uniform,6100,0.4343201246777358,30227.89556888704,30097.17747017409
50000,10,uniform,6200,0.4335134420878136,30227.652780196324,30097.17747017409
50000,10,uniform,6300,0.4327276511425814,30227.416279301,30097.17747017409
50000,10,uniform,6400,0.4319581630394438,30227.18468510098,30097.17747017409
50000,10,uniform,6500,0.431225422557463,30226.96415089772,30097.17747017409
50000,10,uniform,6600,0.4304799698693755,30226.739790679232,30097.17747017409
50000,10,uniform,6700,0.4297611437453831,30226.523444304992,30097.17747017409
50000,10,uniform,6800,0.4290541896656327,30226.310671080977,30097.17747017409
50000,10,uniform,6900,0.4283709441871239,30226.10503347676,30097.17747017409
50000,10,uniform,7000,0.4276808587146433,30225.897337227405,30097.17747017409
50000,10,uniform,7100,0.4282008461141234,30226.05383875785,30097.17747017409
50000,10,uniform,7200,0.4288768038313218,30226.257282951618,30097.17747017409
50000,10,uniform,7300,0.4294706234373292,30226.43600589229,30097.17747017409
50000,10,uniform,7400,0.4300467959893557,30226.609417567808,30097.17747017409
50000,10,uniform,7500,0.4306267099720986,30226.78395530837,30097.17747017409
50000,10,uniform,7600,0.4311794145689579,30226.95030379177,30097.17747017409
50000,10,uniform,7700,0.4316334737882413,30227.08696280082,30097.17747017409
50000,10,uniform,7800,0.4321099107501914,30227.23035687879,30097.17747017409
50000,10,uniform,7900,0.4321128859365054,30227.23125232589,30097.17747017409
50000,10,uniform,8000,0.4308901334737524,30226.86323834716,30097.17747017409
50000,10,uniform,8100,0.4299082329056966,30226.56771399061,30097.17747017409
50000,10,uniform,8200,0.431075770291477,30226.91910978964,30097.17747017409
50000,10,uniform,8300,0.4322918564048207,30227.285117385363,30097.17747017409
50000,10,uniform,8400,0.4320531491905048,30227.21327325144,30097.17747017409
50000,10,uniform,8500,0.4311184943451578,30226.9319685239,30097.17747017409
50000,10,uniform,8600,0.4300973540364942,30226.62463411298,30097.17747017409
50000,10,uniform,8700,0.4286946681963512,30226.202465266324,30097.17747017409
50000,10,uniform,8800,0.4273896724229356,30225.80969837242,30097.17747017409
50000,10,uniform,8900,0.426109245989985,30225.42432615652,30097.17747017409
50000,10,uniform,9000,0.4248625625925356,30225.0491096419,30097.17747017409
50000,10,uniform,9100,0.4236058240687218,30224.67086681805,30097.17747017409
50000,10,uniform,9200,0.4224059626716828,30224.309742403988,30097.17747017409
50000,10,uniform,9300,0.4212840622173225,30223.9720820332,30097.17747017409
50000,10,uniform,9400,0.4201368722788001,30223.626810241483,30097.17747017409
50000,10,uniform,9500,0.4190335958712508,30223.29475518312,30097.17747017409
50000,10,uniform,9600,0.4179726681441257,30222.975445882254,30097.17747017409
50000,10,uniform,9700,0.4169483108550328,30222.667143251027,30097.17747017409
50000,10,uniform,9800,0.4162971089585769,30222.47114986056,30097.17747017409
50000,10,uniform,9900,0.4160382398125817,30222.393237554275,30097.17747017409
50000,10,uniform,10000,0.4157839695792387,30222.31670939089,30097.17747017409
50000,11,uniform,0,52.566126486157,43634.371012269134,28600.3007464624
50000,11,uniform,100,6.222978389207362,30380.09128116307,28600.3007464624
50000,11,uniform,200,3.3688058341768463,29563.789346601352,28600.3007464624
50000,11,uniform,300,0.9110663354663726,28860.86845840556,28600.3007464624
50000,11,uniform,400,0.2365970965951307,28667.968227646008,28600.3007464624
50000,11,uniform,500,0.0834790499477894,28624.17600580776,28600.3007464624
50000,11,uniform,600,0.0400911138829163,28611.766925605523,28600.3007464624
50000,11,uniform,700,0.0205744120272908,28606.185090179024,28600.3007464624
50000,11,uniform,800,0.0118034795169863,28603.676577102808,28600.3007464624
50000,11,uniform,900,0.0085803591203824,28602.75475497596,28600.3007464624
50000,11,uniform,1000,0.0073974487534075,28602.41643905344,28600.3007464624
50000,11,uniform,1100,0.0072992177125096,28602.38834468032,28600.3007464624
50000,11,uniform,1200,0.0071012643226965,28602.33172941549,28600.3007464624
50000,11,uniform,1300,0.0069312659289257,28602.28310936361,28600.3007464624
50000,11,uniform,1400,0.0068317808720225,28602.25465633814,28600.3007464624
50000,11,uniform,1500,0.0064673331324388,28602.15042318856,28600.3007464624
50000,11,uniform,1600,0.0065923415853343,28602.18617598204,28600.3007464624
50000,11,uniform,1700,0.0075231094915498,28602.45237840247,28600.3007464624
50000,11,uniform,1800,0.0085707669474813,28602.75201158566,28600.3007464624
50000,11,uniform,1900,0.0093842578315245,28602.98467242504,28600.3007464624
50000,11,uniform,2000,0.0095980291890684,28603.04581167621,28600.3007464624
50000,11,uniform,2100,0.0096552536902203,28603.06217805564,28600.3007464624
50000,11,uniform,2200,0.0096178253586246,28603.05147344024,28600.3007464624
50000,11,uniform,2300,0.0095288301618174,28603.026020546306,28600.3007464624
50000,11,uniform,2400,0.009519097587676,28603.023237000827,28600.3007464624
50000,11,uniform,2500,0.0094415870059697,28603.00106874135,28600.3007464624
50000,11,uniform,2600,0.0093085044502677,28602.963006730177,28600.3007464624
50000,11,uniform,2700,0.0091541277430502,28602.91885452763,28600.3007464624
50000,11,uniform,2800,0.009086411334125,28602.899487431023,28600.3007464624
50000,11,uniform,2900,0.0089392227305097,28602.857391047724,28600.3007464624
50000,11,uniform,3000,0.0097188812011745,28603.08037571513,28600.3007464624
50000,11,uniform,3100,0.0103624687984066,28603.264443703505,28600.3007464624
50000,11,uniform,3200,0.0108938487633492,28603.416419971585,28600.3007464624
50000,11,uniform,3300,0.0113318923436848,28603.54170175296,28600.3007464624
50000,11,uniform,3400,0.0116098918041516,28603.62121043473,28600.3007464624
50000,11,uniform,3500,0.0105418725059764,28603.31575370342,28600.3007464624
50000,11,uniform,3600,0.0102361896170358,28603.228327477853,28600.3007464624
50000,11,uniform,3700,0.0094777803158963,28603.01142013684,28600.3007464624
50000,11,uniform,3800,0.0080015209239378,28602.58920551094,28600.3007464624
50000,11,uniform,3900,0.0066572270144685,28602.204733409915,28600.3007464624
50000,11,uniform,4000,0.0054655885758751,28601.863921232667,28600.3007464624
50000,11,uniform,4100,0.0042943253475196,28601.528936426825,28600.3007464624
50000,11,uniform,4200,0.003241397802351,28601.227795982264,28600.3007464624
50000,11,uniform,4300,0.0022503418324946,28600.94435099432,28600.3007464624
50000,11,uniform,4400,0.0013189728473734,28600.677976663515,28600.3007464624
50000,11,uniform,4500,0.0018721728246402,28600.836193520743,28600.3007464624
50000,11,uniform,4600,0.011151623596778,28603.490144349194,28600.3007464624
50000,11,uniform,4700,0.0138575659420518,28604.26405199797,28600.3007464624
50000,11,uniform,4800,0.0135720710883821,28604.182399611203,28600.3007464624
50000,11,uniform,4900,0.0137968313991441,28604.24668173604,28600.3007464624
50000,11,uniform,5000,0.0199775037690629,28606.01437262199,28600.3007464624
50000,11,uniform,5100,0.0266659306229809,28607.92728281741,28600.3007464624
50000,11,uniform,5200,0.0240411517845026,28607.176588175684,28600.3007464624
50000,11,uniform,5300,0.0221264736631486,28606.62898447465,28600.3007464624
50000,11,uniform,5400,0.0204041511929847,28606.13639506836,28600.3007464624
50000,11,uniform,5500,0.0188127036736466,28605.681236291606,28600.3007464624
50000,11,uniform,5600,0.0173501672317304,28605.26294647069,28600.3007464624
50000,11,uniform,5700,0.0159001172693204,28604.84822782047,28600.3007464624
50000,11,uniform,5800,0.0145618483943845,28604.46547889744,28600.3007464624
50000,11,uniform,5900,0.0143783153993084,28604.41298790888,28600.3007464624
50000,11,uniform,6000,0.0147903504803064,28604.530831181222,28600.3007464624
50000,11,uniform,6100,0.0152847821721545,28604.67224013208,28600.3007464624
50000,11,uniform,6200,0.0157036023396838,28604.79202395958,28600.3007464624
50000,11,uniform,6300,0.0160692307084464,28604.89659477266,28600.3007464624
50000,11,uniform,6400,0.0153297613749741,28604.68510431936,28600.3007464624
50000,11,uniform,6500,0.0135985171889106,28604.18996327549,28600.3007464624
50000,11,uniform,6600,0.0118580224698591,28603.692176551365,28600.3007464624
50000,11,uniform,6700,0.0102149686980269,28603.222258231195,28600.3007464624
50000,11,uniform,6800,0.0087023612378962,28602.789647948484,28600.3007464624
50000,11,uniform,6900,0.006352871031641,28602.117686683487,28600.3007464624
50000,11,uniform,7000,0.004119094071307,28601.478819754822,28600.3007464624
50000,11,uniform,7100,0.0026031570073795,28601.045257195416,28600.3007464624
50000,11,uniform,7200,0.0008302594534503,28600.538203163065,28600.3007464624
50000,11,uniform,7300,0.0003053536993829,28600.388078538766,28600.3007464624
50000,11,uniform,7400,0.0004909758229703,28600.441167024364,28600.3007464624
50000,11,uniform,7500,0.0008486199133547,28600.543454309816,28600.3007464624
50000,11,uniform,7600,0.0011910147107219,28600.641380251604,28600.3007464624
50000,11,uniform,7700,0.0015012987175771,28600.73012241073,28600.3007464624
50000,11,uniform,7800,0.00181619659862,28600.820184151755,28600.3007464624
50000,11,uniform,7900,0.0021146451055003,28600.905541322296,28600.3007464624
50000,11,uniform,8000,0.0022579022618477,28600.94651329985,28600.3007464624
50000,11,uniform,8100,0.0018558692453591,28600.83153064804,28600.3007464624
50000,11,uniform,8200,0.0018061866329616,28600.817321271472,28600.3007464624
50000,11,uniform,8300,0.0017452889527536,28600.799904351785,28600.3007464624
50000,11,uniform,8400,0.0016901418314095,28600.784132109227,28600.3007464624
50000,11,uniform,8500,0.000938477953582,28600.569153979566,28600.3007464624
50000,11,uniform,8600,0.0005969022357317,28600.471462296984,28600.3007464624
50000,11,uniform,8700,0.0004871830506255,28600.440082280067,28600.3007464624
50000,11,uniform,8800,0.0003349481114691,28600.396542629627,28600.3007464624
50000,11,uniform,8900,0.000192222881255,28600.355722784545,28600.3007464624
50000,11,uniform,9000,0.0005128620671314,28600.447426556017,28600.3007464624
50000,11,uniform,9100,0.0025532112123576,28601.03097254783,28600.3007464624
50000,11,uniform,9200,0.0071938150630935,28602.35819920559,28600.3007464624
50000,11,uniform,9300,0.0111872255106102,28603.500326603626,28600.3007464624
50000,11,uniform,9400,0.0107424155312079,28603.373109611763,28600.3007464624
50000,11,uniform,9500,0.0099175315935834,28603.1371903248,28600.3007464624
50000,11,uniform,9600,0.0090703287339361,28602.894887759,28600.3007464624
50000,11,uniform,9700,0.0083462137455908,28602.687788694584,28600.3007464624
50000,11,uniform,9800,0.0081523096242757,28602.632331532728,28600.3007464624
50000,11,uniform,9900,0.0073600687623842,28602.40574826359,28600.3007464624
50000,11,uniform,10000,0.0050578882705524,28601.7473177192,28600.3007464624
50000,12,uniform,0,49.02272816418035,64425.12211182431,43231.742503630914
50000,12,uniform,100,5.984540426833311,45818.96361098519,43231.742503630914
50000,12,uniform,200,2.9299691835692188,44498.419236507296,43231.742503630914
50000,12,uniform,300,0.6779961477259299,43524.852052400325,43231.742503630914
50000,12,uniform,400,0.111040834569287,43279.74739130579,43231.742503630914
50000,12,uniform,500,0.0470954507651386,43252.10268763662,43231.742503630914
50000,12,uniform,600,0.0361337738432111,43247.363763695656,43231.742503630914
50000,12,uniform,700,0.0291063478315284,43244.32568497765,43231.742503630914
50000,12,uniform,800,0.028658465976388,43244.13205784732,43231.742503630914
50000,12,uniform,900,0.0280494521524575,43243.86877055914,43231.742503630914
50000,12,uniform,1000,0.01741416468953,43239.27095046865,43231.742503630914
50000,12,uniform,1100,0.0068197577391889,43234.69080373609,43231.742503630914
50000,12,uniform,1200,0.0031223333434603,43233.092342742064,43231.742503630914
50000,12,uniform,1300,0.0074003037491446,43234.94178389223,43231.742503630914
50000,12,uniform,1400,0.0129793360799625,43237.35369678368,43231.742503630914
50000,12,uniform,1500,0.0161271072017857,43238.71453308968,43231.742503630914
50000,12,uniform,1600,0.012563774202736,43237.17404214298,43231.742503630914
50000,12,uniform,1700,0.0094269997111154,43235.81795987184,43231.742503630914
50000,12,uniform,1800,0.0093122068193965,43235.76833290448,43231.742503630914
50000,12,uniform,1900,0.0080770250692939,43235.234342310825,43231.742503630914
50000,12,uniform,2000,0.0180658366303296,43239.55267960407,43231.742503630914
50000,12,uniform,2100,0.0299629094080859,43244.695991472814,43231.742503630914
50000,12,uniform,2200,0.0433313689340794,43250.475409471794,43231.742503630914
50000,12,uniform,2300,0.0370250603262555,43247.749082372975,43231.742503630914
50000,12,uniform,2400,0.0277124828283381,43243.723092848624,43231.742503630914
50000,12,uniform,2500,0.0226669768494291,43241.54183269582,43231.742503630914
50000,12,uniform,2600,0.0375839405846782,43247.9906960472,43231.742503630914
50000,12,uniform,2700,0.0386272528256171,43248.44173810871,43231.742503630914
50000,12,uniform,2800,0.0317372289779111,43245.46306074043,43231.742503630914
50000,12,uniform,2900,0.0278609195759539,43243.787264641134,43231.742503630914
50000,12,uniform,3000,0.0342857112392879,43246.56481402942,43231.742503630914
50000,12,uniform,3100,0.040681732404079,43249.32992542986,43231.742503630914
50000,12,uniform,3200,0.0467197497823666,43251.94026555517,43231.742503630914
50000,12,uniform,3300,0.0522488047139972,43254.330572346094,43231.742503630914
50000,12,uniform,3400,0.057210289740323,43256.47550877703,43231.742503630914
50000,12,uniform,3500,0.0620441799473106,43258.56528374423,43231.742503630914
50000,12,uniform,3600,0.0663637246401654,43260.43269818317,43231.742503630914
50000,12,uniform,3700,0.06277356542763,43258.880609796935,43231.742503630914
50000,12,uniform,3800,0.0522424409903717,43254.32782119748,43231.742503630914
50000,12,uniform,3900,0.0434724892680386,43250.53641825119,43231.742503630914
50000,12,uniform,4000,0.0383650945901797,43248.328402535415,43231.742503630914
50000,12,uniform,4100,0.0388779517830361,43248.55011963644,43231.742503630914
50000,12,uniform,4200,0.0387435894476686,43248.4920324576,43231.742503630914
50000,12,uniform,4300,0.0387685477185002,43248.50282235297,43231.742503630914
50000,12,uniform,4400,0.0478198068349663,43252.41583938754,43231.742503630914
50000,12,uniform,4500,0.0476367637562178,43252.336706675065,43231.742503630914
50000,12,uniform,4600,0.0443453759331708,43250.91378236661,43231.742503630914
50000,12,uniform,4700,0.0415965036448352,43249.72539697716,43231.742503630914
50000,12,uniform,4800,0.0392709201351142,43248.72000670253,43231.742503630914
50000,12,uniform,4900,0.0371797143270805,43247.81594199238,43231.742503630914
50000,12,uniform,5000,0.0378467045137028,43248.10429347239,43231.742503630914
50000,12,uniform,5100,0.0334228826383053,43246.1917981904,43231.742503630914
50000,12,uniform,5200,0.0324946852235163,43245.79052227411,43231.742503630914
50000,12,uniform,5300,0.0311076417929424,43245.19087922979,43231.742503630914
50000,12,uniform,5400,0.0315823639739,43245.39610990067,43231.742503630914
50000,12,uniform,5500,0.0328338620481198,43245.93715432556,43231.742503630914
50000,12,uniform,5600,0.0330651989390253,43246.03716529455,43231.742503630914
50000,12,uniform,5700,0.0312355659050791,43245.24618305255,43231.742503630914
50000,12,uniform,5800,0.0340615213147616,43246.46789281853,43231.742503630914
50000,12,uniform,5900,0.0341978384576517,43246.526825094734,43231.742503630914
50000,12,uniform,6000,0.0451090762373805,43251.243943315625,43231.742503630914
50000,12,uniform,6100,0.0453037524351317,43251.32810522815,43231.742503630914
50000,12,uniform,6200,0.0447741528175375,43251.09915008517,43231.742503630914
50000,12,uniform,6300,0.0485564541918717,43252.73430487604,43231.742503630914
50000,12,uniform,6400,0.0531541629779836,43254.72197449952,43231.742503630914
50000,12,uniform,6500,0.0501202903060463,43253.4103784781,43231.742503630914
50000,12,uniform,6600,0.0470962728870364,43252.103043054245,43231.742503630914
50000,12,uniform,6700,0.0479495447918518,43252.47192736699,43231.742503630914
50000,12,uniform,6800,0.0477720729225102,43252.39520318542,43231.742503630914
50000,12,uniform,6900,0.0446886425821392,43251.06218252039,43231.742503630914
50000,12,uniform,7000,0.0414340607781468,43249.65517009532,43231.742503630914
50000,12,uniform,7100,0.0392903719331721,43248.72841605378,43231.742503630914
50000,12,uniform,7200,0.038832016083691,43248.530260833184,43231.742503630914
50000,12,uniform,7300,0.0382930751614708,43248.29726728144,43231.742503630914
50000,12,uniform,7400,0.0402783997169344,43249.15555768112,43231.742503630914
50000,12,uniform,7500,0.0474645924130421,43252.26227400332,43231.742503630914
50000,12,uniform,7600,0.0505669098662915,43253.60345989635,43231.742503630914
50000,12,uniform,7700,0.051533352488697,43254.02126988232,43231.742503630914
50000,12,uniform,7800,0.051066835348689,43253.81958639361,43231.742503630914
50000,12,uniform,7900,0.050236253469324,43253.46051137424,43231.742503630914
50000,12,uniform,8000,0.0495527312725498,43253.16501281818,43231.742503630914
50000,12,uniform,8100,0.0526349924981809,43254.49752805453,43231.742503630914
50000,12,uniform,8200,0.0519606882963467,43254.20601459831,43231.742503630914
50000,12,uniform,8300,0.050958678522799,43253.77282831314,43231.742503630914
50000,12,uniform,8400,0.055484356133328,43255.72935760427,43231.742503630914
50000,12,uniform,8500,0.0615738024311531,43258.361931347645,43231.742503630914
50000,12,uniform,8600,0.0618253948786278,43258.470699146696,43231.742503630914
50000,12,uniform,8700,0.059545872751895,43257.48522201055,43231.742503630914
50000,12,uniform,8800,0.062877010015509,43258.9253306948,43231.742503630914
50000,12,uniform,8900,0.0613124306042501,43258.24893575246,43231.742503630914
50000,12,uniform,9000,0.0604413406685017,43257.87234839446,43231.742503630914
50000,12,uniform,9100,0.0593203921463587,43257.38774281577,43231.742503630914
50000,12,uniform,9200,0.0583836894747625,43256.98278992876,43231.742503630914
50000,12,uniform,9300,0.0584130140056365,43256.99546743444,43231.742503630914
50000,12,uniform,9400,0.0586300350646735,43257.08928941986,43231.742503630914
50000,12,uniform,9500,0.0588401810495308,43257.18013919092,43231.742503630914
50000,12,uniform,9600,0.0589962179537689,43257.24759666357,43231.742503630914
50000,12,uniform,9700,0.0584329510739792,43257.00408657649,43231.742503630914
50000,12,uniform,9800,0.0649555636689999,43259.82392565808,43231.742503630914
50000,12,uniform,9900,0.0701536768977673,43262.071160584186,43231.742503630914
50000,12,uniform,10000,0.0714879556867528,43262.64799255452,43231.742503630914
50000,13,uniform,0,45.642124606696505,51624.197863668014,35445.924730278464
50000,13,uniform,100,5.827887126478347,37511.67321449557,35445.924730278464
50000,13,uniform,200,2.8905966943188965,36470.52345880266,35445.924730278464
50000,13,uniform,300,0.7412933107143659,35708.68299922487,35445.924730278464
50000,13,uniform,400,0.1324754383394791,35492.88187443838,35445.924730278464
50000,13,uniform,500,0.0602750946496321,35467.28979495908,35445.924730278464
50000,13,uniform,600,0.052028844510759,35464.36683534178,35445.924730278464
50000,13,uniform,700,0.0434494870338612,35461.32580274818,35445.924730278464
50000,13,uniform,800,0.036416734053584,35458.83297842032,35445.924730278464
50000,13,uniform,900,0.0282795176848704,35455.94866683113,35445.924730278464
50000,13,uniform,1000,0.0262148043613167,35455.21681010057,35445.924730278464
50000,13,uniform,1100,0.0271857658282627,35455.5609763713,35445.924730278464
50000,13,uniform,1200,0.0279203918191618,35455.82137134708,35445.924730278464
50000,13,uniform,1300,0.0282884670395947,35455.95183901267,35445.924730278464
50000,13,uniform,1400,0.0268500445220733,35455.441976849805,35445.924730278464
50000,13,uniform,1500,0.0227877734075864,35454.002067288224,35445.924730278464
50000,13,uniform,1600,0.0191425485775526,35452.70998363872,35445.924730278464
50000,13,uniform,1700,0.0140233386182216,35450.89543232975,35445.924730278464
50000,13,uniform,1800,0.0111489057546138,35449.876563020494,35445.924730278464
50000,13,uniform,1900,0.0103719856917732,35449.601176519805,35445.924730278464
50000,13,uniform,2000,0.0092990715096566,35449.22087216639,35445.924730278464
50000,13,uniform,2100,0.008172386378027,35448.82150820269,35445.924730278464
50000,13,uniform,2200,0.0087772329808531,35449.03590167426,35445.924730278464
50000,13,uniform,2300,0.0098520737430932,35449.41688892181,35445.924730278464
50000,13,uniform,2400,0.0088000778332807,35449.043999243455,35445.924730278464
50000,13,uniform,2500,0.007411341595903,35448.55174884205,35445.924730278464
50000,13,uniform,2600,0.0068800489670433,35448.36342725673,35445.924730278464
50000,13,uniform,2700,0.005771499397635,35447.97049161076,35445.924730278464
50000,13,uniform,2800,0.0056630663836505,35447.93205652624,35445.924730278464
50000,13,uniform,2900,0.0052718259276664,35447.793377728696,35445.924730278464
50000,13,uniform,3000,0.0060373217238287,35448.06471479242,35445.924730278464
50000,13,uniform,3100,0.006574873463584,35448.25525497748,35445.924730278464
50000,13,uniform,3200,0.0049523482349156,35447.680135906194,35445.924730278464
50000,13,uniform,3300,0.0027697947710288,35446.906509648186,35445.924730278464
50000,13,uniform,3400,0.0009116447591037,35446.247871193584,35445.924730278464
50000,13,uniform,3500,0.0093342210678942,35449.23333125235,35445.924730278464
50000,13,uniform,3600,0.0180842313051742,35452.334853294946,35445.924730278464
50000,13,uniform,3700,0.019017426619955,35452.66563300381,35445.924730278464
50000,13,uniform,3800,0.0178938062524503,35452.26735537409,35445.924730278464
50000,13,uniform,3900,0.0159027860949208,35451.56161986769,35445.924730278464
50000,13,uniform,4000,0.0154177313017472,35451.3896877108,35445.924730278464
50000,13,uniform,4100,0.0166232169326896,35451.816983240176,35445.924730278464
50000,13,uniform,4200,0.0156196316516132,35451.46125315684,35445.924730278464
50000,13,uniform,4300,0.0133500051565231,35450.656763057734,35445.924730278464
50000,13,uniform,4400,0.0177987446805451,35452.233659920865,35445.924730278464
50000,13,uniform,4500,0.0160260125143981,35451.60529861158,35445.924730278464
50000,13,uniform,4600,0.0138334611952663,35450.82812852133,35445.924730278464
50000,13,uniform,4700,0.0112697999038264,35449.91941506963,35445.924730278464
50000,13,uniform,4800,0.0105835927564148,35449.67618260066,35445.924730278464
50000,13,uniform,4900,0.010205553484884,35449.542183085025,35445.924730278464
50000,13,uniform,5000,0.010254539466948,35449.559546619355,35445.924730278464
50000,13,uniform,5100,0.0103542643385095,35449.59489502227,35445.924730278464
50000,13,uniform,5200,0.0094313354286201,35449.26775433555,35445.924730278464
50000,13,uniform,5300,0.0066865371597226,35448.29483520716,35445.924730278464
50000,13,uniform,5400,0.0072421750581582,35448.491786198414,35445.924730278464
50000,13,uniform,5500,0.0075972515079479,35448.61764632954,35445.924730278464
50000,13,uniform,5600,0.0071549684825516,35448.460875021265,35445.924730278464
50000,13,uniform,5700,0.0050371862340429,35447.71020751951,35445.924730278464
50000,13,uniform,5800,0.0030461740953969,35447.00447485547,35445.924730278464
50000,13,uniform,5900,0.0011557935157129,35446.33441197808,35445.924730278464
50000,13,uniform,6000,0.0011418447995605,35446.32946772665,35445.924730278464
50000,13,uniform,6100,0.0009376852333934,35446.2571014805,35445.924730278464
50000,13,uniform,6200,0.0012585635837611,35446.37083977905,35445.924730278464
50000,13,uniform,6300,0.0019104381583397,35446.60190275009,35445.924730278464
50000,13,uniform,6400,0.002011623570238,35446.63776885503,35445.924730278464
50000,13,uniform,6500,0.0020238508866751,35446.64210294041,35445.924730278464
50000,13,uniform,6600,0.0023858762088474,35446.77042616361,35445.924730278464
50000,13,uniform,6700,0.0032887841692459,35447.09047023964,35445.924730278464
50000,13,uniform,6800,0.0039270673791677,35447.31671562579,35445.924730278464
50000,13,uniform,6900,0.0042394419426463,35447.42743967844,35445.924730278464
50000,13,uniform,7000,0.0043378552729125,35447.46232319341,35445.924730278464
50000,13,uniform,7100,0.0043340484739931,35447.46097383833,35445.924730278464
50000,13,uniform,7200,0.0043804405743486,35447.4774179473,35445.924730278464
50000,13,uniform,7300,0.0044232736796708,35447.492600537575,35445.924730278464
50000,13,uniform,7400,0.0042729674467952,35447.439323103405,35445.924730278464
50000,13,uniform,7500,0.00404711053592,35447.35926603278,35445.924730278464
50000,13,uniform,7600,0.0042068582534362,35447.41589008849,35445.924730278464
50000,13,uniform,7700,0.004492980717974,35447.5173088419,35445.924730278464
50000,13,uniform,7800,0.0045296913903827,35447.53032127921,35445.924730278464
50000,13,uniform,7900,0.0043498577044296,35447.46657756625,35445.924730278464
50000,13,uniform,8000,0.0043037674704149,35447.450240456594,35445.924730278464
50000,13,uniform,8100,0.0043894952421425,35447.48062745803,35445.924730278464
50000,13,uniform,8200,0.0045155642468889,35447.525313782564,35445.924730278464
50000,13,uniform,8300,0.0045963740137996,35447.55395755172,35445.924730278464
50000,13,uniform,8400,0.0044767014645629,35447.51153850999,35445.924730278464
50000,13,uniform,8500,0.0042950292408394,35447.44714311032,35445.924730278464
50000,13,uniform,8600,0.004051678589587,35447.36088522164,35445.924730278464
50000,13,uniform,8700,0.0042491786943654,35447.430890960124,35445.924730278464
50000,13,uniform,8800,0.0047513981711211,35447.60890729784,35445.924730278464
50000,13,uniform,8900,0.0049482082462282,35447.67866844892,35445.924730278464
50000,13,uniform,9000,0.0049238022763657,35447.67001752721,35445.924730278464
50000,13,uniform,9100,0.0046566906374815,35447.57533733675,35445.924730278464
50000,13,uniform,9200,0.0042457251624332,35447.429666823795,35445.924730278464
50000,13,uniform,9300,0.0038138851366669,35447.27659713331,35445.924730278464
50000,13,uniform,9400,0.0033977261912242,35447.12908574675,35445.924730278464
50000,13,uniform,9500,0.0030636998499531,35447.01068702124,35445.924730278464
50000,13,uniform,9600,0.0027629048242162,35446.904067442825,35445.924730278464
50000,13,uniform,9700,0.0025222148429364,35446.81875265323,35445.924730278464
50000,13,uniform,9800,0.0026242148660133,35446.85490750463,35445.924730278464
50000,13,uniform,9900,0.0025265604649791,35446.820292999146,35445.924730278464
50000,13,uniform,10000,0.0021709525839341,35446.694244497296,35445.924730278464
50000,14,uniform,0,40.14622428890577,50373.63883652796,35943.62894335615
50000,14,uniform,100,5.2476875950373785,37829.83830062291,35943.62894335615
50000,14,uniform,200,2.584470594192403,36872.581463882816,35943.62894335615
50000,14,uniform,300,0.6784386899475918,36187.48442867908,35943.62894335615
50000,14,uniform,400,0.1393578047153829,35993.71919558665,35943.62894335615
50000,14,uniform,500,0.0554878911891875,35963.57330507368,35943.62894335615
50000,14,uniform,600,0.0269665484796346,35953.3216994805,35943.62894335615
50000,14,uniform,700,0.0113411178120464,35947.70535266054,35943.62894335615
50000,14,uniform,800,0.0047287196059315,35945.328616785075,35943.62894335615
50000,14,uniform,900,0.0309784785604106,35954.7637327422,35943.62894335615
50000,14,uniform,1000,0.0278062941628969,35953.62353455296,35943.62894335615
50000,14,uniform,1100,0.0197910552294872,35950.74256681181,35943.62894335615
50000,14,uniform,1200,0.0128194015573776,35948.23670148469,35943.62894335615
50000,14,uniform,1300,0.0084530780508746,35946.667286365046,35943.62894335615
50000,14,uniform,1400,0.0059913016596426,35945.782434593566,35943.62894335615
50000,14,uniform,1500,0.0056823900973066,35945.67140056784,35943.62894335615
50000,14,uniform,1600,0.0082141211390782,35946.581396579335,35943.62894335615
50000,14,uniform,1700,0.0110282318047883,35947.59289007507,35943.62894335615
50000,14,uniform,1800,0.0076981344524359,35946.39593223929,35943.62894335615
50000,14,uniform,1900,0.0072407540295271,35946.23153311722,35943.62894335615
50000,14,uniform,2000,0.0044101114030393,35945.214097434844,35943.62894335615
50000,14,uniform,2100,0.0041876168209096,35945.134124807824,35943.62894335615
50000,14,uniform,2200,0.0042210592898084,35945.146145244755,35943.62894335615
50000,14,uniform,2300,0.0038708313347408,35945.02026060813,35943.62894335615
50000,14,uniform,2400,0.0009200832459835,35943.95965466405,35943.62894335615
50000,14,uniform,2500,0.0029507751720198,35944.68955903493,35943.62894335615
50000,14,uniform,2600,0.0165687547431989,35949.58435508158,35943.62894335615
50000,14,uniform,2700,0.0280750450766364,35953.72013338417,35943.62894335615
50000,14,uniform,2800,0.03260366604787,35955.347884102324,35943.62894335615
50000,14,uniform,2900,0.0384474226836855,35957.448342303855,35943.62894335615
50000,14,uniform,3000,0.032726518640505,35955.39204178237,35943.62894335615
50000,14,uniform,3100,0.0300768561384643,35954.43965692438,35943.62894335615
50000,14,uniform,3200,0.0287087191793899,35953.94789885238,35943.62894335615
50000,14,uniform,3300,0.0271127749187223,35953.37425856918,35943.62894335615
50000,14,uniform,3400,0.0266511948015051,35953.20834992457,35943.62894335615
50000,14,uniform,3500,0.0257098213342773,35952.86998613854,35943.62894335615
50000,14,uniform,3600,0.020830010782054,35951.11600514051,35943.62894335615
50000,14,uniform,3700,0.0157555894326152,35949.292073959645,35943.62894335615
50000,14,uniform,3800,0.0119265313468184,35947.91577152926,35943.62894335615
50000,14,uniform,3900,0.0106631109880656,35947.461652403515,35943.62894335615
50000,14,uniform,4000,0.0096240784819589,35947.08818641492,35943.62894335615
50000,14,uniform,4100,0.0079244713109321,35946.47728591987,35943.62894335615
50000,14,uniform,4200,0.0064706319239146,35945.95472328517,35943.62894335615
50000,14,uniform,4300,0.0051097911651363,35945.465587732324,35943.62894335615
50000,14,uniform,4400,0.0041030752408509,35945.103737495985,35943.62894335615
50000,14,uniform,4500,0.0032299607647762,35944.789908468454,35943.62894335615
50000,14,uniform,4600,0.002717126020997,35944.60557705106,35943.62894335615
50000,14,uniform,4700,0.0030802579750643,35944.7360998532,35943.62894335615
50000,14,uniform,4800,0.0034158230800169,35944.85671412939,35943.62894335615
50000,14,uniform,4900,0.0036434534472551,35944.93853274395,35943.62894335615
50000,14,uniform,5000,0.0038219752447962,35945.00269995644,35943.62894335615
50000,14,uniform,5100,0.0032539736774665,35944.79853958069,35943.62894335615
50000,14,uniform,5200,0.0018149493130477,35944.28130200274,35943.62894335615
50000,14,uniform,5300,0.0056469884468809,35945.65867592997,35943.62894335615
50000,14,uniform,5400,0.0075498058370092,35946.342617552145,35943.62894335615
50000,14,uniform,5500,0.0126837449853835,35948.187941589815,35943.62894335615
50000,14,uniform,5600,0.015791626694175,35949.30502705922,35943.62894335615
50000,14,uniform,5700,0.0159321401271825,35949.3555326862,35943.62894335615
50000,14,uniform,5800,0.0174552614167496,35949.90299775088,35943.62894335615
50000,14,uniform,5900,0.0192520077373967,35950.54881358142,35943.62894335615
50000,14,uniform,6000,0.0208559275413379,35951.1253205643,35943.62894335615
50000,14,uniform,6100,0.0223048169782317,35951.6461040073,35943.62894335615
50000,14,uniform,6200,0.023289759675411,35952.00012815568,35943.62894335615
50000,14,uniform,6300,0.0222933087683184,35951.64196753903,35943.62894335615
50000,14,uniform,6400,0.0267305769284988,35953.236882741745,35943.62894335615
50000,14,uniform,6500,0.0314083699750627,35954.91825131714,35943.62894335615
50000,14,uniform,6600,0.0366870702855242,35956.815607769764,35943.62894335615
50000,14,uniform,6700,0.042153100052356,35958.78029722709,35943.62894335615
50000,14,uniform,6800,0.0472336029280217,35960.60641432917,35943.62894335615
50000,14,uniform,6900,0.0485500474546573,35961.07959226507,35943.62894335615
50000,14,uniform,7000,0.0517028521285194,35962.212824678354,35943.62894335615
50000,14,uniform,7100,0.0508000312361707,35961.888318086785,35943.62894335615
50000,14,uniform,7200,0.0553772514321186,35963.53353712994,35943.62894335615
50000,14,uniform,7300,0.0641960050202486,35966.70331719708,35943.62894335615
50000,14,uniform,7400,0.0627904554459899,35966.1981116735,35943.62894335615
50000,14,uniform,7500,0.0603269990037206,35965.31265603071,35943.62894335615
50000,14,uniform,7600,0.059130623631599,35964.88263530618,35943.62894335615
50000,14,uniform,7700,0.0591856157444945,35964.90240146719,35943.62894335615
50000,14,uniform,7800,0.0592483191661222,35964.92493935239,35943.62894335615
50000,14,uniform,7900,0.059208301480496,35964.91055554396,35943.62894335615
50000,14,uniform,8000,0.0633212450796967,35966.388896729906,35943.62894335615
50000,14,uniform,8100,0.0612505063433974,35965.644598082145,35943.62894335615
50000,14,uniform,8200,0.0593567209188837,35964.963902876174,35943.62894335615
50000,14,uniform,8300,0.0589032520101572,35964.80090969425,35943.62894335615
50000,14,uniform,8400,0.0584898553227683,35964.65231992287,35943.62894335615
50000,14,uniform,8500,0.0579216464741731,35964.448085042706,35943.62894335615
50000,14,uniform,8600,0.0572496389152053,35964.20654113924,35943.62894335615
50000,14,uniform,8700,0.0565326454144964,35963.9488276558,35943.62894335615
50000,14,uniform,8800,0.0558362468447006,35963.6985167379,35943.62894335615
50000,14,uniform,8900,0.0551473520989526,35963.45090296668,35943.62894335615
50000,14,uniform,9000,0.0544554730140103,35963.20221651565,35943.62894335615
50000,14,uniform,9100,0.0530106006567685,35962.68287695686,35943.62894335615
50000,14,uniform,9200,0.057051884827055,35964.135461143575,35943.62894335615
50000,14,uniform,9300,0.0581295404548095,35964.5228096837,35943.62894335615
50000,14,uniform,9400,0.0580618485957115,35964.49847877304,35943.62894335615
50000,14,uniform,9500,0.0578837220180214,35964.43445361691,35943.62894335615
50000,14,uniform,9600,0.0576947211340406,35964.36651984047,35943.62894335615
50000,14,uniform,9700,0.0574233016235592,35964.26896181874,35943.62894335615
50000,14,uniform,9800,0.0580580741634312,35964.49712210511,35943.62894335615
50000,14,uniform,9900,0.0559261899892909,35963.730845568054,35943.62894335615
50000,14,uniform,10000,0.0540820376394108,35963.06799029026,35943.62894335615
50000,15,uniform,0,46.40573417529797,49389.58821797945,33734.73620838043
50000,15,uniform,100,5.134777219715672,35466.939758339526,33734.73620838043
50000,15,uniform,200,2.704275402030782,34647.01638160364,33734.73620838043
50000,15,uniform,300,0.7247410327339115,33979.22568396711,33734.73620838043
50000,15,uniform,400,0.1206325556775383,33775.43128281968,33734.73620838043
50000,15,uniform,500,0.0263243989376354,33743.616674920486,33734.73620838043
50000,15,uniform,600,0.0175575966719414,33740.65921730224,33734.73620838043
50000,15,uniform,700,0.0152479059888757,33739.88004924308,33734.73620838043
50000,15,uniform,800,0.0137105895137525,33739.36143958551,33734.73620838043
50000,15,uniform,900,0.0127214621090006,33739.02776006475,33734.73620838043
50000,15,uniform,1000,0.0118569480007137,33738.73611851084,33734.73620838043
50000,15,uniform,1100,0.0108874071976633,33738.4090464785,33734.73620838043
50000,15,uniform,1200,0.010253902779563,33738.19533543418,33734.73620838043
50000,15,uniform,1300,0.0096117500984249,33737.978706921145,33734.73620838043
50000,15,uniform,1400,0.0091484065636444,33737.82239920195,33734.73620838043
50000,15,uniform,1500,0.0086950010888111,33737.66944406106,33734.73620838043
50000,15,uniform,1600,0.0083022170917088,33737.53693941577,33734.73620838043
50000,15,uniform,1700,0.007966686629842,33737.42374909956,33734.73620838043
50000,15,uniform,1800,0.0076406686950828,33737.313767809275,33734.73620838043
50000,15,uniform,1900,0.0073651614909456,33737.220826180725,33734.73620838043
50000,15,uniform,2000,0.0070912043913704,33737.12840747586,33734.73620838043
50000,15,uniform,2100,0.0068715726461618,33737.05431528598,33734.73620838043
50000,15,uniform,2200,0.0066657246706002,33736.98487301444,33734.73620838043
50000,15,uniform,2300,0.0064594104512641,33736.91527345678,33734.73620838043
50000,15,uniform,2400,0.0062573107433596,33736.847095653444,33734.73620838043
50000,15,uniform,2500,0.0061103040081232,33736.7975033191,33734.73620838043
50000,15,uniform,2600,0.0059832764682513,33736.754650913615,33734.73620838043
50000,15,uniform,2700,0.0058238007266586,33736.70085219287,33734.73620838043
50000,15,uniform,2800,0.005675672307416,33736.65088146139,33734.73620838043
50000,15,uniform,2900,0.0055568007899861,33736.61078046856,33734.73620838043
50000,15,uniform,3000,0.0054346525928076,33736.56957409646,33734.73620838043
50000,15,uniform,3100,0.0053240979378788,33736.53227877525,33734.73620838043
50000,15,uniform,3200,0.0052006735944657,33736.490641898585,33734.73620838043
50000,15,uniform,3300,0.0050948587584459,33736.454945542784,33734.73620838043
50000,15,uniform,3400,0.004992006896491,33736.42024873847,33734.73620838043
50000,15,uniform,3500,0.0048976572280294,33736.3884201267,33734.73620838043
50000,15,uniform,3600,0.0048102912913222,33736.358947458415,33734.73620838043
50000,15,uniform,3700,0.0047157435687751,33736.32705203362,33734.73620838043
50000,15,uniform,3800,0.004636633694587,33736.30036452625,33734.73620838043
50000,15,uniform,3900,0.0045542260959836,33736.272564540246,33734.73620838043
50000,15,uniform,4000,0.0044794147118284,33736.24732711715,33734.73620838043
50000,15,uniform,4100,0.0044046588009051,33736.2221084078,33734.73620838043
50000,15,uniform,4200,0.0043395081822302,33736.20013001845,33734.73620838043
50000,15,uniform,4300,0.0042659074900726,33736.1753010191,33734.73620838043
50000,15,uniform,4400,0.0041979905105151,33736.15238940521,33734.73620838043
50000,15,uniform,4500,0.0041385759843687,33736.13234607154,33734.73620838043
50000,15,uniform,4600,0.0040782200302664,33736.11198514964,33734.73620838043
50000,15,uniform,4700,0.004025431687906,33736.0941771416,33734.73620838043
50000,15,uniform,4800,0.0039753606757312,33736.07728581772,33734.73620838043
50000,15,uniform,4900,0.0039148742435686,33736.05688087939,33734.73620838043
50000,15,uniform,5000,0.0038592803559409,33736.03812642805,33734.73620838043
50000,15,uniform,5100,0.0038006753468103,33736.018356182816,33734.73620838043
50000,15,uniform,5200,0.0037510031928316,33736.0015994127,33734.73620838043
50000,15,uniform,5300,0.0037057407347496,33735.98633024187,33734.73620838043
50000,15,uniform,5400,0.0036592393718296,33735.97064312975,33734.73620838043
50000,15,uniform,5500,0.0036122879593843,33735.95480419462,33734.73620838043
50000,15,uniform,5600,0.0035671074459626,33735.9395626676,33734.73620838043
50000,15,uniform,5700,0.0035265916358906,33735.92589476595,33734.73620838043
50000,15,uniform,5800,0.0034870625971161,33735.91255974899,33734.73620838043
50000,15,uniform,5900,0.0034437355183023,33735.89794347325,33734.73620838043
50000,15,uniform,6000,0.0034061993616553,33735.88528074982,33734.73620838043
50000,15,uniform,6100,0.003370908904063,33735.87337560704,33734.73620838043
50000,15,uniform,6200,0.0033428951392118,33735.86392523737,33734.73620838043
50000,15,uniform,6300,0.0033207572566087,33735.85645708107,33734.73620838043
50000,15,uniform,6400,0.0032952384819944,33735.84784838977,33734.73620838043
50000,15,uniform,6500,0.0032694804245084,33735.839158977025,33734.73620838043
50000,15,uniform,6600,0.0032489792456846,33735.83224295843,33734.73620838043
50000,15,uniform,6700,0.0032275307126467,33735.82500735239,33734.73620838043
50000,15,uniform,6800,0.0032085626912778,33735.818608540416,33734.73620838043
50000,15,uniform,6900,0.0031851489536747,33735.8107099778,33734.73620838043
50000,15,uniform,7000,0.0031607757711855,33735.80248774898,33734.73620838043
50000,15,uniform,7100,0.0031397664422377,33735.79540030728,33734.73620838043
50000,15,uniform,7200,0.0031194009555091,33735.788530064056,33734.73620838043
50000,15,uniform,7300,0.0030988597380943,33735.78160053855,33734.73620838043
50000,15,uniform,7400,0.003074710193223,33735.77345375329,33734.73620838043
50000,15,uniform,7500,0.0030510489542489,33735.76547169674,33734.73620838043
50000,15,uniform,7600,0.0030316397855644,33735.75892406488,33734.73620838043
50000,15,uniform,7700,0.0030104755795896,33735.751784375825,33734.73620838043
50000,15,uniform,7800,0.0030166554002781,33735.75386912203,33734.73620838043
50000,15,uniform,7900,0.0030228212168331,33735.75594914398,33734.73620838043
50000,15,uniform,8000,0.0030324686888506,33735.75920369322,33734.73620838043
50000,15,uniform,8100,0.0030368267648806,33735.76067387867,33734.73620838043
50000,15,uniform,8200,0.0030409143724175,33735.76205282229,33734.73620838043
50000,15,uniform,8300,0.0030458098913293,33735.76370431268,33734.73620838043
50000,15,uniform,8400,0.0030485777485884,33735.76463804203,33734.73620838043
50000,15,uniform,8500,0.0030524894288883,33735.76595763706,33734.73620838043
50000,15,uniform,8600,0.0030568227640318,33735.76741947624,33734.73620838043
50000,15,uniform,8700,0.0030596190308115,33735.76836278946,33734.73620838043
50000,15,uniform,8800,0.0030639663915271,33735.76982936013,33734.73620838043
50000,15,uniform,8900,0.0030643154303008,33735.76994710744,33734.73620838043
50000,15,uniform,9000,0.0030637764713939,33735.76976529107,33734.73620838043
50000,15,uniform,9100,0.0030644535089762,33735.769993687914,33734.73620838043
50000,15,uniform,9200,0.0030645253244364,33735.77001791467,33734.73620838043
50000,15,uniform,9300,0.003064132015207,33735.76988523284,33734.73620838043
50000,15,uniform,9400,0.0030627024520227,33735.76940297347,33734.73620838043
50000,15,uniform,9500,0.0030636432239619,33735.7697203404,33734.73620838043
50000,15,uniform,9600,0.0030594720364463,33735.7683132013,33734.73620838043
50000,15,uniform,9700,0.0030621344614189,33735.76921136334,33734.73620838043
50000,15,uniform,9800,0.0030617288025919,33735.7690745154,33734.73620838043
50000,15,uniform,9900,0.0030568067311123,33735.76741406757,33734.73620838043
50000,15,uniform,10000,0.0030570564904311,33735.76749832322,33734.73620838043
50000,16,uniform,0,35.28706206497007,48600.61364576187,35924.06613311033
50000,16,uniform,100,5.0443660322294885,37736.20752252461,35924.06613311033
50000,16,uniform,200,2.8185915209240937,36936.61881510935,35924.06613311033
50000,16,uniform,300,0.6585489215281957,36160.64368319901,35924.06613311033
50000,16,uniform,400,0.1226784414089789,35968.13721753316,35924.06613311033
50000,16,uniform,500,0.0375793108917737,35937.56614960746,35924.06613311033
50000,16,uniform,600,0.0242287039268814,35932.77006873222,35924.06613311033
50000,16,uniform,700,0.016867023982314,35930.12545396043,35924.06613311033
50000,16,uniform,800,0.0128356475242719,35928.677219615565,35924.06613311033
50000,16,uniform,900,0.009947970565067,35927.63984863503,35924.06613311033
50000,16,uniform,1000,0.0105559498554608,35927.85825951739,35924.06613311033
50000,16,uniform,1100,0.0275514605985271,35933.963738036386,35924.06613311033
50000,16,uniform,1200,0.0436217949716157,35939.736855584386,35924.06613311033
50000,16,uniform,1300,0.0402001824249787,35938.50767323031,35924.06613311033
50000,16,uniform,1400,0.0304592684209325,35935.00834084153,35924.06613311033
50000,16,uniform,1500,0.022078405550373,35931.997594121385,35924.06613311033
50000,16,uniform,1600,0.0162756124844251,35929.91299490281,35924.06613311033
50000,16,uniform,1700,0.0109693179346074,35928.00675813951,35924.06613311033
50000,16,uniform,1800,0.0061897530450914,35926.28974408773,35924.06613311033
50000,16,uniform,1900,0.0030896169029596,35925.17604912981,35924.06613311033
50000,16,uniform,2000,0.0027204356023956,35925.043424195246,35924.06613311033
50000,16,uniform,2100,0.0025811373829793,35924.99338261078,35924.06613311033
50000,16,uniform,2200,0.0024853305097303,35924.958964886275,35924.06613311033
50000,16,uniform,2300,0.0023222579041491,35924.9003825756,35924.06613311033
50000,16,uniform,2400,0.0032120918372083,35925.22004710619,35924.06613311033
50000,16,uniform,2500,0.0048721311471563,35925.81640072573,35924.06613311033
50000,16,uniform,2600,0.001670824774084,35924.66636130714,35924.06613311033
50000,16,uniform,2700,0.0039376021758934,35925.48067992006,35924.06613311033
50000,16,uniform,2800,0.0019487664417563,35924.76620925565,35924.06613311033
50000,16,uniform,2900,0.0025004090051849,35924.964381694954,35924.06613311033
50000,16,uniform,3000,0.0098858678333758,35927.61753880863,35924.06613311033
50000,16,uniform,3100,0.0056754093191185,35926.10497090746,35924.06613311033
50000,16,uniform,3200,0.0119327366953341,35928.352857332255,35924.06613311033
50000,16,uniform,3300,0.0114930449842178,35928.19490219117,35924.06613311033
50000,16,uniform,3400,0.0211360266920088,35931.65905331708,35924.06613311033
50000,16,uniform,3500,0.0314668631106918,35935.37030982423,35924.06613311033
50000,16,uniform,3600,0.0397764588735129,35938.35545450146,35924.06613311033
50000,16,uniform,3700,0.0352301206149483,35936.72222493882,35924.06613311033
50000,16,uniform,3800,0.0326652537258567,35935.80082046136,35924.06613311033
50000,16,uniform,3900,0.0276669112026325,35934.00521258776,35924.06613311033
50000,16,uniform,4000,0.0227416187423914,35932.23584726709,35924.06613311033
50000,16,uniform,4100,0.017463256106857,35930.339644783155,35924.06613311033
50000,16,uniform,4200,0.0182761716928335,35930.63167711587,35924.06613311033
50000,16,uniform,4300,0.0297129536653416,35934.74023423517,35924.06613311033
50000,16,uniform,4400,0.0355432883570913,35936.83472752562,35924.06613311033
50000,16,uniform,4500,0.0332856562385378,35936.023694270305,35924.06613311033
50000,16,uniform,4600,0.028269679261629,35934.2217513839,35924.06613311033
50000,16,uniform,4700,0.0346278031610874,35936.505848018365,35924.06613311033
50000,16,uniform,4800,0.0412620370409174,35938.88913458478,35924.06613311033
50000,16,uniform,4900,0.0466639688221568,35940.82972813034,35924.06613311033
50000,16,uniform,5000,0.0459910013807723,35940.58797086164,35924.06613311033
50000,16,uniform,5100,0.0423537047604009,35939.28130601828,35924.06613311033
50000,16,uniform,5200,0.0380233097412647,35937.72565204778,35924.06613311033
50000,16,uniform,5300,0.0364650747331091,35937.16587067294,35924.06613311033
50000,16,uniform,5400,0.0335174312497345,35936.10695727861,35924.06613311033
50000,16,uniform,5500,0.031498451527613,35935.38165766802,35924.06613311033
50000,16,uniform,5600,0.0300192013522916,35934.85025085676,35924.06613311033
50000,16,uniform,5700,0.0285108679793634,35934.30839617836,35924.06613311033
50000,16,uniform,5800,0.0256714996884649,35933.28837963578,35924.06613311033
50000,16,uniform,5900,0.0224711640282075,35932.138688936706,35924.06613311033
50000,16,uniform,6000,0.0185184840136469,35930.718725554245,35924.06613311033
50000,16,uniform,6100,0.0174850521746242,35930.347474816954,35924.06613311033
50000,16,uniform,6200,0.0171319862175112,35930.22063916903,35924.06613311033
50000,16,uniform,6300,0.0141404815439715,35929.14596905173,35924.06613311033
50000,16,uniform,6400,0.0106721540831095,35927.90000480098,35924.06613311033
50000,16,uniform,6500,0.013541546093474,35928.9308070844,35924.06613311033
50000,16,uniform,6600,0.016800119397278,35930.10141911305,35924.06613311033
50000,16,uniform,6700,0.0185832874592116,35930.742005586886,35924.06613311033
50000,16,uniform,6800,0.0190903318865691,35930.924156562294,35924.06613311033
50000,16,uniform,6900,0.0194609349054791,35931.0572922359,35924.06613311033
50000,16,uniform,7000,0.0195319383019218,35931.08279954299,35924.06613311033
50000,16,uniform,7100,0.0191881950482904,35930.95931298923,35924.06613311033
50000,16,uniform,7200,0.0203378109433766,35931.37230176366,35924.06613311033
50000,16,uniform,7300,0.0199796023708643,35931.243618679175,35924.06613311033
50000,16,uniform,7400,0.0205318021245377,35931.44199128387,35924.06613311033
50000,16,uniform,7500,0.0183581577959074,35930.661129857755,35924.06613311033
50000,16,uniform,7600,0.0163645277880742,35929.94493689529,35924.06613311033
50000,16,uniform,7700,0.0147321252564841,35929.358511530285,35924.06613311033
50000,16,uniform,7800,0.0153639087804752,35929.58547386126,35924.06613311033
50000,16,uniform,7900,0.0197740830317786,35931.169787775885,35924.06613311033
50000,16,uniform,8000,0.020257873312968,35931.343584916445,35924.06613311033
50000,16,uniform,8100,0.0188137715188299,35930.82480483289,35924.06613311033
50000,16,uniform,8200,0.0170809960653416,35930.20232143304,35924.06613311033
50000,16,uniform,8300,0.0180174247783894,35930.538724703205,35924.06613311033
50000,16,uniform,8400,0.0152593302268346,35929.54790499249,35924.06613311033
50000,16,uniform,8500,0.0226421450499714,35932.20011227204,35924.06613311033
50000,16,uniform,8600,0.0224730894936878,35932.1393806422,35924.06613311033
50000,16,uniform,8700,0.0224595306192858,35932.13450974319,35924.06613311033
50000,16,uniform,8800,0.0225576942396695,35932.1697741071,35924.06613311033
50000,16,uniform,8900,0.0228087788199687,35932.25997389777,35924.06613311033
50000,16,uniform,9000,0.0221594725812836,35932.02671669518,35924.06613311033
50000,16,uniform,9100,0.0227064494835785,35932.223213039295,35924.06613311033
50000,16,uniform,9200,0.0244973692048955,35932.86658422437,35924.06613311033
50000,16,uniform,9300,0.0228558707645534,35932.27689123909,35924.06613311033
50000,16,uniform,9400,0.019978938758168,35931.24338028251,35924.06613311033
50000,16,uniform,9500,0.0170439011841429,35930.18899544339,35924.06613311033
50000,16,uniform,9600,0.014081646278339,35929.124833031994,35924.06613311033
50000,16,uniform,9700,0.0112526434693275,35928.10854019198,35924.06613311033
50000,16,uniform,9800,0.008882246400812,35927.25699718147,35924.06613311033
50000,16,uniform,9900,0.0111105224370494,35928.05748453835,35924.06613311033
50000,16,uniform,10000,0.0134252637552911,35928.88903374033,35924.06613311033
50000,17,uniform,0,47.35049435879224,52391.16617104646,35555.473633821806
50000,17,uniform,100,4.594595058407591,37189.1036683948,35555.473633821806
50000,17,uniform,200,2.523214396977944,36452.614463464095,35555.473633821806
50000,17,uniform,300,0.7976632153916473,35839.08656805708,35555.473633821806
50000,17,uniform,400,0.1735037248872545,35617.16370497779,35555.473633821806
50000,17,uniform,500,0.0852029210201248,35585.76793594036,35555.473633821806
50000,17,uniform,600,0.0775752918241212,35583.05589625269,35555.473633821806
50000,17,uniform,700,0.0797608882170072,35583.83299540191,35555.473633821806
50000,17,uniform,800,0.0771692734430506,35582.91153449426,35555.473633821806
50000,17,uniform,900,0.0774681382714244,35583.017797299515,35555.473633821806
50000,17,uniform,1000,0.0748865697540229,35582.09990838597,35555.473633821806
50000,17,uniform,1100,0.0736179358801592,35581.64883960344,35555.473633821806
50000,17,uniform,1200,0.0696542479997105,35580.23953160418,35555.473633821806
50000,17,uniform,1300,0.065885118856891,35578.89939988558,35555.473633821806
50000,17,uniform,1400,0.0621752128707046,35577.58032524082,35555.473633821806
50000,17,uniform,1500,0.0588115830432014,35576.384370724365,35555.473633821806
50000,17,uniform,1600,0.0554632636026063,35575.19385988849,35555.473633821806
50000,17,uniform,1700,0.0517400021211251,35573.87003663412,35555.473633821806
50000,17,uniform,1800,0.0482029614367583,35572.612425066174,35555.473633821806
50000,17,uniform,1900,0.0447135098353028,35571.371734022054,35555.473633821806
50000,17,uniform,2000,0.0413561651669582,35570.178014223704,35555.473633821806
50000,17,uniform,2100,0.0380732320839754,35569.01075181697,35555.473633821806
50000,17,uniform,2200,0.0349359888994063,35567.89529014365,35555.473633821806
50000,17,uniform,2300,0.0312160862206545,35566.5726611275,35555.473633821806
50000,17,uniform,2400,0.027687652493295,35565.318109803884,35555.473633821806
50000,17,uniform,2500,0.0247376476414551,35564.26922160659,35555.473633821806
50000,17,uniform,2600,0.0221760683215586,35563.3584399469,35555.473633821806
50000,17,uniform,2700,0.0198195837766043,35562.52058070583,35555.473633821806
50000,17,uniform,2800,0.0178411284174852,35561.81713153226,35555.473633821806
50000,17,uniform,2900,0.0161010877878748,35561.19845184498,35555.473633821806
50000,17,uniform,3000,0.0145142354809854,35560.6342389914,35555.473633821806
50000,17,uniform,3100,0.0132110386329322,35560.17088117969,35555.473633821806
50000,17,uniform,3200,0.0120335816568278,35559.752230775004,35555.473633821806
50000,17,uniform,3300,0.0106743571134457,35559.26895205086,35555.473633821806
50000,17,uniform,3400,0.0094551009953451,35558.83543976326,35555.473633821806
50000,17,uniform,3500,0.0083016357302081,35558.42531972504,35555.473633821806
50000,17,uniform,3600,0.0073015404909278,35558.06973112592,35555.473633821806
50000,17,uniform,3700,0.0064752420343025,35557.77593679604,35555.473633821806
50000,17,uniform,3800,0.005619685918466,35557.47173976685,35555.473633821806
50000,17,uniform,3900,0.0049420569950765,35557.23080559366,35555.473633821806
50000,17,uniform,4000,0.004345258052104,35557.018610902844,35555.473633821806
50000,17,uniform,4100,0.0037345014962454,35556.80145351666,35555.473633821806
50000,17,uniform,4200,0.0032499766189976,35556.62917840168,35555.473633821806
50000,17,uniform,4300,0.0027838409618137,35556.46344166099,35555.473633821806
50000,17,uniform,4400,0.0023900373528472,35556.32342292264,35555.473633821806
50000,17,uniform,4500,0.0021386136380698,35556.23402803002,35555.473633821806
50000,17,uniform,4600,0.0019184650407278,35556.155753153536,35555.473633821806
50000,17,uniform,4700,0.0017297369045028,35556.08864997082,35555.473633821806
50000,17,uniform,4800,0.0015278340059765,35556.01686243897,35555.473633821806
50000,17,uniform,4900,0.0013614240469352,35555.95769458986,35555.473633821806
50000,17,uniform,5000,0.0011885212051534,35555.89621816554,35555.473633821806
50000,17,uniform,5100,0.0010267723156007,35555.83870758176,35555.473633821806
50000,17,uniform,5200,0.0008831626774359,35555.787646494726,35555.473633821806
50000,17,uniform,5300,0.0007441229868462,35555.7382102742,35555.473633821806
50000,17,uniform,5400,0.0006089383379578,35555.690144732005,35555.473633821806
50000,17,uniform,5500,0.0004710141591645,35555.64110513698,35555.473633821806
50000,17,uniform,5600,0.0003381110853742,35555.59385081962,35555.473633821806
50000,17,uniform,5700,0.0002276322313011,35555.55456953979,35555.473633821806
50000,17,uniform,5800,0.0001707859218975,35555.53435756524,35555.473633821806
50000,17,uniform,5900,0.00031383475657,35555.58521925593,35555.473633821806
50000,17,uniform,6000,0.0004038192143086,35555.61721365608,35555.473633821806
50000,17,uniform,6100,0.0028245733648981,35556.47792425983,35555.473633821806
50000,17,uniform,6200,0.0053309372547662,35557.36907381186,35555.473633821806
50000,17,uniform,6300,0.0077789117854292,35558.23946275067,35555.473633821806
50000,17,uniform,6400,0.0100955665184759,35559.06316031347,35555.473633821806
50000,17,uniform,6500,0.011796607885796,35559.667973628326,35555.473633821806
50000,17,uniform,6600,0.0123098538392445,35559.85046065798,35555.473633821806
50000,17,uniform,6700,0.012822141789396,35560.032607065026,35555.473633821806
50000,17,uniform,6800,0.0126596476444728,35559.97483150217,35555.473633821806
50000,17,uniform,6900,0.0116567766601028,35559.61825597374,35555.473633821806
50000,17,uniform,7000,0.0107321711689033,35559.2895081121,35555.473633821806
50000,17,uniform,7100,0.0097925795757737,35558.95543187094,35555.473633821806
50000,17,uniform,7200,0.00892851989466,35558.64821135884,35555.473633821806
50000,17,uniform,7300,0.0080807734204543,35558.346791084725,35555.473633821806
50000,17,uniform,7400,0.0073042726419988,35558.070702555175,35555.473633821806
50000,17,uniform,7500,0.0065234436005175,35557.793075091206,35555.473633821806
50000,17,uniform,7600,0.0060585701141965,35557.627787121346,35555.473633821806
50000,17,uniform,7700,0.0056314787914949,35557.47593277871,35555.473633821806
50000,17,uniform,7800,0.0052179465495871,35557.32889943147,35555.473633821806
50000,17,uniform,7900,0.0047981279065799,35557.17963092455,35555.473633821806
50000,17,uniform,8000,0.0044093232225884,35557.041389577644,35555.473633821806
50000,17,uniform,8100,0.0040074409833292,35556.898498444025,35555.473633821806
50000,17,uniform,8200,0.0036638957670708,35556.77634931524,35555.473633821806
50000,17,uniform,8300,0.003295409828186,35556.64533239439,35555.473633821806
50000,17,uniform,8400,0.0029758143880099,35556.53169872193,35555.473633821806
50000,17,uniform,8500,0.0026473618908763,35556.41491588091,35555.473633821806
50000,17,uniform,8600,0.0023281719059005,35556.30142636996,35555.473633821806
50000,17,uniform,8700,0.0020414899023302,35556.19949522577,35555.473633821806
50000,17,uniform,8800,0.0017520821157398,35556.09659491651,35555.473633821806
50000,17,uniform,8900,0.0014869917847895,35556.002340793784,35555.473633821806
50000,17,uniform,9000,0.0012227154348349,35555.908376085856,35555.473633821806
50000,17,uniform,9100,0.0009532675261491,35555.812572605726,35555.473633821806
50000,17,uniform,9200,0.0007161259012464,35555.72825577781,35555.473633821806
50000,17,uniform,9300,0.000490324239149,35555.64797092738,35555.473633821806
50000,17,uniform,9400,0.0002676135543975,35555.56878508858,35555.473633821806
50000,17,uniform,9500,4.960319876199026e-05,35555.491270474064,35555.473633821806
50000,17,uniform,9600,6.249526005923821e-05,35555.49585430752,35555.473633821806
50000,17,uniform,9700,0.0001303014989311,35555.5199631369,35555.473633821806
50000,17,uniform,9800,0.0002061966374038,35555.54694801285,35555.473633821806
50000,17,uniform,9900,0.0002719304853955,35555.57031999384,35555.473633821806
50000,17,uniform,10000,0.0003413089513038,35555.594987836,35555.473633821806
50000,18,uniform,0,34.130696082922945,40432.50794169727,30144.112512993208
50000,18,uniform,100,8.013380695984415,32559.67500608523,30144.112512993208
50000,18,uniform,200,3.6915453588821423,31256.89609944282,30144.112512993208
50000,18,uniform,300,1.0173601938266457,30450.78671448272,30144.112512993208
50000,18,uniform,400,0.1846778418167857,30199.782009417027,30144.112512993208
50000,18,uniform,500,0.0888527052043705,30170.89637242085,30144.112512993208
50000,18,uniform,600,0.073094740053983,30166.14627367616,30144.112512993208
50000,18,uniform,700,0.0560164611096904,30160.99817805591,30144.112512993208
50000,18,uniform,800,0.0683758427990849,30164.72380397827,30144.112512993208
50000,18,uniform,900,0.063457585453901,30163.24123895046,30144.112512993208
50000,18,uniform,1000,0.0525067912220681,30159.94021921615,30144.112512993208
50000,18,uniform,1100,0.0449736202232695,30157.66941167448,30144.112512993208
50000,18,uniform,1200,0.0397033592053384,30156.080738263503,30144.112512993208
50000,18,uniform,1300,0.0232353505062988,30151.11660319261,30144.112512993208
50000,18,uniform,1400,0.0256339587266184,30151.83964235329,30144.112512993208
50000,18,uniform,1500,0.0328024806022034,30154.00052965299,30144.112512993208
50000,18,uniform,1600,0.0298307950414379,30153.10474141402,30144.112512993208
50000,18,uniform,1700,0.0186576238525455,30149.73668811957,30144.112512993208
50000,18,uniform,1800,0.0155690863529879,30148.805675900698,30144.112512993208
50000,18,uniform,1900,0.0164640328969533,30149.07544959384,30144.112512993208
50000,18,uniform,2000,0.0177351225148717,30149.458608278408,30144.112512993208
50000,18,uniform,2100,0.0234541112239776,30151.182546669486,30144.112512993208
50000,18,uniform,2200,0.0259504658433611,30151.93505061468,30144.112512993208
50000,18,uniform,2300,0.0193069616355397,30149.932425231465,30144.112512993208
50000,18,uniform,2400,0.0164616616772397,30149.074734810703,30144.112512993208
50000,18,uniform,2500,0.0164454542516317,30149.069849226093,30144.112512993208
50000,18,uniform,2600,0.0101274175525821,30147.16533313492,30144.112512993208
50000,18,uniform,2700,0.0057939729629017,30145.85905472212,30144.112512993208
50000,18,uniform,2800,0.0050947553184367,30145.64828176866,30144.112512993208
50000,18,uniform,2900,0.0069256348154557,30146.20018414421,30144.112512993208
50000,18,uniform,3000,0.0124926748070118,30147.87831894292,30144.112512993208
50000,18,uniform,3100,0.0108084903528779,30147.37063648613,30144.112512993208
50000,18,uniform,3200,0.0066029834782923,30146.10292376212,30144.112512993208
50000,18,uniform,3300,0.0049472491543585,30145.6038173446,30144.112512993208
50000,18,uniform,3400,0.0069306852684032,30146.20170655844,30144.112512993208
50000,18,uniform,3500,0.0055999391904488,30145.80056496344,30144.112512993208
50000,18,uniform,3600,0.0075138132053082,30146.377485299832,30144.112512993208
50000,18,uniform,3700,0.0087474351554597,30146.74934968847,30144.112512993208
50000,18,uniform,3800,0.0100013096597268,30147.12731902981,30144.112512993208
50000,18,uniform,3900,0.0108823801325949,30147.39290990447,30144.112512993208
50000,18,uniform,4000,0.0094546932025753,30146.96254634995,30144.112512993208
50000,18,uniform,4100,0.0082844484715445,30146.60978646155,30144.112512993208
50000,18,uniform,4200,0.0082113969785219,30146.587765737306,30144.112512993208
50000,18,uniform,4300,0.0095374521211339,30146.987493291475,30144.112512993208
50000,18,uniform,4400,0.0094547304111126,30146.96255756613,30144.112512993208
50000,18,uniform,4500,0.0080462809999819,30146.53799299096,30144.112512993208
50000,18,uniform,4600,0.0098365541501252,30147.077654943623,30144.112512993208
50000,18,uniform,4700,0.0107455692821105,30147.35166948777,30144.112512993208
50000,18,uniform,4800,0.0112904644925315,30147.51592331308,30144.112512993208
50000,18,uniform,4900,0.0089708726317368,30146.81670293272,30144.112512993208
50000,18,uniform,5000,0.0082214565548076,30146.590798107296,30144.112512993208
50000,18,uniform,5100,0.0087114909774381,30146.73851463501,30144.112512993208
50000,18,uniform,5200,0.0075473975908989,30146.38760901481,30144.112512993208
50000,18,uniform,5300,0.0067094626093374,30146.135020951184,30144.112512993208
50000,18,uniform,5400,0.0050629698369068,30145.638700317344,30144.112512993208
50000,18,uniform,5500,0.0037628948662607,30145.24680425544,30144.112512993208
50000,18,uniform,5600,0.0021851184601868,30144.77119756039,30144.112512993208
50000,18,uniform,5700,0.0099708922409829,30147.11814996888,30144.112512993208
50000,18,uniform,5800,0.0153092788768747,30148.72735924278,30144.112512993208
50000,18,uniform,5900,0.0143443276754349,30148.436483266923,30144.112512993208
50000,18,uniform,6000,0.0212962396866902,30150.5320754454,30144.112512993208
50000,18,uniform,6100,0.0194774008007812,30149.9838026052,30144.112512993208
50000,18,uniform,6200,0.0210268383353325,30150.450866798936,30144.112512993208
50000,18,uniform,6300,0.0174759883585501,30149.380494586767,30144.112512993208
50000,18,uniform,6400,0.0128893955392169,30147.997906886794,30144.112512993208
50000,18,uniform,6500,0.0145226382958309,30148.49023342096,30144.112512993208
50000,18,uniform,6600,0.0156472748665878,30148.82924513421,30144.112512993208
50000,18,uniform,6700,0.0145787138018163,30148.50713688457,30144.112512993208
50000,18,uniform,6800,0.0129831134958732,30148.026157333094,30144.112512993208
50000,18,uniform,6900,0.0138552569693928,30148.289057243022,30144.112512993208
50000,18,uniform,7000,0.0177798124423309,30149.472079660423,30144.112512993208
50000,18,uniform,7100,0.0226815769512366,30150.94967306911,30144.112512993208
50000,18,uniform,7200,0.035351494597339,30154.76890729965,30144.112512993208
50000,18,uniform,7300,0.0365233753955188,30155.122160365976,30144.112512993208
50000,18,uniform,7400,0.0359046599330585,30154.93565408084,30144.112512993208
50000,18,uniform,7500,0.0329365754730362,30154.040951361727,30144.112512993208
50000,18,uniform,7600,0.0308416002882659,30153.40943968491,30144.112512993208
50000,18,uniform,7700,0.0318352054024277,30153.70895312846,30144.112512993208
50000,18,uniform,7800,0.0313523019385946,30153.56338616499,30144.112512993208
50000,18,uniform,7900,0.0292457427405271,30152.928382590173,30144.112512993208
50000,18,uniform,8000,0.0316715459822054,30153.65961944869,30144.112512993208
50000,18,uniform,8100,0.0337438301051393,30154.28429110629,30144.112512993208
50000,18,uniform,8200,0.0321157379541222,30153.79351717648,30144.112512993208
50000,18,uniform,8300,0.0324402143213893,30153.891327697704,30144.112512993208
50000,18,uniform,8400,0.0351918958101702,30154.72079766168,30144.112512993208
50000,18,uniform,8500,0.0370651997574798,30155.28548851127,30144.112512993208
50000,18,uniform,8600,0.0360383162607602,30154.97594359464,30144.112512993208
50000,18,uniform,8700,0.0353279355071632,30154.761805621005,30144.112512993208
50000,18,uniform,8800,0.0347150073472442,30154.57704386685,30144.112512993208
50000,18,uniform,8900,0.0357658542087461,30154.893812327125,30144.112512993208
50000,18,uniform,9000,0.0373649204285408,30155.375836647578,30144.112512993208
50000,18,uniform,9100,0.0366071430136038,30155.14741137102,30144.112512993208
50000,18,uniform,9200,0.0368287610528832,30155.21421616213,30144.112512993208
50000,18,uniform,9300,0.0351967434136693,30154.72225892873,30144.112512993208
50000,18,uniform,9400,0.035161629482311,30154.71167414576,30144.112512993208
50000,18,uniform,9500,0.0359413222713878,30154.94670561736,30144.112512993208
50000,18,uniform,9600,0.0371714184497634,30155.31750719338,30144.112512993208
50000,18,uniform,9700,0.0425996370124481,30156.953795504367,30144.112512993208
50000,18,uniform,9800,0.0460356037147086,30157.989537173005,30144.112512993208
50000,18,uniform,9900,0.0458392429823163,30157.9303459729,30144.112512993208
50000,18,uniform,10000,0.0495836352857272,30159.05905980177,30144.112512993208
50000,19,uniform,0,51.72421907437179,57867.93493239646,38140.20944410392
50000,19,uniform,100,4.345998108561618,39797.78222514611,38140.20944410392
50000,19,uniform,200,2.631551176196832,39143.88857433417,38140.20944410392
50000,19,uniform,300,0.7955828943720784,38443.64642631889,38140.20944410392
50000,19,uniform,400,0.0945288287026136,38176.26293735615,38140.20944410392
50000,19,uniform,500,0.0148613950618763,38145.87761130683,38140.20944410392
50000,19,uniform,600,0.0079285677931408,38143.23341646614,38140.20944410392
50000,19,uniform,700,0.0225920152517918,38148.82608603859,38140.20944410392
50000,19,uniform,800,0.0242246500253592,38149.44877636069,38140.20944410392
50000,19,uniform,900,0.0244258150739787,38149.52550113156,38140.20944410392
50000,19,uniform,1000,0.0245956363605763,38149.59027132595,38140.20944410392
50000,19,uniform,1100,0.0251055496668513,38149.78475332895,38140.20944410392
50000,19,uniform,1200,0.025537116083785,38149.949353664255,38140.20944410392
50000,19,uniform,1300,0.0245800825368712,38149.58433906501,38140.20944410392
50000,19,uniform,1400,0.0241556398262382,38149.422455726206,38140.20944410392
50000,19,uniform,1500,0.02367909640317,38149.24070106656,38140.20944410392
50000,19,uniform,1600,0.0222033257468463,38148.67783904732,38140.20944410392
50000,19,uniform,1700,0.013586851020492,38145.39149753999,38140.20944410392
50000,19,uniform,1800,0.0066478649162663,38142.74495370654,38140.20944410392
50000,19,uniform,1900,0.0005674873671629,38140.42588497432,38140.20944410392
50000,19,uniform,2000,0.0020299112787044,38140.98365651714,38140.20944410392
50000,19,uniform,2100,0.0039756440876724,38141.725763085706,38140.20944410392
50000,19,uniform,2200,0.0045193659740501,38141.93313975196,38140.20944410392
50000,19,uniform,2300,0.0046149856727584,38141.96960930532,38140.20944410392
50000,19,uniform,2400,0.0047261874371785,38142.012021891176,38140.20944410392
50000,19,uniform,2500,0.0052268802200691,38142.20298716724,38140.20944410392
50000,19,uniform,2600,0.0062339857542789,38142.58709932731,38140.20944410392
50000,19,uniform,2700,0.00709304977599,38142.91474814445,38140.20944410392
50000,19,uniform,2800,0.0063627141886865,38142.63619662181,38140.20944410392
50000,19,uniform,2900,0.0056186720609465,38142.35241739594,38140.20944410392
50000,19,uniform,3000,0.0052693408689674,38142.21918174766,38140.20944410392
50000,19,uniform,3100,0.00520385016922,38142.19420345761,38140.20944410392
50000,19,uniform,3200,0.0048977749289798,38142.07746571993,38140.20944410392
50000,19,uniform,3300,0.0043279908937033,38141.860148895496,38140.20944410392
50000,19,uniform,3400,0.0038025928950707,38141.6597609984,38140.20944410392
50000,19,uniform,3500,0.003270326288408,38141.45675339982,38140.20944410392
50000,19,uniform,3600,0.0028091162522044,38141.280846926034,38140.20944410392
50000,19,uniform,3700,0.0023616650006738,38141.11018808154,38140.20944410392
50000,19,uniform,3800,0.0019670070483208,38140.959664711925,38140.20944410392
50000,19,uniform,3900,0.0015640414841848,38140.805972801776,38140.20944410392
50000,19,uniform,4000,0.001201484639945,38140.66769286203,38140.20944410392
50000,19,uniform,4100,0.0006360513069167,38140.45203540455,38140.20944410392
50000,19,uniform,4200,0.0001530596258411,38140.267821365785,38140.20944410392
50000,19,uniform,4300,0.0027522656661988,38141.25916399346,38140.20944410392
50000,19,uniform,4400,0.0050079236143159,38142.119476659216,38140.20944410392
50000,19,uniform,4500,0.0073083920496726,38142.99688013866,38140.20944410392
50000,19,uniform,4600,0.0094893953126397,38143.828719351135,38140.20944410392
50000,19,uniform,4700,0.0115137187606576,38144.60080055404,38140.20944410392
50000,19,uniform,4800,0.0134310277977837,38145.332066236486,38140.20944410392
50000,19,uniform,4900,0.0152249121367264,38146.01625748054,38140.20944410392
50000,19,uniform,5000,0.0172009584155322,38146.76992566999,38140.20944410392
50000,19,uniform,5100,0.0177806525213416,38146.99102221608,38140.20944410392
50000,19,uniform,5200,0.0170793715931458,38146.72355220128,38140.20944410392
50000,19,uniform,5300,0.0164035500923012,38146.46579246539,38140.20944410392
50000,19,uniform,5400,0.0157736960671364,38146.225564821,38140.20944410392
50000,19,uniform,5500,0.0151653035978978,38145.99352265899,38140.20944410392
50000,19,uniform,5600,0.014088115354567,38145.58268080688,38140.20944410392
50000,19,uniform,5700,0.0168611805328175,38146.64033367388,38140.20944410392
50000,19,uniform,5800,0.0182165323287059,38147.15726768754,38140.20944410392
50000,19,uniform,5900,0.0185252606013005,38147.27501729732,38140.20944410392
50000,19,uniform,6000,0.0186087286747216,38147.30685219534,38140.20944410392
50000,19,uniform,6100,0.0198913855425306,38147.79606021117,38140.20944410392
50000,19,uniform,6200,0.0199888558743865,38147.83323559989,38140.20944410392
50000,19,uniform,6300,0.0199875499902814,38147.83273753295,38140.20944410392
50000,19,uniform,6400,0.0183226424420418,38147.19773830701,38140.20944410392
50000,19,uniform,6500,0.0167437171186775,38146.59553288171,38140.20944410392
50000,19,uniform,6600,0.0152294206933085,38146.01797705347,38140.20944410392
50000,19,uniform,6700,0.0147862898474217,38145.848966020734,38140.20944410392
50000,19,uniform,6800,0.0157491048170649,38146.21618566672,38140.20944410392
50000,19,uniform,6900,0.0155092371036235,38146.12469961842,38140.20944410392
50000,19,uniform,7000,0.0148837817687795,38145.88614964373,38140.20944410392
50000,19,uniform,7100,0.0142733663538534,38145.653335926,38140.20944410392
50000,19,uniform,7200,0.0137109579795475,38145.43883219411,38140.20944410392
50000,19,uniform,7300,0.0131524618586695,38145.22582060387,38140.20944410392
50000,19,uniform,7400,0.0126383729929113,38145.02974603374,38140.20944410392
50000,19,uniform,7500,0.0121397498670043,38144.83957012918,38140.20944410392
50000,19,uniform,7600,0.0117409830706974,38144.68747963788,38140.20944410392
50000,19,uniform,7700,0.0131328908445473,38145.21835617809,38140.20944410392
50000,19,uniform,7800,0.015887862990515,38146.26910832469,38140.20944410392
50000,19,uniform,7900,0.0172733602510484,38146.7975398817,38140.20944410392
50000,19,uniform,8000,0.0185527902822643,38147.285517175296,38140.20944410392
50000,19,uniform,8100,0.0190776814618388,38147.48571177054,38140.20944410392
50000,19,uniform,8200,0.0190134167424465,38147.461201071965,38140.20944410392
50000,19,uniform,8300,0.0191366751960412,38147.50821210432,38140.20944410392
50000,19,uniform,8400,0.0190783272830877,38147.48595808812,38140.20944410392
50000,19,uniform,8500,0.0188520737233458,38147.39966450656,38140.20944410392
50000,19,uniform,8600,0.0186387763898355,38147.31831245682,38140.20944410392
50000,19,uniform,8700,0.0184378523191511,38147.24167959544,38140.20944410392
50000,19,uniform,8800,0.0182383931036082,38147.16560543287,38140.20944410392
50000,19,uniform,8900,0.0180506023229993,38147.09398163583,38140.20944410392
50000,19,uniform,9000,0.0178500373707404,38147.01748574297,38140.20944410392
50000,19,uniform,9100,0.0176511676623699,38146.94163641967,38140.20944410392
50000,19,uniform,9200,0.017477182848261,38146.87527824717,38140.20944410392
50000,19,uniform,9300,0.0173098729569298,38146.8114659042,38140.20944410392
50000,19,uniform,9400,0.0171246313686251,38146.74081437444,38140.20944410392
50000,19,uniform,9500,0.0169592742333637,38146.67774681672,38140.20944410392
50000,19,uniform,9600,0.0168200737087099,38146.62465544507,38140.20944410392
50000,19,uniform,9700,0.016689763688527,38146.574954930446,38140.20944410392
50000,19,uniform,9800,0.0165592243638311,38146.5251669586,38140.20944410392
50000,19,uniform,9900,0.0164371939416983,38146.47862430001,38140.20944410392
50000,19,uniform,10000,0.0163028999804395,38146.42740430192,38140.20944410392
50000,20,uniform,0,51.31214136457777,58179.0381196647,38449.682619642335
50000,20,uniform,100,5.133285768063809,40423.41470542214,38449.682619642335
50000,20,uniform,200,2.159541325261696,39280.01940524548,38449.682619642335
50000,20,uniform,300,0.5786272566827607,38672.1629633876,38449.682619642335
50000,20,uniform,400,0.1242365025731659,38497.45116057946,38449.682619642335
50000,20,uniform,500,0.0590938825231991,38472.40402992013,38449.682619642335
50000,20,uniform,600,0.0249450718608603,38459.27392060208,38449.682619642335
50000,20,uniform,700,0.0095599556830557,38453.35839226105,38449.682619642335
50000,20,uniform,800,0.0071810845266491,38452.44372385148,38449.682619642335
50000,20,uniform,900,0.0056533943558876,38451.85633182941,38449.682619642335
50000,20,uniform,1000,0.0079416223542379,38452.73614823239,38449.682619642335
50000,20,uniform,1100,0.0168298483192602,38456.15364290646,38449.682619642335
50000,20,uniform,1200,0.0255412660979496,38459.50315539404,38449.682619642335
50000,20,uniform,1300,0.0230357726464996,38458.5398011139,38449.682619642335
50000,20,uniform,1400,0.0245854929363991,38459.135663646855,38449.682619642335
50000,20,uniform,1500,0.0194456729190665,38457.15941916297,38449.682619642335
50000,20,uniform,1600,0.0216381527666342,38458.00242070586,38449.682619642335
50000,20,uniform,1700,0.024804597644995,38459.21990871192,38449.682619642335
50000,20,uniform,1800,0.0299793563780827,38461.20958702112,38449.682619642335
50000,20,uniform,1900,0.0305022033371995,38461.41062001749,38449.682619642335
50000,20,uniform,2000,0.0289987496472738,38460.83254684538,38449.682619642335
50000,20,uniform,2100,0.0289109066908089,38460.79877150741,38449.682619642335
50000,20,uniform,2200,0.0247040480203267,38459.18124770036,38449.682619642335
50000,20,uniform,2300,0.0220159337436404,38458.14767629252,38449.682619642335
50000,20,uniform,2400,0.0225153478949928,38458.33969944867,38449.682619642335
50000,20,uniform,2500,0.0269098472827753,38460.02937051599,38449.682619642335
50000,20,uniform,2600,0.0280418478196622,38460.46462112968,38449.682619642335
50000,20,uniform,2700,0.026096211377146,38459.7165300926,38449.682619642335
50000,20,uniform,2800,0.0247137583800581,38459.18498130285,38449.682619642335
50000,20,uniform,2900,0.0229803036245473,38458.51847345101,38449.682619642335
50000,20,uniform,3000,0.0237418286467347,38458.811277405104,38449.682619642335
50000,20,uniform,3100,0.0262132020138958,38459.76151262112,38449.682619642335
50000,20,uniform,3200,0.0255318502950488,38459.4995350477,38449.682619642335
50000,20,uniform,3300,0.0220949116712862,38458.17804305504,38449.682619642335
50000,20,uniform,3400,0.0201831411783953,38457.4429733681,38449.682619642335
50000,20,uniform,3500,0.0191745879412158,38457.05518784936,38449.682619642335
50000,20,uniform,3600,0.0183588377292506,38456.74153448189,38449.682619642335
50000,20,uniform,3700,0.0179451200719274,38456.582461355705,38449.682619642335
50000,20,uniform,3800,0.0152761196622171,38455.556239169055,38449.682619642335
50000,20,uniform,3900,0.0158752871472681,38455.78661716542,38449.682619642335
50000,20,uniform,4000,0.0148846892010264,38455.40573539905,38449.682619642335
50000,20,uniform,4100,0.0222520000295853,38458.23844303023,38449.682619642335
50000,20,uniform,4200,0.0291242945984273,38460.88081848064,38449.682619642335
50000,20,uniform,4300,0.03220003391054,38462.06343048436,38449.682619642335
50000,20,uniform,4400,0.0346853077135139,38463.01901037383,38449.682619642335
50000,20,uniform,4500,0.0371779156850214,38463.977410227824,38449.682619642335
50000,20,uniform,4600,0.0405255760406787,38465.26457500976,38449.682619642335
50000,20,uniform,4700,0.0437730164419541,38466.51320553731,38449.682619642335
50000,20,uniform,4800,0.0465109250325603,38467.565922700815,38449.682619642335
50000,20,uniform,4900,0.0492722559892304,38468.62764568973,38449.682619642335
50000,20,uniform,5000,0.0521525695884205,38469.73511712707,38449.682619642335
50000,20,uniform,5100,0.0547528278655712,38470.73490818193,38449.682619642335
50000,20,uniform,5200,0.049697431169973,38468.791124197305,38449.682619642335
50000,20,uniform,5300,0.0432685125746929,38466.319225401545,38449.682619642335
50000,20,uniform,5400,0.0414727138563967,38465.62874649387,38449.682619642335
50000,20,uniform,5500,0.0510754577005832,38469.32097102474,38449.682619642335
50000,20,uniform,5600,0.0529963375513641,38470.05954323087,38449.682619642335
50000,20,uniform,5700,0.0522679956411011,38469.77949807799,38449.682619642335
50000,20,uniform,5800,0.0527227918360877,38469.954365771526,38449.682619642335
50000,20,uniform,5900,0.0532450980005074,38470.15519083405,38449.682619642335
50000,20,uniform,6000,0.0539353415809912,38470.42058730005,38449.682619642335
50000,20,uniform,6100,0.0548839332104961,38470.78531777095,38449.682619642335
50000,20,uniform,6200,0.0558945319324406,38471.17388977209,38449.682619642335
50000,20,uniform,6300,0.055073732218823,38470.858294887264,38449.682619642335
50000,20,uniform,6400,0.0496052661515447,38468.75568704023,38449.682619642335
50000,20,uniform,6500,0.0423381883583985,38465.961518693046,38449.682619642335
50000,20,uniform,6600,0.0446821391724612,38466.86276034181,38449.682619642335
50000,20,uniform,6700,0.0516518941100165,38469.54260899467,38449.682619642335
50000,20,uniform,6800,0.0554203186070075,38470.99155625352,38449.682619642335
50000,20,uniform,6900,0.0535230121450922,38470.2620479406,38449.682619642335
50000,20,uniform,7000,0.0512572741909238,38469.39087888823,38449.682619642335
50000,20,uniform,7100,0.0491685296724663,38468.58776325014,38449.682619642335
50000,20,uniform,7200,0.0471265366798395,38467.80262342536,38449.682619642335
50000,20,uniform,7300,0.0437433814724975,38466.50181098561,38449.682619642335
50000,20,uniform,7400,0.0416306186941259,38465.68946040282,38449.682619642335
50000,20,uniform,7500,0.0404353969421663,38465.22990143259,38449.682619642335
50000,20,uniform,7600,0.0388674888554936,38464.6270457495,38449.682619642335
50000,20,uniform,7700,0.0374040445824713,38464.064356071205,38449.682619642335
50000,20,uniform,7800,0.0358011854989204,38463.44806184074,38449.682619642335
50000,20,uniform,7900,0.0333810252828259,38462.517517918764,38449.682619642335
50000,20,uniform,8000,0.0317298454181718,38461.882644501326,38449.682619642335
50000,20,uniform,8100,0.039647742524256,38464.927050808765,38449.682619642335
50000,20,uniform,8200,0.0440187634913641,38466.607694497856,38449.682619642335
50000,20,uniform,8300,0.0428898277949175,38466.17362230559,38449.682619642335
50000,20,uniform,8400,0.0410719764501775,38465.47466423304,38449.682619642335
50000,20,uniform,8500,0.0388448154335639,38464.61832789073,38449.682619642335
50000,20,uniform,8600,0.0414125734639864,38465.60562270386,38449.682619642335
50000,20,uniform,8700,0.0453289200301531,38467.11144552884,38449.682619642335
50000,20,uniform,8800,0.0483541141312112,38468.274623059326,38449.682619642335
50000,20,uniform,8900,0.0517267866483177,38469.57140493795,38449.682619642335
50000,20,uniform,9000,0.0524027617226817,38469.83131520864,38449.682619642335
50000,20,uniform,9100,0.0516652938471936,38469.54776115109,38449.682619642335
50000,20,uniform,9200,0.050496063675045,38469.0981958608,38449.682619642335
50000,20,uniform,9300,0.049123784490986,38468.57055886988,38449.682619642335
50000,20,uniform,9400,0.0478311280629817,38468.07353657595,38449.682619642335
50000,20,uniform,9500,0.049232643784627,38468.61241492278,38449.682619642335
50000,20,uniform,9600,0.055054883303328,38470.85104753908,38449.682619642335
50000,20,uniform,9700,0.0590700381687364,38472.39486184152,38449.682619642335
50000,20,uniform,9800,0.058909892823214,38472.33328646443,38449.682619642335
50000,20,uniform,9900,0.0583637737484983,38472.12330541348,38449.682619642335
50000,20,uniform,10000,0.0574513316806003,38471.77247433429,38449.682619642335
100000,1,uniform,0,53.32087351001321,49162.89311174823,32065.36199947847
100000,1,uniform,100,6.5948578464671765,34180.02704129918,32065.36199947847
100000,1,uniform,200,3.750507769771124,33267.97589267415,32065.36199947847
100000,1,uniform,300,0.9211000952978295,32360.71607941326,32065.36199947847
100000,1,uniform,400,0.1290460472621621,32106.7410816791,32065.36199947847
100000,1,uniform,500,0.0666728694675035,32086.740896428662,32065.36199947847
100000,1,uniform,600,0.0409160550621942,32078.48188065007,32065.36199947847
100000,1,uniform,700,0.0188981101160149,32071.42174689823,32065.36199947847
100000,1,uniform,800,0.01708721807234,32070.841077809007,32065.36199947847
100000,1,uniform,900,0.0146467784477467,32070.058542009003,32065.36199947847
100000,1,uniform,1000,0.0137845903840474,32069.78207828526,32065.36199947847
100000,1,uniform,1100,0.0107578381020497,32068.81153920921,32065.36199947847
100000,1,uniform,1200,0.0113291510071467,32068.99473276038,32065.36199947847
100000,1,uniform,1300,0.0114109566502773,32069.020964035983,32065.36199947847
100000,1,uniform,1400,0.0114510857618309,32069.03383158088,32065.36199947847
100000,1,uniform,1500,0.0115329808907077,32069.060091550407,32065.36199947847
100000,1,uniform,1600,0.0116329692361255,32069.092153175323,32065.36199947847
100000,1,uniform,1700,0.0124082226323974,32069.34074098325,32065.36199947847
100000,1,uniform,1800,0.0122574234458417,32069.29238667819,32065.36199947847
100000,1,uniform,1900,0.0118449940647113,32069.160139704138,32065.36199947847
100000,1,uniform,2000,0.0119678045447658,32069.19951932914,32065.36199947847
100000,1,uniform,2100,0.0145892264351224,32070.040087747817,32065.36199947847
100000,1,uniform,2200,0.0138731617815706,32069.810479024505,32065.36199947847
100000,1,uniform,2300,0.0106949806457858,32068.79138373832,32065.36199947847
100000,1,uniform,2400,0.0098096194748965,32068.50748947387,32065.36199947847
100000,1,uniform,2500,0.0096513830155022,32068.45675038035,32065.36199947847
100000,1,uniform,2600,0.0080874261651315,32067.95526195476,32065.36199947847
100000,1,uniform,2700,0.0078524792119339,32067.87992536371,32065.36199947847
100000,1,uniform,2800,0.0081415228247164,32067.972608244487,32065.36199947847
100000,1,uniform,2900,0.0090301953791056,32068.25756431604,32065.36199947847
100000,1,uniform,3000,0.0109293218179305,32068.86652608348,32065.36199947847
100000,1,uniform,3100,0.0121058121060068,32069.24377195324,32065.36199947847
100000,1,uniform,3200,0.0108685002805997,32068.84702343736,32065.36199947847
100000,1,uniform,3300,0.0084550244899724,32068.073133688325,32065.36199947847
100000,1,uniform,3400,0.0063857224805861,32067.40960450816,32065.36199947847
100000,1,uniform,3500,0.0049701097495827,32066.955683161446,32065.36199947847
100000,1,uniform,3600,0.0042992125469942,32066.740557544792,32065.36199947847
100000,1,uniform,3700,0.0041640279701726,32066.697210120867,32065.36199947847
100000,1,uniform,3800,0.0028732586265933,32066.28332025827,32065.36199947847
100000,1,uniform,3900,0.0024223231878893,32066.138726177465,32065.36199947847
100000,1,uniform,4000,0.0022160470510127,32066.072582987457,32065.36199947847
100000,1,uniform,4100,0.0012212254705529,32065.75358984644,32065.36199947847
100000,1,uniform,4200,0.0006010344519587,32065.55472335124,32065.36199947847
100000,1,uniform,4300,0.0023438207534784,32066.113554087693,32065.36199947847
100000,1,uniform,4400,0.0038936877195789,32066.610524540883,32065.36199947847
100000,1,uniform,4500,0.0069544664950188,32067.59197433523,32065.36199947847
100000,1,uniform,4600,0.009267647506709,32068.333704200333,32065.36199947847
100000,1,uniform,4700,0.0126064280722973,32069.404296275057,32065.36199947847
100000,1,uniform,4800,0.0157979512611934,32070.42766973888,32065.36199947847
100000,1,uniform,4900,0.0195022984047057,32071.61548206016,32065.36199947847
100000,1,uniform,5000,0.022769588729726,32072.66315053045,32065.36199947847
100000,1,uniform,5100,0.0216481516860877,32072.30355768281,32065.36199947847
100000,1,uniform,5200,0.0241879718532988,32073.117960213563,32065.36199947847
100000,1,uniform,5300,0.0303756391447164,32075.10205812988,32065.36199947847
100000,1,uniform,5400,0.0360887572790711,32076.93399014112,32065.36199947847
100000,1,uniform,5500,0.0379005803294534,32077.514957761014,32065.36199947847
100000,1,uniform,5600,0.0371823606400181,32077.284658017645,32065.36199947847
100000,1,uniform,5700,0.0360458846550363,32076.920242879023,32065.36199947847
100000,1,uniform,5800,0.0342389547441263,32076.340844262013,32065.36199947847
100000,1,uniform,5900,0.0331683501724078,32075.99755103051,32065.36199947847
100000,1,uniform,6000,0.032139333093397,32075.667592979087,32065.36199947847
100000,1,uniform,6100,0.0312887801445879,32075.39486009705,32065.36199947847
100000,1,uniform,6200,0.0296641380993274,32074.87391274405,32065.36199947847
100000,1,uniform,6300,0.0284209341368341,32074.47527489308,32065.36199947847
100000,1,uniform,6400,0.0302480036354394,32075.06113134179,32065.36199947847
100000,1,uniform,6500,0.0311909096993959,32075.36347758452,32065.36199947847
100000,1,uniform,6600,0.0300654432908061,32075.002592706416,32065.36199947847
100000,1,uniform,6700,0.029000253672958,32074.661035799472,32065.36199947847
100000,1,uniform,6800,0.0271465725801655,32074.066646246752,32065.36199947847
100000,1,uniform,6900,0.0252044792432326,32073.443906987897,32065.36199947847
100000,1,uniform,7000,0.0233200507461053,32072.839658168672,32065.36199947847
100000,1,uniform,7100,0.0217495318530348,32072.33606560034,32065.36199947847
100000,1,uniform,7200,0.0212864170102115,32072.18756614952,32065.36199947847
100000,1,uniform,7300,0.0208266169119842,32072.040129583544,32065.36199947847
100000,1,uniform,7400,0.0209132581035991,32072.06791139528,32065.36199947847
100000,1,uniform,7500,0.0207170544493709,32072.00499798329,32065.36199947847
100000,1,uniform,7600,0.0209800027213171,32072.08931329856,32065.36199947847
100000,1,uniform,7700,0.0214775774703886,32072.24886244307,32065.36199947847
100000,1,uniform,7800,0.0229012694291823,32072.70537442341,32065.36199947847
100000,1,uniform,7900,0.0225637750201178,32072.59715561942,32065.36199947847
100000,1,uniform,8000,0.0217268282642043,32072.3287856124,32065.36199947847
100000,1,uniform,8100,0.0204625411539783,32071.923387373787,32065.36199947847
100000,1,uniform,8200,0.0197991728142944,32071.71067591428,32065.36199947847
100000,1,uniform,8300,0.0192134897079319,32071.52287450605,32065.36199947847
100000,1,uniform,8400,0.0191512723258292,32071.50292427725,32065.36199947847
100000,1,uniform,8500,0.0177701304778322,32071.060056143968,32065.36199947847
100000,1,uniform,8600,0.0156896793848283,32070.39295196977,32065.36199947847
100000,1,uniform,8700,0.0135899427021901,32069.71966380145,32065.36199947847
100000,1,uniform,8800,0.0115849372408355,32069.07675154216,32065.36199947847
100000,1,uniform,8900,0.0096388857375507,32068.452743082933,32065.36199947847
100000,1,uniform,9000,0.0077147555793155,32067.83576378236,32065.36199947847
100000,1,uniform,9100,0.005842828297338,32067.23552352302,32065.36199947847
100000,1,uniform,9200,0.0039699565197381,32066.634980407747,32065.36199947847
100000,1,uniform,9300,0.0025282877906777,32066.17270411094,32065.36199947847
100000,1,uniform,9400,0.0018677305047927,32065.960894026008,32065.36199947847
100000,1,uniform,9500,0.001322431705683,32065.78604199209,32065.36199947847
100000,1,uniform,9600,0.0008612791521567,32065.63817175644,32065.36199947847
100000,1,uniform,9700,0.0014267893704251,32065.819504655068,32065.36199947847
100000,1,uniform,9800,0.0021314599418795,32066.04545982471,32065.36199947847
100000,1,uniform,9900,0.0035762986084028,32066.50875257344,32065.36199947847
100000,1,uniform,10000,0.0053936202809916,32067.09148334645,32065.36199947847
100000,2,uniform,0,56.84559495169001,49547.66005989766,31590.08710136796
100000,2,uniform,100,6.1903743995430105,33545.63176608438,31590.08710136796
100000,2,uniform,200,2.9084497954719613,32508.868925057108,31590.08710136796
100000,2,uniform,300,0.7363496894760008,31822.70060964408,31590.08710136796
100000,2,uniform,400,0.1358433808053299,31633.000143685804,31590.08710136796
100000,2,uniform,500,0.0490201759907203,31605.57261766067,31590.08710136796
100000,2,uniform,600,0.0325708549792105,31600.37626282555,31590.08710136796
100000,2,uniform,700,0.0232302064918608,31597.425543832564,31590.08710136796
100000,2,uniform,800,0.0173900226586997,31595.580624672788,31590.08710136796
100000,2,uniform,900,0.0163575790866285,31595.2544748491,31590.08710136796
100000,2,uniform,1000,0.0165421426144918,31595.312778628308,31590.08710136796
100000,2,uniform,1100,0.0160889189117541,31595.16960486585,31590.08710136796
100000,2,uniform,1200,0.0154540970827723,31594.96906409713,31590.08710136796
100000,2,uniform,1300,0.0149790812999689,31594.8190061976,31590.08710136796
100000,2,uniform,1400,0.0144248934827567,31594.64393778344,31590.08710136796
100000,2,uniform,1500,0.0142275649570231,31594.581601530284,31590.08710136796
100000,2,uniform,1600,0.0079386174877776,31592.59491754699,31590.08710136796
100000,2,uniform,1700,0.0061219895668982,31592.02104320448,31590.08710136796
100000,2,uniform,1800,0.0069586964825039,31592.2853596479,31590.08710136796
100000,2,uniform,1900,0.0075112224030731,31592.459903067465,31590.08710136796
100000,2,uniform,2000,0.0080275901947188,31592.62302410261,31590.08710136796
100000,2,uniform,2100,0.0086935742531888,31592.83340904676,31590.08710136796
100000,2,uniform,2200,0.0086130847540457,31592.807982343875,31590.08710136796
100000,2,uniform,2300,0.0102538839281511,31593.326312232133,31590.08710136796
100000,2,uniform,2400,0.0084942943787458,31592.77045636085,31590.08710136796
100000,2,uniform,2500,0.0053706039993484,31591.78367984922,31590.08710136796
100000,2,uniform,2600,0.003595480306489,31591.22291672849,31590.08710136796
100000,2,uniform,2700,0.0029310299456367,31591.01301628075,31590.08710136796
100000,2,uniform,2800,0.0041413510116114,31591.3953577597,31590.08710136796
100000,2,uniform,2900,0.0045054425575743,31591.5103745962,31590.08710136796
100000,2,uniform,3000,0.004086761504973,31591.378112887003,31590.08710136796
100000,2,uniform,3100,0.0053600569028008,31591.780348012235,31590.08710136796
100000,2,uniform,3200,0.0060523329209573,31591.999038609352,31590.08710136796
100000,2,uniform,3300,0.0059249786269022,31591.958807276933,31590.08710136796
100000,2,uniform,3400,0.0054599286816688,31591.81189759417,31590.08710136796
100000,2,uniform,3500,0.0047181360809641,31591.57756466549,31590.08710136796
100000,2,uniform,3600,0.0037220579473347,31591.262902715484,31590.08710136796
100000,2,uniform,3700,0.003358871025298,31591.14817165047,31590.08710136796
100000,2,uniform,3800,0.0033509241999848,31591.14566124144,31590.08710136796
100000,2,uniform,3900,0.0033055710405575,31591.131334138867,31590.08710136796
100000,2,uniform,4000,0.0032914559583403,31591.1268751721,31590.08710136796
100000,2,uniform,4100,0.0032610975869626,31591.11728493614,31590.08710136796
100000,2,uniform,4200,0.0029452363482059,31591.017504095696,31590.08710136796
100000,2,uniform,4300,0.0031671276544146,31591.0875997526,31590.08710136796
100000,2,uniform,4400,0.003879512321994,31591.312642689583,31590.08710136796
100000,2,uniform,4500,0.0037738345729338,31591.27925899661,31590.08710136796
100000,2,uniform,4600,0.0035534700774455,31591.209645660543,31590.08710136796
100000,2,uniform,4700,0.0035709746906415,31591.2151753831,31590.08710136796
100000,2,uniform,4800,0.0037661541124968,31591.276832732467,31590.08710136796
100000,2,uniform,4900,0.0047001779076558,31591.571891662905,31590.08710136796
100000,2,uniform,5000,0.0059370458330639,31591.96261931787,31590.08710136796
100000,2,uniform,5100,0.0059469513989001,31591.965748494746,31590.08710136796
100000,2,uniform,5200,0.0054328678163219,31591.803349043235,31590.08710136796
100000,2,uniform,5300,0.0052766211615006,31591.753990588884,31590.08710136796
100000,2,uniform,5400,0.0046059092019989,31591.54211209668,31590.08710136796
100000,2,uniform,5500,0.0046231847077715,31591.547569444,31590.08710136796
100000,2,uniform,5600,0.0049832960031245,31591.661328915863,31590.08710136796
100000,2,uniform,5700,0.0054249080247767,31591.80083453816,31590.08710136796
100000,2,uniform,5800,0.0060049366836203,31591.98406609669,31590.08710136796
100000,2,uniform,5900,0.0046950421577795,31591.57026927505,31590.08710136796
100000,2,uniform,6000,0.0035420619056,31591.20604180912,31590.08710136796
100000,2,uniform,6100,0.0030475432562915,31591.04982293707,31590.08710136796
100000,2,uniform,6200,0.0023545874931469,31590.83091760792,31590.08710136796
100000,2,uniform,6300,0.0045343003624739,31591.5194908019,31590.08710136796
100000,2,uniform,6400,0.0058482177092744,31591.934558436194,31590.08710136796
100000,2,uniform,6500,0.0067965577802585,31592.23413989064,31590.08710136796
100000,2,uniform,6600,0.006322408296077,31592.084355655592,31590.08710136796
100000,2,uniform,6700,0.003581240923942,31591.21841849514,31590.08710136796
100000,2,uniform,6800,0.0040101954839389,31591.35392561427,31590.08710136796
100000,2,uniform,6900,0.0092144464220051,31592.997953018577,31590.08710136796
100000,2,uniform,7000,0.0147811614082689,31594.756483131423,31590.08710136796
100000,2,uniform,7100,0.0141121258438962,31594.5451342139,31590.08710136796
100000,2,uniform,7200,0.0113187169791531,31593.66269392043,31590.08710136796
100000,2,uniform,7300,0.0095667185030002,31593.1092360758,31590.08710136796
100000,2,uniform,7400,0.0092759027249917,31593.01736711822,31590.08710136796
100000,2,uniform,7500,0.0101761213836548,31593.301746976595,31590.08710136796
100000,2,uniform,7600,0.0082360933021922,31592.68889041587,31590.08710136796
100000,2,uniform,7700,0.0062920383407111,31592.07476176024,31590.08710136796
100000,2,uniform,7800,0.0059621420554534,31591.970547236386,31590.08710136796
100000,2,uniform,7900,0.0067951106767085,31592.233682749364,31590.08710136796
100000,2,uniform,8000,0.0075684676538086,31592.47798689204,31590.08710136796
100000,2,uniform,8100,0.0096569542542442,31593.13774162821,31590.08710136796
100000,2,uniform,8200,0.0123901793689568,31594.001169822623,31590.08710136796
100000,2,uniform,8300,0.0131390873863389,31594.237750517623,31590.08710136796
100000,2,uniform,8400,0.0125944347222564,31594.065694266643,31590.08710136796
100000,2,uniform,8500,0.0155903902388213,31595.012119223844,31590.08710136796
100000,2,uniform,8600,0.0161605406600452,31595.19223023852,31590.08710136796
100000,2,uniform,8700,0.0167070767301829,31595.364881459114,31590.08710136796
100000,2,uniform,8800,0.0173138483345163,31595.55656113743,31590.08710136796
100000,2,uniform,8900,0.017790667873394,31595.70718884508,31590.08710136796
100000,2,uniform,9000,0.0181969423107631,31595.83553129372,31590.08710136796
100000,2,uniform,9100,0.0182807224430206,31595.861997510467,31590.08710136796
100000,2,uniform,9200,0.0160469942313832,31595.156360822803,31590.08710136796
100000,2,uniform,9300,0.0164502985251058,31595.28376500048,31590.08710136796
100000,2,uniform,9400,0.0167446905761781,31595.376763705823,31590.08710136796
100000,2,uniform,9500,0.0195706746555935,31596.269494537984,31590.08710136796
100000,2,uniform,9600,0.0197083512684164,31596.312986699893,31590.08710136796
100000,2,uniform,9700,0.0195202929735136,31596.25357892073,31590.08710136796
100000,2,uniform,9800,0.0198924362283163,31596.371139299063,31590.08710136796
100000,2,uniform,9900,0.0205907939171403,31596.591751101245,31590.08710136796
100000,2,uniform,10000,0.0211926647519045,31596.781882622185,31590.08710136796
100000,3,uniform,0,56.22756519143782,57757.26528411967,36969.95803099484
100000,3,uniform,100,5.5855131539979705,39034.91989984359,36969.95803099484
100000,3,uniform,200,2.8863803790098883,38037.05164572967,36969.95803099484
100000,3,uniform,300,0.7155044103266983,37234.47971120254,36969.95803099484
100000,3,uniform,400,0.1381378599353145,37021.02753983784,36969.95803099484
100000,3,uniform,500,0.0536401432635489,36989.78876944714,36969.95803099484
100000,3,uniform,600,0.037869792472004,36983.95847737817,36969.95803099484
100000,3,uniform,700,0.0377527732069659,36983.915215405,36969.95803099484
100000,3,uniform,800,0.0170697873645438,36976.268724219495,36969.95803099484
100000,3,uniform,900,0.0264929407936676,36979.75246008744,36969.95803099484
100000,3,uniform,1000,0.024773490890892,36979.11678018002,36969.95803099484
100000,3,uniform,1100,0.0909325514110553,37003.57575708802,36969.95803099484
100000,3,uniform,1200,0.1032879788803084,37008.14355343796,36969.95803099484
100000,3,uniform,1300,0.0794448885433694,36999.3287729471,36969.95803099484
100000,3,uniform,1400,0.0575973272251689,36991.25173869696,36969.95803099484
100000,3,uniform,1500,0.0397580640989054,36984.65657060615,36969.95803099484
100000,3,uniform,1600,0.0208717191915419,36977.6742968203,36969.95803099484
100000,3,uniform,1700,0.0091604276491703,36973.3446372522,36969.95803099484
100000,3,uniform,1800,0.0096132932091232,36973.51206145965,36969.95803099484
100000,3,uniform,1900,0.0092998377761004,36973.39617711762,36969.95803099484
100000,3,uniform,2000,0.010981120283499,36974.017746554986,36969.95803099484
100000,3,uniform,2100,0.010044129233834,36973.67134135717,36969.95803099484
100000,3,uniform,2200,0.0083263112248136,36973.03626476019,36969.95803099484
100000,3,uniform,2300,0.0078515699445606,36972.86075310812,36969.95803099484
100000,3,uniform,2400,0.007966018322336,36972.90306462535,36969.95803099484
100000,3,uniform,2500,0.008469429957878,36973.089175695735,36969.95803099484
100000,3,uniform,2600,0.0113024035240028,36974.13652483416,36969.95803099484
100000,3,uniform,2700,0.0053348944229242,36971.930339224,36969.95803099484
100000,3,uniform,2800,0.0056218090082288,36972.03641142577,36969.95803099484
100000,3,uniform,2900,0.0054100242560256,36971.95811469176,36969.95803099484
100000,3,uniform,3000,0.007498675591214,36972.7302882138,36969.95803099484
100000,3,uniform,3100,0.009968567520378,36973.64340622342,36969.95803099484
100000,3,uniform,3200,0.0095349676225906,36973.483104523184,36969.95803099484
100000,3,uniform,3300,0.0120484892308273,36974.41235240685,36969.95803099484
100000,3,uniform,3400,0.0132002521980993,36974.83815869247,36969.95803099484
100000,3,uniform,3500,0.0126365676554641,36974.62976475363,36969.95803099484
100000,3,uniform,3600,0.0115695799093905,36974.23529983171,36969.95803099484
100000,3,uniform,3700,0.0131403995702593,36974.81603120107,36969.95803099484
100000,3,uniform,3800,0.0139152183088262,36975.10248136354,36969.95803099484
100000,3,uniform,3900,0.0131623197197286,36974.82413507113,36969.95803099484
100000,3,uniform,4000,0.0221940145484624,36978.1631488588,36969.95803099484
100000,3,uniform,4100,0.0321774957963875,36981.85403768619,36969.95803099484
100000,3,uniform,4200,0.0338547921602337,36982.47413344796,36969.95803099484
100000,3,uniform,4300,0.0301939237967454,36981.12071195041,36969.95803099484
100000,3,uniform,4400,0.0247554933588457,36979.11012649997,36969.95803099484
100000,3,uniform,4500,0.0202976018944161,36977.46204589651,36969.95803099484
100000,3,uniform,4600,0.0159881981461918,36975.8688611394,36969.95803099484
100000,3,uniform,4700,0.0143227450133851,36975.25314381518,36969.95803099484
100000,3,uniform,4800,0.0234798559056002,36978.63852386888,36969.95803099484
100000,3,uniform,4900,0.031143491094681,36981.47176658193,36969.95803099484
100000,3,uniform,5000,0.0327813973497201,36982.07729983701,36969.95803099484
100000,3,uniform,5100,0.0398112647006285,36984.676238846274,36969.95803099484
100000,3,uniform,5200,0.0481894405153348,36987.773646928734,36969.95803099484
100000,3,uniform,5300,0.048151076285597,36987.7594636891,36969.95803099484
100000,3,uniform,5400,0.0458429109669349,36986.90613593951,36969.95803099484
100000,3,uniform,5500,0.0438705943268783,36986.17697130544,36969.95803099484
100000,3,uniform,5600,0.0440633270894598,36986.24822452688,36969.95803099484
100000,3,uniform,5700,0.0433485889070333,36985.9839861208,36969.95803099484
100000,3,uniform,5800,0.0473302936760713,36987.45602070283,36969.95803099484
100000,3,uniform,5900,0.0507828761166688,36988.73243898211,36969.95803099484
100000,3,uniform,6000,0.0503889300023349,36988.586797268974,36969.95803099484
100000,3,uniform,6100,0.0491466871226374,36988.12754059771,36969.95803099484
100000,3,uniform,6200,0.0494599866941585,36988.24336731781,36969.95803099484
100000,3,uniform,6300,0.0529823875338473,36989.545597429926,36969.95803099484
100000,3,uniform,6400,0.0553885653367669,36990.435160353816,36969.95803099484
100000,3,uniform,6500,0.0606847926695959,36992.39317337599,36969.95803099484
100000,3,uniform,6600,0.0593815019219236,36991.91134733355,36969.95803099484
100000,3,uniform,6700,0.0579313101900954,36991.37521205893,36969.95803099484
100000,3,uniform,6800,0.060311222135182,36992.2550645062,36969.95803099484
100000,3,uniform,6900,0.0612040461393245,36992.58514116582,36969.95803099484
100000,3,uniform,7000,0.0631880039506685,36993.31860953603,36969.95803099484
100000,3,uniform,7100,0.0662183754280679,36994.43893659941,36969.95803099484
100000,3,uniform,7200,0.0692415372118929,36995.556598242096,36969.95803099484
100000,3,uniform,7300,0.0692905999657027,36995.57473672159,36969.95803099484
100000,3,uniform,7400,0.0690851613724568,36995.498786159886,36969.95803099484
100000,3,uniform,7500,0.0715768338858626,36996.41995644236,36969.95803099484
100000,3,uniform,7600,0.068915387997221,36995.43602101431,36969.95803099484
100000,3,uniform,7700,0.0659780116716162,36994.350074219525,36969.95803099484
100000,3,uniform,7800,0.0628363428293346,36993.18860056706,36969.95803099484
100000,3,uniform,7900,0.0585849616445718,36991.61686672732,36969.95803099484
100000,3,uniform,8000,0.0583638967890903,36991.53513914302,36969.95803099484
100000,3,uniform,8100,0.0577677702156525,36991.31475139901,36969.95803099484
100000,3,uniform,8200,0.0569204915909147,36991.00151284704,36969.95803099484
100000,3,uniform,8300,0.0556237302830322,36990.52210073576,36969.95803099484
100000,3,uniform,8400,0.0554798635924843,36990.46891328064,36969.95803099484
100000,3,uniform,8500,0.0556141612464649,36990.51856306695,36969.95803099484
100000,3,uniform,8600,0.0542757338413455,36990.023747017,36969.95803099484
100000,3,uniform,8700,0.0541798254119643,36989.98828971091,36969.95803099484
100000,3,uniform,8800,0.0559030048862837,36990.62534843937,36969.95803099484
100000,3,uniform,8900,0.0549173535275813,36990.26095354572,36969.95803099484
100000,3,uniform,9000,0.0536012337383691,36989.774384612014,36969.95803099484
100000,3,uniform,9100,0.0518610636138152,36989.1310444473,36969.95803099484
100000,3,uniform,9200,0.0504344056506894,36988.603609597085,36969.95803099484
100000,3,uniform,9300,0.0497070339121076,36988.3347005706,36969.95803099484
100000,3,uniform,9400,0.0492185156437283,36988.15409557181,36969.95803099484
100000,3,uniform,9500,0.0482601422644484,36987.79978533571,36969.95803099484
100000,3,uniform,9600,0.0459192731081765,36986.934366991074,36969.95803099484
100000,3,uniform,9700,0.0434917455416609,36986.03691106854,36969.95803099484
100000,3,uniform,9800,0.042901246746823,36985.81860391192,36969.95803099484
100000,3,uniform,9900,0.0419110057870388,36985.45251224468,36969.95803099484
100000,3,uniform,10000,0.0408879503306075,36985.0742890718,36969.95803099484
100000,4,uniform,0,41.46865183418637,54972.08553992963,38858.13911930236
100000,4,uniform,100,6.293656741965915,41303.73701178683,38858.13911930236
100000,4,uniform,200,3.2162541433510587,40107.91562875604,38858.13911930236
100000,4,uniform,300,1.113595082768383,39290.86144579021,38858.13911930236
100000,4,uniform,400,0.4919303134084154,39049.29408485662,38858.13911930236
100000,4,uniform,500,0.4134457668525385,39018.79645056879,38858.13911930236
100000,4,uniform,600,0.3999134526354359,39013.53804508424,38858.13911930236
100000,4,uniform,700,0.3922135142323779,39010.54599230748,38858.13911930236
100000,4,uniform,800,0.3860754941281332,39008.1608719162,38858.13911930236
100000,4,uniform,900,0.3814739328913748,39006.37279084917,38858.13911930236
100000,4,uniform,1000,0.3782634947721627,39005.12527433846,38858.13911930236
100000,4,uniform,1100,0.3728598271878454,39003.025509671,38858.13911930236
100000,4,uniform,1200,0.3660154157919,39000.36589876887,38858.13911930236
100000,4,uniform,1300,0.3604849679139124,38998.21686963852,38858.13911930236
100000,4,uniform,1400,0.3557283281568307,38996.36852794431,38858.13911930236
100000,4,uniform,1500,0.3534771067009643,38995.49374517911,38858.13911930236
100000,4,uniform,1600,0.3521182242003582,38994.96570872655,38858.13911930236
100000,4,uniform,1700,0.3505096562915759,38994.34064917073,38858.13911930236
100000,4,uniform,1800,0.3483865083853963,38993.51563340364,38858.13911930236
100000,4,uniform,1900,0.3435684724366407,38991.64343429185,38858.13911930236
100000,4,uniform,2000,0.3435730330269833,38991.64520645239,38858.13911930236
100000,4,uniform,2100,0.3433710831113434,38991.56673247322,38858.13911930236
100000,4,uniform,2200,0.3437826526882813,38991.726660752,38858.13911930236
100000,4,uniform,2300,0.3440879181673972,38991.84528123656,38858.13911930236
100000,4,uniform,2400,0.3442846445643283,38991.92172545356,38858.13911930236
100000,4,uniform,2500,0.344314702540472,38991.93340542375,38858.13911930236
100000,4,uniform,2600,0.3442903210900298,38991.923931245816,38858.13911930236
100000,4,uniform,2700,0.3441532839800257,38991.870681174965,38858.13911930236
100000,4,uniform,2800,0.3440407276137862,38991.826943865584,38858.13911930236
100000,4,uniform,2900,0.3437162138824832,38991.70084386841,38858.13911930236
100000,4,uniform,3000,0.3432195402858307,38991.50784575126,38858.13911930236
100000,4,uniform,3100,0.3426868107663433,38991.300836973445,38858.13911930236
100000,4,uniform,3200,0.3422016839779268,38991.1123257311,38858.13911930236
100000,4,uniform,3300,0.3416802354324136,38990.909700529846,38858.13911930236
100000,4,uniform,3400,0.3411392589856936,38990.69948714958,38858.13911930236
100000,4,uniform,3500,0.340640799024654,38990.50579488446,38858.13911930236
100000,4,uniform,3600,0.3402879592186682,38990.36868790178,38858.13911930236
100000,4,uniform,3700,0.3402664826859068,38990.360342520806,38858.13911930236
100000,4,uniform,3800,0.3401499471357816,38990.315058974615,38858.13911930236
100000,4,uniform,3900,0.3394696446571943,38990.05070609105,38858.13911930236
100000,4,uniform,4000,0.338793295227709,38989.78788928881,38858.13911930236
100000,4,uniform,4100,0.3381294428282924,38989.5299285999,38858.13911930236
100000,4,uniform,4200,0.337521093683388,38989.29353544284,38858.13911930236
100000,4,uniform,4300,0.3369228721841509,38989.061077700426,38858.13911930236
100000,4,uniform,4400,0.3363122664102513,38988.82380765933,38858.13911930236
100000,4,uniform,4500,0.3357144966685082,38988.591525461474,38858.13911930236
100000,4,uniform,4600,0.3351079966239422,38988.3558508304,38858.13911930236
100000,4,uniform,4700,0.3345460336097518,38988.13748246055,38858.13911930236
100000,4,uniform,4800,0.3339670510971705,38987.91250063033,38858.13911930236
100000,4,uniform,4900,0.3334109622308697,38987.69641484504,38858.13911930236
100000,4,uniform,5000,0.3328682293966268,38987.48551896526,38858.13911930236
100000,4,uniform,5100,0.3323335585363837,38987.27775581856,38858.13911930236
100000,4,uniform,5200,0.3317943032516077,38987.06821124979,38858.13911930236
100000,4,uniform,5300,0.3312815989070367,38986.86898388231,38858.13911930236
100000,4,uniform,5400,0.3307650311729019,38986.66825527353,38858.13911930236
100000,4,uniform,5500,0.3302339788697093,38986.46189823076,38858.13911930236
100000,4,uniform,5600,0.3297364312363767,38986.26856047921,38858.13911930236
100000,4,uniform,5700,0.3292298555776884,38986.071714605016,38858.13911930236
100000,4,uniform,5800,0.3287400388357197,38985.88138093399,38858.13911930236
100000,4,uniform,5900,0.328253245597994,38985.69222214045,38858.13911930236
100000,4,uniform,6000,0.3277762209665748,38985.50685924554,38858.13911930236
100000,4,uniform,6100,0.3273088636415381,38985.325252886,38858.13911930236
100000,4,uniform,6200,0.3268410901760387,38985.14348482201,38858.13911930236
100000,4,uniform,6300,0.3263698398240849,38984.96036570465,38858.13911930236
100000,4,uniform,6400,0.3259031053758809,38984.779001383446,38858.13911930236
100000,4,uniform,6500,0.3254649758254644,38984.60875239322,38858.13911930236
100000,4,uniform,6600,0.3250057177319044,38984.43029324431,38858.13911930236
100000,4,uniform,6700,0.3245656400201595,38984.25928723485,38858.13911930236
100000,4,uniform,6800,0.3241267117173466,38984.08872786431,38858.13911930236
100000,4,uniform,6900,0.3236893014610532,38983.91875837839,38858.13911930236
100000,4,uniform,7000,0.3234287846711994,38983.81752640176,38858.13911930236
100000,4,uniform,7100,0.3231758935140332,38983.71925760409,38858.13911930236
100000,4,uniform,7200,0.3229399961207834,38983.62759226684,38858.13911930236
100000,4,uniform,7300,0.3226790288528746,38983.52618524282,38858.13911930236
100000,4,uniform,7400,0.3224202797236875,38983.42564014623,38858.13911930236
100000,4,uniform,7500,0.3221536262437147,38983.32202356602,38858.13911930236
100000,4,uniform,7600,0.3218926516401996,38983.22061369152,38858.13911930236
100000,4,uniform,7700,0.3216317793180297,38983.11924356165,38858.13911930236
100000,4,uniform,7800,0.3208109669112181,38982.8002911347,38858.13911930236
100000,4,uniform,7900,0.3198626616167689,38982.43179734411,38858.13911930236
100000,4,uniform,8000,0.3195639929567068,38982.315740260674,38858.13911930236
100000,4,uniform,8100,0.3192771808958392,38982.20429043105,38858.13911930236
100000,4,uniform,8200,0.318980013838856,38982.08881684263,38858.13911930236
100000,4,uniform,8300,0.3185327686232355,38981.91502567454,38858.13911930236
100000,4,uniform,8400,0.3173640153680736,38981.46086990869,38858.13911930236
100000,4,uniform,8500,0.3167124575924882,38981.20768668181,38858.13911930236
100000,4,uniform,8600,0.3160895083741703,38980.96562020791,38858.13911930236
100000,4,uniform,8700,0.3154857289817998,38980.73100277165,38858.13911930236
100000,4,uniform,8800,0.3148923094587038,38980.50041098781,38858.13911930236
100000,4,uniform,8900,0.3143089489794152,38980.2737279612,38858.13911930236
100000,4,uniform,9000,0.3136367126857229,38980.01250944698,38858.13911930236
100000,4,uniform,9100,0.3129451906869961,38979.74379686668,38858.13911930236
100000,4,uniform,9200,0.3122699076038515,38979.48139442678,38858.13911930236
100000,4,uniform,9300,0.3116081657471309,38979.224253855486,38858.13911930236
100000,4,uniform,9400,0.311104956411314,38979.02871607171,38858.13911930236
100000,4,uniform,9500,0.3108537724540477,38978.93111066015,38858.13911930236
100000,4,uniform,9600,0.3106058349241793,38978.83476674987,38858.13911930236
100000,4,uniform,9700,0.3103650703462973,38978.74121011525,38858.13911930236
100000,4,uniform,9800,0.3101273739800166,38978.64884573055,38858.13911930236
100000,4,uniform,9900,0.309869678269575,38978.548709972885,38858.13911930236
100000,4,uniform,10000,0.3096110125216125,38978.44819727669,38858.13911930236
100000,5,uniform,0,49.66148030263938,50640.6183100793,33836.77497220787
100000,5,uniform,100,5.518106611747245,35703.92428915131,33836.77497220787
100000,5,uniform,200,2.934158328802304,34829.599523253004,33836.77497220787
100000,5,uniform,300,0.7358026274778888,34085.74685150716,33836.77497220787
100000,5,uniform,400,0.1041874244354793,33872.028636563446,33836.77497220787
100000,5,uniform,500,0.0161839868601361,33842.25111142327,33836.77497220787
100000,5,uniform,600,0.0103022170017398,33840.2609101919,33836.77497220787
100000,5,uniform,700,0.00596780100308,33838.794283604075,33836.77497220787
100000,5,uniform,800,0.0032810297066748,33837.88516684649,33836.77497220787
100000,5,uniform,900,0.0016804967522502,33837.34359811235,33836.77497220787
100000,5,uniform,1000,7.96924531190458e-05,33836.801937563905,33836.77497220787
100000,5,uniform,1100,0.0027648839968072,33837.71051978412,33836.77497220787
100000,5,uniform,1200,0.0035674140889869,33837.98207008549,33836.77497220787
100000,5,uniform,1300,0.0035182166641773,33837.965423263566,33836.77497220787
100000,5,uniform,1400,0.0038088240639834,33838.06375543549,33836.77497220787
100000,5,uniform,1500,0.0042333669544713,33838.207407058006,33836.77497220787
100000,5,uniform,1600,0.0047331118529693,33838.376504614745,33836.77497220787
100000,5,uniform,1700,0.0048255914907219,33838.40779674167,33836.77497220787
100000,5,uniform,1800,0.0054809880922931,33838.62956181492,33836.77497220787
100000,5,uniform,1900,0.0056132646458866,33838.6743199347,33836.77497220787
100000,5,uniform,2000,0.006200880639497,33838.873150236155,33836.77497220787
100000,5,uniform,2100,0.0062310588538359,33838.88336157063,33836.77497220787
100000,5,uniform,2200,0.0034932995906749,33837.956992129475,33836.77497220787
100000,5,uniform,2300,0.001427934395052,33837.25813915588,33836.77497220787
100000,5,uniform,2400,0.0002429995927581,33836.85719543326,33836.77497220787
100000,5,uniform,2500,0.0009162489781003,33837.08500131278,33836.77497220787
100000,5,uniform,2600,0.0014963158557905,33837.28127723687,33836.77497220787
100000,5,uniform,2700,0.002034350432466,33837.46333078585,33836.77497220787
100000,5,uniform,2800,0.0024920925592833,33837.61821595926,33836.77497220787
100000,5,uniform,2900,0.0029062494012631,33837.75835327791,33836.77497220787
100000,5,uniform,3000,0.0030650294136447,33837.8120793134,33836.77497220787
100000,5,uniform,3100,0.0029737397283659,33837.78118982802,33836.77497220787
100000,5,uniform,3200,0.0028901172928576,33837.75289469269,33836.77497220787
100000,5,uniform,3300,0.0028351774996747,33837.7343048385,33836.77497220787
100000,5,uniform,3400,0.0027744768247398,33837.71376568772,33836.77497220787
100000,5,uniform,3500,0.0027042126751388,33837.68999056553,33836.77497220787
100000,5,uniform,3600,0.0026455897960803,33837.67015447386,33836.77497220787
100000,5,uniform,3700,0.0025770631898703,33837.64696728032,33836.77497220787
100000,5,uniform,3800,0.0025126351204905,33837.62516689947,33836.77497220787
100000,5,uniform,3900,0.0024485074432667,33837.60346816163,33836.77497220787
100000,5,uniform,4000,0.0023875836424053,33837.58285351223,33836.77497220787
100000,5,uniform,4100,0.0023408873695488,33837.56705299946,33836.77497220787
100000,5,uniform,4200,0.0022550682927332,33837.538014591555,33836.77497220787
100000,5,uniform,4300,0.0021980678973426,33837.51872749603,33836.77497220787
100000,5,uniform,4400,0.0021647060797266,33837.50743893288,33836.77497220787
100000,5,uniform,4500,0.0021214529012666,33837.492803452216,33836.77497220787
100000,5,uniform,4600,0.0020882369439498,33837.481564243484,33836.77497220787
100000,5,uniform,4700,0.0020423406814034,33837.466034428406,33836.77497220787
100000,5,uniform,4800,0.0019723006248096,33837.442335132066,33836.77497220787
100000,5,uniform,4900,0.0019193365753743,33837.42441380584,33836.77497220787
100000,5,uniform,5000,0.0018415151801522,33837.39808155546,33836.77497220787
100000,5,uniform,5100,0.0017777156460253,33837.376493850665,33836.77497220787
100000,5,uniform,5200,0.0017388498641775,33837.36334292352,33836.77497220787
100000,5,uniform,5300,0.0016727634138874,33837.34098140005,33836.77497220787
100000,5,uniform,5400,0.0016189953359856,33837.32278801652,33836.77497220787
100000,5,uniform,5500,0.0015595876053821,33837.3026863564,33836.77497220787
100000,5,uniform,5600,0.0015095273590874,33837.28574758351,33836.77497220787
100000,5,uniform,5700,0.0014553377638609,33837.26741157212,33836.77497220787
100000,5,uniform,5800,0.0014047128968771,33837.250281749795,33836.77497220787
100000,5,uniform,5900,0.001370804815494,33837.2388083486,33836.77497220787
100000,5,uniform,6000,0.0013766218607787,33837.24077664912,33836.77497220787
100000,5,uniform,6100,0.0013800006266121,33837.241919914515,33836.77497220787
100000,5,uniform,6200,0.0013832964140879,33837.24303510271,33836.77497220787
100000,5,uniform,6300,0.0013857728469949,33837.24387304774,33836.77497220787
100000,5,uniform,6400,0.0013868720349225,33837.24424497748,33836.77497220787
100000,5,uniform,6500,0.0013860464212511,33837.24396561644,33836.77497220787
100000,5,uniform,6600,0.0013760623400027,33837.24058732534,33836.77497220787
100000,5,uniform,6700,0.0013768240643335,33837.240845068285,33836.77497220787
100000,5,uniform,6800,0.0013546974648617,33837.23335814061,33836.77497220787
100000,5,uniform,6900,0.0013599406675061,33837.23513227129,33836.77497220787
100000,5,uniform,7000,0.0013544298289033,33837.23326758124,33836.77497220787
100000,5,uniform,7100,0.0013444630392487,33837.22989514105,33836.77497220787
100000,5,uniform,7200,0.0013380861924435,33837.227737421745,33836.77497220787
100000,5,uniform,7300,0.0013207605311915,33837.221874976734,33836.77497220787
100000,5,uniform,7400,0.0013199271571566,33837.22159298984,33836.77497220787
100000,5,uniform,7500,0.0013131055249672,33837.219284769504,33836.77497220787
100000,5,uniform,7600,0.0013045355043166,33837.2163849509,33836.77497220787
100000,5,uniform,7700,0.0012971932717367,33837.213900576186,33836.77497220787
100000,5,uniform,7800,0.0012885900858565,33837.21098953554,33836.77497220787
100000,5,uniform,7900,0.0012824831872172,33837.20892315799,33836.77497220787
100000,5,uniform,8000,0.0012713604352205,33837.205159577425,33836.77497220787
100000,5,uniform,8100,0.0012620839258053,33837.20202070581,33836.77497220787
100000,5,uniform,8200,0.0012504156193646,33837.198072527215,33836.77497220787
100000,5,uniform,8300,0.0012352173412482,33837.19292992005,33836.77497220787
100000,5,uniform,8400,0.001219212863002,33837.18751452076,33836.77497220787
100000,5,uniform,8500,0.0011810721555265,33837.1746089354,33836.77497220787
100000,5,uniform,8600,0.0012539878821882,33837.19928126575,33836.77497220787
100000,5,uniform,8700,0.0013314898647893,33837.2255054372,33836.77497220787
100000,5,uniform,8800,0.0014156935072142,33837.253997234206,33836.77497220787
100000,5,uniform,8900,0.0014897398055223,33837.27905211354,33836.77497220787
100000,5,uniform,9000,0.0015640006774341,33837.30417959766,33836.77497220787
100000,5,uniform,9100,0.0016299462341479,33837.32649344729,33836.77497220787
100000,5,uniform,9200,0.0016958897531199,33837.34880660741,33836.77497220787
100000,5,uniform,9300,0.0017616159609923,33837.37104623647,33836.77497220787
100000,5,uniform,9400,0.0018245305363799,33837.39233449977,33836.77497220787
100000,5,uniform,9500,0.0018814786237017,33837.411603895926,33836.77497220787
100000,5,uniform,9600,0.0019432220815301,33837.43249589081,33836.77497220787
100000,5,uniform,9700,0.0019965534619035,33837.45054150998,33836.77497220787
100000,5,uniform,9800,0.0020542522123153,33837.47006490632,33836.77497220787
100000,5,uniform,9900,0.0021108367873926,33837.489211301654,33836.77497220787
100000,5,uniform,10000,0.0021589878269793,33837.505504060566,33836.77497220787
100000,6,uniform,0,39.538618363210695,48367.82235627037,34662.67827761617
100000,6,uniform,100,6.582700078320037,36944.41842774463,34662.67827761617
100000,6,uniform,200,3.286122848920601,35801.736468544754,34662.67827761617
100000,6,uniform,300,0.923062437933836,34982.6364407787,34662.67827761617
100000,6,uniform,400,0.195693976517785,34730.511051105204,34662.67827761617
100000,6,uniform,500,0.0832157462431818,34691.52308401276,34662.67827761617
100000,6,uniform,600,0.0725331970550137,34687.82022635582,34662.67827761617
100000,6,uniform,700,0.0652171997954871,34685.28430576295,34662.67827761617
100000,6,uniform,800,0.0456575201484143,34678.50439693475,34662.67827761617
100000,6,uniform,900,0.0448962527142942,34678.24052125323,34662.67827761617
100000,6,uniform,1000,0.0270663743877527,34672.06020789161,34662.67827761617
100000,6,uniform,1100,0.0179459365524728,34668.89881986726,34662.67827761617
100000,6,uniform,1200,0.0185711622505447,34669.11553983949,34662.67827761617
100000,6,uniform,1300,0.0184146498819164,34669.06128846069,34662.67827761617
100000,6,uniform,1400,0.0176800666278077,34668.80666223064,34662.67827761617
100000,6,uniform,1500,0.0181039921269078,34668.953606162526,34662.67827761617
100000,6,uniform,1600,0.0183281079226448,34669.03129069977,34662.67827761617
100000,6,uniform,1700,0.0197605153233189,34669.52780146869,34662.67827761617
100000,6,uniform,1800,0.0201101535764573,34669.64899545151,34662.67827761617
100000,6,uniform,1900,0.0207018160760082,34669.85408152022,34662.67827761617
100000,6,uniform,2000,0.0272438010436865,34672.12170872254,34662.67827761617
100000,6,uniform,2100,0.0229875663807324,34670.64638379458,34662.67827761617
100000,6,uniform,2200,0.0234214282280003,34670.796771930865,34662.67827761617
100000,6,uniform,2300,0.0194331077188144,34669.414313224086,34662.67827761617
100000,6,uniform,2400,0.0100966540796029,34666.17804833659,34662.67827761617
100000,6,uniform,2500,0.0100805219142642,34666.17245649602,34662.67827761617
100000,6,uniform,2600,0.010274669790572,34666.239753349764,34662.67827761617
100000,6,uniform,2700,0.0105267521372364,34666.32713184258,34662.67827761617
100000,6,uniform,2800,0.0106580771917573,34666.37265262373,34662.67827761617
100000,6,uniform,2900,0.0108267632585571,34666.43112373236,34662.67827761617
100000,6,uniform,3000,0.0106816095629985,34666.380809573864,34662.67827761617
100000,6,uniform,3100,0.010676946248176,34666.37919314405,34662.67827761617
100000,6,uniform,3200,0.0106651334802304,34666.3750985223,34662.67827761617
100000,6,uniform,3300,0.0105902527899827,34666.34914286955,34662.67827761617
100000,6,uniform,3400,0.0105600623622611,34666.33867805872,34662.67827761617
100000,6,uniform,3500,0.0105101346117972,34666.3213717632,34662.67827761617
100000,6,uniform,3600,0.0092801544549082,34665.89502769854,34662.67827761617
100000,6,uniform,3700,0.0077255464715604,34665.3561589348,34662.67827761617
100000,6,uniform,3800,0.0067427258628604,34665.01548698916,34662.67827761617
100000,6,uniform,3900,0.0054416458036079,34664.56449779408,34662.67827761617
100000,6,uniform,4000,0.0059901709191889,34664.75463129017,34662.67827761617
100000,6,uniform,4100,0.0066776057493053,34664.9929146137,34662.67827761617
100000,6,uniform,4200,0.0068373074011404,34665.04827148348,34662.67827761617
100000,6,uniform,4300,0.006921673722869,34665.077515110155,34662.67827761617
100000,6,uniform,4400,0.007098186749507,34665.1386992527,34662.67827761617
100000,6,uniform,4500,0.0072363698033409,34665.18659720008,34662.67827761617
100000,6,uniform,4600,0.0075506054004848,34665.29551967415,34662.67827761617
100000,6,uniform,4700,0.0062823754130926,34664.8559171938,34662.67827761617
100000,6,uniform,4800,0.0066966705745661,34664.999522992744,34662.67827761617
100000,6,uniform,4900,0.006931201729645,34665.08081777249,34662.67827761617
100000,6,uniform,5000,0.0069274507925446,34665.07951759723,34662.67827761617
100000,6,uniform,5100,0.0067618736953032,34665.02212414071,34662.67827761617
100000,6,uniform,5200,0.0065662544449981,34664.95431726933,34662.67827761617
100000,6,uniform,5300,0.006263121386136,34664.849243232384,34662.67827761617
100000,6,uniform,5400,0.0066112596205172,34664.96991726853,34662.67827761617
100000,6,uniform,5500,0.0067567242580169,34665.02033920783,34662.67827761617
100000,6,uniform,5600,0.0067618893865008,34665.0221295797,34662.67827761617
100000,6,uniform,5700,0.0065191680795829,34664.937995873974,34662.67827761617
100000,6,uniform,5800,0.0064569677341213,34664.91643556834,34662.67827761617
100000,6,uniform,5900,0.0061642150376611,34664.814959643016,34662.67827761617
100000,6,uniform,6000,0.0058775477192547,34664.71559307271,34662.67827761617
100000,6,uniform,6100,0.0061460234888183,34664.80865396497,34662.67827761617
100000,6,uniform,6200,0.0062271393363108,34664.836770890215,34662.67827761617
100000,6,uniform,6300,0.0061653397368835,34664.81534949389,34662.67827761617
100000,6,uniform,6400,0.0055389403713501,34664.59822269708,34662.67827761617
100000,6,uniform,6500,0.0052683214733383,34664.504418939105,34662.67827761617
100000,6,uniform,6600,0.004524523725867,34664.24659871886,34662.67827761617
100000,6,uniform,6700,0.0039525323652523,34664.04833119376,34662.67827761617
100000,6,uniform,6800,0.0040629492120408,34664.08660463012,34662.67827761617
100000,6,uniform,6900,0.0036334653236625,34663.93773401164,34662.67827761617
100000,6,uniform,7000,0.0034843534562347,34663.88604784476,34662.67827761617
100000,6,uniform,7100,0.0033929463513994,34663.85436369409,34662.67827761617
100000,6,uniform,7200,0.002886861979161,34663.678941296326,34662.67827761617
100000,6,uniform,7300,0.0022692881464457,34663.464873665565,34662.67827761617
100000,6,uniform,7400,0.0030932716064119,34663.750488401354,34662.67827761617
100000,6,uniform,7500,0.0085861091790155,34665.65445301746,34662.67827761617
100000,6,uniform,7600,0.008645339847171,34665.6749839534,34662.67827761617
100000,6,uniform,7700,0.0072555273313081,34665.19323771237,34662.67827761617
100000,6,uniform,7800,0.00603862934259,34664.77142827757,34662.67827761617
100000,6,uniform,7900,0.0052782677243563,34664.507866576096,34662.67827761617
100000,6,uniform,8000,0.0044973494422644,34664.23717938436,34662.67827761617
100000,6,uniform,8100,0.0052055441120465,34664.48265862433,34662.67827761617
100000,6,uniform,8200,0.0066411958784583,34664.98029397731,34662.67827761617
100000,6,uniform,8300,0.0079157603214536,34665.42209214962,34662.67827761617
100000,6,uniform,8400,0.0081759826858494,34665.5122921906,34662.67827761617
100000,6,uniform,8500,0.0117232876361451,34666.74188309305,34662.67827761617
100000,6,uniform,8600,0.013463721762936,34667.34516417505,34662.67827761617
100000,6,uniform,8700,0.0149666862955514,34667.86613193562,34662.67827761617
100000,6,uniform,8800,0.0162230491369378,34668.30162094533,34662.67827761617
100000,6,uniform,8900,0.0171782497687716,34668.632719067245,34662.67827761617
100000,6,uniform,9000,0.0162621652139294,34668.31517962525,34662.67827761617
100000,6,uniform,9100,0.0196471985225544,34669.48852283061,34662.67827761617
100000,6,uniform,9200,0.0220349895818449,34670.31619516343,34662.67827761617
100000,6,uniform,9300,0.0227541925041846,34670.565490158566,34662.67827761617
100000,6,uniform,9400,0.0236716519394295,34670.88350617093,34662.67827761617
100000,6,uniform,9500,0.024761510949457,34671.26128049326,34662.67827761617
100000,6,uniform,9600,0.0254553403212944,34671.50178033621,34662.67827761617
100000,6,uniform,9700,0.0255657367636844,34671.54004669987,34662.67827761617
100000,6,uniform,9800,0.0264632625166019,34671.85115316406,34662.67827761617
100000,6,uniform,9900,0.0273237575389292,34672.149423785246,34662.67827761617
100000,6,uniform,10000,0.026536516103454,34671.8765448192,34662.67827761617
100000,7,uniform,0,36.9647267943389,45256.74031771031,33042.62446028614
100000,7,uniform,100,8.499900642843143,35851.21470919825,33042.62446028614
100000,7,uniform,200,4.4470763938744255,34512.0552125761,33042.62446028614
100000,7,uniform,300,1.2382556002317868,33451.77660812919,33042.62446028614
100000,7,uniform,400,0.3368268969384154,33153.920906922736,33042.62446028614
100000,7,uniform,500,0.2133781919465529,33113.13021493119,33042.62446028614
100000,7,uniform,600,0.1851416680118242,33103.8001263668,33042.62446028614
100000,7,uniform,700,0.1690997703882687,33098.49946237874,33042.62446028614
100000,7,uniform,800,0.1572909005286171,33094.597501858014,33042.62446028614
100000,7,uniform,900,0.1455891635730082,33090.73094086044,33042.62446028614
100000,7,uniform,1000,0.1377421373751177,33088.13807746257,33042.62446028614
100000,7,uniform,1100,0.1310228386376517,33085.91784481439,33042.62446028614
100000,7,uniform,1200,0.1242244162282295,33083.67146762842,33042.62446028614
100000,7,uniform,1300,0.1182520588528842,33081.698044009456,33042.62446028614
100000,7,uniform,1400,0.1125074587782529,33079.79987738005,33042.62446028614
100000,7,uniform,1500,0.1073146918276523,33078.084050897465,33042.62446028614
100000,7,uniform,1600,0.1023070163478043,33076.42938349447,33042.62446028614
100000,7,uniform,1700,0.0976770483447014,33074.89952055457,33042.62446028614
100000,7,uniform,1800,0.0933684705893376,33073.47585338729,33042.62446028614
100000,7,uniform,1900,0.0890353965268195,33072.044091997224,33042.62446028614
100000,7,uniform,2000,0.0851712362737334,33070.76727203625,33042.62446028614
100000,7,uniform,2100,0.0811486499143796,33069.43810393194,33042.62446028614
100000,7,uniform,2200,0.0772568821100993,33068.15216171151,33042.62446028614
100000,7,uniform,2300,0.0740415663268704,33067.08973699204,33042.62446028614
100000,7,uniform,2400,0.0703222963784893,33065.860792590334,33042.62446028614
100000,7,uniform,2500,0.0669942284916502,33064.7611116167,33042.62446028614
100000,7,uniform,2600,0.0637677308963265,33063.69499213306,33042.62446028614
100000,7,uniform,2700,0.0605397146354676,33062.62837084247,33042.62446028614
100000,7,uniform,2800,0.0576319206688916,33061.66755940201,33042.62446028614
100000,7,uniform,2900,0.0545309486113426,33060.64291685042,33042.62446028614
100000,7,uniform,3000,0.0517683415421723,33059.73007897124,33042.62446028614
100000,7,uniform,3100,0.0488579750658711,33058.76841750606,33042.62446028614
100000,7,uniform,3200,0.0461217933879607,33057.86431126967,33042.62446028614
100000,7,uniform,3300,0.0434213879939016,33056.97202645641,33042.62446028614
100000,7,uniform,3400,0.0407552396877868,33056.091061084066,33042.62446028614
100000,7,uniform,3500,0.0376154710704665,33055.05359913092,33042.62446028614
100000,7,uniform,3600,0.0348052434291796,33054.12502616493,33042.62446028614
100000,7,uniform,3700,0.0321107968147095,33053.23471028883,33042.62446028614
100000,7,uniform,3800,0.029855392369846,33052.489465468054,33042.62446028614
100000,7,uniform,3900,0.0276879227206977,33051.773276611595,33042.62446028614
100000,7,uniform,4000,0.0256709818249264,33051.10682640582,33042.62446028614
100000,7,uniform,4100,0.0239342878789231,33050.53297714722,33042.62446028614
100000,7,uniform,4200,0.0222640298586979,33049.98108006208,33042.62446028614
100000,7,uniform,4300,0.0207058813177242,33049.46622689115,33042.62446028614
100000,7,uniform,4400,0.019357573873558,33049.0207107258,33042.62446028614
100000,7,uniform,4500,0.0180804053746263,33048.598700734976,33042.62446028614
100000,7,uniform,4600,0.0168733431207234,33048.19985568742,33042.62446028614
100000,7,uniform,4700,0.0158362784310691,33047.857182296604,33042.62446028614
100000,7,uniform,4800,0.0148456104181304,33047.52983958544,33042.62446028614
100000,7,uniform,4900,0.013806336787091,33047.18643630242,33042.62446028614
100000,7,uniform,5000,0.0128386188332522,33046.8666768931,33042.62446028614
100000,7,uniform,5100,0.0119885664944528,33046.585797291074,33042.62446028614
100000,7,uniform,5200,0.0113005312626434,33046.35845239327,33042.62446028614
100000,7,uniform,5300,0.010679698565266,33046.15331297655,33042.62446028614
100000,7,uniform,5400,0.010195983943947,33045.99348097077,33042.62446028614
100000,7,uniform,5500,0.0096839655492382,33045.82429665544,33042.62446028614
100000,7,uniform,5600,0.009188720094214,33045.66065455958,33042.62446028614
100000,7,uniform,5700,0.0087650008408415,33045.52064659792,33042.62446028614
100000,7,uniform,5800,0.0084199677610062,33045.40663861309,33042.62446028614
100000,7,uniform,5900,0.0080670804981022,33045.29003540004,33042.62446028614
100000,7,uniform,6000,0.0077195262539836,33045.17519435636,33042.62446028614
100000,7,uniform,6100,0.0074389099294445,33045.082471358066,33042.62446028614
100000,7,uniform,6200,0.0072074803563797,33045.00600095335,33042.62446028614
100000,7,uniform,6300,0.0069831984767202,33044.93189233412,33042.62446028614
100000,7,uniform,6400,0.0067537102076686,33044.8560633872,33042.62446028614
100000,7,uniform,6500,0.0065298805597326,33044.7821041972,33042.62446028614
100000,7,uniform,6600,0.0064202963726397,33044.74589470579,33042.62446028614
100000,7,uniform,6700,0.0062853826894669,33044.70131568411,33042.62446028614
100000,7,uniform,6800,0.0061388936357267,33044.65291185621,33042.62446028614
100000,7,uniform,6900,0.0061013493256953,33044.64050623084,33042.62446028614
100000,7,uniform,7000,0.0060696991151896,33044.63004817064,33042.62446028614
100000,7,uniform,7100,0.006033670641685,33044.61814341744,33042.62446028614
100000,7,uniform,7200,0.006006520205835,33044.609172200886,33042.62446028614
100000,7,uniform,7300,0.0059895862842595,33044.60357678877,33042.62446028614
100000,7,uniform,7400,0.0059552951414385,33044.59224609523,33042.62446028614
100000,7,uniform,7500,0.0059282676269602,33044.58331549512,33042.62446028614
100000,7,uniform,7600,0.0058923096592616,33044.57143403889,33042.62446028614
100000,7,uniform,7700,0.0058642894264884,33044.5621754186,33042.62446028614
100000,7,uniform,7800,0.0058308422401331,33044.55112359042,33042.62446028614
100000,7,uniform,7900,0.0058079611169514,33044.543563066814,33042.62446028614
100000,7,uniform,8000,0.0057883779927331,33044.53709228862,33042.62446028614
100000,7,uniform,8100,0.0057596606266683,33044.5276033172,33042.62446028614
100000,7,uniform,8200,0.0057292714562304,33044.51756193773,33042.62446028614
100000,7,uniform,8300,0.0057084042019061,33044.51066684925,33042.62446028614
100000,7,uniform,8400,0.0056806383004431,33044.5014922667,33042.62446028614
100000,7,uniform,8500,0.0056496437833576,33044.49125086482,33042.62446028614
100000,7,uniform,8600,0.0056375255370361,33044.4872466782,33042.62446028614
100000,7,uniform,8700,0.0056097044478103,33044.47805386016,33042.62446028614
100000,7,uniform,8800,0.0055941172058233,33044.47290342633,33042.62446028614
100000,7,uniform,8900,0.0055587127782776,33044.46120487429,33042.62446028614
100000,7,uniform,9000,0.0055404401701223,33044.455167125,33042.62446028614
100000,7,uniform,9100,0.0055231188948677,33044.44944372107,33042.62446028614
100000,7,uniform,9200,0.0054945645415243,33044.440008613325,33042.62446028614
100000,7,uniform,9300,0.0054737777042576,33044.43314009675,33042.62446028614
100000,7,uniform,9400,0.0054422269941481,33044.42271491409,33042.62446028614
100000,7,uniform,9500,0.0054111082924966,33044.41243247837,33042.62446028614
100000,7,uniform,9600,0.0053865334313677,33044.404312299295,33042.62446028614
100000,7,uniform,9700,0.0053577243701735,33044.394793029394,33042.62446028614
100000,7,uniform,9800,0.0053537679018494,33044.393485708424,33042.62446028614
100000,7,uniform,9900,0.0053548620909705,33044.393847257226,33042.62446028614
100000,7,uniform,10000,0.0053656096125956,33044.39739852044,33042.62446028614
100000,8,uniform,0,33.760004996663696,63504.58821066719,47476.51453231566
100000,8,uniform,100,3.773040263117841,49267.82254114493,47476.51453231566
100000,8,uniform,200,2.36114849013424,48597.5055383638,47476.51453231566
100000,8,uniform,300,0.587165495723095,47755.28024422138,47476.51453231566
100000,8,uniform,400,0.1489600946111196,47547.23559328106,47476.51453231566
100000,8,uniform,500,0.0970842458998688,47522.6067484289,47476.51453231566
100000,8,uniform,600,0.0838543667033138,47516.32566290954,47476.51453231566
100000,8,uniform,700,0.0665992183225048,47508.13351988096,47476.51453231566
100000,8,uniform,800,0.0635264974549057,47506.67469911171,47476.51453231566
100000,8,uniform,900,0.063918172428523,47506.86065273748,47476.51453231566
100000,8,uniform,1000,0.0617934318258484,47505.85189995648,47476.51453231566
100000,8,uniform,1100,0.0604445663462637,47505.21150564104,47476.51453231566
100000,8,uniform,1200,0.0591746540677146,47504.60859555357,47476.51453231566
100000,8,uniform,1300,0.0541248027369685,47502.211102152665,47476.51453231566
100000,8,uniform,1400,0.0523224807400727,47501.35542248789,47476.51453231566
100000,8,uniform,1500,0.0504329344055865,47500.4583317478,47476.51453231566
100000,8,uniform,1600,0.0420512436842554,47496.47899713444,47476.51453231566
100000,8,uniform,1700,0.0296704487364065,47490.601027221805,47476.51453231566
100000,8,uniform,1800,0.0285776711836334,47490.08221452816,47476.51453231566
100000,8,uniform,1900,0.0299979211285231,47490.75649969964,47476.51453231566
100000,8,uniform,2000,0.0301858479922556,47490.84572082441,47476.51453231566
100000,8,uniform,2100,0.040583221109772,47495.78203118352,47476.51453231566
100000,8,uniform,2200,0.052313575965848,47501.35119481146,47476.51453231566
100000,8,uniform,2300,0.046958033171039,47498.8085697582,47476.51453231566
100000,8,uniform,2400,0.0412263595042043,47496.08737087682,47476.51453231566
100000,8,uniform,2500,0.0344494588775915,47492.86993466599,47476.51453231566
100000,8,uniform,2600,0.0303906611798658,47490.94295898719,47476.51453231566
100000,8,uniform,2700,0.0270601833274034,47489.36176418557,47476.51453231566
100000,8,uniform,2800,0.0244819527154026,47488.137710154384,47476.51453231566
100000,8,uniform,2900,0.0241216511341444,47487.9666515218,47476.51453231566
100000,8,uniform,3000,0.0229323413157746,47487.402008673045,47476.51453231566
100000,8,uniform,3100,0.024216110011332,47488.01149730435,47476.51453231566
100000,8,uniform,3200,0.0265821736320957,47489.13482184311,47476.51453231566
100000,8,uniform,3300,0.0288981198486248,47490.23435238516,47476.51453231566
100000,8,uniform,3400,0.0309397363464198,47491.20364073843,47476.51453231566
100000,8,uniform,3500,0.0323207185261899,47491.8592829437,47476.51453231566
100000,8,uniform,3600,0.0332715424864748,47492.31070101938,47476.51453231566
100000,8,uniform,3700,0.0341119568555665,47492.70970046945,47476.51453231566
100000,8,uniform,3800,0.0346376558207299,47492.95928401504,47476.51453231566
100000,8,uniform,3900,0.0350282290234868,47493.14471455841,47476.51453231566
100000,8,uniform,4000,0.0352787179006625,47493.26363794658,47476.51453231566
100000,8,uniform,4100,0.0363665085243105,47493.7800830201,47476.51453231566
100000,8,uniform,4200,0.0376725337138152,47494.40013825899,47476.51453231566
100000,8,uniform,4300,0.0378120975603534,47494.46639830888,47476.51453231566
100000,8,uniform,4400,0.036025294491606,47493.61808649028,47476.51453231566
100000,8,uniform,4500,0.0329047422434853,47492.13655704871,47476.51453231566
100000,8,uniform,4600,0.029913477295556,47490.71640871101,47476.51453231566
100000,8,uniform,4700,0.0287662419075262,47490.17174133529,47476.51453231566
100000,8,uniform,4800,0.0281806198356796,47489.89370838725,47476.51453231566
100000,8,uniform,4900,0.0275371902676627,47489.58823045488,47476.51453231566
100000,8,uniform,5000,0.0267832785964955,47489.23029947076,47476.51453231566
100000,8,uniform,5100,0.0255788320698071,47488.65847024048,47476.51453231566
100000,8,uniform,5200,0.0248340509305429,47488.30487411466,47476.51453231566
100000,8,uniform,5300,0.024637499102169,47488.2115581573,47476.51453231566
100000,8,uniform,5400,0.0247765265615489,47488.27756354926,47476.51453231566
100000,8,uniform,5500,0.0251356428575449,47488.448059449714,47476.51453231566
100000,8,uniform,5600,0.0257771065174343,47488.75260403742,47476.51453231566
100000,8,uniform,5700,0.0266559431846641,47489.169845055454,47476.51453231566
100000,8,uniform,5800,0.0273022452054174,47489.47668672826,47476.51453231566
100000,8,uniform,5900,0.0285537811448988,47490.070872370445,47476.51453231566
100000,8,uniform,6000,0.0278329051911041,47489.72862559348,47476.51453231566
100000,8,uniform,6100,0.0268735181266719,47489.273142054415,47476.51453231566
100000,8,uniform,6200,0.0259084248286232,47488.81494939452,47476.51453231566
100000,8,uniform,6300,0.0263240353334853,47489.012266776255,47476.51453231566
100000,8,uniform,6400,0.0256923689819186,47488.71237360906,47476.51453231566
100000,8,uniform,6500,0.0249209863226447,47488.34614800873,47476.51453231566
100000,8,uniform,6600,0.0240825196303139,47487.948073247695,47476.51453231566
100000,8,uniform,6700,0.0231398473946333,47487.50052532673,47476.51453231566
100000,8,uniform,6800,0.0216930167309681,47486.81362055644,47476.51453231566
100000,8,uniform,6900,0.0203162960103691,47486.16000154345,47476.51453231566
100000,8,uniform,7000,0.0190827068532057,47485.57433640798,47476.51453231566
100000,8,uniform,7100,0.0179089017422245,47485.01705465389,47476.51453231566
100000,8,uniform,7200,0.0168253162635863,47484.50260603665,47476.51453231566
100000,8,uniform,7300,0.01578319191224,47484.00784171754,47476.51453231566
100000,8,uniform,7400,0.015701757039271,47483.96917927824,47476.51453231566
100000,8,uniform,7500,0.0156048527260522,47483.92317248789,47476.51453231566
100000,8,uniform,7600,0.0179520574938317,47485.03754350057,47476.51453231566
100000,8,uniform,7700,0.0180814568776205,47485.09897781782,47476.51453231566
100000,8,uniform,7800,0.0179428241880876,47485.03315984883,47476.51453231566
100000,8,uniform,7900,0.0172406322904507,47484.6997836105,47476.51453231566
100000,8,uniform,8000,0.0165201916856495,47484.35774352207,47476.51453231566
100000,8,uniform,8100,0.0158859924872019,47484.05664784745,47476.51453231566
100000,8,uniform,8200,0.0154582049025926,47483.85354921268,47476.51453231566
100000,8,uniform,8300,0.0145039094041414,47483.40048297167,47476.51453231566
100000,8,uniform,8400,0.013528714039199,47482.93749420252,47476.51453231566
100000,8,uniform,8500,0.0125022402869397,47482.45016024236,47476.51453231566
100000,8,uniform,8600,0.0112506580289867,47481.855952609774,47476.51453231566
100000,8,uniform,8700,0.0102785835600716,47481.39444553328,47476.51453231566
100000,8,uniform,8800,0.0109623888081831,47481.71909243127,47476.51453231566
100000,8,uniform,8900,0.0116682009380381,47482.05418742967,47476.51453231566
100000,8,uniform,9000,0.012349913465659,47482.37784077691,47476.51453231566
100000,8,uniform,9100,0.0128254985594257,47482.60363200307,47476.51453231566
100000,8,uniform,9200,0.0127967606582431,47482.58998824924,47476.51453231566
100000,8,uniform,9300,0.0121967152327649,47482.30510759561,47476.51453231566
100000,8,uniform,9400,0.0112924413243161,47481.87578986205,47476.51453231566
100000,8,uniform,9500,0.010416741012287,47481.46003787615,47476.51453231566
100000,8,uniform,9600,0.0095344483661546,47481.0411560798,47476.51453231566
100000,8,uniform,9700,0.0087041265659587,47480.64694822966,47476.51453231566
100000,8,uniform,9800,0.0093563537434224,47480.95660296035,47476.51453231566
100000,8,uniform,9900,0.0094255115688041,47480.98943668537,47476.51453231566
100000,8,uniform,10000,0.0090894552614673,47480.82988886378,47476.51453231566
100000,9,uniform,0,41.169837488340015,66799.07372524441,47318.23377692966
100000,9,uniform,100,4.310928079137094,49358.08880337105,47318.23377692966
100000,9,uniform,200,2.0360271789538387,48281.64587722886,47318.23377692966
100000,9,uniform,300,0.4142784069682715,47514.26300202624,47318.23377692966
100000,9,uniform,400,0.0164155844090386,47326.001341536175,47318.23377692966
100000,9,uniform,500,0.0376207624229734,47336.03525724162,47318.23377692966
100000,9,uniform,600,0.0173244431967161,47326.43139746203,47318.23377692966
100000,9,uniform,700,0.0050167658562891,47320.60762192558,47318.23377692966
100000,9,uniform,800,0.0017242950119625,47319.04968287442,47318.23377692966
100000,9,uniform,900,0.0049306370567019,47320.56686729884,47318.23377692966
100000,9,uniform,1000,0.0064863163209844,47321.30298724993,47318.23377692966
100000,9,uniform,1100,0.0062774217516639,47321.20414202927,47318.23377692966
100000,9,uniform,1200,0.0060181111221639,47321.0814408194,47318.23377692966
100000,9,uniform,1300,0.0058673558865025,47321.01010610456,47318.23377692966
100000,9,uniform,1400,0.0057736381834158,47320.96576054272,47318.23377692966
100000,9,uniform,1500,0.005663608349023,47320.91369636846,47318.23377692966
100000,9,uniform,1600,0.0054627013310548,47320.81863071602,47318.23377692966
100000,9,uniform,1700,0.0048519436870729,47320.52963098623,47318.23377692966
100000,9,uniform,1800,0.0040707423474415,47320.15998031008,47318.23377692966
100000,9,uniform,1900,0.0032910681848652,47319.79105226713,47318.23377692966
100000,9,uniform,2000,0.0025948295471187,47319.46160444088,47318.23377692966
100000,9,uniform,2100,0.0019394926187487,47319.15151058108,47318.23377692966
100000,9,uniform,2200,0.0013407435519118,47318.8681930979,47318.23377692966
100000,9,uniform,2300,0.0007236493133471,47318.57619500347,47318.23377692966
100000,9,uniform,2400,0.0001624439552909,47318.31064254018,47318.23377692966
100000,9,uniform,2500,0.0005501559118863,47318.49410099018,47318.23377692966
100000,9,uniform,2600,0.0008986394011413,47318.6589972223,47318.23377692966
100000,9,uniform,2700,0.0013124364940481,47318.854798698085,47318.23377692966
100000,9,uniform,2800,0.0017812620685987,47319.07663867946,47318.23377692966
100000,9,uniform,2900,0.0010521069337173,47318.73161534814,47318.23377692966
100000,9,uniform,3000,0.0006445424310766,47318.53876302399,47318.23377692966
100000,9,uniform,3100,0.002586481320312,47319.4576542074,47318.23377692966
100000,9,uniform,3200,0.0043988370258088,47320.315228917,47318.23377692966
100000,9,uniform,3300,0.0060772853351888,47321.10944101185,47318.23377692966
100000,9,uniform,3400,0.0074676627161369,47321.76734303135,47318.23377692966
100000,9,uniform,3500,0.0084902462024591,47322.25121147597,47318.23377692966
100000,9,uniform,3600,0.0095185588041659,47322.73779083681,47318.23377692966
100000,9,uniform,3700,0.0104986156768408,47323.201536438966,47318.23377692966
100000,9,uniform,3800,0.0114514501640133,47323.65240088912,47318.23377692966
100000,9,uniform,3900,0.0123643397271078,47324.084364106704,47318.23377692966
100000,9,uniform,4000,0.0132559024633355,47324.5062358465,47318.23377692966
100000,9,uniform,4100,0.0139529286561891,47324.83605632992,47318.23377692966
100000,9,uniform,4200,0.0145668799866894,47325.12656725576,47318.23377692966
100000,9,uniform,4300,0.0151633954289927,47325.40882782727,47318.23377692966
100000,9,uniform,4400,0.0157715222749628,47325.69658270991,47318.23377692966
100000,9,uniform,4500,0.0155951279362551,47325.613116024346,47318.23377692966
100000,9,uniform,4600,0.0151044622159346,47325.38094167174,47318.23377692966
100000,9,uniform,4700,0.014673351749401,47325.17694781335,47318.23377692966
100000,9,uniform,4800,0.0143097291261821,47325.00488801043,47318.23377692966
100000,9,uniform,4900,0.0140415066308654,47324.87796986305,47318.23377692966
100000,9,uniform,5000,0.0136346391635039,47324.685447363685,47318.23377692966
100000,9,uniform,5100,0.0133536313772859,47324.55247944247,47318.23377692966
100000,9,uniform,5200,0.0131352888876127,47324.44916363277,47318.23377692966
100000,9,uniform,5300,0.0129443578513678,47324.35881843869,47318.23377692966
100000,9,uniform,5400,0.0126676747705342,47324.22789689168,47318.23377692966
100000,9,uniform,5500,0.0124218227094192,47324.111564038656,47318.23377692966
100000,9,uniform,5600,0.012251009431285,47324.03073821239,47318.23377692966
100000,9,uniform,5700,0.0122005606241993,47324.00686672791,47318.23377692966
100000,9,uniform,5800,0.0121364061889636,47323.97650998227,47318.23377692966
100000,9,uniform,5900,0.0121068140995565,47323.962507528224,47318.23377692966
100000,9,uniform,6000,0.0119395664112688,47323.88336887609,47318.23377692966
100000,9,uniform,6100,0.0109213918143654,47323.40158664007,47318.23377692966
100000,9,uniform,6200,0.010185936139401,47323.05358200447,47318.23377692966
100000,9,uniform,6300,0.0104159709502528,47323.16243041404,47318.23377692966
100000,9,uniform,6400,0.0107048318837068,47323.29911430582,47318.23377692966
100000,9,uniform,6500,0.0110476846059479,47323.46134615844,47318.23377692966
100000,9,uniform,6600,0.0113960869845296,47323.62620401042,47318.23377692966
100000,9,uniform,6700,0.011648223763727,47323.74551068104,47318.23377692966
100000,9,uniform,6800,0.0119307022312166,47323.879174502654,47318.23377692966
100000,9,uniform,6900,0.0122094966896749,47324.01109511626,47318.23377692966
100000,9,uniform,7000,0.0113185743385769,47323.5895263954,47318.23377692966
100000,9,uniform,7100,0.0105064290522573,47323.20523359021,47318.23377692966
100000,9,uniform,7200,0.0096384769530682,47322.794533986846,47318.23377692966
100000,9,uniform,7300,0.0091900346739712,47322.58233902087,47318.23377692966
100000,9,uniform,7400,0.0095798684286372,47322.76680146824,47318.23377692966
100000,9,uniform,7500,0.0099935199864425,47322.96253407939,47318.23377692966
100000,9,uniform,7600,0.0103642900312296,47323.13797591595,47318.23377692966
100000,9,uniform,7700,0.0103362582846898,47323.124711788594,47318.23377692966
100000,9,uniform,7800,0.0100457379739378,47322.98724270878,47318.23377692966
100000,9,uniform,7900,0.0097957874023701,47322.868970513,47318.23377692966
100000,9,uniform,8000,0.009487743888194,47322.72320976283,47318.23377692966
100000,9,uniform,8100,0.0092308601312334,47322.601656906176,47318.23377692966
100000,9,uniform,8200,0.0090451614427082,47322.51378756662,47318.23377692966
100000,9,uniform,8300,0.0087843671499412,47322.39038431349,47318.23377692966
100000,9,uniform,8400,0.0085706187261679,47322.28924233464,47318.23377692966
100000,9,uniform,8500,0.0083941322878818,47322.20573206918,47318.23377692966
100000,9,uniform,8600,0.0079254668619672,47321.98396786732,47318.23377692966
100000,9,uniform,8700,0.0074546584514387,47321.76118964298,47318.23377692966
100000,9,uniform,8800,0.0069914840590913,47321.542023701215,47318.23377692966
100000,9,uniform,8900,0.0066075316091708,47321.36034418337,47318.23377692966
100000,9,uniform,9000,0.0062956260778751,47321.21275599491,47318.23377692966
100000,9,uniform,9100,0.0067774715931847,47321.440756782285,47318.23377692966
100000,9,uniform,9200,0.0076937591619429,47321.87432787614,47318.23377692966
100000,9,uniform,9300,0.0085923737371653,47322.2995364216,47318.23377692966
100000,9,uniform,9400,0.009419509873864,47322.69092263241,47318.23377692966
100000,9,uniform,9500,0.0102262904168761,47323.07267693582,47318.23377692966
100000,9,uniform,9600,0.0110255810764114,47323.45088715866,47318.23377692966
100000,9,uniform,9700,0.0115820224835159,47323.7141854045,47318.23377692966
100000,9,uniform,9800,0.0115619827455417,47323.70470295444,47318.23377692966
100000,9,uniform,9900,0.0115864316037842,47323.71627172234,47318.23377692966
100000,9,uniform,10000,0.0116271796485489,47323.73555297742,47318.23377692966
100000,10,uniform,0,37.516790949570186,41388.63872933872,30097.152822971744
100000,10,uniform,100,6.024492678190653,31910.35359113553,30097.152822971744
100000,10,uniform,200,3.585206913307981,31176.198026689795,30097.152822971744
100000,10,uniform,300,1.315167237718341,30492.98071638549,30097.152822971744
100000,10,uniform,400,0.6098863684775869,30280.71125533892,30097.152822971744
100000,10,uniform,500,0.5281086037850585,30256.0984765242,30097.152822971744
100000,10,uniform,600,0.5119095186042851,30251.22301310141,30097.152822971744
100000,10,uniform,700,0.4978090017189748,30246.97915898561,30097.152822971744
100000,10,uniform,800,0.4908241906874099,30244.876929735048,30097.152822971744
100000,10,uniform,900,0.478982030303377,30241.312776626724,30097.152822971744
100000,10,uniform,1000,0.4729949563999436,30239.510837844384,30097.152822971744
100000,10,uniform,1100,0.4710119654857383,30238.91401403847,30097.152822971744
100000,10,uniform,1200,0.4691152087802362,30238.34314427413,30097.152822971744
100000,10,uniform,1300,0.4673538101852354,30237.813013447176,30097.152822971744
100000,10,uniform,1400,0.4666984148548879,30237.615758113006,30097.152822971744
100000,10,uniform,1500,0.4649093827323655,30237.07731038104,30097.152822971744
100000,10,uniform,1600,0.4637235477893494,30236.72040782601,30097.152822971744
100000,10,uniform,1700,0.4632092610736775,30236.565622167247,30097.152822971744
100000,10,uniform,1800,0.4626341597163999,30236.39253303286,30097.152822971744
100000,10,uniform,1900,0.4618911603749489,30236.16891138559,30097.152822971744
100000,10,uniform,2000,0.4603852937941574,30235.71568841946,30097.152822971744
100000,10,uniform,2100,0.4589536617702574,30235.284807941363,30097.152822971744
100000,10,uniform,2200,0.4577208590767109,30234.91376943068,30097.152822971744
100000,10,uniform,2300,0.4563514558734662,30234.50161805584,30097.152822971744
100000,10,uniform,2400,0.4550942441369344,30234.123233118185,30097.152822971744
100000,10,uniform,2500,0.4539029816008665,30233.764697012182,30097.152822971744
100000,10,uniform,2600,0.4528737750422083,30233.45493514136,30097.152822971744
100000,10,uniform,2700,0.4517603138327122,30233.119815019512,30097.152822971744
100000,10,uniform,2800,0.4507405082731415,30232.81288258175,30097.152822971744
100000,10,uniform,2900,0.4497433527187144,30232.512767150653,30097.152822971744
100000,10,uniform,3000,0.4487292140502205,30232.20754028576,30097.152822971744
100000,10,uniform,3100,0.4477332859706862,30231.90779428965,30097.152822971744
100000,10,uniform,3200,0.4467758826712548,30231.619643155493,30097.152822971744
100000,10,uniform,3300,0.4458284186462394,30231.33448345994,30097.152822971744
100000,10,uniform,3400,0.4449175584758217,30231.060340482447,30097.152822971744
100000,10,uniform,3500,0.4440583624285079,30230.80174693504,30097.152822971744
100000,10,uniform,3600,0.4431783041130684,30230.53687443891,30097.152822971744
100000,10,uniform,3700,0.4423420902782623,30230.28519788312,30097.152822971744
100000,10,uniform,3800,0.441501563631616,30230.03222329376,30097.152822971744
100000,10,uniform,3900,0.4406866421644854,30229.78695513441,30097.152822971744
100000,10,uniform,4000,0.4399210501258531,30229.556533728544,30097.152822971744
100000,10,uniform,4100,0.4391349840694817,30229.31995022627,30097.152822971744
100000,10,uniform,4200,0.4383763784497137,30229.091631533563,30097.152822971744
100000,10,uniform,4300,0.437612375817204,30228.86168849369,30097.152822971744
100000,10,uniform,4400,0.4365508894821393,30228.542211329222,30097.152822971744
100000,10,uniform,4500,0.4355865520887055,30228.251973230195,30097.152822971744
100000,10,uniform,4600,0.4346146870295361,30227.959469518104,30097.152822971744
100000,10,uniform,4700,0.4336665031482053,30227.674093166297,30097.152822971744
100000,10,uniform,4800,0.4327740965009194,30227.40550417386,30097.152822971744
100000,10,uniform,4900,0.4318702641811616,30227.13347637932,30097.152822971744
100000,10,uniform,5000,0.4310160738350317,30226.876389405446,30097.152822971744
100000,10,uniform,5100,0.4301486554878391,30226.61532117988,30097.152822971744
100000,10,uniform,5200,0.4292996007531909,30226.35977987884,30097.152822971744
100000,10,uniform,5300,0.4285034078844181,30226.12014849436,30097.152822971744
100000,10,uniform,5400,0.4277060391591996,30225.880163210568,30097.152822971744
100000,10,uniform,5500,0.4269214986535906,30225.64403885564,30097.152822971744
100000,10,uniform,5600,0.4261546979962726,30225.41325368996,30097.152822971744
100000,10,uniform,5700,0.4254247197454244,30225.193551020224,30097.152822971744
100000,10,uniform,5800,0.424690024410106,30224.97242864237,30097.152822971744
100000,10,uniform,5900,0.4239815366965578,30224.75919401249,30097.152822971744
100000,10,uniform,6000,0.42327069680706,30224.545251444622,30097.152822971744
100000,10,uniform,6100,0.4225867485674983,30224.33940249773,30097.152822971744
100000,10,uniform,6200,0.4220321993494864,30224.172498972108,30097.152822971744
100000,10,uniform,6300,0.4216333330544474,30224.05245157373,30097.152822971744
100000,10,uniform,6400,0.4212425271664744,30223.934830128383,30097.152822971744
100000,10,uniform,6500,0.420869850639411,30223.8226651045,30097.152822971744
100000,10,uniform,6600,0.4204564246410525,30223.698235649965,30097.152822971744
100000,10,uniform,6700,0.4200537167082016,30223.577032027984,30097.152822971744
100000,10,uniform,6800,0.4196652876137361,30223.46012592981,30097.152822971744
100000,10,uniform,6900,0.4192687375935494,30223.34077566422,30097.152822971744
100000,10,uniform,7000,0.4188590852125848,30223.21748196108,30097.152822971744
100000,10,uniform,7100,0.4181820390100037,30223.013710330804,30097.152822971744
100000,10,uniform,7200,0.4174372940379069,30222.78956329841,30097.152822971744
100000,10,uniform,7300,0.416880500881382,30222.621984411184,30097.152822971744
100000,10,uniform,7400,0.4164581183871469,30222.4948593064,30097.152822971744
100000,10,uniform,7500,0.416027295871037,30222.365193995327,30097.152822971744
100000,10,uniform,7600,0.4155970294715516,30222.235696059528,30097.152822971744
100000,10,uniform,7700,0.4151589111597139,30222.10383492167,30097.152822971744
100000,10,uniform,7800,0.4147297572500943,30221.974671813645,30097.152822971744
100000,10,uniform,7900,0.4142848242624387,30221.84075965239,30097.152822971744
100000,10,uniform,8000,0.4138701263086947,30221.7159473755,30097.152822971744
100000,10,uniform,8100,0.4134473075386814,30221.588690964123,30097.152822971744
100000,10,uniform,8200,0.4130319980767677,30221.463694640683,30097.152822971744
100000,10,uniform,8300,0.4126087829255378,30221.336318929847,30097.152822971744
100000,10,uniform,8400,0.4121980216305503,30221.21269147516,30097.152822971744
100000,10,uniform,8500,0.4117794110690207,30221.08670161472,30097.152822971744
100000,10,uniform,8600,0.4113674994175657,30220.962727935486,30097.152822971744
100000,10,uniform,8700,0.4109877913142722,30220.84844660736,30097.152822971744
100000,10,uniform,8800,0.4106197630456326,30220.73768057692,30097.152822971744
100000,10,uniform,8900,0.4102445056682318,30220.62473879056,30097.152822971744
100000,10,uniform,9000,0.4098718476226886,30220.512579329083,30097.152822971744
100000,10,uniform,9100,0.409501610324713,30220.401148443703,30097.152822971744
100000,10,uniform,9200,0.4091308587737203,30220.289562782807,30097.152822971744
100000,10,uniform,9300,0.4087578155332566,30220.17728738863,30097.152822971744
100000,10,uniform,9400,0.4083914328809557,30220.06701664185,30097.152822971744
100000,10,uniform,9500,0.4080243589611932,30219.956537843245,30097.152822971744
100000,10,uniform,9600,0.4076506078367328,30219.84404939614,30097.152822971744
100000,10,uniform,9700,0.4072949421176474,30219.737004141127,30097.152822971744
100000,10,uniform,9800,0.4069265626355521,30219.626132405432,30097.152822971744
100000,10,uniform,9900,0.4065615972032135,30219.51628820151,30097.152822971744
100000,10,uniform,10000,0.4061942222917497,30219.405718812974,30097.152822971744
100000,11,uniform,0,52.56664018333227,43634.52752164511,28600.307032527897
100000,11,uniform,100,6.42711087641295,30438.480476502995,28600.307032527897
100000,11,uniform,200,3.3231042770729755,29550.725058781834,28600.307032527897
100000,11,uniform,300,0.8889320103245726,28854.544316791147,28600.307032527897
100000,11,uniform,400,0.2245567794567456,28664.530960914883,28600.307032527897
100000,11,uniform,500,0.0732682098101922,28621.26196549085,28600.307032527897
100000,11,uniform,600,0.0320367172223423,28609.46963201663,28600.307032527897
100000,11,uniform,700,0.0150537410433395,28604.612448686174,28600.307032527897
100000,11,uniform,800,0.0084322426323407,28602.71867981048,28600.307032527897
100000,11,uniform,900,0.0068499986106961,28602.26615316228,28600.307032527897
100000,11,uniform,1000,0.0060841883343363,28602.047129071954,28600.307032527897
100000,11,uniform,1100,0.0054197543759485,28601.857098919827,28600.307032527897
100000,11,uniform,1200,0.0049411339065944,28601.72021199607,28600.307032527897
100000,11,uniform,1300,0.0043099766926745,28601.539699095032,28600.307032527897
100000,11,uniform,1400,0.003779971245277,28601.388115909787,28600.307032527897
100000,11,uniform,1500,0.0080086139034606,28602.597520693336,28600.307032527897
100000,11,uniform,1600,0.0149236461648732,28604.5752411515,28600.307032527897
100000,11,uniform,1700,0.0215777427927164,28606.478333217303,28600.307032527897
100000,11,uniform,1800,0.0168775554677659,28605.134065211263,28600.307032527897
100000,11,uniform,1900,0.0066385946356759,28602.205690976345,28600.307032527897
100000,11,uniform,2000,0.0032062426718757,28601.22402777626,28600.307032527897
100000,11,uniform,2100,0.0041261957318377,28601.487137175965,28600.307032527897
100000,11,uniform,2200,0.0049214953425997,28601.714595306472,28600.307032527897
100000,11,uniform,2300,0.0056087128410401,28601.911141621007,28600.307032527897
100000,11,uniform,2400,0.0061641114992165,28602.0699873425,28600.307032527897
100000,11,uniform,2500,0.0066327712097103,28602.20402545864,28600.307032527897
100000,11,uniform,2600,0.006961283972574,28602.29798111746,28600.307032527897
100000,11,uniform,2700,0.0072308200603387,28602.375069266123,28600.307032527897
100000,11,uniform,2800,0.0074310658753921,28602.43234018405,28600.307032527897
100000,11,uniform,2900,0.0077193894625015,28602.51480161521,28600.307032527897
100000,11,uniform,3000,0.0080045438019694,28602.596356631813,28600.307032527897
100000,11,uniform,3100,0.0080436278879138,28602.607534800394,28600.307032527897
100000,11,uniform,3200,0.0080269304310799,28602.60275927648,28600.307032527897
100000,11,uniform,3300,0.0079902760758821,28602.592276018346,28600.307032527897
100000,11,uniform,3400,0.0079599681621563,28602.583607861965,28600.307032527897
100000,11,uniform,3500,0.0078377827436655,28602.548662457128,28600.307032527897
100000,11,uniform,3600,0.0073720408955257,28602.41545885858,28600.307032527897
100000,11,uniform,3700,0.0069319682317527,28602.28959672557,28600.307032527897
100000,11,uniform,3800,0.006717196343847,28602.22817130621,28600.307032527897
100000,11,uniform,3900,0.007301892818461,28602.395396293163,28600.307032527897
100000,11,uniform,4000,0.0076319730640764,28602.489800256863,28600.307032527897
100000,11,uniform,4100,0.0073844396473772,28602.41900493968,28600.307032527897
100000,11,uniform,4200,0.0067629028733189,28602.241243513978,28600.307032527897
100000,11,uniform,4300,0.0069063394687252,28602.28226682066,28600.307032527897
100000,11,uniform,4400,0.0069432516930367,28602.292823830147,28600.307032527897
100000,11,uniform,4500,0.0069525744291711,28602.295490161305,28600.307032527897
100000,11,uniform,4600,0.0069518849402951,28602.29529296537,28600.307032527897
100000,11,uniform,4700,0.0069458735395657,28602.293573686304,28600.307032527897
100000,11,uniform,4800,0.0069427798330944,28602.292688876754,28600.307032527897
100000,11,uniform,4900,0.0069591590338131,28602.29737337845,28600.307032527897
100000,11,uniform,5000,0.0069263678738604,28602.287995006023,28600.307032527897
100000,11,uniform,5100,0.0070392696064854,28602.3202852482,28600.307032527897
100000,11,uniform,5200,0.0071213403031188,28602.34375771942,28600.307032527897
100000,11,uniform,5300,0.0072083652421689,28602.368647119183,28600.307032527897
100000,11,uniform,5400,0.0072595036319172,28602.383272855663,28600.307032527897
100000,11,uniform,5500,0.0073272026506499,28602.40263498288,28600.307032527897
100000,11,uniform,5600,0.0073907472080119,28602.420808921383,28600.307032527897
100000,11,uniform,5700,0.0074590706197385,28602.440349626915,28600.307032527897
100000,11,uniform,5800,0.0075099276922232,28602.4548949058,28600.307032527897
100000,11,uniform,5900,0.0075415929593926,28602.463951269427,28600.307032527897
100000,11,uniform,6000,0.0075113769963494,28602.455309411223,28600.307032527897
100000,11,uniform,6100,0.0074383065139836,28602.43441102892,28600.307032527897
100000,11,uniform,6200,0.007387532536902,28602.41988951558,28600.307032527897
100000,11,uniform,6300,0.0073667120629497,28602.413934796103,28600.307032527897
100000,11,uniform,6400,0.0073052076868778,28602.396344355708,28600.307032527897
100000,11,uniform,6500,0.0072534946493365,28602.381554268195,28600.307032527897
100000,11,uniform,6600,0.0073324854529594,28602.40414588056,28600.307032527897
100000,11,uniform,6700,0.0073378483157651,28602.405679675787,28600.307032527897
100000,11,uniform,6800,0.0070155229142386,28602.313493621303,28600.307032527897
100000,11,uniform,6900,0.0066933027511604,28602.221337665345,28600.307032527897
100000,11,uniform,7000,0.0063985553802853,28602.137039012305,28600.307032527897
100000,11,uniform,7100,0.0060843852470729,28602.0471853896,28600.307032527897
100000,11,uniform,7200,0.0057907464425551,28601.963203789943,28600.307032527897
100000,11,uniform,7300,0.0055153328899264,28601.88443466828,28600.307032527897
100000,11,uniform,7400,0.005247486968364,28601.80782991234,28600.307032527897
100000,11,uniform,7500,0.004996402252246,28601.73601891262,28600.307032527897
100000,11,uniform,7600,0.0046755200430307,28601.64424561557,28600.307032527897
100000,11,uniform,7700,0.0040955686190834,28601.478377727683,28600.307032527897
100000,11,uniform,7800,0.0030261443704964,28601.172519109103,28600.307032527897
100000,11,uniform,7900,0.0026463819003879,28601.06390587666,28600.307032527897
100000,11,uniform,8000,0.0027830883424997,28601.10300433884,28600.307032527897
100000,11,uniform,8100,0.001312330844723,28600.68236317877,28600.307032527897
100000,11,uniform,8200,0.0005156296620593,28600.4545041944,28600.307032527897
100000,11,uniform,8300,0.0007008134602793,28600.507467329266,28600.307032527897
100000,11,uniform,8400,0.000786809358246,28600.53206242012,28600.307032527897
100000,11,uniform,8500,0.0008628812980766,28600.55381922848,28600.307032527897
100000,11,uniform,8600,0.0009422131675063,28600.576508386705,28600.307032527897
100000,11,uniform,8700,0.0008971019083411,28600.56360642808,28600.307032527897
100000,11,uniform,8800,0.0008409084955904,28600.5475349395,28600.307032527897
100000,11,uniform,8900,0.000790956041002,28600.53324838412,28600.307032527897
100000,11,uniform,9000,0.0007501939238011,28600.521590293443,28600.307032527897
100000,11,uniform,9100,0.0006939613416202,28600.505507602287,28600.307032527897
100000,11,uniform,9200,0.0006538669030832,28600.494040469763,28600.307032527897
100000,11,uniform,9300,0.0006026200171624,28600.479383703045,28600.307032527897
100000,11,uniform,9400,0.0005617997760002,28600.46770898874,28600.307032527897
100000,11,uniform,9500,0.0005144689558208,28600.45417222885,28600.307032527897
100000,11,uniform,9600,0.0004671077086512,28600.440626766744,28600.307032527897
100000,11,uniform,9700,0.000427872164272,28600.429405280585,28600.307032527897
100000,11,uniform,9800,0.0003802772432135,28600.41579298703,28600.307032527897
100000,11,uniform,9900,0.0003448932042851,28600.405673043257,28600.307032527897
100000,11,uniform,10000,0.0003033870427479,28600.39380215362,28600.307032527897
100000,12,uniform,0,49.02306413989184,64425.24047129998,43231.72446033073
100000,12,uniform,100,5.827416818536418,45751.01724247537,43231.72446033073
100000,12,uniform,200,2.88202701445864,44477.67443809379,43231.72446033073
100000,12,uniform,300,0.726754822877208,43545.91310285917,43231.72446033073
100000,12,uniform,400,0.1374706308142912,43291.15538465825,43231.72446033073
100000,12,uniform,500,0.0550164049027315,43255.50900090626,43231.72446033073
100000,12,uniform,600,0.0480125736543035,43252.48112387928,43231.72446033073
100000,12,uniform,700,0.0448003158294718,43251.09240942749,43231.72446033073
100000,12,uniform,800,0.0179460418183546,43239.48284368118,43231.72446033073
100000,12,uniform,900,0.0291704691582688,43244.33535718102,43231.72446033073
100000,12,uniform,1000,0.0352825073044991,43246.97769667131,43231.72446033073
100000,12,uniform,1100,0.0218448163823742,43241.16835115803,43231.72446033073
100000,12,uniform,1200,0.0091606514138749,43235.68476790875,43231.72446033073
100000,12,uniform,1300,0.0255829263489254,43242.78440055879,43231.72446033073
100000,12,uniform,1400,0.0311175583699837,43245.17711742403,43231.72446033073
100000,12,uniform,1500,0.0227534793892382,43241.56118184543,43231.72446033073
100000,12,uniform,1600,0.0189611242038825,43239.92168130114,43231.72446033073
100000,12,uniform,1700,0.0321872786074148,43245.63957592957,43231.72446033073
100000,12,uniform,1800,0.0342169985937145,43246.51705888136,43231.72446033073
100000,12,uniform,1900,0.0489162030634774,43252.87177845559,43231.72446033073
100000,12,uniform,2000,0.0465403859629814,43251.844671753024,43231.72446033073
100000,12,uniform,2100,0.0439431239153056,43250.72183058106,43231.72446033073
100000,12,uniform,2200,0.0344325789419059,43246.61025798349,43231.72446033073
100000,12,uniform,2300,0.0431414186958831,43250.375239589615,43231.72446033073
100000,12,uniform,2400,0.0424546906565207,43250.07835521585,43231.72446033073
100000,12,uniform,2500,0.0424418436713232,43250.07280124261,43231.72446033073
100000,12,uniform,2600,0.0416504407667585,43249.73066411953,43231.72446033073
100000,12,uniform,2700,0.0404203669066908,43249.19888197769,43231.72446033073
100000,12,uniform,2800,0.0542893083512477,43255.19466452856,43231.72446033073
100000,12,uniform,2900,0.0663185216138927,43260.39510086102,43231.72446033073
100000,12,uniform,3000,0.0680616819547889,43261.148699136495,43231.72446033073
100000,12,uniform,3100,0.0663907816707335,43260.426340129685,43231.72446033073
100000,12,uniform,3200,0.0767467094576236,43264.903386295824,43231.72446033073
100000,12,uniform,3300,0.0826783237215688,43267.46772543046,43231.72446033073
100000,12,uniform,3400,0.0762999770381196,43264.71025616715,43231.72446033073
100000,12,uniform,3500,0.0732038772762231,43263.37175884907,43231.72446033073
100000,12,uniform,3600,0.0781564082275358,43265.51282338375,43231.72446033073
100000,12,uniform,3700,0.0749189688265114,43264.11322250233,43231.72446033073
100000,12,uniform,3800,0.0657392495634222,43260.14467156428,43231.72446033073
100000,12,uniform,3900,0.0572192378634966,43256.46132358218,43231.72446033073
100000,12,uniform,4000,0.0575871779836911,43256.62039044112,43231.72446033073
100000,12,uniform,4100,0.0588432198155351,43257.16339898497,43231.72446033073
100000,12,uniform,4200,0.063400190674968,43259.13345607066,43231.72446033073
100000,12,uniform,4300,0.0643163762603923,43259.529538898496,43231.72446033073
100000,12,uniform,4400,0.0627330493703379,43258.84503938008,43231.72446033073
100000,12,uniform,4500,0.0586455327587168,43257.07793546128,43231.72446033073
100000,12,uniform,4600,0.0550320415015804,43255.51576087759,43231.72446033073
100000,12,uniform,4700,0.0503029822588209,43253.4713070162,43231.72446033073
100000,12,uniform,4800,0.0472074509359477,43252.13305544411,43231.72446033073
100000,12,uniform,4900,0.0570932089248861,43256.4068390987,43231.72446033073
100000,12,uniform,5000,0.0560561678490031,43255.95850835824,43231.72446033073
100000,12,uniform,5100,0.0574739737998745,43256.5714503203,43231.72446033073
100000,12,uniform,5200,0.0641252040948468,43259.44689187464,43231.72446033073
100000,12,uniform,5300,0.0683850260506503,43261.28848636508,43231.72446033073
100000,12,uniform,5400,0.0671503895773386,43260.75473172685,43231.72446033073
100000,12,uniform,5500,0.0644424317877718,43259.58403487676,43231.72446033073
100000,12,uniform,5600,0.0585263210252383,43257.02639817313,43231.72446033073
100000,12,uniform,5700,0.0554514284526045,43255.69706908868,43231.72446033073
100000,12,uniform,5800,0.0546764985307167,43255.36205352009,43231.72446033073
100000,12,uniform,5900,0.0535963648136018,43254.8950930877,43231.72446033073
100000,12,uniform,6000,0.0555710664481479,43255.748790657264,43231.72446033073
100000,12,uniform,6100,0.0603617172220602,43257.8198715997,43231.72446033073
100000,12,uniform,6200,0.0590725021493891,43257.26252169178,43231.72446033073
100000,12,uniform,6300,0.0549104647666908,43255.46320115856,43231.72446033073
100000,12,uniform,6400,0.0489411348100486,43252.88255687957,43231.72446033073
100000,12,uniform,6500,0.0440591740898718,43250.772001072764,43231.72446033073
100000,12,uniform,6600,0.0401106552251905,43249.06498827692,43231.72446033073
100000,12,uniform,6700,0.0371472937676935,43247.78387601685,43231.72446033073
100000,12,uniform,6800,0.0346565052536634,43246.70706518958,43231.72446033073
100000,12,uniform,6900,0.0366861542885232,43247.58451746784,43231.72446033073
100000,12,uniform,7000,0.0408051689972032,43249.36523855718,43231.72446033073
100000,12,uniform,7100,0.0446426892440584,43251.02426473641,43231.72446033073
100000,12,uniform,7200,0.0470940284303738,43252.08402093902,43231.72446033073
100000,12,uniform,7300,0.048058452806282,43252.50095822784,43231.72446033073
100000,12,uniform,7400,0.0471638942715165,43252.11422514696,43231.72446033073
100000,12,uniform,7500,0.0459906496179765,43251.60701125109,43231.72446033073
100000,12,uniform,7600,0.0451380124726127,43251.23840150976,43231.72446033073
100000,12,uniform,7700,0.0441387920547042,43250.80642129194,43231.72446033073
100000,12,uniform,7800,0.0431447669346199,43250.37668709096,43231.72446033073
100000,12,uniform,7900,0.0459199810759965,43251.576460021744,43231.72446033073
100000,12,uniform,8000,0.0456526646755814,43251.46089453208,43231.72446033073
100000,12,uniform,8100,0.0466893435953841,43251.90906870623,43231.72446033073
100000,12,uniform,8200,0.0513045801789588,43253.90431506923,43231.72446033073
100000,12,uniform,8300,0.0558654553066705,43255.87606003742,43231.72446033073
100000,12,uniform,8400,0.0547295561955004,43255.384991263534,43231.72446033073
100000,12,uniform,8500,0.0521219626223151,43254.25768359493,43231.72446033073
100000,12,uniform,8600,0.0491810283481028,43252.98626699294,43231.72446033073
100000,12,uniform,8700,0.0467820552615952,43251.94914955831,43231.72446033073
100000,12,uniform,8800,0.0450569268666854,43251.20334680403,43231.72446033073
100000,12,uniform,8900,0.0477410329861059,43252.3637321658,43231.72446033073
100000,12,uniform,9000,0.0507478737900571,43253.66364129713,43231.72446033073
100000,12,uniform,9100,0.0514985926424608,43253.98819000287,43231.72446033073
100000,12,uniform,9200,0.0526481984771449,43254.4851844297,43231.72446033073
100000,12,uniform,9300,0.054024720663277,43255.080278708345,43231.72446033073
100000,12,uniform,9400,0.0556164091431058,43255.76839308621,43231.72446033073
100000,12,uniform,9500,0.0572211607438907,43256.462154876535,43231.72446033073
100000,12,uniform,9600,0.0582051838157756,43256.8875650196,43231.72446033073
100000,12,uniform,9700,0.0576308519083015,43256.63927143187,43231.72446033073
100000,12,uniform,9800,0.0552056235637523,43255.59080339642,43231.72446033073
100000,12,uniform,9900,0.0543603745399563,43255.22538766745,43231.72446033073
100000,12,uniform,10000,0.056438928889997,43256.12398255682,43231.72446033073
100000,13,uniform,0,45.64265493741648,51624.40569191454,35445.93835789237
100000,13,uniform,100,5.69539006849798,37464.72281081369,35445.93835789237
100000,13,uniform,200,2.8776446658712262,36465.946512316266,35445.93835789237
100000,13,uniform,300,0.7222398397143117,35701.94304627365,35445.93835789237
100000,13,uniform,400,0.1254597047722659,35490.408727509945,35445.93835789237
100000,13,uniform,500,0.0432763484717696,35461.27806569522,35445.93835789237
100000,13,uniform,600,0.0275462035188923,35455.70236821162,35445.93835789237
100000,13,uniform,700,0.02059293354728,35453.237716423624,35445.93835789237
100000,13,uniform,800,0.0252731864722833,35454.896675990414,35445.93835789237
100000,13,uniform,900,0.0093463935316994,35449.251274782306,35445.93835789237
100000,13,uniform,1000,0.0031080842551278,35447.04004752156,35445.93835789237
100000,13,uniform,1100,0.0040382438775193,35447.36975132794,35445.93835789237
100000,13,uniform,1200,0.0103195881392558,35449.596232743,35445.93835789237
100000,13,uniform,1300,0.0150151155391856,35451.26060649076,35445.93835789237
100000,13,uniform,1400,0.0186425214010765,35452.54637453656,35445.93835789237
100000,13,uniform,1500,0.0204340447624676,35453.1813968029,35445.93835789237
100000,13,uniform,1600,0.0190355065888162,35452.68567182396,35445.93835789237
100000,13,uniform,1700,0.0142674755351107,35450.995598475776,35445.93835789237
100000,13,uniform,1800,0.0090123152695921,35449.13285760745,35445.93835789237
100000,13,uniform,1900,0.0077826881092616,35448.69700472217,35445.93835789237
100000,13,uniform,2000,0.0105354238120211,35449.672737722525,35445.93835789237
100000,13,uniform,2100,0.012226098215881,35450.27201312955,35445.93835789237
100000,13,uniform,2200,0.0105041115720797,35449.66163880526,35445.93835789237
100000,13,uniform,2300,0.0081117573997654,35448.81364642004,35445.93835789237
100000,13,uniform,2400,0.0110606427684169,35449.85890651005,35445.93835789237
100000,13,uniform,2500,0.0173557673422384,35452.09027248604,35445.93835789237
100000,13,uniform,2600,0.0214420960850871,35453.53871005333,35445.93835789237
100000,13,uniform,2700,0.0182838997637469,35452.41925773205,35445.93835789237
100000,13,uniform,2800,0.0135754589588751,35450.75030670674,35445.93835789237
100000,13,uniform,2900,0.0091186447084288,35449.1705470748,35445.93835789237
100000,13,uniform,3000,0.0067047792641828,35448.31492981739,35445.93835789237
100000,13,uniform,3100,0.0051316992625071,35447.757336849674,35445.93835789237
100000,13,uniform,3200,0.0044074339677659,35447.50061421975,35445.93835789237
100000,13,uniform,3300,0.0051886923603635,35447.77753858801,35445.93835789237
100000,13,uniform,3400,0.0057028088357055,35447.959771996946,35445.93835789237
100000,13,uniform,3500,0.0060587005376531,35448.08592115024,35445.93835789237
100000,13,uniform,3600,0.0064111792064236,35448.2108605219,35445.93835789237
100000,13,uniform,3700,0.0066864617991059,35448.30843702001,35445.93835789237
100000,13,uniform,3800,0.0069478966634439,35448.40110506087,35445.93835789237
100000,13,uniform,3900,0.0071682344915091,35448.47920587158,35445.93835789237
100000,13,uniform,4000,0.0073658558498803,35448.54925461645,35445.93835789237
100000,13,uniform,4100,0.0075431222605856,35448.61208835912,35445.93835789237
100000,13,uniform,4200,0.0078818795087232,35448.73216404448,35445.93835789237
100000,13,uniform,4300,0.008357768290116,35448.90084728858,35445.93835789237
100000,13,uniform,4400,0.0089640194596678,35449.11573870444,35445.93835789237
100000,13,uniform,4500,0.0095575179364122,35449.32610980866,35445.93835789237
100000,13,uniform,4600,0.0099876593452251,35449.47857746728,35445.93835789237
100000,13,uniform,4700,0.0102915336991138,35449.58628858344,35445.93835789237
100000,13,uniform,4800,0.0104184890465795,35449.63128909765,35445.93835789237
100000,13,uniform,4900,0.0104034175870498,35449.62594687739,35445.93835789237
100000,13,uniform,5000,0.0103999874200567,35449.624731022515,35445.93835789237
100000,13,uniform,5100,0.0103804685183025,35449.61781236463,35445.93835789237
100000,13,uniform,5200,0.0102926949144919,35449.58670018713,35445.93835789237
100000,13,uniform,5300,0.0101727710048156,35449.54419203203,35445.93835789237
100000,13,uniform,5400,0.0101679873531135,35449.5424964218,35445.93835789237
100000,13,uniform,5500,0.0102853293670667,35449.58408939973,35445.93835789237
100000,13,uniform,5600,0.0104776584348475,35449.65226224254,35445.93835789237
100000,13,uniform,5700,0.0107234641920395,35449.739390399714,35445.93835789237
100000,13,uniform,5800,0.0109320672435227,35449.81333170876,35445.93835789237
100000,13,uniform,5900,0.0110676763720216,35449.86139963685,35445.93835789237
100000,13,uniform,6000,0.0110977450977375,35449.87205777883,35445.93835789237
100000,13,uniform,6100,0.0110597245947086,35449.85858105477,35445.93835789237
100000,13,uniform,6200,0.010728719235537,35449.74125309919,35445.93835789237
100000,13,uniform,6300,0.009707661865472,35449.3793297332,35445.93835789237
100000,13,uniform,6400,0.0090639744648808,35449.15116869397,35445.93835789237
100000,13,uniform,6500,0.008421318710948,35448.92337333158,35445.93835789237
100000,13,uniform,6600,0.0072067756760747,35448.49286715611,35445.93835789237
100000,13,uniform,6700,0.0066614432738974,35448.299568968985,35445.93835789237
100000,13,uniform,6800,0.0064332171373912,35448.21867207332,35445.93835789237
100000,13,uniform,6900,0.0064048965363204,35448.208633570524,35445.93835789237
100000,13,uniform,7000,0.0063830509939657,35448.20089021305,35445.93835789237
100000,13,uniform,7100,0.0063498810408604,35448.18913281192,35445.93835789237
100000,13,uniform,7200,0.0061557964599562,35448.12033771101,35445.93835789237
100000,13,uniform,7300,0.0054960667995305,35447.88649034224,35445.93835789237
100000,13,uniform,7400,0.0046830137483837,35447.59829605892,35445.93835789237
100000,13,uniform,7500,0.0041211809310495,35447.39914914481,35445.93835789237
100000,13,uniform,7600,0.00387734215025,35447.31271820088,35445.93835789237
100000,13,uniform,7700,0.0037947690704714,35447.28344939792,35445.93835789237
100000,13,uniform,7800,0.0036643410767938,35447.23721797168,35445.93835789237
100000,13,uniform,7900,0.0032506362992186,35447.090576431234,35445.93835789237
100000,13,uniform,8000,0.0028756852549004,35446.95767151519,35445.93835789237
100000,13,uniform,8100,0.0033539907251031,35447.12721137732,35445.93835789237
100000,13,uniform,8200,0.0036512133035521,35447.232564709266,35445.93835789237
100000,13,uniform,8300,0.002911467749448,35446.97035495615,35445.93835789237
100000,13,uniform,8400,0.0020303430678758,35446.65803204467,35445.93835789237
100000,13,uniform,8500,0.0017167752299945,35446.54688498214,35445.93835789237
100000,13,uniform,8600,0.001128074688216,35446.33821455099,35445.93835789237
100000,13,uniform,8700,0.0001501058983723,35445.99156433658,35445.93835789237
100000,13,uniform,8800,0.0032631951257011,35447.09502802513,35445.93835789237
100000,13,uniform,8900,0.0065671488085365,35448.26614541092,35445.93835789237
100000,13,uniform,9000,0.0092650011208203,35449.22242447852,35445.93835789237
100000,13,uniform,9100,0.0109078709632419,35449.80475511016,35445.93835789237
100000,13,uniform,9200,0.010951580547423,35449.82024838243,35445.93835789237
100000,13,uniform,9300,0.0098353025567879,35449.424573173965,35445.93835789237
100000,13,uniform,9400,0.008782075574719,35449.05124698713,35445.93835789237
100000,13,uniform,9500,0.0077825986935275,35448.69697302792,35445.93835789237
100000,13,uniform,9600,0.006822387761481,35448.356617252844,35445.93835789237
100000,13,uniform,9700,0.0059713809742162,35448.05496991161,35445.93835789237
100000,13,uniform,9800,0.0051531728902527,35447.76494837853,35445.93835789237
100000,13,uniform,9900,0.0046082696168413,35447.571802300125,35445.93835789237
100000,13,uniform,10000,0.0050946890899,35447.744218246706,35445.93835789237
100000,14,uniform,0,40.14648756987967,50373.76343785993,35943.650327121206
100000,14,uniform,100,5.324540310652087,37857.484477908605,35943.650327121206
100000,14,uniform,200,2.47277326002038,36832.45530108549,35943.650327121206
100000,14,uniform,300,0.6449072906528471,36175.45354860758,35943.650327121206
100000,14,uniform,400,0.1248042534576403,35988.509531577394,35943.650327121206
100000,14,uniform,500,0.0580493306584064,35964.5153755503,35943.650327121206
100000,14,uniform,600,0.0356343118419359,35956.45859956615,35943.650327121206
100000,14,uniform,700,0.0203596310390992,35950.96832170979,35943.650327121206
100000,14,uniform,800,0.019129574886345,35950.52619462742,35943.650327121206
100000,14,uniform,900,0.0267672618318746,35953.2714581162,35943.650327121206
100000,14,uniform,1000,0.0257866262586535,35952.91898189478,35943.650327121206
100000,14,uniform,1100,0.0290748405486356,35954.100886141176,35943.650327121206
100000,14,uniform,1200,0.0458228789186752,35960.120742489555,35943.650327121206
100000,14,uniform,1300,0.0424013193586549,35958.89090908557,35943.650327121206
100000,14,uniform,1400,0.0421573243701392,35958.80320838008,35943.650327121206
100000,14,uniform,1500,0.0400578399132969,35958.04857702824,35943.650327121206
100000,14,uniform,1600,0.0276907887822833,35953.60340741393,35943.650327121206
100000,14,uniform,1700,0.0141975241169258,35948.7534355449,35943.650327121206
100000,14,uniform,1800,0.0146745957812493,35948.92491251574,35943.650327121206
100000,14,uniform,1900,0.0166689577220559,35949.641758998,35943.650327121206
100000,14,uniform,2000,0.0088021431994629,35946.81413869411,35943.650327121206
100000,14,uniform,2100,0.0086535673478205,35946.76073510953,35943.650327121206
100000,14,uniform,2200,0.0081761949090943,35946.589150029395,35943.650327121206
100000,14,uniform,2300,0.0078341686277703,35946.46621329881,35943.650327121206
100000,14,uniform,2400,0.009614187092967,35947.1060169117,35943.650327121206
100000,14,uniform,2500,0.0100478794994826,35947.26190179379,35943.650327121206
100000,14,uniform,2600,0.0095590003523887,35947.08618078264,35943.650327121206
100000,14,uniform,2700,0.009020739640957,35946.89271023467,35943.650327121206
100000,14,uniform,2800,0.008300170810746,35946.633711493974,35943.650327121206
100000,14,uniform,2900,0.0074013569463348,35946.31064498146,35943.650327121206
100000,14,uniform,3000,0.0064512965683307,35945.96915860129,35943.650327121206
100000,14,uniform,3100,0.005633738835528,35945.67529850859,35943.650327121206
100000,14,uniform,3200,0.0052599076947427,35945.54092995053,35943.650327121206
100000,14,uniform,3300,0.0048468916665642,35945.39247691357,35943.650327121206
100000,14,uniform,3400,0.0042347665719263,35945.17245680999,35943.650327121206
100000,14,uniform,3500,0.0034978959568706,35944.90759861275,35943.650327121206
100000,14,uniform,3600,0.0031863972106927,35944.79563459265,35943.650327121206
100000,14,uniform,3700,0.005846175822125,35945.75165611622,35943.650327121206
100000,14,uniform,3800,0.0085301252338223,35946.71636550772,35943.650327121206
100000,14,uniform,3900,0.0061156030301639,35945.84849808976,35943.650327121206
100000,14,uniform,4000,0.003631042301681,35944.95545626935,35943.650327121206
100000,14,uniform,4100,0.0018207505667294,35944.30477133824,35943.650327121206
100000,14,uniform,4200,0.004562249509289,35945.29016613188,35943.650327121206
100000,14,uniform,4300,0.0073174663632623,35946.28049164362,35943.650327121206
100000,14,uniform,4400,0.0081346023656656,35946.57420015102,35943.650327121206
100000,14,uniform,4500,0.0060926990299646,35945.84026555602,35943.650327121206
100000,14,uniform,4600,0.0040596373471117,35945.1095089738,35943.650327121206
100000,14,uniform,4700,0.0018385382850729,35944.31116489352,35943.650327121206
100000,14,uniform,4800,0.0006495384011593,35943.88379493286,35943.650327121206
100000,14,uniform,4900,0.0010779107878945,35944.037767605645,35943.650327121206
100000,14,uniform,5000,0.0028187733552582,35944.663497159534,35943.650327121206
100000,14,uniform,5100,0.0030217615151051,35944.736458513915,35943.650327121206
100000,14,uniform,5200,0.002205226627727,35944.4429660692,35943.650327121206
100000,14,uniform,5300,0.0064162075009846,35945.95654630962,35943.650327121206
100000,14,uniform,5400,0.0116447972142244,35947.83589231319,35943.650327121206
100000,14,uniform,5500,0.0166295071760036,35949.62757903167,35943.650327121206
100000,14,uniform,5600,0.0224650527212677,35951.72508711714,35943.650327121206
100000,14,uniform,5700,0.0344808524968374,35956.04400417248,35943.650327121206
100000,14,uniform,5800,0.0399097894849726,35957.995362299975,35943.650327121206
100000,14,uniform,5900,0.0403198321565758,35958.14274660405,35943.650327121206
100000,14,uniform,6000,0.0402045941330933,35958.10132585184,35943.650327121206
100000,14,uniform,6100,0.0399634802493759,35958.01466072059,35943.650327121206
100000,14,uniform,6200,0.0395705930772031,35957.873442729244,35943.650327121206
100000,14,uniform,6300,0.0390664205295218,35957.69222471166,35943.650327121206
100000,14,uniform,6400,0.0411048717172951,35958.42491847868,35943.650327121206
100000,14,uniform,6500,0.0415985138497833,35958.60235148065,35943.650327121206
100000,14,uniform,6600,0.0410287193685992,35958.39754654475,35943.650327121206
100000,14,uniform,6700,0.0431092208098005,35959.14535470783,35943.650327121206
100000,14,uniform,6800,0.0432910801862086,35959.21072160617,35943.650327121206
100000,14,uniform,6900,0.0428031722574498,35959.03534968634,35943.650327121206
100000,14,uniform,7000,0.044799142452675,35959.752774233944,35943.650327121206
100000,14,uniform,7100,0.0471004424765789,35960.579945467514,35943.650327121206
100000,14,uniform,7200,0.0444241884773899,35959.61800208818,35943.650327121206
100000,14,uniform,7300,0.0409721700269888,35958.37722064714,35943.650327121206
100000,14,uniform,7400,0.0375700289518767,35957.15436695547,35943.650327121206
100000,14,uniform,7500,0.0346099250742986,35956.09039756839,35943.650327121206
100000,14,uniform,7600,0.0329285722942795,35955.486058004375,35943.650327121206
100000,14,uniform,7700,0.031176355593892,35954.856247360614,35943.650327121206
100000,14,uniform,7800,0.0345858455178669,35956.081742496826,35943.650327121206
100000,14,uniform,7900,0.0349834298046039,35956.22464880261,35943.650327121206
100000,14,uniform,8000,0.0349155843047988,35956.200262653394,35943.650327121206
100000,14,uniform,8100,0.0345722582347052,35956.07685873128,35943.650327121206
100000,14,uniform,8200,0.0339601226227408,35955.856834847385,35943.650327121206
100000,14,uniform,8300,0.0327673789343254,35955.42811922672,35943.650327121206
100000,14,uniform,8400,0.0316605336915486,35955.030278643,35943.650327121206
100000,14,uniform,8500,0.0305555721953176,35954.63311514654,35943.650327121206
100000,14,uniform,8600,0.0308197825743955,35954.728082001326,35943.650327121206
100000,14,uniform,8700,0.0329325403318917,35955.48748426194,35943.650327121206
100000,14,uniform,8800,0.0345968765579631,35956.085707455306,35943.650327121206
100000,14,uniform,8900,0.0358730494707088,35956.54441058463,35943.650327121206
100000,14,uniform,9000,0.0368402586957109,35956.8920608864,35943.650327121206
100000,14,uniform,9100,0.0381441472077537,35957.36072601382,35943.650327121206
100000,14,uniform,9200,0.0393496492370469,35957.79402744792,35943.650327121206
100000,14,uniform,9300,0.0404020080980509,35958.172283637105,35943.650327121206
100000,14,uniform,9400,0.0413977221302195,35958.530179607085,35943.650327121206
100000,14,uniform,9500,0.0419468413560899,35958.72755310151,35943.650327121206
100000,14,uniform,9600,0.0402162198809617,35958.105504570005,35943.650327121206
100000,14,uniform,9700,0.0388788691829803,35957.624811911475,35943.650327121206
100000,14,uniform,9800,0.0383465932824731,35957.43349252302,35943.650327121206
100000,14,uniform,9900,0.037851866346215,35957.25566960298,35943.650327121206
100000,14,uniform,10000,0.0376294393763127,35957.175721230684,35943.650327121206
100000,15,uniform,0,46.405621553739294,49389.54759790508,33734.734413716666
100000,15,uniform,100,5.204760772558812,35490.54663720869,33734.734413716666
100000,15,uniform,200,2.704283881084644,34647.01739879352,33734.734413716666
100000,15,uniform,300,0.7247494064781317,33979.22670115705,33734.734413716666
100000,15,uniform,400,0.1206408972847406,33775.43230001,33734.734413716666
100000,15,uniform,500,0.0263327355284013,33743.61769211104,33734.734413716666
100000,15,uniform,600,0.0173691624739187,33740.59385454713,33734.734413716666
100000,15,uniform,700,0.0149632079737625,33739.78221218639,33734.734413716666
100000,15,uniform,800,0.0133755452705833,33739.24661839008,33734.734413716666
100000,15,uniform,900,0.012360630135808,33738.90423946484,33734.734413716666
100000,15,uniform,1000,0.0115662357380177,33738.63625262455,33734.734413716666
100000,15,uniform,1100,0.0106485808233062,33738.32668417624,33734.734413716666
100000,15,uniform,1200,0.010043301955979,33738.12249495788,33734.734413716666
100000,15,uniform,1300,0.0094237046884949,33737.91347546526,33734.734413716666
100000,15,uniform,1400,0.008891272580589,33737.73386090773,33734.734413716666
100000,15,uniform,1500,0.0084720758361685,33737.592445999326,33734.734413716666
100000,15,uniform,1600,0.0082145554481257,33737.50557218036,33734.734413716666
100000,15,uniform,1700,0.0079953122946152,33737.4316110848,33734.734413716666
100000,15,uniform,1800,0.0077879637300094,33737.36166259722,33734.734413716666
100000,15,uniform,1900,0.0076166290100488,33737.303863284484,33734.734413716666
100000,15,uniform,2000,0.0074282637924435,33737.2403187786,33734.734413716666
100000,15,uniform,2100,0.0072538925329078,33737.1814950973,33734.734413716666
100000,15,uniform,2200,0.0071086842237943,33737.13250945987,33734.734413716666
100000,15,uniform,2300,0.0069476180009619,33737.07817419737,33734.734413716666
100000,15,uniform,2400,0.0068294175413336,33737.03829958624,33734.734413716666
100000,15,uniform,2500,0.0067297156573709,33737.00466542048,33734.734413716666
100000,15,uniform,2600,0.0066294518817073,33736.970841702045,33734.734413716666
100000,15,uniform,2700,0.0065264385576014,33736.93609043075,33734.734413716666
100000,15,uniform,2800,0.0064344955640512,33736.90507370606,33734.734413716666
100000,15,uniform,2900,0.0063416276121919,33736.873744949145,33734.734413716666
100000,15,uniform,3000,0.0062414415292266,33736.83994744014,33734.734413716666
100000,15,uniform,3100,0.0061392314720752,33736.80546714881,33734.734413716666
100000,15,uniform,3200,0.0060357277915839,33736.77055045709,33734.734413716666
100000,15,uniform,3300,0.0059343239954773,33736.73634215579,33734.734413716666
100000,15,uniform,3400,0.0058499491839882,33736.70787853722,33734.734413716666
100000,15,uniform,3500,0.0057569531912625,33736.67650658606,33734.734413716666
100000,15,uniform,3600,0.0056730415537135,33736.64819921799,33734.734413716666
100000,15,uniform,3700,0.0055780847067431,33736.61616577786,33734.734413716666
100000,15,uniform,3800,0.0055034264187513,33736.590980002686,33734.734413716666
100000,15,uniform,3900,0.0054192134772952,33736.56257099054,33734.734413716666
100000,15,uniform,4000,0.0053472756969671,33736.53830297141,33734.734413716666
100000,15,uniform,4100,0.0052697084101228,33736.5121358532,33734.734413716666
100000,15,uniform,4200,0.0052038674912366,33736.48992459408,33734.734413716666
100000,15,uniform,4300,0.0050954711990888,33736.453357392806,33734.734413716666
100000,15,uniform,4400,0.0048976913543057,33736.386636887444,33734.734413716666
100000,15,uniform,4500,0.0047023146064662,33736.320727060454,33734.734413716666
100000,15,uniform,4600,0.0045366467231732,33736.26483944002,33734.734413716666
100000,15,uniform,4700,0.0043554744698496,33736.20372146153,33734.734413716666
100000,15,uniform,4800,0.0041964189802581,33736.15006451454,33734.734413716666
100000,15,uniform,4900,0.0040414926104422,33736.09780051515,33734.734413716666
100000,15,uniform,5000,0.0038979502605121,33736.04937688463,33734.734413716666
100000,15,uniform,5100,0.0037555707420381,33736.00134553221,33734.734413716666
100000,15,uniform,5200,0.0036249319069278,33735.957274868146,33734.734413716666
100000,15,uniform,5300,0.0034979565356767,33735.91444006388,33734.734413716666
100000,15,uniform,5400,0.0034346773686462,33735.89309300495,33734.734413716666
100000,15,uniform,5500,0.0033909465691651,33735.878340535884,33734.734413716666
100000,15,uniform,5600,0.0033610953838477,33735.8682703178,33734.734413716666
100000,15,uniform,5700,0.0033311011903393,33735.85815185628,33734.734413716666
100000,15,uniform,5800,0.0032976343592575,33735.8468619097,33734.734413716666
100000,15,uniform,5900,0.0032638522751549,33735.835465613345,33734.734413716666
100000,15,uniform,6000,0.0032317083204438,33735.82462193559,33734.734413716666
100000,15,uniform,6100,0.003201513003735,33735.814435625696,33734.734413716666
100000,15,uniform,6200,0.0031722303390888,33735.80455719655,33734.734413716666
100000,15,uniform,6300,0.0031489492652746,33735.79670338813,33734.734413716666
100000,15,uniform,6400,0.0031157612251588,33735.78550749094,33734.734413716666
100000,15,uniform,6500,0.0030847746983708,33735.77505426842,33734.734413716666
100000,15,uniform,6600,0.003060605239508,33735.766900765666,33734.734413716666
100000,15,uniform,6700,0.003035727316358,33735.75850826436,33734.734413716666
100000,15,uniform,6800,0.0030105159207525,33735.750003267014,33734.734413716666
100000,15,uniform,6900,0.0029830137160177,33735.74072547129,33734.734413716666
100000,15,uniform,7000,0.0029559478094118,33735.73159485958,33734.734413716666
100000,15,uniform,7100,0.0029324169290528,33735.723656779584,33734.734413716666
100000,15,uniform,7200,0.0029096973076393,33735.71599237564,33734.734413716666
100000,15,uniform,7300,0.0028896708624513,33735.709236507544,33734.734413716666
100000,15,uniform,7400,0.0028634109748095,33735.70037780419,33734.734413716666
100000,15,uniform,7500,0.0028351674677422,33735.69084993209,33734.734413716666
100000,15,uniform,7600,0.0028139762894561,33735.68370114438,33734.734413716666
100000,15,uniform,7700,0.0027936568965735,33735.676846451155,33734.734413716666
100000,15,uniform,7800,0.0027709541542205,33735.66918774132,33734.734413716666
100000,15,uniform,7900,0.0027471615324737,33735.66116136356,33734.734413716666
100000,15,uniform,8000,0.002727275826982,33735.65445297363,33734.734413716666
100000,15,uniform,8100,0.002705723179468,33735.64718224523,33734.734413716666
100000,15,uniform,8200,0.0026859466626633,33735.64051068981,33734.734413716666
100000,15,uniform,8300,0.0026680372936156,33735.634469011726,33734.734413716666
100000,15,uniform,8400,0.0026794948146241,33735.63833417601,33734.734413716666
100000,15,uniform,8500,0.0027020663624591,33735.64594862772,33734.734413716666
100000,15,uniform,8600,0.0027243651072501,33735.65347105006,33734.734413716666
100000,15,uniform,8700,0.0027568735637139,33735.66443769151,33734.734413716666
100000,15,uniform,8800,0.0027869459635445,33735.67458253572,33734.734413716666
100000,15,uniform,8900,0.0027888729179007,33735.675232588655,33734.734413716666
100000,15,uniform,9000,0.0027679534889467,33735.66817547486,33734.734413716666
100000,15,uniform,9100,0.0027417423661337,33735.65933322219,33734.734413716666
100000,15,uniform,9200,0.0027186336497352,33735.651537558086,33734.734413716666
100000,15,uniform,9300,0.0026952244155885,33735.64364051512,33734.734413716666
100000,15,uniform,9400,0.0026742469591917,33735.63656382592,33734.734413716666
100000,15,uniform,9500,0.0026538743675433,33735.62969118623,33734.734413716666
100000,15,uniform,9600,0.0026292148746526,33735.6213723718,33734.734413716666
100000,15,uniform,9700,0.0026121706314112,33735.615622541605,33734.734413716666
100000,15,uniform,9800,0.0025910740588105,33735.60850566887,33734.734413716666
100000,15,uniform,9900,0.0025662351206065,33735.600126319034,33734.734413716666
100000,15,uniform,10000,0.0025489902648768,33735.59430881275,33734.734413716666
100000,16,uniform,0,35.287103825312414,48600.62776678885,35924.06548191299
100000,16,uniform,100,5.341500585309052,37842.94964989618,35924.06548191299
100000,16,uniform,200,2.48523098225565,36816.8614873553,35924.06548191299
100000,16,uniform,300,0.5280834167353188,36113.77451434011,35924.06548191299
100000,16,uniform,400,0.0877395418675772,35955.58509238703,35924.06548191299
100000,16,uniform,500,0.0264994573225474,35933.585164313896,35924.06548191299
100000,16,uniform,600,0.018095866592336,35930.56625287714,35924.06548191299
100000,16,uniform,700,0.0134958605467747,35928.91374369316,35924.06548191299
100000,16,uniform,800,0.0097709540351848,35927.5756058388,35924.06548191299
100000,16,uniform,900,0.0108958836053983,35927.97972627423,35924.06548191299
100000,16,uniform,1000,0.0115117066124407,35928.20095493453,35924.06548191299
100000,16,uniform,1100,0.0112736417152667,35928.11543234498,35924.06548191299
100000,16,uniform,1200,0.0156124688648893,35929.67411545136,35924.06548191299
100000,16,uniform,1300,0.0190547864910714,35930.91073588948,35924.06548191299
100000,16,uniform,1400,0.0206411160312436,35931.480609952254,35924.06548191299
100000,16,uniform,1500,0.0165631336883892,35930.015632905066,35924.06548191299
100000,16,uniform,1600,0.0177987502640329,35930.459516612806,35924.06548191299
100000,16,uniform,1700,0.0186975863409399,35930.78241507365,35924.06548191299
100000,16,uniform,1800,0.0183333870967266,35930.65157989867,35924.06548191299
100000,16,uniform,1900,0.0175043432397182,35930.35375364061,35924.06548191299
100000,16,uniform,2000,0.0163856700355151,35929.9518807462,35924.06548191299
100000,16,uniform,2100,0.0140436708910271,35929.11053943995,35924.06548191299
100000,16,uniform,2200,0.0123376071582763,35928.49765198743,35924.06548191299
100000,16,uniform,2300,0.010813132867666,35927.94999884502,35924.06548191299
100000,16,uniform,2400,0.0093803699534403,35927.43529215751,35924.06548191299
100000,16,uniform,2500,0.0081451521266466,35926.99155169657,35924.06548191299
100000,16,uniform,2600,0.0077343720995497,35926.84398281065,35924.06548191299
100000,16,uniform,2700,0.0071248736814938,35926.62502619984,35924.06548191299
100000,16,uniform,2800,0.0048622457548645,35925.81219826186,35924.06548191299
100000,16,uniform,2900,0.0034068426250242,35925.28935828847,35924.06548191299
100000,16,uniform,3000,0.0047814758276029,35925.7831824203,35924.06548191299
100000,16,uniform,3100,0.006168815943737,35926.28157139208,35924.06548191299
100000,16,uniform,3200,0.0064100467259423,35926.36823129624,35924.06548191299
100000,16,uniform,3300,0.0037117579659342,35925.398896275205,35924.06548191299
100000,16,uniform,3400,0.0047021054104141,35925.75466933966,35924.06548191299
100000,16,uniform,3500,0.0055418588187262,35926.05634290395,35924.06548191299
100000,16,uniform,3600,0.0061365604082447,35926.26998389239,35924.06548191299
100000,16,uniform,3700,0.0060093161094134,35926.22427256715,35924.06548191299
100000,16,uniform,3800,0.0213423650573112,35931.73252711157,35924.06548191299
100000,16,uniform,3900,0.0362137730844865,35937.074941469335,35924.06548191299
100000,16,uniform,4000,0.0483636843775379,35941.439683558245,35924.06548191299
100000,16,uniform,4100,0.0455949552410791,35940.44504349025,35924.06548191299
100000,16,uniform,4200,0.0421382050939506,35939.203238303846,35924.06548191299
100000,16,uniform,4300,0.0367349800026308,35937.262180183905,35924.06548191299
100000,16,uniform,4400,0.0327806043803666,35935.84160769596,35924.06548191299
100000,16,uniform,4500,0.0310838193593481,35935.232053533924,35924.06548191299
100000,16,uniform,4600,0.0323944124875052,35935.702871867485,35924.06548191299
100000,16,uniform,4700,0.0365256416986495,35937.186977354504,35924.06548191299
100000,16,uniform,4800,0.038438669957342,35937.874214878844,35924.06548191299
100000,16,uniform,4900,0.039595386067734,35938.28975433178,35924.06548191299
100000,16,uniform,5000,0.0381470018708938,35937.76943584448,35924.06548191299
100000,16,uniform,5100,0.0348508071603143,35936.58530869824,35924.06548191299
100000,16,uniform,5200,0.0316756835152024,35935.44467520084,35924.06548191299
100000,16,uniform,5300,0.0346331257988814,35936.507108703416,35924.06548191299
100000,16,uniform,5400,0.0354102551431812,35936.78628515794,35924.06548191299
100000,16,uniform,5500,0.0314337439418673,35935.357760670086,35924.06548191299
100000,16,uniform,5600,0.0272873790420298,35933.86821782835,35924.06548191299
100000,16,uniform,5700,0.0233303847522223,35932.44670460856,35924.06548191299
100000,16,uniform,5800,0.0213478762579183,35931.734506958885,35924.06548191299
100000,16,uniform,5900,0.0206738426893379,35931.49236669834,35924.06548191299
100000,16,uniform,6000,0.0197495202137094,35931.16031248693,35924.06548191299
100000,16,uniform,6100,0.0187022948593418,35930.78410656488,35924.06548191299
100000,16,uniform,6200,0.0179128187607117,35930.50049465425,35924.06548191299
100000,16,uniform,6300,0.0170367211249921,35930.185764765905,35924.06548191299
100000,16,uniform,6400,0.0150481476316346,35929.471388322,35924.06548191299
100000,16,uniform,6500,0.0122657198655443,35928.47182714932,35924.06548191299
100000,16,uniform,6600,0.0099038784708143,35927.6233577001,35924.06548191299
100000,16,uniform,6700,0.0092160565285966,35927.376264095175,35924.06548191299
100000,16,uniform,6800,0.0085029960721992,35927.12010378989,35924.06548191299
100000,16,uniform,6900,0.0078920665449748,35926.900633066485,35924.06548191299
100000,16,uniform,7000,0.0073089503697468,35926.69115402986,35924.06548191299
100000,16,uniform,7100,0.0149149675119199,35929.42354460858,35924.06548191299
100000,16,uniform,7200,0.0163422055420479,35929.93626653311,35924.06548191299
100000,16,uniform,7300,0.017234798414355,35930.25692218104,35924.06548191299
100000,16,uniform,7400,0.0181704259093407,35930.593037615006,35924.06548191299
100000,16,uniform,7500,0.0192365825604921,35930.976044428506,35924.06548191299
100000,16,uniform,7600,0.0181567504308795,35930.58812482717,35924.06548191299
100000,16,uniform,7700,0.0149078045101582,35929.42097136714,35924.06548191299
100000,16,uniform,7800,0.0116236038432912,35928.241152969014,35924.06548191299
100000,16,uniform,7900,0.0082371288526953,35927.024593475864,35924.06548191299
100000,16,uniform,8000,0.0052503289444553,35925.951613521014,35924.06548191299
100000,16,uniform,8100,0.0040399633674011,35925.51680099854,35924.06548191299
100000,16,uniform,8200,0.0032571970905949,35925.23559952869,35924.06548191299
100000,16,uniform,8300,0.0036971278595126,35925.39364054619,35924.06548191299
100000,16,uniform,8400,0.0036306458361071,35925.36975750057,35924.06548191299
100000,16,uniform,8500,0.0037008800694023,35925.39498849253,35924.06548191299
100000,16,uniform,8600,0.0050545466317828,35925.88128055481,35924.06548191299
100000,16,uniform,8700,0.0063281337251591,35926.3388048162,35924.06548191299
100000,16,uniform,8800,0.0070951320418297,35926.61434179373,35924.06548191299
100000,16,uniform,8900,0.0071549455304055,35926.63582923053,35924.06548191299
100000,16,uniform,9000,0.0069555821252582,35926.56420979032,35924.06548191299
100000,16,uniform,9100,0.0066442919585955,35926.45238170701,35924.06548191299
100000,16,uniform,9200,0.0067322588329655,35926.48398298456,35924.06548191299
100000,16,uniform,9300,0.0108991242832042,35927.980890457446,35924.06548191299
100000,16,uniform,9400,0.0099106978451008,35927.62580749658,35924.06548191299
100000,16,uniform,9500,0.0092977312869022,35927.40560498883,35924.06548191299
100000,16,uniform,9600,0.0089834944069909,35927.292718326324,35924.06548191299
100000,16,uniform,9700,0.0085744122851456,35927.145759397,35924.06548191299
100000,16,uniform,9800,0.0082362663631957,35927.02428363457,35924.06548191299
100000,16,uniform,9900,0.0085478613978814,35927.13622123887,35924.06548191299
100000,16,uniform,10000,0.0093857775594175,35927.437234789424,35924.06548191299
100000,17,uniform,0,47.3508715755984,52391.25293926911,35555.44149760238
100000,17,uniform,100,4.637941602967854,37204.48211093858,35555.44149760238
100000,17,uniform,200,2.666120588662867,36503.39244375994,35555.44149760238
100000,17,uniform,300,0.867933425208765,35864.03905884062,35555.44149760238
100000,17,uniform,400,0.2403996367849897,35640.91664981992,35555.44149760238
100000,17,uniform,500,0.1398433263873189,35605.16340970433,35555.44149760238
100000,17,uniform,600,0.1217147591768923,35598.71771759547,35555.44149760238
100000,17,uniform,700,0.1079951657819885,35593.83965559224,35555.44149760238
100000,17,uniform,800,0.0973444061449051,35590.052730980424,35555.44149760238
100000,17,uniform,900,0.0900325080304969,35587.45295332399,35555.44149760238
100000,17,uniform,1000,0.083137725774488,35585.00148305257,35555.44149760238
100000,17,uniform,1100,0.0771924374574091,35582.887609543126,35555.44149760238
100000,17,uniform,1200,0.0718790539435973,35580.99841257633,35555.44149760238
100000,17,uniform,1300,0.066610596109562,35579.12518913332,35555.44149760238
100000,17,uniform,1400,0.062372459323225,35577.61830088767,35555.44149760238
100000,17,uniform,1500,0.0576708653520139,35575.94662839378,35555.44149760238
100000,17,uniform,1600,0.0539570741699237,35574.62617354269,35555.44149760238
100000,17,uniform,1700,0.0498420165000498,35573.163046620284,35555.44149760238
100000,17,uniform,1800,0.0465941887191984,35572.00826711372,35555.44149760238
100000,17,uniform,1900,0.0428619584925845,35570.68125617894,35555.44149760238
100000,17,uniform,2000,0.0396636145653141,35569.54407087499,35555.44149760238
100000,17,uniform,2100,0.0366399822269849,35568.46900504783,35555.44149760238
100000,17,uniform,2200,0.033866313510769,35567.4828148901,35555.44149760238
100000,17,uniform,2300,0.0309518933000596,35566.44657991709,35555.44149760238
100000,17,uniform,2400,0.0283250985404188,35565.51261144306,35555.44149760238
100000,17,uniform,2500,0.0255849251019114,35564.5383306792,35555.44149760238
100000,17,uniform,2600,0.0228544919542336,35563.567513118745,35555.44149760238
100000,17,uniform,2700,0.0199949871146734,35562.550803548394,35555.44149760238
100000,17,uniform,2800,0.0176622401010761,35561.72138504869,35555.44149760238
100000,17,uniform,2900,0.0154451791817053,35560.933099250535,35555.44149760238
100000,17,uniform,3000,0.0136417075001955,35560.29186693189,35555.44149760238
100000,17,uniform,3100,0.0118514487747963,35559.655332538125,35555.44149760238
100000,17,uniform,3200,0.0104609714538659,35559.160942187744,35555.44149760238
100000,17,uniform,3300,0.0090604890596365,35558.66299448938,35555.44149760238
100000,17,uniform,3400,0.0079453773881353,35558.266511611386,35555.44149760238
100000,17,uniform,3500,0.0068665408784933,35557.882926527345,35555.44149760238
100000,17,uniform,3600,0.0061427692356931,35557.62558632431,35555.44149760238
100000,17,uniform,3700,0.0054975942758227,35557.3961915189,35555.44149760238
100000,17,uniform,3800,0.004970649683023,35557.20883404248,35555.44149760238
100000,17,uniform,3900,0.0044344187511583,35557.01817476721,35555.44149760238
100000,17,uniform,4000,0.0040426568118687,35556.87888208008,35555.44149760238
100000,17,uniform,4100,0.0036068886261923,35556.72394277775,35555.44149760238
100000,17,uniform,4200,0.0032192746032729,35556.5861249006,35555.44149760238
100000,17,uniform,4300,0.0029228585218339,35556.48073285417,35555.44149760238
100000,17,uniform,4400,0.002615285982864,35556.371374080016,35555.44149760238
100000,17,uniform,4500,0.0024372933952037,35556.30808802964,35555.44149760238
100000,17,uniform,4600,0.0021849443419341,35556.218364209635,35555.44149760238
100000,17,uniform,4700,0.0020518091448945,35556.17102740254,35555.44149760238
100000,17,uniform,4800,0.0018663498750629,35556.10508654035,35555.44149760238
100000,17,uniform,4900,0.0017866051198686,35556.07673294057,35555.44149760238
100000,17,uniform,5000,0.0016698869329528,35556.035233273906,35555.44149760238
100000,17,uniform,5100,0.0016390209652654,35556.02425874282,35555.44149760238
100000,17,uniform,5200,0.0016051450218552,35556.01221400158,35555.44149760238
100000,17,uniform,5300,0.0015995130947541,35556.010211545035,35555.44149760238
100000,17,uniform,5400,0.0015960761349808,35556.008989518814,35555.44149760238
100000,17,uniform,5500,0.0015953430291337,35556.00872885979,35555.44149760238
100000,17,uniform,5600,0.001582871895177,35556.004294693055,35555.44149760238
100000,17,uniform,5700,0.0015768707501345,35556.00216095944,35555.44149760238
100000,17,uniform,5800,0.0015634486903462,35555.997388686825,35555.44149760238
100000,17,uniform,5900,0.0015526836741674,35555.993561137795,35555.44149760238
100000,17,uniform,6000,0.0015414671133277,35555.98957304007,35555.44149760238
100000,17,uniform,6100,0.0015337490067537,35555.9868288332,35555.44149760238
100000,17,uniform,6200,0.0015291600788782,35555.985197219634,35555.44149760238
100000,17,uniform,6300,0.0016249038212803,35556.01923932995,35555.44149760238
100000,17,uniform,6400,0.0017624770661747,35556.06815410456,35555.44149760238
100000,17,uniform,6500,0.0018819533093937,35556.11063441032,35555.44149760238
100000,17,uniform,6600,0.0019906859612283,35556.14929478473,35555.44149760238
100000,17,uniform,6700,0.0021092982446189,35556.19146790576,35555.44149760238
100000,17,uniform,6800,0.002219206039876,35556.2305461076,35555.44149760238
100000,17,uniform,6900,0.0023212439040365,35556.2668261207,35555.44149760238
100000,17,uniform,7000,0.0023998648683495,35556.29478015167,35555.44149760238
100000,17,uniform,7100,0.0024709071260574,35556.32003954005,35555.44149760238
100000,17,uniform,7200,0.0025456533586586,35556.34661589305,35555.44149760238
100000,17,uniform,7300,0.0025856204743811,35556.3608263775,35555.44149760238
100000,17,uniform,7400,0.0026412416010945,35556.38060271467,35555.44149760238
100000,17,uniform,7500,0.0025873042807545,35556.36142506229,35555.44149760238
100000,17,uniform,7600,0.0019499499630601,35556.13481092073,35555.44149760238
100000,17,uniform,7700,0.0013491971339544,35555.921210600034,35555.44149760238
100000,17,uniform,7800,0.0010915192175924,35555.82959207923,35555.44149760238
100000,17,uniform,7900,0.0009865844881104,35555.79228207288,35555.44149760238
100000,17,uniform,8000,0.0008855812001748,35555.756369907926,35555.44149760238
100000,17,uniform,8100,0.0007776389475032,35555.717990563426,35555.44149760238
100000,17,uniform,8200,0.0006654971155883,35555.678118039985,35555.44149760238
100000,17,uniform,8300,0.0005642291548482,35555.64211176945,35555.44149760238
100000,17,uniform,8400,0.0004623354181593,35555.60588300151,35555.44149760238
100000,17,uniform,8500,0.0003685556362534,35555.57253918602,35555.44149760238
100000,17,uniform,8600,0.0004396685425199,35555.5978236938,35555.44149760238
100000,17,uniform,8700,0.0006020940770274,35555.6555748097,35555.44149760238
100000,17,uniform,8800,0.0007498843524791,35555.70812229463,35555.44149760238
100000,17,uniform,8900,0.0008791328250167,35555.75407715967,35555.44149760238
100000,17,uniform,9000,0.0010128877215971,35555.80163430367,35555.44149760238
100000,17,uniform,9100,0.0011551084418824,35555.85220150867,35555.44149760238
100000,17,uniform,9200,0.0012737749188096,35555.89439389845,35555.44149760238
100000,17,uniform,9300,0.0013960623915895,35555.937873749295,35555.44149760238
100000,17,uniform,9400,0.0015196107694656,35555.98180192051,35555.44149760238
100000,17,uniform,9500,0.0016238632765114,35556.018869359665,35555.44149760238
100000,17,uniform,9600,0.0017392073526916,35556.05988045519,35555.44149760238
100000,17,uniform,9700,0.0018459628401573,35556.09783784008,35555.44149760238
100000,17,uniform,9800,0.0019418768345997,35556.131940484265,35555.44149760238
100000,17,uniform,9900,0.00204668514135,35556.16920554046,35555.44149760238
100000,17,uniform,10000,0.0021353641902085,35556.200735767794,35555.44149760238
100000,18,uniform,0,34.130803121860886,40432.56966335628,30144.13447343812
100000,18,uniform,100,7.437758368258734,32386.182357775426,30144.13447343812
100000,18,uniform,200,3.6584324638058527,31246.937274947668,30144.13447343812
100000,18,uniform,300,0.9700398221605264,30436.544581876085,30144.13447343812
100000,18,uniform,400,0.2055954230414777,30206.109434230973,30144.13447343812
100000,18,uniform,500,0.0910940716474951,30171.593992892867,30144.13447343812
100000,18,uniform,600,0.0626495059312547,30163.01962475298,30144.13447343812
100000,18,uniform,700,0.043003221459047,30157.09742234264,30144.13447343812
100000,18,uniform,800,0.0378023231090867,30155.529656550203,30144.13447343812
100000,18,uniform,900,0.0452618184739302,30157.77825686402,30144.13447343812
100000,18,uniform,1000,0.0459509054016013,30157.985976154137,30144.13447343812
100000,18,uniform,1100,0.0409442023167244,30156.476748843543,30144.13447343812
100000,18,uniform,1200,0.0390030665528395,30155.89161026857,30144.13447343812
100000,18,uniform,1300,0.037320513898092,30155.38441933373,30144.13447343812
100000,18,uniform,1400,0.0295754208868093,30153.04972808132,30144.13447343812
100000,18,uniform,1500,0.0227880146765424,30151.00372322604,30144.13447343812
100000,18,uniform,1600,0.0187419788445251,30149.784080744,30144.13447343812
100000,18,uniform,1700,0.0192876518387303,30149.948569145152,30144.13447343812
100000,18,uniform,1800,0.0167479680436057,30149.18300344675,30144.13447343812
100000,18,uniform,1900,0.022065601716641,30150.78595809196,30144.13447343812
100000,18,uniform,2000,0.0174458008723091,30149.39335911304,30144.13447343812
100000,18,uniform,2100,0.0232074822835055,30151.13016810556,30144.13447343812
100000,18,uniform,2200,0.021436248791397,30150.596245099856,30144.13447343812
100000,18,uniform,2300,0.0100766584006053,30147.171994896824,30144.13447343812
100000,18,uniform,2400,0.0118998356014925,30147.72157588395,30144.13447343812
100000,18,uniform,2500,0.0142642660949972,30148.43431299144,30144.13447343812
100000,18,uniform,2600,0.0130928538653582,30148.0812009137,30144.13447343812
100000,18,uniform,2700,0.012140333085662,30147.79407176898,30144.13447343812
100000,18,uniform,2800,0.0092312208802513,30146.9171450738,30144.13447343812
100000,18,uniform,2900,0.0040191121168181,30145.34599999925,30144.13447343812
100000,18,uniform,3000,0.004615124901141,30145.52566289444,30144.13447343812
100000,18,uniform,3100,0.0041907045206567,30145.397725044208,30144.13447343812
100000,18,uniform,3200,0.0052670926916391,30145.722192941925,30144.13447343812
100000,18,uniform,3300,0.0058299856265884,30145.891872145177,30144.13447343812
100000,18,uniform,3400,0.0068784076434927,30146.2079098878,30144.13447343812
100000,18,uniform,3500,0.0058553510622987,30145.899518336228,30144.13447343812
100000,18,uniform,3600,0.0032368201945701,30145.11018487023,30144.13447343812
100000,18,uniform,3700,0.0037523786024667,30145.26559549,30144.13447343812
100000,18,uniform,3800,0.0060568565646416,30145.960260425825,30144.13447343812
100000,18,uniform,3900,0.008818917704534,30146.79285985008,30144.13447343812
100000,18,uniform,4000,0.0174919168985539,30149.40726039,30144.13447343812
100000,18,uniform,4100,0.015062451488175,30148.67491906971,30144.13447343812
100000,18,uniform,4200,0.0117871131891462,30147.68759668839,30144.13447343812
100000,18,uniform,4300,0.008731116844122,30146.76639304064,30144.13447343812
100000,18,uniform,4400,0.0064771561021398,30146.0869560836,30144.13447343812
100000,18,uniform,4500,0.0068168347206544,30146.189349263143,30144.13447343812
100000,18,uniform,4600,0.0066048064424865,30146.12543517385,30144.13447343812
100000,18,uniform,4700,0.0077311468329343,30146.46496073577,30144.13447343812
100000,18,uniform,4800,0.0037599609497445,30145.26788112296,30144.13447343812
100000,18,uniform,4900,0.0222894114838659,30150.85342360915,30144.13447343812
100000,18,uniform,5000,0.0302420669577049,30153.250682769394,30144.13447343812
100000,18,uniform,5100,0.0318708709025207,30153.741671620828,30144.13447343812
100000,18,uniform,5200,0.0305750548178028,30153.35105907772,30144.13447343812
100000,18,uniform,5300,0.0315674402559708,30153.6502050787,30144.13447343812
100000,18,uniform,5400,0.0318562175563475,30153.737254496453,30144.13447343812
100000,18,uniform,5500,0.0348969924319229,30154.65386976398,30144.13447343812
100000,18,uniform,5600,0.0373657510048879,30155.39805566804,30144.13447343812
100000,18,uniform,5700,0.0397397022038219,30156.11366270978,30144.13447343812
100000,18,uniform,5800,0.0417489107658232,30156.71932124056,30144.13447343812
100000,18,uniform,5900,0.0384970442581889,30155.739074227604,30144.13447343812
100000,18,uniform,6000,0.042636322648412,30156.986823871783,30144.13447343812
100000,18,uniform,6100,0.0456977492910256,30157.909664435738,30144.13447343812
100000,18,uniform,6200,0.0470569084422025,30158.319371197977,30144.13447343812
100000,18,uniform,6300,0.0516664204609936,30159.70886869949,30144.13447343812
100000,18,uniform,6400,0.0501250352457923,30159.244231467463,30144.13447343812
100000,18,uniform,6500,0.0453336595922349,30157.79991274733,30144.13447343812
100000,18,uniform,6600,0.0421196165061174,30156.831067277417,30144.13447343812
100000,18,uniform,6700,0.0464563850861802,30158.13834863,30144.13447343812
100000,18,uniform,6800,0.0490621900987531,30158.9238459971,30144.13447343812
100000,18,uniform,6900,0.0478810581790798,30158.567804002923,30144.13447343812
100000,18,uniform,7000,0.0506735029660073,30159.40956231459,30144.13447343812
100000,18,uniform,7100,0.0544491635192046,30160.547702509008,30144.13447343812
100000,18,uniform,7200,0.0566996211712077,30161.22608348989,30144.13447343812
100000,18,uniform,7300,0.0580563253653041,30161.63505022657,30144.13447343812
100000,18,uniform,7400,0.0563943297877191,30161.13405604472,30144.13447343812
100000,18,uniform,7500,0.0576062917233965,30161.49939148037,30144.13447343812
100000,18,uniform,7600,0.0531812215272087,30160.16549236989,30144.13447343812
100000,18,uniform,7700,0.0504688709630707,30159.34787776845,30144.13447343812
100000,18,uniform,7800,0.0478482072263358,30158.557901367552,30144.13447343812
100000,18,uniform,7900,0.0475380959044535,30158.464420993667,30144.13447343812
100000,18,uniform,8000,0.0427950720127856,30157.03467749365,30144.13447343812
100000,18,uniform,8100,0.0399680532406743,30156.1824971534,30144.13447343812
100000,18,uniform,8200,0.0409662079162957,30156.48338224108,30144.13447343812
100000,18,uniform,8300,0.0417907400073484,30156.731930303376,30144.13447343812
100000,18,uniform,8400,0.0387528191890616,30155.816175366715,30144.13447343812
100000,18,uniform,8500,0.0376784307014131,30155.49231025623,30144.13447343812
100000,18,uniform,8600,0.0368715910562349,30155.249095428604,30144.13447343812
100000,18,uniform,8700,0.0348903761810169,30154.65187535241,30144.13447343812
100000,18,uniform,8800,0.0359457258490465,30154.970001375503,30144.13447343812
100000,18,uniform,8900,0.0353074711202035,30154.77760501176,30144.13447343812
100000,18,uniform,9000,0.0329822915298554,30154.076699749297,30144.13447343812
100000,18,uniform,9100,0.0329871273702754,30154.078157471537,30144.13447343812
100000,18,uniform,9200,0.0321529647115716,30153.82670635797,30144.13447343812
100000,18,uniform,9300,0.0337606848090383,30154.311339666107,30144.13447343812
100000,18,uniform,9400,0.0339883993767465,30154.37998225161,30144.13447343812
100000,18,uniform,9500,0.0344281217129449,30154.512532743945,30144.13447343812
100000,18,uniform,9600,0.0336395178573399,30154.27481493725,30144.13447343812
100000,18,uniform,9700,0.0291234314450465,30152.91347977619,30144.13447343812
100000,18,uniform,9800,0.0256772126817525,30151.87464695793,30144.13447343812
100000,18,uniform,9900,0.0349019972971845,30154.65537843729,30144.13447343812
100000,18,uniform,10000,0.0351566034698464,30154.73212726436,30144.13447343812
100000,19,uniform,0,51.7240183631386,57867.96610604558,38140.28044494808
100000,19,uniform,100,4.292649181005885,39777.50888110149,38140.28044494808
100000,19,uniform,200,2.6885976153044413,39165.719115461376,38140.28044494808
100000,19,uniform,300,0.8444506379007981,38462.35628646259,38140.28044494808
100000,19,uniform,400,0.0799848810064726,38170.7869028775,38140.28044494808
100000,19,uniform,500,0.0664969452556546,38165.64256635591,38140.28044494808
100000,19,uniform,600,0.0445794302491839,38157.283164665874,38140.28044494808
100000,19,uniform,700,0.0205764238217529,38148.12835069923,38140.28044494808
100000,19,uniform,800,0.0031646767201701,38141.48746152432,38140.28044494808
100000,19,uniform,900,0.0122239270611423,38144.94268501058,38140.28044494808
100000,19,uniform,1000,0.0176318171604725,38147.00526946062,38140.28044494808
100000,19,uniform,1100,0.0176963269098594,38147.02987365995,38140.28044494808
100000,19,uniform,1200,0.0177469255161419,38147.04917211029,38140.28044494808
100000,19,uniform,1300,0.0184883369449699,38147.331948508494,38140.28044494808
100000,19,uniform,1400,0.0188980462685395,38147.48821279351,38140.28044494808
100000,19,uniform,1500,0.0182671201029233,38147.24757578455,38140.28044494808
100000,19,uniform,1600,0.016815076465833,38146.69376226918,38140.28044494808
100000,19,uniform,1700,0.014906390903755,38145.96578424299,38140.28044494808
100000,19,uniform,1800,0.0131403033440227,38145.2921934948,38140.28044494808
100000,19,uniform,1900,0.011652749541641,38144.724836302805,38140.28044494808
100000,19,uniform,2000,0.0104207448282367,38144.25494625002,38140.28044494808
100000,19,uniform,2100,0.0093229439857133,38143.83624192995,38140.28044494808
100000,19,uniform,2200,0.007545729526549,38143.15840735112,38140.28044494808
100000,19,uniform,2300,0.006787759524878,38142.86931546679,38140.28044494808
100000,19,uniform,2400,0.0060597946410092,38142.591667618544,38140.28044494808
100000,19,uniform,2500,0.0056271207385168,38142.42664457872,38140.28044494808
100000,19,uniform,2600,0.0060371901372143,38142.58304619741,38140.28044494808
100000,19,uniform,2700,0.0057913892320008,38142.48929704282,38140.28044494808
100000,19,uniform,2800,0.0053238701955501,38142.31098397118,38140.28044494808
100000,19,uniform,2900,0.0049191107862233,38142.15660759734,38140.28044494808
100000,19,uniform,3000,0.0045693034125071,38142.02319008399,38140.28044494808
100000,19,uniform,3100,0.0042355099100385,38141.89588030604,38140.28044494808
100000,19,uniform,3200,0.0041466077269813,38141.8619727641,38140.28044494808
100000,19,uniform,3300,0.004054646405606,38141.82689845823,38140.28044494808
100000,19,uniform,3400,0.0039252959357023,38141.77756382625,38140.28044494808
100000,19,uniform,3500,0.003862899679153,38141.75376571901,38140.28044494808
100000,19,uniform,3600,0.0037528709995464,38141.71180047204,38140.28044494808
100000,19,uniform,3700,0.0029993224883457,38141.42439495658,38140.28044494808
100000,19,uniform,3800,0.0020916799948295,38141.078217564114,38140.28044494808
100000,19,uniform,3900,0.0012130352763718,38140.74310000438,38140.28044494808
100000,19,uniform,4000,0.0003987124243036,38140.43251498488,38140.28044494808
100000,19,uniform,4100,0.0001621367612481,38140.34228436352,38140.28044494808
100000,19,uniform,4200,0.006437458279063,38142.73570958924,38140.28044494808
100000,19,uniform,4300,0.0149425533956476,38145.97957671881,38140.28044494808
100000,19,uniform,4400,0.0230111895761204,38149.05697718613,38140.28044494808
100000,19,uniform,4500,0.0231192318500611,38149.09818481241,38140.28044494808
100000,19,uniform,4600,0.0228094217281403,38148.98002236306,38140.28044494808
100000,19,uniform,4700,0.0295702696279918,38151.55862871252,38140.28044494808
100000,19,uniform,4800,0.0369683121778549,38154.38026288847,38140.28044494808
100000,19,uniform,4900,0.0374972255056605,38154.58199191501,38140.28044494808
100000,19,uniform,5000,0.0397801314097715,38155.45269862913,38140.28044494808
100000,19,uniform,5100,0.0418364519080795,38156.23698503403,38140.28044494808
100000,19,uniform,5200,0.0406206205846455,38155.77326355754,38140.28044494808
100000,19,uniform,5300,0.0396713660857628,38155.41121522953,38140.28044494808
100000,19,uniform,5400,0.0398904152451101,38155.494761193215,38140.28044494808
100000,19,uniform,5500,0.0405037265819109,38155.72867985707,38140.28044494808
100000,19,uniform,5600,0.0411346389097075,38155.969311588255,38140.28044494808
100000,19,uniform,5700,0.0416899396579139,38156.18110485093,38140.28044494808
100000,19,uniform,5800,0.0422177042936203,38156.38239576308,38140.28044494808
100000,19,uniform,5900,0.0414092045013549,38156.074031674914,38140.28044494808
100000,19,uniform,6000,0.0408332594016726,38155.85436459869,38140.28044494808
100000,19,uniform,6100,0.0443995704482458,38157.21456563339,38140.28044494808
100000,19,uniform,6200,0.0460482100205368,38157.84336138979,38140.28044494808
100000,19,uniform,6300,0.0449696581232328,38157.43199867141,38140.28044494808
100000,19,uniform,6400,0.0439304935222572,38157.03565837832,38140.28044494808
100000,19,uniform,6500,0.0429448912547424,38156.65974690941,38140.28044494808
100000,19,uniform,6600,0.0420192998051905,38156.30672373478,38140.28044494808
100000,19,uniform,6700,0.0411089989015777,38155.95953241725,38140.28044494808
100000,19,uniform,6800,0.0402593492684785,38155.635473664384,38140.28044494808
100000,19,uniform,6900,0.0394457401246867,38155.32516085522,38140.28044494808
100000,19,uniform,7000,0.0386774887528143,38155.03214762746,38140.28044494808
100000,19,uniform,7100,0.0379264183975574,38154.74568728763,38140.28044494808
100000,19,uniform,7200,0.03720559430144,38154.470762955854,38140.28044494808
100000,19,uniform,7300,0.0390322438940382,38155.16745223322,38140.28044494808
100000,19,uniform,7400,0.0374363913760144,38154.55878960736,38140.28044494808
100000,19,uniform,7500,0.0364052816363791,38154.16552146096,38140.28044494808
100000,19,uniform,7600,0.0351010706651381,38153.66809173894,38140.28044494808
100000,19,uniform,7700,0.0332747824248235,38152.97154028235,38140.28044494808
100000,19,uniform,7800,0.0315131442245253,38152.29964653233,38140.28044494808
100000,19,uniform,7900,0.0301528420923009,38151.7808234842,38140.28044494808
100000,19,uniform,8000,0.0386463604168185,38155.020275192815,38140.28044494808
100000,19,uniform,8100,0.0431460734288781,38156.73647835483,38140.28044494808
100000,19,uniform,8200,0.0440080181772544,38157.06522649914,38140.28044494808
100000,19,uniform,8300,0.0454457382993784,38157.613576985736,38140.28044494808
100000,19,uniform,8400,0.0456667910026177,38157.69788710668,38140.28044494808
100000,19,uniform,8500,0.0458405686491318,38157.76416638841,38140.28044494808
100000,19,uniform,8600,0.0460316888218613,38157.83706015828,38140.28044494808
100000,19,uniform,8700,0.0447351557365519,38157.34255880348,38140.28044494808
100000,19,uniform,8800,0.0426262754269064,38156.53822593913,38140.28044494808
100000,19,uniform,8900,0.0422636022397068,38156.39990136844,38140.28044494808
100000,19,uniform,9000,0.0421333109332106,38156.35020789874,38140.28044494808
100000,19,uniform,9100,0.0420464836757011,38156.31709173923,38140.28044494808
100000,19,uniform,9200,0.0415354091376433,38156.12216647713,38140.28044494808
100000,19,uniform,9300,0.0400203074433322,38155.54430244189,38140.28044494808
100000,19,uniform,9400,0.0385292423663329,38154.97560603991,38140.28044494808
100000,19,uniform,9500,0.0371697865235892,38154.45710576896,38140.28044494808
100000,19,uniform,9600,0.0354579626403724,38153.80421133918,38140.28044494808
100000,19,uniform,9700,0.0344817965860937,38153.43189886847,38140.28044494808
100000,19,uniform,9800,0.0341658135004945,38153.31138203346,38140.28044494808
100000,19,uniform,9900,0.0335552026168411,38153.07849333001,38140.28044494808
100000,19,uniform,10000,0.0325408363040648,38152.69161117358,38140.28044494808
100000,20,uniform,0,51.31193928608302,58179.190485587154,38449.83466611231
100000,20,uniform,100,4.523333878994642,40189.04906398199,38449.83466611231
100000,20,uniform,200,2.316486387279639,39340.519852084326,38449.83466611231
100000,20,uniform,300,0.5934375264289172,38678.01041387089,38449.83466611231
100000,20,uniform,400,0.1301873158800671,38499.89147382444,38449.83466611231
100000,20,uniform,500,0.0718542657023116,38477.4625124754,38449.83466611231
100000,20,uniform,600,0.0605703156019902,38473.123852318015,38449.83466611231
100000,20,uniform,700,0.0422471304060167,38466.0786179046,38449.83466611231
100000,20,uniform,800,0.0304871182547821,38461.55691267573,38449.83466611231
100000,20,uniform,900,0.021974048734191,38458.28365152005,38449.83466611231
100000,20,uniform,1000,0.0154250050876962,38455.765555065766,38449.83466611231
100000,20,uniform,1100,0.0156016521608551,38455.83347557334,38449.83466611231
100000,20,uniform,1200,0.0137500231423327,38455.121527277086,38449.83466611231
100000,20,uniform,1300,0.0101867436436798,38453.75145220116,38449.83466611231
100000,20,uniform,1400,0.0101136035282018,38453.72332994769,38449.83466611231
100000,20,uniform,1500,0.015193935272133,38455.67670910372,38449.83466611231
100000,20,uniform,1600,0.0220340084750637,38458.306705941286,38449.83466611231
100000,20,uniform,1700,0.0285438814997643,38460.80974135626,38449.83466611231
100000,20,uniform,1800,0.0262116043943182,38459.91298466526,38449.83466611231
100000,20,uniform,1900,0.0145977735254159,38455.44748589776,38449.83466611231
100000,20,uniform,2000,0.0030441771028487,38451.005147175296,38449.83466611231
100000,20,uniform,2100,0.0032032751900877,38451.0663201268,38449.83466611231
100000,20,uniform,2200,0.0109199758184379,38454.03337876008,38449.83466611231
100000,20,uniform,2300,0.0088658298754412,38453.24356304119,38449.83466611231
100000,20,uniform,2400,0.0052754874987552,38451.86308233341,38449.83466611231
100000,20,uniform,2500,0.0083779992339492,38453.05599296609,38449.83466611231
100000,20,uniform,2600,0.0116614688040362,38454.3184815871,38449.83466611231
100000,20,uniform,2700,0.0109907222589719,38454.06058064949,38449.83466611231
100000,20,uniform,2800,0.0135331271436106,38455.03813112418,38449.83466611231
100000,20,uniform,2900,0.0180171106761524,38456.7622153789,38449.83466611231
100000,20,uniform,3000,0.025486782172561,38459.63429171937,38449.83466611231
100000,20,uniform,3100,0.0311342034688592,38461.80571587069,38449.83466611231
100000,20,uniform,3200,0.0372775225492098,38464.1678119001,38449.83466611231
100000,20,uniform,3300,0.035220219555121,38463.37678230029,38449.83466611231
100000,20,uniform,3400,0.0297640275107384,38461.27888548016,38449.83466611231
100000,20,uniform,3500,0.0274876867439451,38460.40363621889,38449.83466611231
100000,20,uniform,3600,0.0254716937011088,38459.62849022704,38449.83466611231
100000,20,uniform,3700,0.0272962248235598,38460.330019427056,38449.83466611231
100000,20,uniform,3800,0.0358960055300109,38463.636620890335,38449.83466611231
100000,20,uniform,3900,0.0450979068668163,38467.17473674048,38449.83466611231
100000,20,uniform,4000,0.0532119102771733,38470.29455763656,38449.83466611231
100000,20,uniform,4100,0.0584254769389596,38472.299165398224,38449.83466611231
100000,20,uniform,4200,0.0592393349607104,38472.612092462005,38449.83466611231
100000,20,uniform,4300,0.0514672521111846,38469.62373945625,38449.83466611231
100000,20,uniform,4400,0.0448553789488256,38467.08148515699,38449.83466611231
100000,20,uniform,4500,0.0401037107830943,38465.25447660338,38449.83466611231
100000,20,uniform,4600,0.037370427503316,38464.20353370135,38449.83466611231
100000,20,uniform,4700,0.0349785647629704,38463.28386643225,38449.83466611231
100000,20,uniform,4800,0.0313726681581374,38461.89740514946,38449.83466611231
100000,20,uniform,4900,0.0384753296166767,38464.62836673716,38449.83466611231
100000,20,uniform,5000,0.0396605618928385,38465.08408658776,38449.83466611231
100000,20,uniform,5100,0.0419878983714304,38465.9789436159,38449.83466611231
100000,20,uniform,5200,0.0443501251981411,38466.887215925206,38449.83466611231
100000,20,uniform,5300,0.0487864281701379,38468.59296708323,38449.83466611231
100000,20,uniform,5400,0.0612959913407122,38473.402873439765,38449.83466611231
100000,20,uniform,5500,0.0738222050364866,38478.219181895714,38449.83466611231
100000,20,uniform,5600,0.0699564196621082,38476.73279381072,38449.83466611231
100000,20,uniform,5700,0.0663614975430191,38475.350552199554,38449.83466611231
100000,20,uniform,5800,0.0618527204176118,38473.61693484937,38449.83466611231
100000,20,uniform,5900,0.0628575936368319,38474.003306940765,38449.83466611231
100000,20,uniform,6000,0.0701212514732217,38476.79617136957,38449.83466611231
100000,20,uniform,6100,0.0794582084057567,38480.386215872975,38449.83466611231
100000,20,uniform,6200,0.084333159862308,38482.26062664807,38449.83466611231
100000,20,uniform,6300,0.0848462978288468,38482.457927347816,38449.83466611231
100000,20,uniform,6400,0.0863598614824843,38483.039890070206,38449.83466611231
100000,20,uniform,6500,0.0897420708582446,38484.34034398325,38449.83466611231
100000,20,uniform,6600,0.0924850272069168,38485.39500616428,38449.83466611231
100000,20,uniform,6700,0.0958531251867624,38486.69003426892,38449.83466611231
100000,20,uniform,6800,0.0996105229375667,38488.13474749185,38449.83466611231
100000,20,uniform,6900,0.1020332246455238,38489.06627229301,38449.83466611231
100000,20,uniform,7000,0.0984646879454297,38487.69417583183,38449.83466611231
100000,20,uniform,7100,0.094339751574045,38486.10814461695,38449.83466611231
100000,20,uniform,7200,0.0897396823355902,38484.33942560024,38449.83466611231
100000,20,uniform,7300,0.0850141891650218,38482.522481288994,38449.83466611231
100000,20,uniform,7400,0.0834555976032446,38481.92320541037,38449.83466611231
100000,20,uniform,7500,0.0892577441311151,38484.15412115742,38449.83466611231
100000,20,uniform,7600,0.0993833468658741,38488.047398667884,38449.83466611231
100000,20,uniform,7700,0.0953689989232321,38486.503888521016,38449.83466611231
100000,20,uniform,7800,0.0902440438315855,38484.533351761565,38449.83466611231
100000,20,uniform,7900,0.0882687985939011,38483.77387323343,38449.83466611231
100000,20,uniform,8000,0.0832967987294208,38481.86214750593,38449.83466611231
100000,20,uniform,8100,0.0793603798348095,38480.34860094919,38449.83466611231
100000,20,uniform,8200,0.0759756697313546,38479.04718551048,38449.83466611231
100000,20,uniform,8300,0.0717832591285409,38477.43521056518,38449.83466611231
100000,20,uniform,8400,0.0678923828043848,38475.93917505148,38449.83466611231
100000,20,uniform,8500,0.0685676669724297,38476.19882069762,38449.83466611231
100000,20,uniform,8600,0.0701324945785412,38476.800494324976,38449.83466611231
100000,20,uniform,8700,0.0730964616290241,38477.940134755445,38449.83466611231
100000,20,uniform,8800,0.0765827603318411,38479.280610842645,38449.83466611231
100000,20,uniform,8900,0.0779876675913404,38479.820795361135,38449.83466611231
100000,20,uniform,9000,0.0787055098702388,38480.09680453053,38449.83466611231
100000,20,uniform,9100,0.0788325466073056,38480.1456499459,38449.83466611231
100000,20,uniform,9200,0.078460937108214,38480.0027667079,38449.83466611231
100000,20,uniform,9300,0.0756874294999727,38478.93635761808,38449.83466611231
100000,20,uniform,9400,0.0735908234900066,38478.130216073645,38449.83466611231
100000,20,uniform,9500,0.0715842454060634,38477.35869011792,38449.83466611231
100000,20,uniform,9600,0.06971159853635,38476.63866049264,38449.83466611231
100000,20,uniform,9700,0.0664575983004749,38475.38750278191,38449.83466611231
100000,20,uniform,9800,0.0634736030381642,38474.24016153711,38449.83466611231
100000,20,uniform,9900,0.0614626092900985,38473.46693776583,38449.83466611231
100000,20,uniform,10000,0.0593064259177578,38472.63788882407,38449.83466611231
