temperature,scenario_size,rep,iteration,gap_percent,objective,reference_objective
1.0,1000,1,0,53.301152087590594,49155.15317218556,32064.438200764547
1.0,1000,1,100,7.68561613170714,34528.787835663774,32064.438200764547
1.0,1000,1,200,2.857016495321941,32980.5244892927,32064.438200764547
1.0,1000,1,300,0.7953151429752199,32319.45153328516,32064.438200764547
1.0,1000,1,400,0.1808052594799418,32122.412391454225,32064.438200764547
1.0,1000,1,500,0.0662366761995018,32085.676618870777,32064.438200764547
1.0,1000,1,600,0.0516562347124629,32081.001482220767,32064.438200764547
1.0,1000,1,700,0.0423013596786105,32078.00189409678,32064.438200764547
1.0,1000,1,800,0.0299956066244326,32074.056123513583,32064.438200764547
1.0,1000,1,900,0.0190718965538702,32070.553497248777,32064.438200764547
1.0,1000,1,1000,0.0185051060093506,32070.3717590449,32064.438200764547
1.0,1000,1,1100,0.0184569808038985,32070.35632796814,32064.438200764547
1.0,1000,1,1200,0.0177837111979261,32070.14044785141,32064.438200764547
1.0,1000,1,1300,0.0154676984175978,32069.39783136474,32064.438200764547
1.0,1000,1,1400,0.0111350068933253,32068.00857816851,32064.438200764547
1.0,1000,1,1500,0.0108197274138465,32067.90748557465,32064.438200764547
1.0,1000,1,1600,0.011136915761384,32068.009190236327,32064.438200764547
1.0,1000,1,1700,0.0111076300128029,32067.99979992557,32064.438200764547
1.0,1000,1,1800,0.0108267899967762,32067.90975015219,32064.438200764547
1.0,1000,1,1900,0.0096111238117395,32067.51995361956,32064.438200764547
1.0,1000,1,2000,0.0085257272750473,32067.17192731782,32064.438200764547
1.0,1000,1,2100,0.0096861726458549,32067.5440176066,32064.438200764547
1.0,1000,1,2200,0.0106991100597302,32067.86881029768,32064.438200764547
1.0,1000,1,2300,0.0108288182167858,32067.91040048954,32064.438200764547
1.0,1000,1,2400,0.0101924522053159,32067.706353303063,32064.438200764547
1.0,1000,1,2500,0.0095605482424681,32067.503736847408,32064.438200764547
1.0,1000,1,2600,0.0093114717066679,32067.42387185552,32064.438200764547
1.0,1000,1,2700,0.0090933567149075,32067.353934508774,32064.438200764547
1.0,1000,1,2800,0.0086445718028157,32067.21003414798,32064.438200764547
1.0,1000,1,2900,0.0070616824473836,32066.702489568823,32064.438200764547
1.0,1000,1,3000,0.0061408648666003,32066.40723458469,32064.438200764547
1.0,1000,1,3100,0.0056352311869011,32066.24510598594,32064.438200764547
1.0,1000,1,3200,0.0034758738360966,32065.55272018266,32064.438200764547
1.0,1000,1,3300,0.002760895893546,32065.32346652212,32064.438200764547
1.0,1000,1,3400,0.0025615192804692,32065.25953753124,32064.438200764547
1.0,1000,1,3500,0.0032363006357488,32065.475902381888,32064.438200764547
1.0,1000,1,3600,0.0026178761514808,32065.27760804531,32064.438200764547
1.0,1000,1,3700,0.0035703712461635,32065.58302024631,32064.438200764547
1.0,1000,1,3800,0.0139642445587845,32068.915757331302,32064.438200764547
1.0,1000,1,3900,0.0169993934511095,32069.888960772183,32064.438200764547
1.0,1000,1,4000,0.0155902355114784,32069.43712219548,32064.438200764547
1.0,1000,1,4100,0.0155397974349028,32069.420949509586,32064.438200764547
1.0,1000,1,4200,0.0156688333416242,32069.46232414816,32064.438200764547
1.0,1000,1,4300,0.0158017751859881,32069.50495120368,32064.438200764547
1.0,1000,1,4400,0.015881342519142,32069.53046402205,32064.438200764547
1.0,1000,1,4500,0.0158570107822654,32069.522662187315,32064.438200764547
1.0,1000,1,4600,0.0137622745862575,32068.85099679428,32064.438200764547
1.0,1000,1,4700,0.0104956768700531,32067.803580588297,32064.438200764547
1.0,1000,1,4800,0.0081062063853258,32067.0374103014,32064.438200764547
1.0,1000,1,4900,0.0073470278289847,32066.793983962365,32064.438200764547
1.0,1000,1,5000,0.0094931500065507,32067.482125981704,32064.438200764547
1.0,1000,2,0,56.83985025964285,49544.408190758986,31589.17080623321
1.0,1000,2,100,5.6941300955252885,33387.89928803783,31589.17080623321
1.0,1000,2,200,2.981470160804188,32530.99250786653,31589.17080623321
1.0,1000,2,300,0.7506389877569427,31826.29143821393,31589.17080623321
1.0,1000,2,400,0.0895275264839935,31617.45180949284,31589.17080623321
1.0,1000,2,500,0.0382307623242208,31601.247587044338,31589.17080623321
1.0,1000,2,600,0.024690662802524,31596.97038187909,31589.17080623321
1.0,1000,2,700,0.0243401217365121,31596.859648863006,31589.17080623321
1.0,1000,2,800,0.0130589570207384,31593.29602247201,31589.17080623321
1.0,1000,2,900,0.0125537434968858,31593.136429709022,31589.17080623321
1.0,1000,2,1000,0.0067140749134145,31591.29172682567,31589.17080623321
1.0,1000,2,1100,0.0087904088142524,31591.947623488115,31589.17080623321
1.0,1000,2,1200,0.0066674557572252,31591.277000220794,31589.17080623321
1.0,1000,2,1300,0.0022580070065023,31589.884091923315,31589.17080623321
1.0,1000,2,1400,0.0055195215690224,31590.91437732934,31589.17080623321
1.0,1000,2,1500,0.0078015239535374,31591.635242960387,31589.17080623321
1.0,1000,2,1600,0.0083813626157882,31591.81840918581,31589.17080623321
1.0,1000,2,1700,0.0078005969957452,31591.634950142103,31589.17080623321
1.0,1000,2,1800,0.006186623880878,31591.125109418084,31589.17080623321
1.0,1000,2,1900,0.0044373167839258,31590.572517811303,31589.17080623321
1.0,1000,2,2000,0.0025664753712987,31589.98153452196,31589.17080623321
1.0,1000,2,2100,0.00825746100634,31591.779269694765,31589.17080623321
1.0,1000,2,2200,0.0159962750483549,31594.223896880874,31589.17080623321
1.0,1000,2,2300,0.027233821929409,31597.77374475956,31589.17080623321
1.0,1000,2,2400,0.0467012766592072,31603.923352285783,31589.17080623321
1.0,1000,2,2500,0.0496053823919395,31604.84073520609,31589.17080623321
1.0,1000,2,2600,0.0447899033931504,31603.319565320024,31589.17080623321
1.0,1000,2,2700,0.0405042922211001,31601.9657762868,31589.17080623321
1.0,1000,2,2800,0.0379991075402009,31601.174409218933,31589.17080623321
1.0,1000,2,2900,0.0378268888466259,31601.12000676166,31589.17080623321
1.0,1000,2,3000,0.0352804195150525,31600.31559821498,31589.17080623321
1.0,1000,2,3100,0.0326185019900958,31599.4747205413,31589.17080623321
1.0,1000,2,3200,0.0301720640761984,31598.70191109001,31589.17080623321
1.0,1000,2,3300,0.0314391756638319,31599.10218113373,31589.17080623321
1.0,1000,2,3400,0.0292824935660541,31598.42090314212,31589.17080623321
1.0,1000,2,3500,0.0315254614597567,31599.12943810119,31589.17080623321
1.0,1000,2,3600,0.0379522968355876,31601.159622105497,31589.17080623321
1.0,1000,2,3700,0.0426976267926568,31602.658632490955,31589.17080623321
1.0,1000,2,3800,0.0440564482745904,31603.087872929835,31589.17080623321
1.0,1000,2,3900,0.0401717879774606,31601.86074095333,31589.17080623321
1.0,1000,2,4000,0.0350093156259365,31600.229958744385,31589.17080623321
1.0,1000,2,4100,0.0334887055556143,31599.74961063197,31589.17080623321
1.0,1000,2,4200,0.0330660195682127,31599.61608763344,31589.17080623321
1.0,1000,2,4300,0.034344641649881,31600.019993746784,31589.17080623321
1.0,1000,2,4400,0.0351636868192206,31600.278723324307,31589.17080623321
1.0,1000,2,4500,0.0360907477040326,31600.571574170688,31589.17080623321
1.0,1000,2,4600,0.0348852191617009,31600.190757700333,31589.17080623321
1.0,1000,2,4700,0.0303363573380575,31598.753809969123,31589.17080623321
1.0,1000,2,4800,0.0299367924028823,31598.62759071927,31589.17080623321
1.0,1000,2,4900,0.0240892573083757,31596.78040287031,31589.17080623321
1.0,1000,2,5000,0.0202544213139466,31595.56900997789,31589.17080623321
1.0,1000,3,0,56.23239484750437,57753.838075810345,36966.62150777553
1.0,1000,3,100,6.554894164964908,39389.744423973374,36966.62150777553
1.0,1000,3,200,2.977273695663744,38067.21900610211,36966.62150777553
1.0,1000,3,300,0.7610332347081925,37247.94978319849,36966.62150777553
1.0,1000,3,400,0.158864613967351,37025.34838833063,36966.62150777553
1.0,1000,3,500,0.0677205134015482,36991.655493647806,36966.62150777553
1.0,1000,3,600,0.0483621562519499,36984.49936303019,36966.62150777553
1.0,1000,3,700,0.0447934872740242,36983.180146676255,36966.62150777553
1.0,1000,3,800,0.0358479147503195,36979.873270739714,36966.62150777553
1.0,1000,3,900,0.0234525034942883,36975.291105976365,36966.62150777553
1.0,1000,3,1000,0.0232208136804975,36975.20545807983,36966.62150777553
1.0,1000,3,1100,0.0119002968118906,36971.02064545629,36966.62150777553
1.0,1000,3,1200,0.0527660941003107,36986.12735006603,36966.62150777553
1.0,1000,3,1300,0.0954741725870798,37001.91508379348,36966.62150777553
1.0,1000,3,1400,0.0953024422186646,37001.85160087817,36966.62150777553
1.0,1000,3,1500,0.0930167321142791,37001.00665107512,36966.62150777553
1.0,1000,3,1600,0.0935312850035696,37001.19686389416,36966.62150777553
1.0,1000,3,1700,0.0910365253183101,37000.27463552378,36966.62150777553
1.0,1000,3,1800,0.0803766177745024,36996.334027848985,36966.62150777553
1.0,1000,3,1900,0.0869216826049264,36998.75351719229,36966.62150777553
1.0,1000,3,2000,0.0947596500723024,37001.650948959854,36966.62150777553
1.0,1000,3,2100,0.1065110131468937,37005.99503086964,36966.62150777553
1.0,1000,3,2200,0.0998787155043622,37003.54329450286,36966.62150777553
1.0,1000,3,2300,0.0730780747949227,36993.63600309014,36966.62150777553
1.0,1000,3,2400,0.050769831463354,36985.38939921273,36966.62150777553
1.0,1000,3,2500,0.031193751780804,36978.15278393042,36966.62150777553
1.0,1000,3,2600,0.0411150475857586,36981.8203517993,36966.62150777553
1.0,1000,3,2700,0.0370166567254685,36980.30531516207,36966.62150777553
1.0,1000,3,2800,0.0274690410486957,36976.77588421182,36966.62150777553
1.0,1000,3,2900,0.0228037301842387,36975.0512764024,36966.62150777553
1.0,1000,3,3000,0.0243750269240517,36975.632131720966,36966.62150777553
1.0,1000,3,3100,0.0148401451043542,36972.107408047465,36966.62150777553
1.0,1000,3,3200,0.017711798043926,36973.16896112065,36966.62150777553
1.0,1000,3,3300,0.0208996432900475,36974.34739980704,36966.62150777553
1.0,1000,3,3400,0.0222924716895767,36974.86228140975,36966.62150777553
1.0,1000,3,3500,0.02529568337639,36975.97246730709,36966.62150777553
1.0,1000,3,3600,0.0291099469820636,36977.38247169751,36966.62150777553
1.0,1000,3,3700,0.0306054592897403,36977.93531207189,36966.62150777553
1.0,1000,3,3800,0.0342392801599543,36979.27861287925,36966.62150777553
1.0,1000,3,3900,0.0271911048004147,36976.673140570885,36966.62150777553
1.0,1000,3,4000,0.0320141752945856,36978.45606678552,36966.62150777553
1.0,1000,3,4100,0.0369654345454488,36980.286380052654,36966.62150777553
1.0,1000,3,4200,0.0419353900512305,36982.12360469358,36966.62150777553
1.0,1000,3,4300,0.0395143691194086,36981.22863504909,36966.62150777553
1.0,1000,3,4400,0.0409575921830141,36981.762145856526,36966.62150777553
1.0,1000,3,4500,0.042506303226061,36982.33465200606,36966.62150777553
1.0,1000,3,4600,0.0447347618851853,36983.158437884034,36966.62150777553
1.0,1000,3,4700,0.0469904797543988,36983.99230057103,36966.62150777553
1.0,1000,3,4800,0.0556394636815174,36987.18953772364,36966.62150777553
1.0,1000,3,4900,0.066861054715475,36991.33778080831,36966.62150777553
1.0,1000,3,5000,0.0761214841483176,36994.76104870674,36966.62150777553
1.0,1000,4,0,41.47177659342462,54966.54330372883,38853.36328368664
1.0,1000,4,100,6.231213647565736,41274.399359158015,38853.36328368664
1.0,1000,4,200,3.192792510153182,40093.87055655079,38853.36328368664
1.0,1000,4,300,1.0932357451165005,39278.12213928387,38853.36328368664
1.0,1000,4,400,0.4739262906402071,39037.49958708598,38853.36328368664
1.0,1000,4,500,0.388629136397243,39004.35877387731,38853.36328368664
1.0,1000,4,600,0.3757855470074147,38999.36860743302,38853.36328368664
1.0,1000,4,700,0.371376835862579,38997.65567487579,38853.36328368664
1.0,1000,4,800,0.3683325420438559,38996.472864338975,38853.36328368664
1.0,1000,4,900,0.36829017217039,38996.45640221812,38853.36328368664
1.0,1000,4,1000,0.36778693780786,38996.26087874307,38853.36328368664
1.0,1000,4,1100,0.3670675368679331,38995.98136728242,38853.36328368664
1.0,1000,4,1200,0.3662538146206971,38995.66520882158,38853.36328368664
1.0,1000,4,1300,0.3653178281582017,38995.30154660102,38853.36328368664
1.0,1000,4,1400,0.3634402637333022,38994.57204967413,38853.36328368664
1.0,1000,4,1500,0.3583327512097306,38992.58760927858,38853.36328368664
1.0,1000,4,1600,0.3549291212168373,38991.26518455261,38853.36328368664
1.0,1000,4,1700,0.3511424545304912,38989.793937188624,38853.36328368664
1.0,1000,4,1800,0.3478791253788248,38988.526024058185,38853.36328368664
1.0,1000,4,1900,0.3474378616450771,38988.35457825667,38853.36328368664
1.0,1000,4,2000,0.345428029470698,38987.57369086057,38853.36328368664
1.0,1000,4,2100,0.3428183854098057,38986.55975637318,38853.36328368664
1.0,1000,4,2200,0.340474567155476,38985.64910415212,38853.36328368664
1.0,1000,4,2300,0.3382513730177656,38984.78531845729,38853.36328368664
1.0,1000,4,2400,0.3361837063832431,38983.98196042828,38853.36328368664
1.0,1000,4,2500,0.3343646724604069,38983.27520456999,38853.36328368664
1.0,1000,4,2600,0.3326329039893925,38982.60235427471,38853.36328368664
1.0,1000,4,2700,0.3310426027967283,38981.98446877502,38853.36328368664
1.0,1000,4,2800,0.329590411365048,38981.4202435625,38853.36328368664
1.0,1000,4,2900,0.3286767460432271,38981.06525385581,38853.36328368664
1.0,1000,4,3000,0.3277409853157069,38980.70167934088,38853.36328368664
1.0,1000,4,3100,0.3268013932923177,38980.33661623865,38853.36328368664
1.0,1000,4,3200,0.3259183136345972,38979.99351009115,38853.36328368664
1.0,1000,4,3300,0.3250350778538482,38979.65034328461,38853.36328368664
1.0,1000,4,3400,0.3242647970070767,38979.35106326891,38853.36328368664
1.0,1000,4,3500,0.3234907918140954,38979.05033621944,38853.36328368664
1.0,1000,4,3600,0.3236033714211038,38979.09407718314,38853.36328368664
1.0,1000,4,3700,0.3248510527485363,38979.57884334191,38853.36328368664
1.0,1000,4,3800,0.3233208126699337,38978.984293605055,38853.36328368664
1.0,1000,4,3900,0.3218392193735978,38978.40864477924,38853.36328368664
1.0,1000,4,4000,0.3223202230566542,38978.59553088763,38853.36328368664
1.0,1000,4,4100,0.3227236573075431,38978.75227866274,38853.36328368664
1.0,1000,4,4200,0.3230519950648032,38978.87984892436,38853.36328368664
1.0,1000,4,4300,0.3233379107556208,38978.9909367864,38853.36328368664
1.0,1000,4,4400,0.3227265257939117,38978.75339316617,38853.36328368664
1.0,1000,4,4500,0.3224937620355537,38978.66295661754,38853.36328368664
1.0,1000,4,4600,0.3226897322036459,38978.73909761888,38853.36328368664
1.0,1000,4,4700,0.3228693042569848,38978.80886740112,38853.36328368664
1.0,1000,4,4800,0.3229760548097073,38978.85034358117,38853.36328368664
1.0,1000,4,4900,0.3230512210535982,38978.87954819498,38853.36328368664
1.0,1000,4,5000,0.3231257091820893,38978.908489338144,38853.36328368664
1.0,1000,5,0,49.64075821873356,50618.01757729345,33826.35732392097
1.0,1000,5,100,5.557978704365841,35706.419060447195,33826.35732392097
1.0,1000,5,200,2.8047747274591885,34775.11044536235,33826.35732392097
1.0,1000,5,300,0.8654745496825744,34119.1158376442,33826.35732392097
1.0,1000,5,400,0.1415844341812616,33874.25018054218,33826.35732392097
1.0,1000,5,500,0.0359980585227001,33838.534155826535,33826.35732392097
1.0,1000,5,600,0.0271625563085727,33835.54542727622,33826.35732392097
1.0,1000,5,700,0.0232190466158336,33834.21148159645,33826.35732392097
1.0,1000,5,800,0.0204113322960959,33833.26173411802,33826.35732392097
1.0,1000,5,900,0.0183978416406897,33832.58064357424,33826.35732392097
1.0,1000,5,1000,0.0171115415716264,33832.14553511662,33826.35732392097
1.0,1000,5,1100,0.0159532068185029,33831.75371266402,33826.35732392097
1.0,1000,5,1200,0.015109278256207,33831.46824237298,33826.35732392097
1.0,1000,5,1300,0.0143268241875572,33831.203566663826,33826.35732392097
1.0,1000,5,1400,0.0135853630367939,33830.95275736555,33826.35732392097
1.0,1000,5,1500,0.0130418191209246,33830.76889625836,33826.35732392097
1.0,1000,5,1600,0.0126235840116884,33830.62742255585,33826.35732392097
1.0,1000,5,1700,0.0122085807354349,33830.48704206472,33826.35732392097
1.0,1000,5,1800,0.0117489358216398,33830.33156093376,33826.35732392097
1.0,1000,5,1900,0.0113456512701728,33830.19514446035,33826.35732392097
1.0,1000,5,2000,0.0109916599535493,33830.07540209269,33826.35732392097
1.0,1000,5,2100,0.0107105427433508,33829.98031038067,33826.35732392097
1.0,1000,5,2200,0.0104047606535516,33829.87687543834,33826.35732392097
1.0,1000,5,2300,0.0101457556153592,33829.78926346864,33826.35732392097
1.0,1000,5,2400,0.0098646522251827,33829.694176431425,33826.35732392097
1.0,1000,5,2500,0.0096445519839288,33829.61972453735,33826.35732392097
1.0,1000,5,2600,0.0094327883352513,33829.548092608864,33826.35732392097
1.0,1000,5,2700,0.0092332349276922,33829.48059096017,33826.35732392097
1.0,1000,5,2800,0.0090241525218848,33829.40986599848,33826.35732392097
1.0,1000,5,2900,0.0088709264989285,33829.35803521644,33826.35732392097
1.0,1000,5,3000,0.0086915849885212,33829.2973705163,33826.35732392097
1.0,1000,5,3100,0.0085555408186488,33829.25135172928,33826.35732392097
1.0,1000,5,3200,0.0083694249893995,33829.188395523845,33826.35732392097
1.0,1000,5,3300,0.0082397927339028,33829.14454565389,33826.35732392097
1.0,1000,5,3400,0.008086535689702,33829.0927043785,33826.35732392097
1.0,1000,5,3500,0.0079545009528131,33829.048041836606,33826.35732392097
1.0,1000,5,3600,0.0078283229497534,33829.00536041443,33826.35732392097
1.0,1000,5,3700,0.0077104710343919,33828.96549540442,33826.35732392097
1.0,1000,5,3800,0.0075789906053354,33828.92102036468,33826.35732392097
1.0,1000,5,3900,0.0074955474253816,33828.892794576466,33826.35732392097
1.0,1000,5,4000,0.0073946149811337,33828.85865280722,33826.35732392097
1.0,1000,5,4100,0.0072950647422938,33828.82497858771,33826.35732392097
1.0,1000,5,4200,0.0071603946386127,33828.77942459723,33826.35732392097
1.0,1000,5,4300,0.0070822439228122,33828.752989056855,33826.35732392097
1.0,1000,5,4400,0.0069857250930261,33828.72034025261,33826.35732392097
1.0,1000,5,4500,0.0069209562290128,33828.69843130523,33826.35732392097
1.0,1000,5,4600,0.0068367083845282,33828.66993332832,33826.35732392097
1.0,1000,5,4700,0.006768654996054,33828.64691334596,33826.35732392097
1.0,1000,5,4800,0.0067077147124102,33828.62629946786,33826.35732392097
1.0,1000,5,4900,0.0066593581947948,33828.609942219424,33826.35732392097
1.0,1000,5,5000,0.0066010487115785,33828.59021824528,33826.35732392097
1.0,1000,6,0,39.53160514378771,48363.44310904264,34661.281979236155
1.0,1000,6,100,6.940021292787756,37066.78232894835,34661.281979236155
1.0,1000,6,200,3.327220379282296,35814.5392169698,34661.281979236155
1.0,1000,6,300,0.983552624320236,35002.19392776597,34661.281979236155
1.0,1000,6,400,0.2120497455354661,34734.781139472456,34661.281979236155
1.0,1000,6,500,0.0775355079941109,34688.15678029603,34661.281979236155
1.0,1000,6,600,0.0576640847775427,34681.269090261645,34661.281979236155
1.0,1000,6,700,0.0382482929563786,34674.53932791001,34661.281979236155
1.0,1000,6,800,0.0224758899290278,34669.0724108218,34661.281979236155
1.0,1000,6,900,0.0231023278835795,34669.28954224765,34661.281979236155
1.0,1000,6,1000,0.0242647225479576,34669.69244313998,34661.281979236155
1.0,1000,6,1100,0.0236583858244464,34669.4822790585,34661.281979236155
1.0,1000,6,1200,0.015066353206703,34666.50417040512,34661.281979236155
1.0,1000,6,1300,0.0088743744144155,34664.35795117583,34661.281979236155
1.0,1000,6,1400,0.0068759501105793,34663.665271692735,34661.281979236155
1.0,1000,6,1500,0.0113869318146489,34665.228835781214,34661.281979236155
1.0,1000,6,1600,0.0135628038912971,34665.98302093721,34661.281979236155
1.0,1000,6,1700,0.0142227261081607,34666.21175843764,34661.281979236155
1.0,1000,6,1800,0.019995178839976,34668.21256455613,34661.281979236155
1.0,1000,6,1900,0.0249835480740587,34669.94159728252,34661.281979236155
1.0,1000,6,2000,0.0226994211076425,34669.14988959393,34661.281979236155
1.0,1000,6,2100,0.0159608977066832,34666.814230996686,34661.281979236155
1.0,1000,6,2200,0.0111142131528223,34665.13430799683,34661.281979236155
1.0,1000,6,2300,0.0111660788169944,34665.15228530094,34661.281979236155
1.0,1000,6,2400,0.011488541301375,34665.264054931926,34661.281979236155
1.0,1000,6,2500,0.0128290318550499,34665.72868614264,34661.281979236155
1.0,1000,6,2600,0.011631999623562,34665.3137794255,34661.281979236155
1.0,1000,6,2700,0.0138861697709454,34666.09510369658,34661.281979236155
1.0,1000,6,2800,0.0192661055997326,34667.959858424496,34661.281979236155
1.0,1000,6,2900,0.0216267970546162,34668.77810434633,34661.281979236155
1.0,1000,6,3000,0.022930140037656,34669.22985973284,34661.281979236155
1.0,1000,6,3100,0.0174764046474056,34667.339525130825,34661.281979236155
1.0,1000,6,3200,0.0137892165020164,34666.06149845065,34661.281979236155
1.0,1000,6,3300,0.0126654844216165,34665.67199850557,34661.281979236155
1.0,1000,6,3400,0.0118490170094756,34665.38900043358,34661.281979236155
1.0,1000,6,3500,0.0124544058320849,34665.59883596045,34661.281979236155
1.0,1000,6,3600,0.0076722993733319,34663.94129655624,34661.281979236155
1.0,1000,6,3700,0.0078718815602977,34664.01047430084,34661.281979236155
1.0,1000,6,3800,0.0070930420393642,34663.740518538325,34661.281979236155
1.0,1000,6,3900,0.0061983267568916,34663.43039875136,34661.281979236155
1.0,1000,6,4000,0.0056847314566758,34663.25238003612,34661.281979236155
1.0,1000,6,4100,0.0056226030478302,34663.23084553314,34661.281979236155
1.0,1000,6,4200,0.0036420563793861,34662.54436266766,34661.281979236155
1.0,1000,6,4300,0.0042091524268429,34662.74092542776,34661.281979236155
1.0,1000,6,4400,0.0043557084208735,34662.79172361411,34661.281979236155
1.0,1000,6,4500,0.0042155652972849,34662.743148210866,34661.281979236155
1.0,1000,6,4600,0.004179910958332,34662.7307899599,34661.281979236155
1.0,1000,6,4700,0.003333875924749,34662.43754337127,34661.281979236155
1.0,1000,6,4800,0.0034368045320479,34662.47321974608,34661.281979236155
1.0,1000,6,4900,0.0061121393923631,34663.400525105906,34661.281979236155
1.0,1000,6,5000,0.0051038854577552,34663.051051366565,34661.281979236155
1.0,1000,7,0,36.95864905290134,45250.06939458463,33039.220018230786
1.0,1000,7,100,8.639888816440532,35893.77189362509,33039.220018230786
1.0,1000,7,200,4.4976855573415575,34525.22024524905,33039.220018230786
1.0,1000,7,300,1.2546959754571947,33453.761782121976,33039.220018230786
1.0,1000,7,400,0.3478076597147601,33154.132956164205,33039.220018230786
1.0,1000,7,500,0.2127570186247799,33109.513277718455,33039.220018230786
1.0,1000,7,600,0.1850568515139954,33100.361358561306,33039.220018230786
1.0,1000,7,700,0.1696953374168046,33095.2860341206,33039.220018230786
1.0,1000,7,800,0.1572151656374107,33091.16268270776,33039.220018230786
1.0,1000,7,900,0.1472077639079771,33087.85631523226,33039.220018230786
1.0,1000,7,1000,0.1389122932660014,33085.11555643531,33039.220018230786
1.0,1000,7,1100,0.130924520245875,33082.476458532634,33039.220018230786
1.0,1000,7,1200,0.124207887344219,33080.25733541044,33039.220018230786
1.0,1000,7,1300,0.1183764973637157,33078.33068964466,33039.220018230786
1.0,1000,7,1400,0.1125012400979195,33076.389550469976,33039.220018230786
1.0,1000,7,1500,0.1072637310621093,33074.65911833616,33039.220018230786
1.0,1000,7,1600,0.1022671924363897,33073.00830094631,33039.220018230786
1.0,1000,7,1700,0.0977329301081728,33071.51021603949,33039.220018230786
1.0,1000,7,1800,0.0933724528908217,33070.0695483778,33039.220018230786
1.0,1000,7,1900,0.0894307584234936,33068.7672432703,33039.220018230786
1.0,1000,7,2000,0.0852362597924561,33067.38141363893,33039.220018230786
1.0,1000,7,2100,0.0812212259693752,33066.05487778031,33039.220018230786
1.0,1000,7,2200,0.0778964965213305,33064.95641310296,33039.220018230786
1.0,1000,7,2300,0.0741733851823513,33063.72632615615,33039.220018230786
1.0,1000,7,2400,0.0708731040295102,33062.635939004846,33039.220018230786
1.0,1000,7,2500,0.0677299086397972,33061.597451764435,33039.220018230786
1.0,1000,7,2600,0.0651739078099509,33060.752969026595,33039.220018230786
1.0,1000,7,2700,0.0624849545546354,33059.86455984438,33039.220018230786
1.0,1000,7,2800,0.0601195460635286,33059.08304732868,33039.220018230786
1.0,1000,7,2900,0.0575339733087411,33058.22879425749,33039.220018230786
1.0,1000,7,3000,0.0551351327353393,33057.43623604256,33039.220018230786
1.0,1000,7,3100,0.0525454557237461,33056.58062695694,33039.220018230786
1.0,1000,7,3200,0.0502859268476646,33055.83409624019,33039.220018230786
1.0,1000,7,3300,0.0476628404984416,33054.967448970005,33039.220018230786
1.0,1000,7,3400,0.0455726902000195,33054.2768796142,33039.220018230786
1.0,1000,7,3500,0.0429414572251799,33053.40754076245,33039.220018230786
1.0,1000,7,3600,0.0408666396080106,33052.722037204934,33039.220018230786
1.0,1000,7,3700,0.0384114917299003,33051.91087549571,33039.220018230786
1.0,1000,7,3800,0.0357002864868094,33051.0151144303,33039.220018230786
1.0,1000,7,3900,0.0333544987469356,33050.240084457764,33039.220018230786
1.0,1000,7,4000,0.0311603464820371,33049.51515366343,33039.220018230786
1.0,1000,7,4100,0.029103544864378,33048.83560245163,33039.220018230786
1.0,1000,7,4200,0.0272889804765651,33048.23608453117,33039.220018230786
1.0,1000,7,4300,0.0254938425846622,33047.642984973434,33039.220018230786
1.0,1000,7,4400,0.0238786290579647,33047.109331022584,33039.220018230786
1.0,1000,7,4500,0.0224696696136601,33046.64382181181,33039.220018230786
1.0,1000,7,4600,0.0211440225116569,33046.20583834912,33039.220018230786
1.0,1000,7,4700,0.0199453024137575,33045.80979057857,33039.220018230786
1.0,1000,7,4800,0.018830111461974,33045.441340186386,33039.220018230786
1.0,1000,7,4900,0.0178005813294853,33045.10119146076,33039.220018230786
1.0,1000,7,5000,0.0168012530836701,33044.77102120292,33039.220018230786
1.0,1000,8,0,33.765153677468284,63504.0488000436,47474.28388798717
1.0,1000,8,100,3.7755707413301582,49266.70906011803,47474.28388798717
1.0,1000,8,200,2.309949524059949,48570.9158827086,47474.28388798717
1.0,1000,8,300,0.5083855157211999,47715.63627096606,47474.28388798717
1.0,1000,8,400,0.1113671145611824,47527.154628111806,47474.28388798717
1.0,1000,8,500,0.0626557243245473,47504.02924442508,47474.28388798717
1.0,1000,8,600,0.0881608470432879,47516.13761879056,47474.28388798717
1.0,1000,8,700,0.0970302436017855,47520.34830129189,47474.28388798717
1.0,1000,8,800,0.1014207925632202,47522.43268297008,47474.28388798717
1.0,1000,8,900,0.1048669352612857,47524.06871453775,47474.28388798717
1.0,1000,8,1000,0.1060260418338242,47524.61899208256,47474.28388798717
1.0,1000,8,1100,0.1069202405596165,47525.04350652416,47474.28388798717
1.0,1000,8,1200,0.1080218549563648,47525.56649007023,47474.28388798717
1.0,1000,8,1300,0.1053299740663797,47524.28853889459,47474.28388798717
1.0,1000,8,1400,0.0932906125049064,47518.57293820859,47474.28388798717
1.0,1000,8,1500,0.0857379234833796,47514.987353181335,47474.28388798717
1.0,1000,8,1600,0.0702741759893953,47507.64604979632,47474.28388798717
1.0,1000,8,1700,0.0560209708837689,47500.87944274134,47474.28388798717
1.0,1000,8,1800,0.0437467594796793,47495.05234877435,47474.28388798717
1.0,1000,8,1900,0.0345650652113951,47490.693405171696,47474.28388798717
1.0,1000,8,2000,0.0366227300996148,47491.67026684219,47474.28388798717
1.0,1000,8,2100,0.0372665498525839,47491.975915659445,47474.28388798717
1.0,1000,8,2200,0.0419940930954033,47494.22028295947,47474.28388798717
1.0,1000,8,2300,0.0457676956735606,47496.01177376023,47474.28388798717
1.0,1000,8,2400,0.0453879449916712,47495.83148984344,47474.28388798717
1.0,1000,8,2500,0.0404839724392389,47493.50336399211,47474.28388798717
1.0,1000,8,2600,0.0340851036431324,47490.46554685423,47474.28388798717
1.0,1000,8,2700,0.0401509107363384,47493.34524533375,47474.28388798717
1.0,1000,8,2800,0.046086029559147,47496.16290049278,47474.28388798717
1.0,1000,8,2900,0.0513474233170424,47498.66070950187,47474.28388798717
1.0,1000,8,3000,0.0571692574495604,47501.42458356543,47474.28388798717
1.0,1000,8,3100,0.0630244632618813,47504.204300595,47474.28388798717
1.0,1000,8,3200,0.0686676684631522,47506.88337185263,47474.28388798717
1.0,1000,8,3300,0.0650354663338708,47505.15900990239,47474.28388798717
1.0,1000,8,3400,0.0615123686548179,47503.48644450858,47474.28388798717
1.0,1000,8,3500,0.058005778099482,47501.82171575356,47474.28388798717
1.0,1000,8,3600,0.0545643554941208,47500.1879250161,47474.28388798717
1.0,1000,8,3700,0.0512148753955076,47498.59778332531,47474.28388798717
1.0,1000,8,3800,0.0476327276861341,47496.89718435248,47474.28388798717
1.0,1000,8,3900,0.0450977740559172,47495.69373326964,47474.28388798717
1.0,1000,8,4000,0.0480248108249391,47497.08332301487,47474.28388798717
1.0,1000,8,4100,0.0507331275827763,47498.36907700107,47474.28388798717
1.0,1000,8,4200,0.05321495663472,47499.54730757081,47474.28388798717
1.0,1000,8,4300,0.0555958478161308,47500.67761860933,47474.28388798717
1.0,1000,8,4400,0.056032037733404,47500.88469664895,47474.28388798717
1.0,1000,8,4500,0.0566394123879138,47501.1730434167,47474.28388798717
1.0,1000,8,4600,0.0542829390994794,47500.054324598,47474.28388798717
1.0,1000,8,4700,0.0515602713330903,47498.76175757326,47474.28388798717
1.0,1000,8,4800,0.0480755660801003,47497.1074187088,47474.28388798717
1.0,1000,8,4900,0.0482574214922382,47497.19375326342,47474.28388798717
1.0,1000,8,5000,0.0446298917687217,47495.47160950436,47474.28388798717
1.0,1000,9,0,41.146232453523744,66767.99057569557,47304.12524307424
1.0,1000,9,100,4.7834502036867965,49566.89451836633,47304.12524307424
1.0,1000,9,200,2.013780133546433,48256.72631956719,47304.12524307424
1.0,1000,9,300,0.491646668432422,47536.694398862914,47304.12524307424
1.0,1000,9,400,0.0724418603770307,47338.3932314354,47304.12524307424
1.0,1000,9,500,0.0147286063711916,47311.09248147863,47304.12524307424
1.0,1000,9,600,0.0134110263051391,47310.469211754,47304.12524307424
1.0,1000,9,700,0.0130143575624468,47310.28157107516,47304.12524307424
1.0,1000,9,800,0.0127993206647133,47310.17984975174,47304.12524307424
1.0,1000,9,900,0.012737869752995,47310.150780935495,47304.12524307424
1.0,1000,9,1000,0.0127064669035455,47310.13592609226,47304.12524307424
1.0,1000,9,1100,0.0120189674917496,47309.81071050946,47304.12524307424
1.0,1000,9,1200,0.0113547010735802,47309.49648509106,47304.12524307424
1.0,1000,9,1300,0.0109197123791581,47309.29071749426,47304.12524307424
1.0,1000,9,1400,0.0105015694237438,47309.092918626935,47304.12524307424
1.0,1000,9,1500,0.0101138981411923,47308.90953411791,47304.12524307424
1.0,1000,9,1600,0.0098626672408404,47308.79069153815,47304.12524307424
1.0,1000,9,1700,0.0095461496538961,47308.64096566241,47304.12524307424
1.0,1000,9,1800,0.0092704098646334,47308.51052936715,47304.12524307424
1.0,1000,9,1900,0.0087647015682314,47308.27130848126,47304.12524307424
1.0,1000,9,2000,0.0077492858384335,47307.790974952695,47304.12524307424
1.0,1000,9,2100,0.0068725338198384,47307.37623507975,47304.12524307424
1.0,1000,9,2200,0.0060891304690798,47307.00565297755,47304.12524307424
1.0,1000,9,2300,0.0054079254457872,47306.683414900166,47304.12524307424
1.0,1000,9,2400,0.0047665528335454,47306.3800191964,47304.12524307424
1.0,1000,9,2500,0.004259041275575,47306.13994529339,47304.12524307424
1.0,1000,9,2600,0.0037452764677619,47305.89691334525,47304.12524307424
1.0,1000,9,2700,0.0033169820254135,47305.69431240583,47304.12524307424
1.0,1000,9,2800,0.0028968663684014,47305.49558036927,47304.12524307424
1.0,1000,9,2900,0.0024982316965296,47305.30700972483,47304.12524307424
1.0,1000,9,3000,0.0021747064242105,47305.15396892482,47304.12524307424
1.0,1000,9,3100,0.0018354189502866,47304.99347195322,47304.12524307424
1.0,1000,9,3200,0.0015660759733407,47304.86606161407,47304.12524307424
1.0,1000,9,3300,0.0013088810049189,47304.74439778409,47304.12524307424
1.0,1000,9,3400,0.0010870669277029,47304.6394705752,47304.12524307424
1.0,1000,9,3500,0.0008633104890628,47304.53362454922,47304.12524307424
1.0,1000,9,3600,0.0006609741349101,47304.43791110684,47304.12524307424
1.0,1000,9,3700,0.0004476768205183,47304.3370126781,47304.12524307424
1.0,1000,9,3800,0.0003431398535771,47304.287562380334,47304.12524307424
1.0,1000,9,3900,0.000292434404982,47304.26357661143,47304.12524307424
1.0,1000,9,4000,0.0002330828231675,47304.23550086483,47304.12524307424
1.0,1000,9,4100,0.0001456433941357,47304.19413840781,47304.12524307424
1.0,1000,9,4200,4.68689502031777e-06,47304.12746016893,47304.12524307424
1.0,1000,9,4300,0.0002483035812765,47304.24270091131,47304.12524307424
1.0,1000,9,4400,0.0004819883768286,47304.35324345967,47304.12524307424
1.0,1000,9,4500,0.0006571543017302,47304.43610416817,47304.12524307424
1.0,1000,9,4600,0.0009046027643552,47304.55315749884,47304.12524307424
1.0,1000,9,4700,0.0011026718112895,47304.64685232887,47304.12524307424
1.0,1000,9,4800,0.0012831760258194,47304.73223826858,47304.12524307424
1.0,1000,9,4900,0.0014610409124317,47304.81637569731,47304.12524307424
1.0,1000,9,5000,0.0016516653946536,47304.90654894112,47304.12524307424
1.0,1000,10,0,37.52623663462878,41388.716765444144,30095.14240937395
1.0,1000,10,100,6.116814675429585,31936.00649686197,30095.14240937395
1.0,1000,10,200,3.503952070693943,31149.6617750055,30095.14240937395
1.0,1000,10,300,1.232915818574751,30466.19018076172,30095.14240937395
1.0,1000,10,400,0.5849706124702179,30271.19014824985,30095.14240937395
1.0,1000,10,500,0.5255579575329151,30253.30982513728,30095.14240937395
1.0,1000,10,600,0.5203547310016282,30251.743906702806,30095.14240937395
1.0,1000,10,700,0.5090629715099995,30248.34563560328,30095.14240937395
1.0,1000,10,800,0.5046482272973298,30247.017012045464,30095.14240937395
1.0,1000,10,900,0.5007862219235228,30245.85473602836,30095.14240937395
1.0,1000,10,1000,0.4976686456244237,30244.916497001424,30095.14240937395
1.0,1000,10,1100,0.4875012644163521,30241.85660914755,30095.14240937395
1.0,1000,10,1200,0.4842458891099401,30240.876899313127,30095.14240937395
1.0,1000,10,1300,0.4815711237474435,30240.071924868167,30095.14240937395
1.0,1000,10,1400,0.4805883993511624,30239.77617256161,30095.14240937395
1.0,1000,10,1500,0.4787275543529792,30239.2161486094,30095.14240937395
1.0,1000,10,1600,0.4768862838690961,30238.662015635127,30095.14240937395
1.0,1000,10,1700,0.4752664265065729,30238.174517255047,30095.14240937395
1.0,1000,10,1800,0.4737562245848907,30237.720019836048,30095.14240937395
1.0,1000,10,1900,0.4722623854998772,30237.27044683605,30095.14240937395
1.0,1000,10,2000,0.4708670347794024,30236.85051404961,30095.14240937395
1.0,1000,10,2100,0.47053365473834,30236.750182851487,30095.14240937395
1.0,1000,10,2200,0.4700156245437084,30236.59428092669,30095.14240937395
1.0,1000,10,2300,0.4687822905158312,30236.223107294616,30095.14240937395
1.0,1000,10,2400,0.4676716655269863,30235.88886312259,30095.14240937395
1.0,1000,10,2500,0.4665578973187999,30235.553672994225,30095.14240937395
1.0,1000,10,2600,0.4654652658640197,30235.2248440019,30095.14240937395
1.0,1000,10,2700,0.464422376445785,30234.91098494631,30095.14240937395
1.0,1000,10,2800,0.4633743011305627,30234.59556518764,30095.14240937395
1.0,1000,10,2900,0.4623517206821403,30234.28781814544,30095.14240937395
1.0,1000,10,3000,0.4613775481002825,30233.99463951961,30095.14240937395
1.0,1000,10,3100,0.4603542065326703,30233.686663417506,30095.14240937395
1.0,1000,10,3200,0.4594727780532112,30233.42139626137,30095.14240937395
1.0,1000,10,3300,0.4585093668195859,30233.131456278625,30095.14240937395
1.0,1000,10,3400,0.4576134212672186,30232.86182018873,30095.14240937395
1.0,1000,10,3500,0.4567009022594631,30232.58719629384,30095.14240937395
1.0,1000,10,3600,0.4558475965841294,30232.330392735654,30095.14240937395
1.0,1000,10,3700,0.4550209317423943,30232.081606774285,30095.14240937395
1.0,1000,10,3800,0.4540539133001068,30231.79058119696,30095.14240937395
1.0,1000,10,3900,0.4530997995830794,30231.503439315067,30095.14240937395
1.0,1000,10,4000,0.4521249326503948,30231.21005172337,30095.14240937395
1.0,1000,10,4100,0.4516807046060113,30231.076360660794,30095.14240937395
1.0,1000,10,4200,0.4514630210950364,30231.010848498165,30095.14240937395
1.0,1000,10,4300,0.4507997055304687,30230.811222734385,30095.14240937395
1.0,1000,10,4400,0.4500291382843018,30230.57931942429,30095.14240937395
1.0,1000,10,4500,0.4492813958413683,30230.354285271234,30095.14240937395
1.0,1000,10,4600,0.44858106705475,30230.143520325568,30095.14240937395
1.0,1000,10,4700,0.4478802626572677,30229.93261224413,30095.14240937395
1.0,1000,10,4800,0.4471670996661296,30229.71798482634,30095.14240937395
1.0,1000,10,4900,0.4464550867904685,30229.50370353744,30095.14240937395
1.0,1000,10,5000,0.4457837955259898,30229.30167747541,30095.14240937395
1.0,1000,11,0,52.56764091987143,43634.00463340689,28599.77670908832
1.0,1000,11,100,6.415859648000381,30434.69824238493,28599.77670908832
1.0,1000,11,200,3.3706074597912075,29563.76291632848,28599.77670908832
1.0,1000,11,300,0.9144932166112608,28861.3197270589,28599.77670908832
1.0,1000,11,400,0.2435631015448034,28669.435212275865,28599.77670908832
1.0,1000,11,500,0.0911098277361162,28625.833916380885,28599.77670908832
1.0,1000,11,600,0.0464539503489878,28613.06243516068,28599.77670908832
1.0,1000,11,700,0.0256665847625135,28607.11729501925,28599.77670908832
1.0,1000,11,800,0.0160600901500589,28604.36985901052,28599.77670908832
1.0,1000,11,900,0.0121970585474029,28603.265040597955,28599.77670908832
1.0,1000,11,1000,0.0108788897919401,28602.888047277243,28599.77670908832
1.0,1000,11,1100,0.0098286553857101,28602.58768258214,28599.77670908832
1.0,1000,11,1200,0.0090948016520916,28602.37780205296,28599.77670908832
1.0,1000,11,1300,0.008508013093341,28602.2099818354,28599.77670908832
1.0,1000,11,1400,0.007709605184653,28601.981638956284,28599.77670908832
1.0,1000,11,1500,0.0069143397945944,28601.75419483048,28599.77670908832
1.0,1000,11,1600,0.0071480261246281,28601.82102859907,28599.77670908832
1.0,1000,11,1700,0.0083557266292946,28602.16642824672,28599.77670908832
1.0,1000,11,1800,0.0089538635496909,28602.33749407037,28599.77670908832
1.0,1000,11,1900,0.008972538706741,28602.342835123585,28599.77670908832
1.0,1000,11,2000,0.0090241039447603,28602.35758266652,28599.77670908832
1.0,1000,11,2100,0.0091670079403828,28602.39845289017,28599.77670908832
1.0,1000,11,2200,0.0091466568511282,28602.39263252409,28599.77670908832
1.0,1000,11,2300,0.0091167786059725,28602.38408741269,28599.77670908832
1.0,1000,11,2400,0.0088734271579381,28602.31448944193,28599.77670908832
1.0,1000,11,2500,0.0086624475662862,28602.25414974982,28599.77670908832
1.0,1000,11,2600,0.008491535594715,28602.205269307586,28599.77670908832
1.0,1000,11,2700,0.0083722986626573,28602.17116781126,28599.77670908832
1.0,1000,11,2800,0.0081884479508398,28602.1185869182,28599.77670908832
1.0,1000,11,2900,0.0081633424579447,28602.11140680329,28599.77670908832
1.0,1000,11,3000,0.0080288219161323,28602.072934228705,28599.77670908832
1.0,1000,11,3100,0.0078882395764029,28602.03272799345,28599.77670908832
1.0,1000,11,3200,0.0076049823346587,28601.9517170548,28599.77670908832
1.0,1000,11,3300,0.0072063484598988,28601.83770865673,28599.77670908832
1.0,1000,11,3400,0.0069290595334186,28601.75840464292,28599.77670908832
1.0,1000,11,3500,0.0066488520988447,28601.678265942308,28599.77670908832
1.0,1000,11,3600,0.0064259276809595,28601.614510056563,28599.77670908832
1.0,1000,11,3700,0.0061850528641475,28601.54562039681,28599.77670908832
1.0,1000,11,3800,0.0060349556008199,28601.502692914648,28599.77670908832
1.0,1000,11,3900,0.0058777851261369,28601.45774250984,28599.77670908832
1.0,1000,11,4000,0.0057270277923595,28601.414626249003,28599.77670908832
1.0,1000,11,4100,0.0055412893771393,28601.361505476987,28599.77670908832
1.0,1000,11,4200,0.0053713789645865,28601.31291147839,28599.77670908832
1.0,1000,11,4300,0.0052045467998468,28601.2651978518,28599.77670908832
1.0,1000,11,4400,0.0050169545378802,28601.21154688375,28599.77670908832
1.0,1000,11,4500,0.0054806023688808,28601.344149128134,28599.77670908832
1.0,1000,11,4600,0.0053887240500965,28601.31787213412,28599.77670908832
1.0,1000,11,4700,0.0052468651748889,28601.27730081257,28599.77670908832
1.0,1000,11,4800,0.0050873243910927,28601.23167250464,28599.77670908832
1.0,1000,11,4900,0.0049341043206857,28601.18785190663,28599.77670908832
1.0,1000,11,5000,0.004778368072328,28601.143311687345,28599.77670908832
1.0,1000,12,0,49.02951196260079,64422.76248673051,43228.19127455608
1.0,1000,12,100,5.015237621966532,45396.18778665328,43228.19127455608
1.0,1000,12,200,2.773904660718353,44427.30008706524,43228.19127455608
1.0,1000,12,300,0.7611535012082852,43557.22416595138,43228.19127455608
1.0,1000,12,400,0.1347925349881145,43286.45964940457,43228.19127455608
1.0,1000,12,500,0.0758787235352399,43260.99227430259,43228.19127455608
1.0,1000,12,600,0.0743594369234645,43260.33551418004,43228.19127455608
1.0,1000,12,700,0.0718674847948058,43259.2582883474,43228.19127455608
1.0,1000,12,800,0.0569554451083324,43252.81208330879,43228.19127455608
1.0,1000,12,900,0.0242862958475791,43238.68980097858,43228.19127455608
1.0,1000,12,1000,0.0233026368413533,43238.26458298188,43228.19127455608
1.0,1000,12,1100,0.0228582122415114,43238.07246626579,43228.19127455608
1.0,1000,12,1200,0.0182481397768255,43236.07961532286,43228.19127455608
1.0,1000,12,1300,0.0121072357655573,43233.42501359088,43228.19127455608
1.0,1000,12,1400,0.0188533972809448,43236.34125719444,43228.19127455608
1.0,1000,12,1500,0.0137713292340409,43234.14437109842,43228.19127455608
1.0,1000,12,1600,0.0163950941810615,43235.27857722832,43228.19127455608
1.0,1000,12,1700,0.0234243068957665,43238.317178745725,43228.19127455608
1.0,1000,12,1800,0.0213707921671479,43237.42948147099,43228.19127455608
1.0,1000,12,1900,0.0134517827051609,43234.00623691371,43228.19127455608
1.0,1000,12,2000,0.0131641719898677,43233.881908003576,43228.19127455608
1.0,1000,12,2100,0.011396539510204,43233.11779245424,43228.19127455608
1.0,1000,12,2200,0.0162012166920961,43235.19476749655,43228.19127455608
1.0,1000,12,2300,0.0194378706152817,43236.59391444536,43228.19127455608
1.0,1000,12,2400,0.0186312807492729,43236.24524023528,43228.19127455608
1.0,1000,12,2500,0.0211554910749852,43237.33641070305,43228.19127455608
1.0,1000,12,2600,0.0219460301393389,43237.67814644189,43228.19127455608
1.0,1000,12,2700,0.014111055684787,43234.29122869836,43228.19127455608
1.0,1000,12,2800,0.0135135639846463,43234.03294384338,43228.19127455608
1.0,1000,12,2900,0.0106138445366017,43232.77944757395,43228.19127455608
1.0,1000,12,3000,0.0166315182793086,43235.380779089726,43228.19127455608
1.0,1000,12,3100,0.0126017131365843,43233.63876721464,43228.19127455608
1.0,1000,12,3200,0.024190989749336,43238.648601876135,43228.19127455608
1.0,1000,12,3300,0.0247965105066302,43238.910357547305,43228.19127455608
1.0,1000,12,3400,0.0279880813335426,43240.29001588903,43228.19127455608
1.0,1000,12,3500,0.0299811717107194,43241.15159280955,43228.19127455608
1.0,1000,12,3600,0.0334403700244793,43242.64694167319,43228.19127455608
1.0,1000,12,3700,0.0334416130174522,43242.647478996565,43228.19127455608
1.0,1000,12,3800,0.0292817307857701,43240.84923714866,43228.19127455608
1.0,1000,12,3900,0.0243264595254241,43238.70716301006,43228.19127455608
1.0,1000,12,4000,0.0261057970427555,43239.476338435474,43228.19127455608
1.0,1000,12,4100,0.0346231438034324,43243.158233384696,43228.19127455608
1.0,1000,12,4200,0.0407577490056859,43245.810112255465,43228.19127455608
1.0,1000,12,4300,0.0422934175906852,43246.47395400873,43228.19127455608
1.0,1000,12,4400,0.0463133912993884,43248.21171593272,43228.19127455608
1.0,1000,12,4500,0.058356516991332,43253.417741342266,43228.19127455608
1.0,1000,12,4600,0.0545515711754057,43251.77293208706,43228.19127455608
1.0,1000,12,4700,0.0557273746464203,43252.28121066053,43228.19127455608
1.0,1000,12,4800,0.0538300219433419,43251.46101940489,43228.19127455608
1.0,1000,12,4900,0.0499509175278654,43249.784152728425,43228.19127455608
1.0,1000,12,5000,0.0461003821046797,43248.1196359106,43228.19127455608
1.0,1000,13,0,45.623027358157785,51614.804471561874,35444.12268302594
1.0,1000,13,100,5.557943742695535,37414.08708184051,35444.12268302594
1.0,1000,13,200,2.792476263122487,36433.89139562145,35444.12268302594
1.0,1000,13,300,0.7298927903097573,35702.82677907789,35444.12268302594
1.0,1000,13,400,0.11891628942638,35486.27151854033,35444.12268302594
1.0,1000,13,500,0.055468775355007,35463.78310381354,35444.12268302594
1.0,1000,13,600,0.0393093211956956,35458.05552705641,35444.12268302594
1.0,1000,13,700,0.0375197607248579,35457.42123304764,35444.12268302594
1.0,1000,13,800,0.0375206075247821,35457.42153318844,35444.12268302594
1.0,1000,13,900,0.0372005242704841,35457.3080824871,35444.12268302594
1.0,1000,13,1000,0.0357765357552824,35456.80336225078,35444.12268302594
1.0,1000,13,1100,0.0321246139898483,35455.50897061995,35444.12268302594
1.0,1000,13,1200,0.0316873009851148,35455.353968862044,35444.12268302594
1.0,1000,13,1300,0.0312652658964641,35455.20438222746,35444.12268302594
1.0,1000,13,1400,0.030789479943226,35455.03574407048,35444.12268302594
1.0,1000,13,1500,0.0303472713023334,35454.87900709729,35444.12268302594
1.0,1000,13,1600,0.024789406309519,35452.90907061068,35444.12268302594
1.0,1000,13,1700,0.0213037731450417,35451.67361851558,35444.12268302594
1.0,1000,13,1800,0.0200680679417207,35451.23563364732,35444.12268302594
1.0,1000,13,1900,0.0188146886305436,35450.79138434658,35444.12268302594
1.0,1000,13,2000,0.0178592367349959,35450.452732804544,35444.12268302594
1.0,1000,13,2100,0.0175504971278864,35450.34330275943,35444.12268302594
1.0,1000,13,2200,0.0165656338697955,35449.99422661797,35444.12268302594
1.0,1000,13,2300,0.0157050706859653,35449.68920754733,35444.12268302594
1.0,1000,13,2400,0.0148297859655036,35449.37897055718,35444.12268302594
1.0,1000,13,2500,0.0141059690272124,35449.122419993575,35444.12268302594
1.0,1000,13,2600,0.0135903514602502,35448.939663870566,35444.12268302594
1.0,1000,13,2700,0.0131962594820167,35448.79998142632,35444.12268302594
1.0,1000,13,2800,0.0127621489224492,35448.646114747,35444.12268302594
1.0,1000,13,2900,0.0123273494639523,35448.49200389351,35444.12268302594
1.0,1000,13,3000,0.0119886624366317,35448.371959248034,35444.12268302594
1.0,1000,13,3100,0.0118313424171183,35448.31619854731,35444.12268302594
1.0,1000,13,3200,0.0125303982382276,35448.56397275017,35444.12268302594
1.0,1000,13,3300,0.0128939366421253,35448.69282574805,35444.12268302594
1.0,1000,13,3400,0.0126532217072864,35448.607506451226,35444.12268302594
1.0,1000,13,3500,0.0123357254366085,35448.49497268353,35444.12268302594
1.0,1000,13,3600,0.0121749589398568,35448.43799040919,35444.12268302594
1.0,1000,13,3700,0.0120289135363737,35448.38622589721,35444.12268302594
1.0,1000,13,3800,0.0119702681413866,35448.36543955146,35444.12268302594
1.0,1000,13,3900,0.0124478699223579,35448.534721312644,35444.12268302594
1.0,1000,13,4000,0.012975503895386,35448.72173654536,35444.12268302594
1.0,1000,13,4100,0.0134314017476502,35448.88332553943,35444.12268302594
1.0,1000,13,4200,0.0138682388670713,35449.03815862396,35444.12268302594
1.0,1000,13,4300,0.0142689014235667,35449.18016995203,35444.12268302594
1.0,1000,13,4400,0.0146202763908652,35449.30471172652,35444.12268302594
1.0,1000,13,4500,0.0131583492792811,35448.78654448755,35444.12268302594
1.0,1000,13,4600,0.0115714563776222,35448.22408422064,35444.12268302594
1.0,1000,13,4700,0.0098422523747993,35447.61118303244,35444.12268302594
1.0,1000,13,4800,0.0082360011944233,35447.04186139347,35444.12268302594
1.0,1000,13,4900,0.0061830476540716,35446.314210022,35444.12268302594
1.0,1000,13,5000,0.0036770756293565,35445.42599022316,35444.12268302594
1.0,1000,14,0,40.09767258821176,50354.34055225719,35942.31054805842
1.0,1000,14,100,5.029657939483532,37750.08582417267,35942.31054805842
1.0,1000,14,200,2.6860405881161458,36907.73559768602,35942.31054805842
1.0,1000,14,300,0.7514221773062907,36212.38904055283,35942.31054805842
1.0,1000,14,400,0.1500495673287482,35996.24182952374,35942.31054805842
1.0,1000,14,500,0.0463362322227058,35958.964860540174,35942.31054805842
1.0,1000,14,600,0.0342571816329715,35954.623370665955,35942.31054805842
1.0,1000,14,700,0.0234496644533381,35950.73889927872,35942.31054805842
1.0,1000,14,800,0.0162212705893638,35948.14084750849,35942.31054805842
1.0,1000,14,900,0.0133784453091964,35947.11907041795,35942.31054805842
1.0,1000,14,1000,0.0110503531284819,35946.28230029652,35942.31054805842
1.0,1000,14,1100,0.008321099346502,35945.30134342655,35942.31054805842
1.0,1000,14,1200,0.0056559174650238,35944.34341547804,35942.31054805842
1.0,1000,14,1300,0.0042655314460851,35943.8436786173,35942.31054805842
1.0,1000,14,1400,0.0040962580415275,35943.78283784456,35942.31054805842
1.0,1000,14,1500,0.0139934897975901,35947.34013161798,35942.31054805842
1.0,1000,14,1600,0.0240596423146489,35950.9581394159,35942.31054805842
1.0,1000,14,1700,0.0332778667685962,35954.27138227616,35942.31054805842
1.0,1000,14,1800,0.0294229765564946,35952.88584566484,35942.31054805842
1.0,1000,14,1900,0.0644449092320965,35965.473537467034,35942.31054805842
1.0,1000,14,2000,0.0721843159934934,35968.25525907979,35942.31054805842
1.0,1000,14,2100,0.0710801817888614,35967.8584077351,35942.31054805842
1.0,1000,14,2200,0.0692710374734035,35967.20815946697,35942.31054805842
1.0,1000,14,2300,0.0665142826824595,35966.21731809896,35942.31054805842
1.0,1000,14,2400,0.0642613731111701,35965.40757034448,35942.31054805842
1.0,1000,14,2500,0.0558018015763864,35962.367004872416,35942.31054805842
1.0,1000,14,2600,0.051559085232009,35960.84207458825,35942.31054805842
1.0,1000,14,2700,0.0545737145490631,35961.925602019255,35942.31054805842
1.0,1000,14,2800,0.0599633106476473,35963.862747386294,35942.31054805842
1.0,1000,14,2900,0.0645428133349626,35965.508726463726,35942.31054805842
1.0,1000,14,3000,0.0676474804580578,35966.62461556259,35942.31054805842
1.0,1000,14,3100,0.0699105260432598,35967.43800643467,35942.31054805842
1.0,1000,14,3200,0.0715667176901327,35968.03327997966,35942.31054805842
1.0,1000,14,3300,0.0731939204470805,35968.61813424781,35942.31054805842
1.0,1000,14,3400,0.0745375249626271,35969.101056755324,35942.31054805842
1.0,1000,14,3500,0.077834583834851,35970.28609589413,35942.31054805842
1.0,1000,14,3600,0.080399617276499,35971.20802817939,35942.31054805842
1.0,1000,14,3700,0.0790967264998534,35970.739739130346,35942.31054805842
1.0,1000,14,3800,0.0767377290874676,35969.891860954565,35942.31054805842
1.0,1000,14,3900,0.0722591191826394,35968.282145074336,35942.31054805842
1.0,1000,14,4000,0.0707687129176579,35967.74645862615,35942.31054805842
1.0,1000,14,4100,0.067865006813653,35966.702799560844,35942.31054805842
1.0,1000,14,4200,0.0655823334332907,35965.88235400568,35942.31054805842
1.0,1000,14,4300,0.0632501359124888,35965.04410833016,35942.31054805842
1.0,1000,14,4400,0.0609140162188589,35964.2044529351,35942.31054805842
1.0,1000,14,4500,0.0586380744125305,35963.38642686317,35942.31054805842
1.0,1000,14,4600,0.0562625714633485,35962.5326162161,35942.31054805842
1.0,1000,14,4700,0.0537352247209096,35961.62422940131,35942.31054805842
1.0,1000,14,4800,0.0516530570198644,35960.875850220065,35942.31054805842
1.0,1000,14,4900,0.0509993889755272,35960.640906821616,35942.31054805842
1.0,1000,14,5000,0.0480124746031766,35959.5673407821,35942.31054805842
1.0,1000,15,0,46.40364654936029,49386.62299890918,33733.19187255242
1.0,1000,15,100,5.180486748658722,35480.73540740962,33733.19187255242
1.0,1000,15,200,2.7156856629361235,34649.27932788606,33733.19187255242
1.0,1000,15,300,0.7282863442491438,33978.866102439584,33733.19187255242
1.0,1000,15,400,0.1231277304455945,33774.726786111954,33733.19187255242
1.0,1000,15,500,0.0283416740047395,33742.752423824335,33733.19187255242
1.0,1000,15,600,0.0191263988317521,33739.64381736865,33733.19187255242
1.0,1000,15,700,0.0168607241182326,33738.87953297033,33733.19187255242
1.0,1000,15,800,0.0155731549550659,33738.445194794025,33733.19187255242
1.0,1000,15,900,0.0143416832731419,33738.029780088706,33733.19187255242
1.0,1000,15,1000,0.0133103696464626,33737.68188508421,33733.19187255242
1.0,1000,15,1100,0.0122213704639083,33737.31453090047,33733.19187255242
1.0,1000,15,1200,0.0114030961704457,33737.03850086301,33733.19187255242
1.0,1000,15,1300,0.0105622265938064,33736.754848715325,33733.19187255242
1.0,1000,15,1400,0.0100334804769039,33736.57648577319,33733.19187255242
1.0,1000,15,1500,0.009636924640806,33736.44271483212,33733.19187255242
1.0,1000,15,1600,0.0092034772493059,33736.29649919188,33733.19187255242
1.0,1000,15,1700,0.0089695936526519,33736.21760278946,33733.19187255242
1.0,1000,15,1800,0.008847220360331,33736.17632237196,33733.19187255242
1.0,1000,15,1900,0.0087163363501992,33736.13217101769,33733.19187255242
1.0,1000,15,2000,0.0085272261554042,33736.06837811283,33733.19187255242
1.0,1000,15,2100,0.0082074755580228,33735.9605160303,33733.19187255242
1.0,1000,15,2200,0.0079578289592063,33735.87630226412,33733.19187255242
1.0,1000,15,2300,0.0076922186801407,33735.78670343905,33733.19187255242
1.0,1000,15,2400,0.0074444576755541,33735.70312574399,33733.19187255242
1.0,1000,15,2500,0.007262324368845,33735.64168636617,33733.19187255242
1.0,1000,15,2600,0.0071006690289717,33735.5871548602,33733.19187255242
1.0,1000,15,2700,0.0068939371555038,33735.51741760066,33733.19187255242
1.0,1000,15,2800,0.0067122787967852,33735.45613843796,33733.19187255242
1.0,1000,15,2900,0.0065412092707042,33735.398431226495,33733.19187255242
1.0,1000,15,3000,0.0063662348241199,33735.3394067607,33733.19187255242
1.0,1000,15,3100,0.0062155878911468,33735.28858874175,33733.19187255242
1.0,1000,15,3200,0.0061854201749358,33735.27841220816,33733.19187255242
1.0,1000,15,3300,0.0061538569443333,33735.26776492302,33733.19187255242
1.0,1000,15,3400,0.0061363115858868,33735.26184631359,33733.19187255242
1.0,1000,15,3500,0.0060152754711048,33735.22101696875,33733.19187255242
1.0,1000,15,3600,0.0058846708367871,33735.176959856864,33733.19187255242
1.0,1000,15,3700,0.0057664836590832,33735.13709154944,33733.19187255242
1.0,1000,15,3800,0.0056437339896746,33735.095684167936,33733.19187255242
1.0,1000,15,3900,0.0055431061747172,33735.06173919404,33733.19187255242
1.0,1000,15,4000,0.0054449555086915,33735.028629841545,33733.19187255242
1.0,1000,15,4100,0.0053753351837164,33735.00514468374,33733.19187255242
1.0,1000,15,4200,0.0053086223201724,33734.98264030548,33733.19187255242
1.0,1000,15,4300,0.005242157269012,33734.96021952224,33733.19187255242
1.0,1000,15,4400,0.0051646544411233,33734.9340753446,33733.19187255242
1.0,1000,15,4500,0.0050943257825273,33734.910351243256,33733.19187255242
1.0,1000,15,4600,0.0050184516498615,33734.8847564765,33733.19187255242
1.0,1000,15,4700,0.0049494156997624,33734.861468446994,33733.19187255242
1.0,1000,15,4800,0.0048811455307335,33734.838438739884,33733.19187255242
1.0,1000,15,4900,0.004813877118966,33734.81574695747,33733.19187255242
1.0,1000,15,5000,0.0047453980250427,33734.79264677333,33733.19187255242
1.0,1000,16,0,35.29012764737126,48600.28586547138,35923.009838638216
1.0,1000,16,100,4.530503857006642,37550.5031849306,35923.009838638216
1.0,1000,16,200,2.153047284869202,36696.44922661231,35923.009838638216
1.0,1000,16,300,0.5527612084635908,36121.57830193877,35923.009838638216
1.0,1000,16,400,0.0986949551654314,35958.46403709253,35923.009838638216
1.0,1000,16,500,0.0378217994835806,35936.59656738785,35923.009838638216
1.0,1000,16,600,0.0093828438210093,35926.38043854718,35923.009838638216
1.0,1000,16,700,0.0083988888502773,35926.02697230624,35923.009838638216
1.0,1000,16,800,0.0096031109515306,35926.45956513015,35923.009838638216
1.0,1000,16,900,0.0102842649508849,35926.704256148354,35923.009838638216
1.0,1000,16,1000,0.0158276083159013,35928.69559193076,35923.009838638216
1.0,1000,16,1100,0.0326715291204692,35934.7464352586,35923.009838638216
1.0,1000,16,1200,0.0439855886473422,35938.810785975584,35923.009838638216
1.0,1000,16,1300,0.0611133979113278,35944.96361058263,35923.009838638216
1.0,1000,16,1400,0.0522896691103128,35941.793861617305,35923.009838638216
1.0,1000,16,1500,0.0442879126486474,35938.91938985632,35923.009838638216
1.0,1000,16,1600,0.0378485148569384,35936.60616435405,35923.009838638216
1.0,1000,16,1700,0.0342260624606183,35935.30487042332,35923.009838638216
1.0,1000,16,1800,0.0314945854670783,35934.32364167419,35923.009838638216
1.0,1000,16,1900,0.0222312299266429,35930.995965552014,35923.009838638216
1.0,1000,16,2000,0.0151123306590947,35928.43864266773,35923.009838638216
1.0,1000,16,2100,0.0075170450240898,35925.710187461795,35923.009838638216
1.0,1000,16,2200,0.0038069663435891,35924.37741553238,35923.009838638216
1.0,1000,16,2300,0.000817592052193,35923.303542311565,35923.009838638216
1.0,1000,16,2400,0.0021396343623855,35923.77845970073,35923.009838638216
1.0,1000,16,2500,0.0032532164294622,35924.178491896244,35923.009838638216
1.0,1000,16,2600,0.0038252964507972,35924.38400025859,35923.009838638216
1.0,1000,16,2700,0.0032128150169798,35924.16397849286,35923.009838638216
1.0,1000,16,2800,0.0024691114367896,35923.89681778258,35923.009838638216
1.0,1000,16,2900,0.0016644073664137,35923.60774386021,35923.009838638216
1.0,1000,16,3000,0.0018105290856679,35923.66023517979,35923.009838638216
1.0,1000,16,3100,0.0046130665772461,35924.66699099862,35923.009838638216
1.0,1000,16,3200,0.007285821430522,35925.62712498753,35923.009838638216
1.0,1000,16,3300,0.0093865276978198,35926.38176190661,35923.009838638216
1.0,1000,16,3400,0.0111712596053276,35927.02289132534,35923.009838638216
1.0,1000,16,3500,0.0125481537331324,35927.51751313834,35923.009838638216
1.0,1000,16,3600,0.0139657788456709,35928.02676674699,35923.009838638216
1.0,1000,16,3700,0.0144139338442765,35928.18775751123,35923.009838638216
1.0,1000,16,3800,0.0160325910038854,35928.76922788193,35923.009838638216
1.0,1000,16,3900,0.0176105217099332,35929.33606808471,35923.009838638216
1.0,1000,16,4000,0.0197660769785625,35930.11040841594,35923.009838638216
1.0,1000,16,4100,0.0212516208108222,35930.64406047296,35923.009838638216
1.0,1000,16,4200,0.0227225248441972,35931.172453473584,35923.009838638216
1.0,1000,16,4300,0.0239030692660244,35931.59654056239,35923.009838638216
1.0,1000,16,4400,0.0248307062289373,35931.92977567984,35923.009838638216
1.0,1000,16,4500,0.0244523199250137,35931.793847930654,35923.009838638216
1.0,1000,16,4600,0.0242838075281624,35931.733313205754,35923.009838638216
1.0,1000,16,4700,0.0237912746343961,35931.55638056587,35923.009838638216
1.0,1000,16,4800,0.0233288363554298,35931.39025881742,35923.009838638216
1.0,1000,16,4900,0.0229784162391486,35931.26437736457,35923.009838638216
1.0,1000,16,5000,0.0225776891585148,35931.12042413597,35923.009838638216
1.0,1000,17,0,47.34147174909215,52385.8083052316,35554.01455093337
1.0,1000,17,100,4.467960453880697,37142.55386083606,35554.01455093337
1.0,1000,17,200,2.698892994487589,36513.579358907606,35554.01455093337
1.0,1000,17,300,0.8728887943667899,35864.361559896,35554.01455093337
1.0,1000,17,400,0.2499752651450563,35642.890793076775,35554.01455093337
1.0,1000,17,500,0.1545869386409684,35608.97641359162,35554.01455093337
1.0,1000,17,600,0.1330120776064128,35601.30568436005,35554.01455093337
1.0,1000,17,700,0.1191541041065698,35596.37861844545,35554.01455093337
1.0,1000,17,800,0.1103793550105136,35593.25884287503,35554.01455093337
1.0,1000,17,900,0.1016930279988517,35590.17050490536,35554.01455093337
1.0,1000,17,1000,0.0955133852540242,35587.97339382467,35554.01455093337
1.0,1000,17,1100,0.0887998924986525,35585.58647763355,35554.01455093337
1.0,1000,17,1200,0.0838308326496266,35583.819777371784,35554.01455093337
1.0,1000,17,1300,0.0783705061655832,35581.87841209912,35554.01455093337
1.0,1000,17,1400,0.0740623064183077,35580.34667413409,35554.01455093337
1.0,1000,17,1500,0.0692039480729198,35578.61933270103,35554.01455093337
1.0,1000,17,1600,0.0654918893097469,35577.29954678824,35554.01455093337
1.0,1000,17,1700,0.0612533316108358,35575.792569367215,35554.01455093337
1.0,1000,17,1800,0.0576198040777242,35574.50070445938,35554.01455093337
1.0,1000,17,1900,0.0538326175449837,35573.15420760846,35554.01455093337
1.0,1000,17,2000,0.0504701198363924,35571.95870468387,35554.01455093337
1.0,1000,17,2100,0.0471208045943587,35570.76788865536,35554.01455093337
1.0,1000,17,2200,0.0440997272477745,35569.69377437596,35554.01455093337
1.0,1000,17,2300,0.0411417296052579,35568.642087463726,35554.01455093337
1.0,1000,17,2400,0.0383110100920411,35567.6356530361,35554.01455093337
1.0,1000,17,2500,0.0354924784715798,35566.63355189364,35554.01455093337
1.0,1000,17,2600,0.0320637841690858,35565.41451342242,35554.01455093337
1.0,1000,17,2700,0.0291681437134023,35564.38499699347,35554.01455093337
1.0,1000,17,2800,0.0264533531207378,35563.419779951124,35554.01455093337
1.0,1000,17,2900,0.0242241950983232,35562.62722478347,35554.01455093337
1.0,1000,17,3000,0.022076417708739,35561.86360369786,35554.01455093337
1.0,1000,17,3100,0.0202824754689778,35561.2257852129,35554.01455093337
1.0,1000,17,3200,0.0185463912762313,35560.60853758639,35554.01455093337
1.0,1000,17,3300,0.0171752136667806,35560.12102889961,35554.01455093337
1.0,1000,17,3400,0.015822547662675,35559.64010183168,35554.01455093337
1.0,1000,17,3500,0.0146718202063803,35559.23097202443,35554.01455093337
1.0,1000,17,3600,0.0136100592646924,35558.85347338473,35554.01455093337
1.0,1000,17,3700,0.0126760607709427,35558.52139942435,35554.01455093337
1.0,1000,17,3800,0.011891795210153,35558.24256153275,35554.01455093337
1.0,1000,17,3900,0.0111010584467432,35557.96142286883,35554.01455093337
1.0,1000,17,4000,0.0104943456290096,35557.74571210533,35554.01455093337
1.0,1000,17,4100,0.0098383231038081,35557.51246976126,35554.01455093337
1.0,1000,17,4200,0.0093532909238922,35557.34002134944,35554.01455093337
1.0,1000,17,4300,0.0088403956498492,35557.157666489074,35554.01455093337
1.0,1000,17,4400,0.0084566351005703,35557.02122420754,35554.01455093337
1.0,1000,17,4500,0.0080561950212552,35556.87885168348,35554.01455093337
1.0,1000,17,4600,0.0077371032161728,35556.765401736666,35554.01455093337
1.0,1000,17,4700,0.0074421658095452,35556.6605396482,35554.01455093337
1.0,1000,17,4800,0.0071477513842486,35556.55586350059,35554.01455093337
1.0,1000,17,4900,0.0069642190290111,35556.4906103803,35554.01455093337
1.0,1000,17,5000,0.0067356811615581,35556.40935599365,35554.01455093337
1.0,1000,18,0,34.12923960588457,40431.563548976446,30143.735749026506
1.0,1000,18,100,7.850432284891695,32510.14931214052,30143.735749026506
1.0,1000,18,200,3.8719503261774144,31310.886223682995,30143.735749026506
1.0,1000,18,300,1.0693678549702847,30466.08316941378,30143.735749026506
1.0,1000,18,400,0.1899678616172675,30200.99915924049,30143.735749026506
1.0,1000,18,500,0.1104171314362315,30177.0195973483,30143.735749026506
1.0,1000,18,600,0.0608844198885366,30162.08858767004,30143.735749026506
1.0,1000,18,700,0.0548232833603931,30160.261534691603,30143.735749026506
1.0,1000,18,800,0.0541416907894823,30160.056077228142,30143.735749026506
1.0,1000,18,900,0.0550693506151613,30160.335708554645,30143.735749026506
1.0,1000,18,1000,0.0540231968378241,30160.02035872448,30143.735749026506
1.0,1000,18,1100,0.0411975552417586,30156.15423121364,30143.735749026506
1.0,1000,18,1200,0.0324688811874896,30153.523082772328,30143.735749026506
1.0,1000,18,1300,0.0190774984487426,30149.48641974642,30143.735749026506
1.0,1000,18,1400,0.0261769075684403,30151.626446871203,30143.735749026506
1.0,1000,18,1500,0.0281730344036125,30152.228154069613,30143.735749026506
1.0,1000,18,1600,0.0173957341307991,30148.979473154497,30143.735749026506
1.0,1000,18,1700,0.0128955016037976,30147.622934953462,30143.735749026506
1.0,1000,18,1800,0.014626210910151,30148.14463539336,30143.735749026506
1.0,1000,18,1900,0.0128145266101975,30147.59852606537,30143.735749026506
1.0,1000,18,2000,0.0103355591137569,30146.85127265394,30143.735749026506
1.0,1000,18,2100,0.0063898636697783,30145.661892645847,30143.735749026506
1.0,1000,18,2200,0.0063861151920986,30145.66076271464,30143.735749026506
1.0,1000,18,2300,0.0032834679691878,30144.72550893454,30143.735749026506
1.0,1000,18,2400,0.0025593864867249,30144.50724372586,30143.735749026506
1.0,1000,18,2500,0.0043824752204692,30145.05679077623,30143.735749026506
1.0,1000,18,2600,0.0074990373353924,30145.996239024607,30143.735749026506
1.0,1000,18,2700,0.0098422511917845,30146.70257121752,30143.735749026506
1.0,1000,18,2800,0.0127577536874826,30147.58141258557,30143.735749026506
1.0,1000,18,2900,0.0141480128015324,30148.00048861914,30143.735749026506
1.0,1000,18,3000,0.0101340227407606,30146.790522062227,30143.735749026506
1.0,1000,18,3100,0.0100427879278444,30146.76302048131,30143.735749026506
1.0,1000,18,3200,0.0099625606062696,30146.738836969496,30143.735749026506
1.0,1000,18,3300,0.0086107136374208,30146.331339791475,30143.735749026506
1.0,1000,18,3400,0.0129878562247806,30147.650774086367,30143.735749026506
1.0,1000,18,3500,0.0216479585302622,30150.261252440927,30143.735749026506
1.0,1000,18,3600,0.0283148187823965,30152.270893178087,30143.735749026506
1.0,1000,18,3700,0.0432063329513223,30156.7597518582,30143.735749026506
1.0,1000,18,3800,0.04925263634391,30158.582333575443,30143.735749026506
1.0,1000,18,3900,0.0458502986829249,30157.556741901622,30143.735749026506
1.0,1000,18,4000,0.0453767149358249,30157.41398606835,30143.735749026506
1.0,1000,18,4100,0.0481996915087284,30158.264936666743,30143.735749026506
1.0,1000,18,4200,0.0368437776943917,30154.841840014666,30143.735749026506
1.0,1000,18,4300,0.0367204467241345,30154.80466345289,30143.735749026506
1.0,1000,18,4400,0.0385908797681184,30155.368481847032,30143.735749026506
1.0,1000,18,4500,0.0399384812814764,30155.77469928617,30143.735749026506
1.0,1000,18,4600,0.0410294497413489,30156.103557935818,30143.735749026506
1.0,1000,18,4700,0.043589056736949,30156.875119104785,30143.735749026506
1.0,1000,18,4800,0.0525002160394003,30159.56127541709,30143.735749026506
1.0,1000,18,4900,0.0531543357313681,30159.75845152852,30143.735749026506
1.0,1000,18,5000,0.0568650284901522,30160.876992948182,30143.735749026506
1.0,1000,19,0,51.68834984322061,57847.952804168,38136.05518417036
1.0,1000,19,100,4.40864788390629,39817.33957405262,38136.05518417036
1.0,1000,19,200,2.805002935450441,39205.772651551335,38136.05518417036
1.0,1000,19,300,0.8481242955084412,38459.49633353581,38136.05518417036
1.0,1000,19,400,0.093746564863002,38171.806425879775,38136.05518417036
1.0,1000,19,500,0.0094591038869401,38139.66251324861,38136.05518417036
1.0,1000,19,600,0.0072523503814618,38138.82094451398,38136.05518417036
1.0,1000,19,700,0.0105429986405174,38140.07586794997,38136.05518417036
1.0,1000,19,800,0.0128865019096937,38140.969587649946,38136.05518417036
1.0,1000,19,900,0.0132505844937309,38141.10843438511,38136.05518417036
1.0,1000,19,1000,0.0115707126813052,38140.4677975437,38136.05518417036
1.0,1000,19,1100,0.0102378918449477,38139.95951225404,38136.05518417036
1.0,1000,19,1200,0.0091375959735981,38139.53990281336,38136.05518417036
1.0,1000,19,1300,0.0079388958161218,38139.08276585981,38136.05518417036
1.0,1000,19,1400,0.0067772759257352,38138.63976985738,38136.05518417036
1.0,1000,19,1500,0.0049337073965009,38137.93670554571,38136.05518417036
1.0,1000,19,1600,0.0039213269364782,38137.5506235748,38136.05518417036
1.0,1000,19,1700,0.0032024023635505,38137.27645410294,38136.05518417036
1.0,1000,19,1800,0.002986053484833,38137.19394717516,38136.05518417036
1.0,1000,19,1900,0.0026534352321722,38137.06709969477,38136.05518417036
1.0,1000,19,2000,0.0033230998720409,38137.32248337138,38136.05518417036
1.0,1000,19,2100,0.0039102945614051,38137.54641626216,38136.05518417036
1.0,1000,19,2200,0.0044934891668708,38137.76882367873,38136.05518417036
1.0,1000,19,2300,0.0049144720237274,38137.929369933336,38136.05518417036
1.0,1000,19,2400,0.0052939516634985,38138.07408849817,38136.05518417036
1.0,1000,19,2500,0.0055797183738238,38138.18306864852,38136.05518417036
1.0,1000,19,2600,0.0057954664046172,38138.2653464366,38136.05518417036
1.0,1000,19,2700,0.0059127076884722,38138.31005763731,38136.05518417036
1.0,1000,19,2800,0.0062300899287653,38138.431094703614,38136.05518417036
1.0,1000,19,2900,0.0064668173493559,38138.521373203366,38136.05518417036
1.0,1000,19,3000,0.0067159591184066,38138.6163860459,38136.05518417036
1.0,1000,19,3100,0.0069180019208899,38138.69343720055,38136.05518417036
1.0,1000,19,3200,0.0069969398379383,38138.72354100816,38136.05518417036
1.0,1000,19,3300,0.0070759429722256,38138.753669687045,38136.05518417036
1.0,1000,19,3400,0.0068489652466272,38138.66710933636,38136.05518417036
1.0,1000,19,3500,0.0063410575324162,38138.47341337018,38136.05518417036
1.0,1000,19,3600,0.0058613040432339,38138.2904543148,38136.05518417036
1.0,1000,19,3700,0.0054301027874889,38138.12601116595,38136.05518417036
1.0,1000,19,3800,0.0055363218009197,38138.16651890753,38136.05518417036
1.0,1000,19,3900,0.0036414678783306,38137.44389636995,38136.05518417036
1.0,1000,19,4000,0.0037329969683751,38137.47880195424,38136.05518417036
1.0,1000,19,4100,0.0038033819510519,38137.50564401008,38136.05518417036
1.0,1000,19,4200,0.0038689295944306,38137.530641295525,38136.05518417036
1.0,1000,19,4300,0.003915383268477,38137.548356894295,38136.05518417036
1.0,1000,19,4400,0.003962993919591,38137.56651371848,38136.05518417036
1.0,1000,19,4500,0.0040060173994964,38137.58292117652,38136.05518417036
1.0,1000,19,4600,0.0040364698785951,38137.59453455075,38136.05518417036
1.0,1000,19,4700,0.0040750511211205,38137.60924791469,38136.05518417036
1.0,1000,19,4800,0.0041013442748657,38137.61927508631,38136.05518417036
1.0,1000,19,4900,0.0041231052167501,38137.62757385112,38136.05518417036
1.0,1000,19,5000,0.0041446388091369,38137.63578591379,38136.05518417036
1.0,1000,20,0,51.23788466049336,58140.70073793333,38443.21207510313
1.0,1000,20,100,4.062015220021013,40004.78120065878,38443.21207510313
1.0,1000,20,200,2.2921847649216747,39324.401525435176,38443.21207510313
1.0,1000,20,300,0.5847190262087093,38667.99685039202,38443.21207510313
1.0,1000,20,400,0.0881798820683782,38477.111254174255,38443.21207510313
1.0,1000,20,500,0.041219423842795,38459.058145627154,38443.21207510313
1.0,1000,20,600,0.0256913777739933,38453.088665945805,38443.21207510313
1.0,1000,20,700,0.0059878373929825,38445.51399213083,38443.21207510313
1.0,1000,20,800,0.0084898751855223,38446.475855825614,38443.21207510313
1.0,1000,20,900,0.0231305773150958,38452.10421199457,38443.21207510313
1.0,1000,20,1000,0.0288754976407009,38454.31274389889,38443.21207510313
1.0,1000,20,1100,0.0292624374114578,38454.46149597556,38443.21207510313
1.0,1000,20,1200,0.0278518270501684,38453.91921204282,38443.21207510313
1.0,1000,20,1300,0.0306289383225061,38454.986822818806,38443.21207510313
1.0,1000,20,1400,0.027596589152348,38453.82109039647,38443.21207510313
1.0,1000,20,1500,0.0291216423559072,38454.40736983377,38443.21207510313
1.0,1000,20,1600,0.0328346158775767,38455.834756119,38443.21207510313
1.0,1000,20,1700,0.0292294268638433,38454.44880566074,38443.21207510313
1.0,1000,20,1800,0.0182867415067264,38450.24208592219,38443.21207510313
1.0,1000,20,1900,0.0071862538510371,38445.97470191134,38443.21207510313
1.0,1000,20,2000,0.0048368491152848,38445.071515266274,38443.21207510313
1.0,1000,20,2100,0.0209096681094156,38451.25042315864,38443.21207510313
1.0,1000,20,2200,0.0347100627133822,38456.55573812344,38443.21207510313
1.0,1000,20,2300,0.0427377806559042,38459.64185075688,38443.21207510313
1.0,1000,20,2400,0.0467468452346185,38461.1830639551,38443.21207510313
1.0,1000,20,2500,0.0459911694101554,38460.8925578953,38443.21207510313
1.0,1000,20,2600,0.0448609704712536,38460.458073120346,38443.21207510313
1.0,1000,20,2700,0.04383105191612,38460.062139346,38443.21207510313
1.0,1000,20,2800,0.0436783606992143,38460.00343993766,38443.21207510313
1.0,1000,20,2900,0.0438022563250819,38460.05106939586,38443.21207510313
1.0,1000,20,3000,0.0503249586878579,38462.55860569821,38443.21207510313
1.0,1000,20,3100,0.0567177980124874,38465.0162184774,38443.21207510313
1.0,1000,20,3200,0.0615256115892856,38466.864496446906,38443.21207510313
1.0,1000,20,3300,0.0658190778013813,38468.5150427682,38443.21207510313
1.0,1000,20,3400,0.0695998873904529,38469.96850741668,38443.21207510313
1.0,1000,20,3500,0.0676138219798183,38469.20500007892,38443.21207510313
1.0,1000,20,3600,0.0577599187920165,38465.41684317876,38443.21207510313
1.0,1000,20,3700,0.0470141976230633,38461.285842800775,38443.21207510313
1.0,1000,20,3800,0.0356121502172142,38456.90252953564,38443.21207510313
1.0,1000,20,3900,0.0268951615758131,38453.551439105664,38443.21207510313
1.0,1000,20,4000,0.0199289211198692,38450.87339251352,38443.21207510313
1.0,1000,20,4100,0.0162910170966063,38449.47486535477,38443.21207510313
1.0,1000,20,4200,0.0142725539748256,38448.69890329621,38443.21207510313
1.0,1000,20,4300,0.0130171566538431,38448.21628824172,38443.21207510313
1.0,1000,20,4400,0.0110303294587559,38447.452488049545,38443.21207510313
1.0,1000,20,4500,0.0095758343341736,38446.89333340418,38443.21207510313
1.0,1000,20,4600,0.0078698526424683,38446.23749924448,38443.21207510313
1.0,1000,20,4700,0.0061888337642644,38445.5912615921,38443.21207510313
1.0,1000,20,4800,0.0032450542487545,38444.45957818993,38443.21207510313
1.0,1000,20,4900,0.0056678295619554,38445.39097084169,38443.21207510313
1.0,1000,20,5000,0.0043142690033804,38444.87061868559,38443.21207510313
5.0,1000,1,0,53.301152087590594,49155.15317218556,32064.438200764547
5.0,1000,1,100,7.68561613170714,34528.787835663774,32064.438200764547
5.0,1000,1,200,2.857016495321941,32980.5244892927,32064.438200764547
5.0,1000,1,300,0.7953151429752199,32319.45153328516,32064.438200764547
5.0,1000,1,400,0.1535374738249365,32113.66912917416,32064.438200764547
5.0,1000,1,500,0.0478472235217343,32079.78014418145,32064.438200764547
5.0,1000,1,600,0.0262717257852057,32072.86208204322,32064.438200764547
5.0,1000,1,700,0.0113247095140326,32068.06940524809,32064.438200764547
5.0,1000,1,800,0.0116270367319454,32068.16634477204,32064.438200764547
5.0,1000,1,900,0.0135877882756408,32068.79504873904,32064.438200764547
5.0,1000,1,1000,0.0157955424485283,32069.50295271143,32064.438200764547
5.0,1000,1,1100,0.0180639036787767,32070.230289996274,32064.438200764547
5.0,1000,1,1200,0.0190127313397597,32070.534526255266,32064.438200764547
5.0,1000,1,1300,0.0190900460340575,32070.559316777635,32064.438200764547
5.0,1000,1,1400,0.0153773318250238,32069.36885582451,32064.438200764547
5.0,1000,1,1500,0.0147686456292445,32069.173684015423,32064.438200764547
5.0,1000,1,1600,0.0132264001219321,32068.67917165783,32064.438200764547
5.0,1000,1,1700,0.0116670446122078,32068.179173074084,32064.438200764547
5.0,1000,1,1800,0.0101556611454934,32067.694556456423,32064.438200764547
5.0,1000,1,1900,0.0087828427745863,32067.254369958275,32064.438200764547
5.0,1000,1,2000,0.0075857976161789,32066.870544153226,32064.438200764547
5.0,1000,1,2100,0.0069138462153551,32066.65508671157,32064.438200764547
5.0,1000,1,2200,0.0020991605397481,32065.11128479855,32064.438200764547
5.0,1000,1,2300,0.0012461386498789,32064.83776812184,32064.438200764547
5.0,1000,1,2400,0.0013915864136212,32064.88440513016,32064.438200764547
5.0,1000,1,2500,0.0015980539612058,32064.95060778936,32064.438200764547
5.0,1000,1,2600,0.0103041989761546,32067.74218427734,32064.438200764547
5.0,1000,1,2700,0.0060196771758446,32066.36837643248,32064.438200764547
5.0,1000,1,2800,0.0025620806956389,32065.25971754585,32064.438200764547
5.0,1000,1,2900,0.0057833736630997,32066.29260703867,32064.438200764547
5.0,1000,1,3000,0.0075388158570189,32066.85547971609,32064.438200764547
5.0,1000,1,3100,0.0097487122813389,32067.564070589367,32064.438200764547
5.0,1000,1,3200,0.0196545773957828,32070.74033058724,32064.438200764547
5.0,1000,1,3300,0.0281409857079474,32073.46144973596,32064.438200764547
5.0,1000,1,3400,0.0222661020392477,32071.57770129264,32064.438200764547
5.0,1000,1,3500,0.0177425467088963,32070.127248689263,32064.438200764547
5.0,1000,1,3600,0.0186709893797591,32070.42494861569,32064.438200764547
5.0,1000,1,3700,0.0237599412480257,32072.05669244256,32064.438200764547
5.0,1000,1,3800,0.0331052780482203,32075.05322218551,32064.438200764547
5.0,1000,1,3900,0.0351715017142615,32075.715745196,32064.438200764547
5.0,1000,1,4000,0.0328651697389557,32074.97623280507,32064.438200764547
5.0,1000,1,4100,0.0319823953525354,32074.693176157485,32064.438200764547
5.0,1000,1,4200,0.0291547061412771,32073.78649349783,32064.438200764547
5.0,1000,1,4300,0.0251671650124597,32072.50791083685,32064.438200764547
5.0,1000,1,4400,0.0213130697760157,32071.272116851564,32064.438200764547
5.0,1000,1,4500,0.0193568327240547,32070.644860430977,32064.438200764547
5.0,1000,1,4600,0.0167970393078701,32069.824077052977,32064.438200764547
5.0,1000,1,4700,0.0134026854470055,32068.735696556945,32064.438200764547
5.0,1000,1,4800,0.0108933595616652,32067.931095309184,32064.438200764547
5.0,1000,1,4900,0.0098471675990164,32067.59563973386,32064.438200764547
5.0,1000,1,5000,0.0108422632716545,32067.91471157085,32064.438200764547
5.0,1000,2,0,56.83985025964285,49544.408190758986,31589.17080623321
5.0,1000,2,100,5.6941300955252885,33387.89928803783,31589.17080623321
5.0,1000,2,200,2.981470160804188,32530.99250786653,31589.17080623321
5.0,1000,2,300,0.7506389877569427,31826.29143821393,31589.17080623321
5.0,1000,2,400,0.0895275264839935,31617.45180949284,31589.17080623321
5.0,1000,2,500,0.0382307623242208,31601.247587044338,31589.17080623321
5.0,1000,2,600,0.024690662802524,31596.97038187909,31589.17080623321
5.0,1000,2,700,0.0243401217365121,31596.859648863006,31589.17080623321
5.0,1000,2,800,0.0130589570207384,31593.29602247201,31589.17080623321
5.0,1000,2,900,0.0125537434968858,31593.136429709022,31589.17080623321
5.0,1000,2,1000,0.0054082881308064,31590.87923960855,31589.17080623321
5.0,1000,2,1100,0.0034790758634563,31590.2698174502,31589.17080623321
5.0,1000,2,1200,0.0022935217924652,31589.895310749715,31589.17080623321
5.0,1000,2,1300,0.0091251863855497,31592.053376946933,31589.17080623321
5.0,1000,2,1400,0.029844966268711,31598.5985836049,31589.17080623321
5.0,1000,2,1500,0.0246118462472683,31596.94548438283,31589.17080623321
5.0,1000,2,1600,0.0253025115642364,31597.163659829508,31589.17080623321
5.0,1000,2,1700,0.0260287046088998,31597.39305819077,31589.17080623321
5.0,1000,2,1800,0.0271487817772683,31597.746881280647,31589.17080623321
5.0,1000,2,1900,0.0287267769095238,31598.24535685829,31589.17080623321
5.0,1000,2,2000,0.0271557045978687,31597.74906814227,31589.17080623321
5.0,1000,2,2100,0.0365126292055035,31600.704843038788,31589.17080623321
5.0,1000,2,2200,0.0422236328057834,31602.50890172083,31589.17080623321
5.0,1000,2,2300,0.052181693495623,31605.65457052113,31589.17080623321
5.0,1000,2,2400,0.0698486830421771,31611.235426025312,31589.17080623321
5.0,1000,2,2500,0.0724140037473694,31612.045789564603,31589.17080623321
5.0,1000,2,2600,0.068140696872878,31610.695887356946,31589.17080623321
5.0,1000,2,2700,0.0650806470173643,31609.72924298133,31589.17080623321
5.0,1000,2,2800,0.0597461666900931,31608.044124879125,31589.17080623321
5.0,1000,2,2900,0.0600714985812897,31608.14689452592,31589.17080623321
5.0,1000,2,3000,0.0702043869847448,31611.34778995129,31589.17080623321
5.0,1000,2,3100,0.0792883410643579,31614.217335721463,31589.17080623321
5.0,1000,2,3200,0.0738469818236935,31612.49845545675,31589.17080623321
5.0,1000,2,3300,0.0673329560223976,31610.440728720016,31589.17080623321
5.0,1000,2,3400,0.0673024873053309,31610.43110390494,31589.17080623321
5.0,1000,2,3500,0.064429251141168,31609.52347242537,31589.17080623321
5.0,1000,2,3600,0.0655220282454108,31609.86867165137,31589.17080623321
5.0,1000,2,3700,0.0665363088152832,31610.18907447304,31589.17080623321
5.0,1000,2,3800,0.0658679399750125,31609.97794229847,31589.17080623321
5.0,1000,2,3900,0.0653709845006768,31609.82095818485,31589.17080623321
5.0,1000,2,4000,0.0612946882174152,31608.53328998936,31589.17080623321
5.0,1000,2,4100,0.0596485101532856,31608.01327598891,31589.17080623321
5.0,1000,2,4200,0.0590893355753096,31607.836637376367,31589.17080623321
5.0,1000,2,4300,0.0627625894543663,31608.99698781837,31589.17080623321
5.0,1000,2,4400,0.06814351679713,31610.69677814764,31589.17080623321
5.0,1000,2,4500,0.0645951044987251,31609.57586412578,31589.17080623321
5.0,1000,2,4600,0.0605447871261046,31608.29640245275,31589.17080623321
5.0,1000,2,4700,0.0552447359879622,31606.622160245905,31589.17080623321
5.0,1000,2,4800,0.0539903186327374,31606.22590020494,31589.17080623321
5.0,1000,2,4900,0.0467754983724213,31603.946798309546,31589.17080623321
5.0,1000,2,5000,0.0417481765998716,31602.35870904784,31589.17080623321
5.0,1000,3,0,56.23239484750437,57753.838075810345,36966.62150777553
5.0,1000,3,100,6.554894164964908,39389.744423973374,36966.62150777553
5.0,1000,3,200,2.977273695663744,38067.21900610211,36966.62150777553
5.0,1000,3,300,0.764051024331095,37249.06535806629,36966.62150777553
5.0,1000,3,400,0.162067087012121,37026.53223441998,36966.62150777553
5.0,1000,3,500,0.0697707784345421,36992.41340736246,36966.62150777553
5.0,1000,3,600,0.0490309827108152,36984.74660557578,36966.62150777553
5.0,1000,3,700,0.0447934872726464,36983.18014667575,36966.62150777553
5.0,1000,3,800,0.0358479147491779,36979.87327073929,36966.62150777553
5.0,1000,3,900,0.0234525034942489,36975.29110597635,36966.62150777553
5.0,1000,3,1000,0.0222673940392029,36974.85301104965,36966.62150777553
5.0,1000,3,1100,0.010783918855048,36970.607958242384,36966.62150777553
5.0,1000,3,1200,0.0572385250156701,36987.78065667471,36966.62150777553
5.0,1000,3,1300,0.1000392763729983,37003.60264843146,36966.62150777553
5.0,1000,3,1400,0.0995928466939747,37003.437618461714,36966.62150777553
5.0,1000,3,1500,0.0967885480367573,37002.40096399115,36966.62150777553
5.0,1000,3,1600,0.1006974356372235,37003.84594767558,36966.62150777553
5.0,1000,3,1700,0.0989273319937826,37003.191600161415,36966.62150777553
5.0,1000,3,1800,0.0949271539726374,37001.7128694927,36966.62150777553
5.0,1000,3,1900,0.0801313324148468,36996.24335413847,36966.62150777553
5.0,1000,3,2000,0.0669749092078291,36991.37986896757,36966.62150777553
5.0,1000,3,2100,0.0799432076703897,36996.17381077622,36966.62150777553
5.0,1000,3,2200,0.0744528371403586,36994.14420628301,36966.62150777553
5.0,1000,3,2300,0.0515895696612971,36985.69242872972,36966.62150777553
5.0,1000,3,2400,0.0389283934574627,36981.01201964401,36966.62150777553
5.0,1000,3,2500,0.0228118875162571,36975.05429189245,36966.62150777553
5.0,1000,3,2600,0.0356162189070882,36979.7876206143,36966.62150777553
5.0,1000,3,2700,0.036001296696847,36979.92997086335,36966.62150777553
5.0,1000,3,2800,0.0357551414360926,36979.83897557978,36966.62150777553
5.0,1000,3,2900,0.0330670062186843,36978.84526280835,36966.62150777553
5.0,1000,3,3000,0.0345109060909355,36979.37902380907,36966.62150777553
5.0,1000,3,3100,0.0241514408789364,36975.54947951392,36966.62150777553
5.0,1000,3,3200,0.0258504075294001,36976.17753008514,36966.62150777553
5.0,1000,3,3300,0.0282123201825452,36977.05064939598,36966.62150777553
5.0,1000,3,3400,0.0290298111701274,36977.352848195216,36966.62150777553
5.0,1000,3,3500,0.0320105018903285,36978.45470885207,36966.62150777553
5.0,1000,3,3600,0.0330474561010755,36978.838035790366,36966.62150777553
5.0,1000,3,3700,0.0340756746185281,36979.21813343799,36966.62150777553
5.0,1000,3,3800,0.0425304794306948,36982.34358913212,36966.62150777553
5.0,1000,3,3900,0.0410472088735238,36981.79527411932,36966.62150777553
5.0,1000,3,4000,0.0454885073404319,36983.43707211361,36966.62150777553
5.0,1000,3,4100,0.0502391279502542,36985.19321605371,36966.62150777553
5.0,1000,3,4200,0.0483799217092956,36984.50593031957,36966.62150777553
5.0,1000,3,4300,0.0456380476107558,36983.49235209934,36966.62150777553
5.0,1000,3,4400,0.0463087794907602,36983.74029901475,36966.62150777553
5.0,1000,3,4500,0.0474797853497739,36984.17318031849,36966.62150777553
5.0,1000,3,4600,0.049793040687419,36985.028312663664,36966.62150777553
5.0,1000,3,4700,0.0487804872521289,36984.65400586768,36966.62150777553
5.0,1000,3,4800,0.056827505626783,36987.628716692896,36966.62150777553
5.0,1000,3,4900,0.0710973717965726,36992.90380410955,36966.62150777553
5.0,1000,3,5000,0.0790552287868652,36995.84555498328,36966.62150777553
5.0,1000,4,0,41.47177659342462,54966.54330372883,38853.36328368664
5.0,1000,4,100,6.231213647565736,41274.399359158015,38853.36328368664
5.0,1000,4,200,3.1927925101530885,40093.87055655076,38853.36328368664
5.0,1000,4,300,1.0699650624918198,39269.08069642511,38853.36328368664
5.0,1000,4,400,0.4603100436174109,39032.20921716461,38853.36328368664
5.0,1000,4,500,0.3881800235337201,39004.184278424895,38853.36328368664
5.0,1000,4,600,0.3706150696048149,38997.359703064285,38853.36328368664
5.0,1000,4,700,0.3636411720409128,38994.65010930875,38853.36328368664
5.0,1000,4,800,0.3590888363692748,38992.88137379236,38853.36328368664
5.0,1000,4,900,0.35560025499288,38991.52594259674,38853.36328368664
5.0,1000,4,1000,0.3528354122574358,38990.45170820451,38853.36328368664
5.0,1000,4,1100,0.3507383713161507,38989.63693726939,38853.36328368664
5.0,1000,4,1200,0.3491776412629407,38989.03054115194,38853.36328368664
5.0,1000,4,1300,0.3472500183370517,38988.2815948138,38853.36328368664
5.0,1000,4,1400,0.3454910295811892,38987.59816852237,38853.36328368664
5.0,1000,4,1500,0.3436645895360206,38986.88853513646,38853.36328368664
5.0,1000,4,1600,0.3419263618035695,38986.21317520087,38853.36328368664
5.0,1000,4,1700,0.3405708486082628,38985.68651273474,38853.36328368664
5.0,1000,4,1800,0.3389556111949263,38985.05893867464,38853.36328368664
5.0,1000,4,1900,0.3400334332085946,38985.477708777165,38853.36328368664
5.0,1000,4,2000,0.339304252104576,38985.19439739383,38853.36328368664
5.0,1000,4,2100,0.3377319898065081,38984.58352061138,38853.36328368664
5.0,1000,4,2200,0.3364797644891945,38984.09698895972,38853.36328368664
5.0,1000,4,2300,0.3351709666284461,38983.58847697223,38853.36328368664
5.0,1000,4,2400,0.3340203301316036,38983.14141599404,38853.36328368664
5.0,1000,4,2500,0.3329284831165645,38982.717196706784,38853.36328368664
5.0,1000,4,2600,0.3337118949942269,38983.02157856962,38853.36328368664
5.0,1000,4,2700,0.3343535339418129,38983.270876880895,38853.36328368664
5.0,1000,4,2800,0.3348009491325981,38983.44471273036,38853.36328368664
5.0,1000,4,2900,0.3351855791498202,38983.59415442825,38853.36328368664
5.0,1000,4,3000,0.3354286887569078,38983.688610687066,38853.36328368664
5.0,1000,4,3100,0.3356814635850616,38983.78682220934,38853.36328368664
5.0,1000,4,3200,0.3358252085712918,38983.84267197104,38853.36328368664
5.0,1000,4,3300,0.3359305499043152,38983.88360062185,38853.36328368664
5.0,1000,4,3400,0.335750387265841,38983.81360137742,38853.36328368664
5.0,1000,4,3500,0.3343530197099036,38983.2706770845,38853.36328368664
5.0,1000,4,3600,0.332969424240093,38982.73310371024,38853.36328368664
5.0,1000,4,3700,0.3314007511554352,38982.123621457926,38853.36328368664
5.0,1000,4,3800,0.3299858961105148,38981.573902687385,38853.36328368664
5.0,1000,4,3900,0.3299166059944527,38981.54698114687,38853.36328368664
5.0,1000,4,4000,0.3300064000275877,38981.58186914877,38853.36328368664
5.0,1000,4,4100,0.3292058146760556,38981.27081481375,38853.36328368664
5.0,1000,4,4200,0.3292014764159647,38981.26912925379,38853.36328368664
5.0,1000,4,4300,0.3292005709861974,38981.26877746388,38853.36328368664
5.0,1000,4,4400,0.3283376885206518,38980.93351860483,38853.36328368664
5.0,1000,4,4500,0.3272316492556922,38980.50378515115,38853.36328368664
5.0,1000,4,4600,0.3261788962517356,38980.09475520205,38853.36328368664
5.0,1000,4,4700,0.3251648139958342,38979.70075013916,38853.36328368664
5.0,1000,4,4800,0.3241435014519732,38979.30393586624,38853.36328368664
5.0,1000,4,4900,0.323174184833628,38978.92732375914,38853.36328368664
5.0,1000,4,5000,0.3222039083482545,38978.55033871142,38853.36328368664
5.0,1000,5,0,49.64075821873356,50618.01757729345,33826.35732392097
5.0,1000,5,100,5.557978704365841,35706.419060447195,33826.35732392097
5.0,1000,5,200,2.8047747274591885,34775.11044536235,33826.35732392097
5.0,1000,5,300,0.8654745496825744,34119.1158376442,33826.35732392097
5.0,1000,5,400,0.1415844341812616,33874.25018054218,33826.35732392097
5.0,1000,5,500,0.0359980585227001,33838.534155826535,33826.35732392097
5.0,1000,5,600,0.0271625563085727,33835.54542727622,33826.35732392097
5.0,1000,5,700,0.0232190466158336,33834.21148159645,33826.35732392097
5.0,1000,5,800,0.0204113322960959,33833.26173411802,33826.35732392097
5.0,1000,5,900,0.0183978416406897,33832.58064357424,33826.35732392097
5.0,1000,5,1000,0.0171115415716264,33832.14553511662,33826.35732392097
5.0,1000,5,1100,0.0159532068185029,33831.75371266402,33826.35732392097
5.0,1000,5,1200,0.015109278256207,33831.46824237298,33826.35732392097
5.0,1000,5,1300,0.0143268241875572,33831.203566663826,33826.35732392097
5.0,1000,5,1400,0.0135853630367939,33830.95275736555,33826.35732392097
5.0,1000,5,1500,0.0130418191209246,33830.76889625836,33826.35732392097
5.0,1000,5,1600,0.0126235840116884,33830.62742255585,33826.35732392097
5.0,1000,5,1700,0.0122085807354349,33830.48704206472,33826.35732392097
5.0,1000,5,1800,0.0117489358216398,33830.33156093376,33826.35732392097
5.0,1000,5,1900,0.0113456512701728,33830.19514446035,33826.35732392097
5.0,1000,5,2000,0.0109916599535493,33830.07540209269,33826.35732392097
5.0,1000,5,2100,0.0107105427433508,33829.98031038067,33826.35732392097
5.0,1000,5,2200,0.0104047606535516,33829.87687543834,33826.35732392097
5.0,1000,5,2300,0.0101457556153592,33829.78926346864,33826.35732392097
5.0,1000,5,2400,0.0098646522251827,33829.694176431425,33826.35732392097
5.0,1000,5,2500,0.0096445519839288,33829.61972453735,33826.35732392097
5.0,1000,5,2600,0.0094327883352513,33829.548092608864,33826.35732392097
5.0,1000,5,2700,0.0092332349276922,33829.48059096017,33826.35732392097
5.0,1000,5,2800,0.0090241525218848,33829.40986599848,33826.35732392097
5.0,1000,5,2900,0.0088709264989285,33829.35803521644,33826.35732392097
5.0,1000,5,3000,0.0086915849885212,33829.2973705163,33826.35732392097
5.0,1000,5,3100,0.0085555408186488,33829.25135172928,33826.35732392097
5.0,1000,5,3200,0.0083694249893995,33829.188395523845,33826.35732392097
5.0,1000,5,3300,0.0082397927339028,33829.14454565389,33826.35732392097
5.0,1000,5,3400,0.008086535689702,33829.0927043785,33826.35732392097
5.0,1000,5,3500,0.0079545009528131,33829.048041836606,33826.35732392097
5.0,1000,5,3600,0.0078283229497534,33829.00536041443,33826.35732392097
5.0,1000,5,3700,0.0077104710343919,33828.96549540442,33826.35732392097
5.0,1000,5,3800,0.0075789906053354,33828.92102036468,33826.35732392097
5.0,1000,5,3900,0.0074955474253816,33828.892794576466,33826.35732392097
5.0,1000,5,4000,0.0073946149811337,33828.85865280722,33826.35732392097
5.0,1000,5,4100,0.0072950647422938,33828.82497858771,33826.35732392097
5.0,1000,5,4200,0.0071603946386127,33828.77942459723,33826.35732392097
5.0,1000,5,4300,0.0070822439228122,33828.752989056855,33826.35732392097
5.0,1000,5,4400,0.0069857250930261,33828.72034025261,33826.35732392097
5.0,1000,5,4500,0.0069209562290128,33828.69843130523,33826.35732392097
5.0,1000,5,4600,0.0068367083845282,33828.66993332832,33826.35732392097
5.0,1000,5,4700,0.006768654996054,33828.64691334596,33826.35732392097
5.0,1000,5,4800,0.0067077147124102,33828.62629946786,33826.35732392097
5.0,1000,5,4900,0.0066593581947948,33828.609942219424,33826.35732392097
5.0,1000,5,5000,0.0066010487115785,33828.59021824528,33826.35732392097
5.0,1000,6,0,39.53160514378771,48363.44310904264,34661.281979236155
5.0,1000,6,100,6.9400212927879865,37066.78232894843,34661.281979236155
5.0,1000,6,200,3.327220379281813,35814.539216969635,34661.281979236155
5.0,1000,6,300,0.9216176951525724,34980.726487323525,34661.281979236155
5.0,1000,6,400,0.1800630870267695,34723.69415357102,34661.281979236155
5.0,1000,6,500,0.0782154548849156,34688.39245860516,34661.281979236155
5.0,1000,6,600,0.0615742923588373,34682.62441833737,34661.281979236155
5.0,1000,6,700,0.035770297164983,34673.68042280132,34661.281979236155
5.0,1000,6,800,0.0192955893621264,34667.97007787452,34661.281979236155
5.0,1000,6,900,0.0200491142268774,34668.23125925267,34661.281979236155
5.0,1000,6,1000,0.0145166362430715,34666.313631458266,34661.281979236155
5.0,1000,6,1100,0.013548634571079,34665.97810966917,34661.281979236155
5.0,1000,6,1200,0.0158254056671651,34666.76726771881,34661.281979236155
5.0,1000,6,1300,0.0168246734445347,34667.11362674085,34661.281979236155
5.0,1000,6,1400,0.017933693390745,34667.49802727161,34661.281979236155
5.0,1000,6,1500,0.0187014182390258,34667.7641305461,34661.281979236155
5.0,1000,6,1600,0.0188962245289541,34667.831652903566,34661.281979236155
5.0,1000,6,1700,0.0184655487122745,34667.68237514433,34661.281979236155
5.0,1000,6,1800,0.0217189766792632,34668.81005498596,34661.281979236155
5.0,1000,6,1900,0.0080055635955296,34664.05681020803,34661.281979236155
5.0,1000,6,2000,0.002361107347009,34662.100369311534,34661.281979236155
5.0,1000,6,2100,0.0019687260495271,34661.96436492358,34661.281979236155
5.0,1000,6,2200,0.0015645504045141,34661.82427246357,34661.281979236155
5.0,1000,6,2300,0.0033955339630826,34662.4589148378,34661.281979236155
5.0,1000,6,2400,0.002517335825814,34662.154520105105,34661.281979236155
5.0,1000,6,2500,0.0007976110918756,34661.55844146581,34661.281979236155
5.0,1000,6,2600,0.005715740522012,34663.26312817569,34661.281979236155
5.0,1000,6,2700,0.0021890281878226,34662.04072446894,34661.281979236155
5.0,1000,6,2800,0.0016673001949118,34661.859886858154,34661.281979236155
5.0,1000,6,2900,0.0022634729391218,34662.06652797411,34661.281979236155
5.0,1000,6,3000,0.0047434377834744,34662.926115581795,34661.281979236155
5.0,1000,6,3100,0.0020571447683252,34661.995011985025,34661.281979236155
5.0,1000,6,3200,0.0033103998918344,34662.429406277304,34661.281979236155
5.0,1000,6,3300,0.0024828866265734,34662.14257957102,34661.281979236155
5.0,1000,6,3400,0.0032270461108429,34662.400514788234,34661.281979236155
5.0,1000,6,3500,0.0036329691443829,34662.54121291551,34661.281979236155
5.0,1000,6,3600,0.0040970656924024,34662.70207472867,34661.281979236155
5.0,1000,6,3700,0.005300952869784,34663.11935745794,34661.281979236155
5.0,1000,6,3800,0.0046937479989451,34662.908892465464,34661.281979236155
5.0,1000,6,3900,0.0040424737058278,34662.68315244627,34661.281979236155
5.0,1000,6,4000,0.0051654959982279,34663.07240636973,34661.281979236155
5.0,1000,6,4100,0.0050950470926942,34663.04798787593,34661.281979236155
5.0,1000,6,4200,0.0100732539615618,34664.77349819626,34661.281979236155
5.0,1000,6,4300,0.0095619922857665,34664.59628834516,34661.281979236155
5.0,1000,6,4400,0.0088224797667427,34664.33996382567,34661.281979236155
5.0,1000,6,4500,0.0080744313789378,34664.08068066463,34661.281979236155
5.0,1000,6,4600,0.0073237037791494,34663.82046885437,34661.281979236155
5.0,1000,6,4700,0.0126163620063395,34665.654972046694,34661.281979236155
5.0,1000,6,4800,0.0200281163675054,34668.223981125426,34661.281979236155
5.0,1000,6,4900,0.0217704816937065,34668.82790728425,34661.281979236155
5.0,1000,6,5000,0.0185069390155201,34667.69672155405,34661.281979236155
5.0,1000,7,0,36.95864905290134,45250.06939458463,33039.220018230786
5.0,1000,7,100,8.639888816440532,35893.77189362509,33039.220018230786
5.0,1000,7,200,4.4976855573415575,34525.22024524905,33039.220018230786
5.0,1000,7,300,1.2546959754571947,33453.761782121976,33039.220018230786
5.0,1000,7,400,0.3478076597147601,33154.132956164205,33039.220018230786
5.0,1000,7,500,0.2127570186247799,33109.513277718455,33039.220018230786
5.0,1000,7,600,0.1850568515139954,33100.361358561306,33039.220018230786
5.0,1000,7,700,0.1696953374168046,33095.2860341206,33039.220018230786
5.0,1000,7,800,0.1572151656374107,33091.16268270776,33039.220018230786
5.0,1000,7,900,0.1472077639079771,33087.85631523226,33039.220018230786
5.0,1000,7,1000,0.1389122932660014,33085.11555643531,33039.220018230786
5.0,1000,7,1100,0.130924520245875,33082.476458532634,33039.220018230786
5.0,1000,7,1200,0.124207887344219,33080.25733541044,33039.220018230786
5.0,1000,7,1300,0.1183764973637157,33078.33068964466,33039.220018230786
5.0,1000,7,1400,0.1125012400979195,33076.389550469976,33039.220018230786
5.0,1000,7,1500,0.1072637310621093,33074.65911833616,33039.220018230786
5.0,1000,7,1600,0.1022671924363897,33073.00830094631,33039.220018230786
5.0,1000,7,1700,0.0977329301081728,33071.51021603949,33039.220018230786
5.0,1000,7,1800,0.0933724528908217,33070.0695483778,33039.220018230786
5.0,1000,7,1900,0.0894307584234936,33068.7672432703,33039.220018230786
5.0,1000,7,2000,0.0852362597924561,33067.38141363893,33039.220018230786
5.0,1000,7,2100,0.081622479194433,33066.18744871617,33039.220018230786
5.0,1000,7,2200,0.078636609972374,33065.20094081444,33039.220018230786
5.0,1000,7,2300,0.0754248610932142,33064.13980403582,33039.220018230786
5.0,1000,7,2400,0.0728898443710637,33063.30225428349,33039.220018230786
5.0,1000,7,2500,0.0675450595897794,33061.5363790801,33039.220018230786
5.0,1000,7,2600,0.0603125021404584,33059.14679851147,33039.220018230786
5.0,1000,7,2700,0.0557262211187524,33057.63152703406,33039.220018230786
5.0,1000,7,2800,0.053834903055702,33057.00665029796,33039.220018230786
5.0,1000,7,2900,0.051675233031589,33056.293112167026,33039.220018230786
5.0,1000,7,3000,0.0496604234768137,33055.62743480528,33039.220018230786
5.0,1000,7,3100,0.0474182198676563,33054.88662822159,33039.220018230786
5.0,1000,7,3200,0.0454741038240723,33054.24430744454,33039.220018230786
5.0,1000,7,3300,0.0431381959727817,33053.47254171013,33039.220018230786
5.0,1000,7,3400,0.0413102618506337,33052.868606533724,33039.220018230786
5.0,1000,7,3500,0.038919094136821,33052.07858337175,33039.220018230786
5.0,1000,7,3600,0.0370646173382374,33051.46587870208,33039.220018230786
5.0,1000,7,3700,0.034812188933994,33050.72169392585,33039.220018230786
5.0,1000,7,3800,0.0322879119068721,33049.88769248499,33039.220018230786
5.0,1000,7,3900,0.0301148596531913,33049.169732969785,33039.220018230786
5.0,1000,7,4000,0.0280806514059089,33048.49764643134,33039.220018230786
5.0,1000,7,4100,0.0261722348375196,33047.86712048244,33039.220018230786
5.0,1000,7,4200,0.0243952548583889,33047.28002015746,33039.220018230786
5.0,1000,7,4300,0.0227331336411024,33046.73086827151,33039.220018230786
5.0,1000,7,4400,0.0211483315520851,33046.207262022464,33039.220018230786
5.0,1000,7,4500,0.0197093101337417,33045.73182056995,33039.220018230786
5.0,1000,7,4600,0.0183524286038145,33045.28351749589,33039.220018230786
5.0,1000,7,4700,0.0166820403360593,33044.73163424095,33039.220018230786
5.0,1000,7,4800,0.0155655776758157,33044.36276368621,33039.220018230786
5.0,1000,7,4900,0.0146679252834071,33044.06618633728,33039.220018230786
5.0,1000,7,5000,0.0143035845347613,33043.94581099572,33039.220018230786
5.0,1000,8,0,33.765153677468284,63504.0488000436,47474.28388798717
5.0,1000,8,100,3.7755707413301582,49266.70906011803,47474.28388798717
5.0,1000,8,200,2.309949524059949,48570.9158827086,47474.28388798717
5.0,1000,8,300,0.5083855157211999,47715.63627096606,47474.28388798717
5.0,1000,8,400,0.1113671145611824,47527.154628111806,47474.28388798717
5.0,1000,8,500,0.0626557243245473,47504.02924442508,47474.28388798717
5.0,1000,8,600,0.0881608470432879,47516.13761879056,47474.28388798717
5.0,1000,8,700,0.0970302436017855,47520.34830129189,47474.28388798717
5.0,1000,8,800,0.1014207925632202,47522.43268297008,47474.28388798717
5.0,1000,8,900,0.1048669352612857,47524.06871453775,47474.28388798717
5.0,1000,8,1000,0.1060260418338242,47524.61899208256,47474.28388798717
5.0,1000,8,1100,0.1069202405596165,47525.04350652416,47474.28388798717
5.0,1000,8,1200,0.1080218549563648,47525.56649007023,47474.28388798717
5.0,1000,8,1300,0.1053299740663797,47524.28853889459,47474.28388798717
5.0,1000,8,1400,0.0932906125049064,47518.57293820859,47474.28388798717
5.0,1000,8,1500,0.0857379234833796,47514.987353181335,47474.28388798717
5.0,1000,8,1600,0.0702741759893953,47507.64604979632,47474.28388798717
5.0,1000,8,1700,0.0560209708837689,47500.87944274134,47474.28388798717
5.0,1000,8,1800,0.0437467594796793,47495.05234877435,47474.28388798717
5.0,1000,8,1900,0.0345650652113951,47490.693405171696,47474.28388798717
5.0,1000,8,2000,0.0366227300996148,47491.67026684219,47474.28388798717
5.0,1000,8,2100,0.0372665498525839,47491.975915659445,47474.28388798717
5.0,1000,8,2200,0.0419940930954033,47494.22028295947,47474.28388798717
5.0,1000,8,2300,0.0457676956735606,47496.01177376023,47474.28388798717
5.0,1000,8,2400,0.0453879449916712,47495.83148984344,47474.28388798717
5.0,1000,8,2500,0.0404839724392389,47493.50336399211,47474.28388798717
5.0,1000,8,2600,0.0340851036431324,47490.46554685423,47474.28388798717
5.0,1000,8,2700,0.0401509107363384,47493.34524533375,47474.28388798717
5.0,1000,8,2800,0.046086029559147,47496.16290049278,47474.28388798717
5.0,1000,8,2900,0.0513474233170424,47498.66070950187,47474.28388798717
5.0,1000,8,3000,0.0571692574495604,47501.42458356543,47474.28388798717
5.0,1000,8,3100,0.0630244632618813,47504.204300595,47474.28388798717
5.0,1000,8,3200,0.0686676684631522,47506.88337185263,47474.28388798717
5.0,1000,8,3300,0.0650220709220746,47505.152650526565,47474.28388798717
5.0,1000,8,3400,0.0612805624035643,47503.3763961508,47474.28388798717
5.0,1000,8,3500,0.0579767396234136,47501.80792994499,47474.28388798717
5.0,1000,8,3600,0.0544627695228493,47500.13969780371,47474.28388798717
5.0,1000,8,3700,0.051171049054408,47498.57697708372,47474.28388798717
5.0,1000,8,3800,0.0476351478867429,47496.898333325385,47474.28388798717
5.0,1000,8,3900,0.0451536817581886,47495.72027505093,47474.28388798717
5.0,1000,8,4000,0.0480283663095957,47497.08501095575,47474.28388798717
5.0,1000,8,4100,0.0507861876595667,47498.39426689256,47474.28388798717
5.0,1000,8,4200,0.053313406090413,47499.59404574489,47474.28388798717
5.0,1000,8,4300,0.055523249734918,47500.64315319016,47474.28388798717
5.0,1000,8,4400,0.0560465094122265,47500.89156697484,47474.28388798717
5.0,1000,8,4500,0.0564684421714886,47501.09187653079,47474.28388798717
5.0,1000,8,4600,0.0541024293030557,47499.9686288648,47474.28388798717
5.0,1000,8,4700,0.0513712167258547,47498.67200525232,47474.28388798717
5.0,1000,8,4800,0.0478017178145677,47496.97741120579,47474.28388798717
5.0,1000,8,4900,0.0481120707514435,47497.1247490401,47474.28388798717
5.0,1000,8,5000,0.0445270297001113,47495.42277647389,47474.28388798717
5.0,1000,9,0,41.146232453523744,66767.99057569557,47304.12524307424
5.0,1000,9,100,4.7834502036867965,49566.89451836633,47304.12524307424
5.0,1000,9,200,2.013780133546433,48256.72631956719,47304.12524307424
5.0,1000,9,300,0.491646668432422,47536.694398862914,47304.12524307424
5.0,1000,9,400,0.0724418603770307,47338.3932314354,47304.12524307424
5.0,1000,9,500,0.0147286063711916,47311.09248147863,47304.12524307424
5.0,1000,9,600,0.0134110263051391,47310.469211754,47304.12524307424
5.0,1000,9,700,0.0121385894865263,47309.86729664769,47304.12524307424
5.0,1000,9,800,0.0096109404730156,47308.67161439263,47304.12524307424
5.0,1000,9,900,0.0079649075695054,47307.89297292641,47304.12524307424
5.0,1000,9,1000,0.006945545033159,47307.41077239554,47304.12524307424
5.0,1000,9,1100,0.0053629481263031,47306.66213877263,47304.12524307424
5.0,1000,9,1200,0.004112789545531,47306.07076219184,47304.12524307424
5.0,1000,9,1300,0.0032979231581899,47305.68529677541,47304.12524307424
5.0,1000,9,1400,0.0026766694330387,47305.39141813519,47304.12524307424
5.0,1000,9,1500,0.002299620330092,47305.2130583553,47304.12524307424
5.0,1000,9,1600,0.0032674923508015,47305.67090174817,47304.12524307424
5.0,1000,9,1700,0.0004913240791224,47304.357659631976,47304.12524307424
5.0,1000,9,1800,0.0022804079822985,47305.20397012224,47304.12524307424
5.0,1000,9,1900,0.0021063710635079,47305.121643480205,47304.12524307424
5.0,1000,9,2000,0.0017647098245719,47304.96002361983,47304.12524307424
5.0,1000,9,2100,0.0014235028851118,47304.79861866185,47304.12524307424
5.0,1000,9,2200,0.0011818925259354,47304.68432699495,47304.12524307424
5.0,1000,9,2300,0.0009780244264107,47304.587888973816,47304.12524307424
5.0,1000,9,2400,0.0008845861479735,47304.54368881356,47304.12524307424
5.0,1000,9,2500,0.0007088522074505,47304.46055941024,47304.12524307424
5.0,1000,9,2600,0.0006724188285214,47304.44332491904,47304.12524307424
5.0,1000,9,2700,0.0005528608707079,47304.38676907294,47304.12524307424
5.0,1000,9,2800,0.0005177772796128,47304.37017308707,47304.12524307424
5.0,1000,9,2900,0.0005685054734058,47304.39416961539,47304.12524307424
5.0,1000,9,3000,0.0004838726632705,47304.35413480489,47304.12524307424
5.0,1000,9,3100,0.0007704336575686,47304.48968997653,47304.12524307424
5.0,1000,9,3200,0.0009962439262879,47304.59650754886,47304.12524307424
5.0,1000,9,3300,0.000442127429961,47304.33438758744,47304.12524307424
5.0,1000,9,3400,7.604730382901816e-05,47304.161216586086,47304.12524307424
5.0,1000,9,3500,0.0003655282206445,47304.29815300153,47304.12524307424
5.0,1000,9,3600,0.0004552227675348,47304.34058222233,47304.12524307424
5.0,1000,9,3700,0.0003874064803401,47304.3085023209,47304.12524307424
5.0,1000,9,3800,0.0003431398590066,47304.2875623829,47304.12524307424
5.0,1000,9,3900,0.0002924344104116,47304.263576614,47304.12524307424
5.0,1000,9,4000,0.0002330828285817,47304.23550086739,47304.12524307424
5.0,1000,9,4100,0.0001456433995192,47304.19413841036,47304.12524307424
5.0,1000,9,4200,4.686885637765779e-06,47304.12746016449,47304.12524307424
5.0,1000,9,4300,0.0002483035717248,47304.24270090679,47304.12524307424
5.0,1000,9,4400,0.0004819883667385,47304.3532434549,47304.12524307424
5.0,1000,9,4500,0.0006571542911171,47304.43610416315,47304.12524307424
5.0,1000,9,4600,0.0009046027542036,47304.55315749404,47304.12524307424
5.0,1000,9,4700,0.001102671801584,47304.64685232428,47304.12524307424
5.0,1000,9,4800,0.0012831760165292,47304.73223826419,47304.12524307424
5.0,1000,9,4900,0.0014610409034952,47304.81637569308,47304.12524307424
5.0,1000,9,5000,0.0016516653860247,47304.90654893704,47304.12524307424
5.0,1000,10,0,37.52623663462878,41388.716765444144,30095.14240937395
5.0,1000,10,100,6.116814675429585,31936.00649686197,30095.14240937395
5.0,1000,10,200,3.503952070693943,31149.6617750055,30095.14240937395
5.0,1000,10,300,1.232915818574751,30466.19018076172,30095.14240937395
5.0,1000,10,400,0.5849706124702179,30271.19014824985,30095.14240937395
5.0,1000,10,500,0.5255579575329151,30253.30982513728,30095.14240937395
5.0,1000,10,600,0.5160515622643441,30250.448861943205,30095.14240937395
5.0,1000,10,700,0.5041393426322719,30246.86386248081,30095.14240937395
5.0,1000,10,800,0.5008781255433091,30245.882394553613,30095.14240937395
5.0,1000,10,900,0.4978071004784721,30244.958165186923,30095.14240937395
5.0,1000,10,1000,0.495255378625679,30244.19022086144,30095.14240937395
5.0,1000,10,1100,0.4851740303228277,30241.156224732906,30095.14240937395
5.0,1000,10,1200,0.4833666568230226,30240.61229310427,30095.14240937395
5.0,1000,10,1300,0.4813329121506884,30240.000234748888,30095.14240937395
5.0,1000,10,1400,0.4803829950969546,30239.7143558588,30095.14240937395
5.0,1000,10,1500,0.4785486187468923,30239.16229768392,30095.14240937395
5.0,1000,10,1600,0.4767290118796971,30238.614684405948,30095.14240937395
5.0,1000,10,1700,0.4751271094970052,30238.132589602617,30095.14240937395
5.0,1000,10,1800,0.4736319545457263,30237.68262059079,30095.14240937395
5.0,1000,10,1900,0.4721508501055567,30237.23688010029,30095.14240937395
5.0,1000,10,2000,0.4707663723205544,30236.820219539262,30095.14240937395
5.0,1000,10,2100,0.4694996119577889,30236.438986204103,30095.14240937395
5.0,1000,10,2200,0.4676627195075418,30235.886170805297,30095.14240937395
5.0,1000,10,2300,0.4653651804908547,30235.194723166314,30095.14240937395
5.0,1000,10,2400,0.4638924127878397,30234.751491628733,30095.14240937395
5.0,1000,10,2500,0.4618239798586313,30234.128993793045,30095.14240937395
5.0,1000,10,2600,0.4599541162966405,30233.566255691203,30095.14240937395
5.0,1000,10,2700,0.4594393152027261,30233.411325568864,30095.14240937395
5.0,1000,10,2800,0.4571775215168002,30232.73063553808,30095.14240937395
5.0,1000,10,2900,0.4550676327271711,30232.09566150216,30095.14240937395
5.0,1000,10,3000,0.4541858853012185,30231.83029835863,30095.14240937395
5.0,1000,10,3100,0.4507433891598818,30230.794274242457,30095.14240937395
5.0,1000,10,3200,0.4529955163965559,30231.47205514157,30095.14240937395
5.0,1000,10,3300,0.4659247724340162,30235.36313315852,30095.14240937395
5.0,1000,10,3400,0.4711845863883381,30236.94608165854,30095.14240937395
5.0,1000,10,3500,0.470948655937533,30236.875078053385,30095.14240937395
5.0,1000,10,3600,0.4708933089712897,30236.858421305074,30095.14240937395
5.0,1000,10,3700,0.4704749765559916,30236.732523568942,30095.14240937395
5.0,1000,10,3800,0.4684528982527025,30236.123976223946,30095.14240937395
5.0,1000,10,3900,0.4651998081834876,30235.144954134907,30095.14240937395
5.0,1000,10,4000,0.462430273718502,30234.311458793592,30095.14240937395
5.0,1000,10,4100,0.4567893227069695,30232.61380655343,30095.14240937395
5.0,1000,10,4200,0.4499491749241264,30230.55525433717,30095.14240937395
5.0,1000,10,4300,0.4456040482203058,30229.247582267788,30095.14240937395
5.0,1000,10,4400,0.4422210869212362,30228.22947524718,30095.14240937395
5.0,1000,10,4500,0.4389552993180001,30227.2466318172,30095.14240937395
5.0,1000,10,4600,0.4379121845266365,30226.932704935243,30095.14240937395
5.0,1000,10,4700,0.4377499508749427,30226.88388048673,30095.14240937395
5.0,1000,10,4800,0.4375289642851234,30226.81737425782,30095.14240937395
5.0,1000,10,4900,0.4373864591207943,30226.77448712568,30095.14240937395
5.0,1000,10,5000,0.4372140121719546,30226.72258897084,30095.14240937395
5.0,1000,11,0,52.56764091987143,43634.00463340689,28599.77670908832
5.0,1000,11,100,6.415859648000381,30434.69824238493,28599.77670908832
5.0,1000,11,200,3.3706074597912075,29563.76291632848,28599.77670908832
5.0,1000,11,300,0.9144932166112608,28861.3197270589,28599.77670908832
5.0,1000,11,400,0.2435631015448034,28669.435212275865,28599.77670908832
5.0,1000,11,500,0.0886386228231576,28625.127157293755,28599.77670908832
5.0,1000,11,600,0.0447374548907748,28612.57152129241,28599.77670908832
5.0,1000,11,700,0.024405286074724,28606.756566410902,28599.77670908832
5.0,1000,11,800,0.0150942934758003,28604.09364331821,28599.77670908832
5.0,1000,11,900,0.0120934955586979,28603.235421814432,28599.77670908832
5.0,1000,11,1000,0.0108788897911641,28602.88804727702,28599.77670908832
5.0,1000,11,1100,0.0094887476747651,28602.490469735792,28599.77670908832
5.0,1000,11,1200,0.0080606152652833,28602.08202705557,28599.77670908832
5.0,1000,11,1300,0.0058176641637139,28601.440548048828,28599.77670908832
5.0,1000,11,1400,0.0041802324114709,28600.97224622392,28599.77670908832
5.0,1000,11,1500,0.0041703442871008,28600.969418242432,28599.77670908832
5.0,1000,11,1600,0.0061128577690887,28601.524972760824,28599.77670908832
5.0,1000,11,1700,0.0046039894731845,28601.09343979736,28599.77670908832
5.0,1000,11,1800,0.0056073337624152,28601.380394023705,28599.77670908832
5.0,1000,11,1900,0.005968946520407,28601.48381446504,28599.77670908832
5.0,1000,11,2000,0.0063133144565963,28601.58230292585,28599.77670908832
5.0,1000,11,2100,0.0067082029501693,28601.69524015326,28599.77670908832
5.0,1000,11,2200,0.0069912697644202,28601.776196630075,28599.77670908832
5.0,1000,11,2300,0.0070251774478542,28601.785894151824,28599.77670908832
5.0,1000,11,2400,0.007249448302664,28601.850035115523,28599.77670908832
5.0,1000,11,2500,0.0074437157153499,28601.90559516177,28599.77670908832
5.0,1000,11,2600,0.0075601544406692,28601.93889637721,28599.77670908832
5.0,1000,11,2700,0.0076468438988606,28601.963689368687,28599.77670908832
5.0,1000,11,2800,0.0076878136261764,28601.97540661921,28599.77670908832
5.0,1000,11,2900,0.0076414651888615,28601.96215106964,28599.77670908832
5.0,1000,11,3000,0.0077103971401021,28601.98186545377,28599.77670908832
5.0,1000,11,3100,0.00778742086823,28602.00389406803,28599.77670908832
5.0,1000,11,3200,0.0075401843823866,28601.933184985137,28599.77670908832
5.0,1000,11,3300,0.0041138979054107,28600.953274703308,28599.77670908832
5.0,1000,11,3400,0.0032650877536175,28600.71051689521,28599.77670908832
5.0,1000,11,3500,0.0117005408527549,28603.123037645964,28599.77670908832
5.0,1000,11,3600,0.0150293023881873,28604.07505601228,28599.77670908832
5.0,1000,11,3700,0.0111923201648541,28602.977687664035,28599.77670908832
5.0,1000,11,3800,0.0199190102155154,28605.47350153262,28599.77670908832
5.0,1000,11,3900,0.0189478955923382,28605.1957649188,28599.77670908832
5.0,1000,11,4000,0.0179727079388049,28604.9168634274,28599.77670908832
5.0,1000,11,4100,0.0172042733894193,28604.69709286212,28599.77670908832
5.0,1000,11,4200,0.0164776534769701,28604.48928118963,28599.77670908832
5.0,1000,11,4300,0.0157120460515957,28604.270319175503,28599.77670908832
5.0,1000,11,4400,0.0135165057124137,28603.642399540942,28599.77670908832
5.0,1000,11,4500,0.0107587669833113,28602.8536924222,28599.77670908832
5.0,1000,11,4600,0.011396159155201,28603.03598516012,28599.77670908832
5.0,1000,11,4700,0.0122376381955267,28603.276646286708,28599.77670908832
5.0,1000,11,4800,0.0116065835542234,28603.096166068382,28599.77670908832
5.0,1000,11,4900,0.0119172687500782,28603.185021340665,28599.77670908832
5.0,1000,11,5000,0.0105913553138012,28602.80581305853,28599.77670908832
5.0,1000,12,0,49.02951196260079,64422.76248673051,43228.19127455608
5.0,1000,12,100,5.724956801808906,45702.98655122775,43228.19127455608
5.0,1000,12,200,2.852734158585182,44461.376653183885,43228.19127455608
5.0,1000,12,300,0.7322346448523861,43544.72306741144,43228.19127455608
5.0,1000,12,400,0.1277979699446447,43283.43602544876,43228.19127455608
5.0,1000,12,500,0.0394467836543778,43245.24340564586,43228.19127455608
5.0,1000,12,600,0.0520094463594476,43250.67401750918,43228.19127455608
5.0,1000,12,700,0.0565039309882809,43252.61690192134,43228.19127455608
5.0,1000,12,800,0.0519946341926159,43250.667614477374,43228.19127455608
5.0,1000,12,900,0.0526071667584292,43250.93240122654,43228.19127455608
5.0,1000,12,1000,0.0507952697570245,43250.14915092508,43228.19127455608
5.0,1000,12,1100,0.0455187139752965,43247.86819129904,43228.19127455608
5.0,1000,12,1200,0.033058389445494,43242.48181837787,43228.19127455608
5.0,1000,12,1300,0.0206421759932855,43237.11451387769,43228.19127455608
5.0,1000,12,1400,0.0224082719941936,43237.87796523506,43228.19127455608
5.0,1000,12,1500,0.0273042838268114,43239.994422594886,43228.19127455608
5.0,1000,12,1600,0.0300998820853375,43241.20290915735,43228.19127455608
5.0,1000,12,1700,0.0314879846715204,43241.80296079839,43228.19127455608
5.0,1000,12,1800,0.0267375927247156,43239.749452281336,43228.19127455608
5.0,1000,12,1900,0.0260275726107198,43239.44252342837,43228.19127455608
5.0,1000,12,2000,0.0272521971091184,43239.97190644893,43228.19127455608
5.0,1000,12,2100,0.0243621516795867,43238.72259208273,43228.19127455608
5.0,1000,12,2200,0.0279356286476237,43240.26734154163,43228.19127455608
5.0,1000,12,2300,0.0304691061354737,43241.36251803597,43228.19127455608
5.0,1000,12,2400,0.0293140313528697,43240.86320009959,43228.19127455608
5.0,1000,12,2500,0.030897756816555,43241.54781597229,43228.19127455608
5.0,1000,12,2600,0.0300357742729867,43241.175196509605,43228.19127455608
5.0,1000,12,2700,0.0203766450601904,43236.99972965804,43228.19127455608
5.0,1000,12,2800,0.0190292269429112,43236.41726517704,43228.19127455608
5.0,1000,12,2900,0.0150802605446351,43234.71019842902,43228.19127455608
5.0,1000,12,3000,0.0178022084403489,43235.88684727177,43228.19127455608
5.0,1000,12,3100,0.0189222152440538,43236.37100595517,43228.19127455608
5.0,1000,12,3200,0.0297757712318371,43241.06280189766,43228.19127455608
5.0,1000,12,3300,0.0336014258937247,43242.7165632124,43228.19127455608
5.0,1000,12,3400,0.0378891608473717,43244.57007347951,43228.19127455608
5.0,1000,12,3500,0.0397165935981941,43245.36003960445,43228.19127455608
5.0,1000,12,3600,0.0389300806727258,43245.02004429263,43228.19127455608
5.0,1000,12,3700,0.0393771961815158,43245.21332423999,43228.19127455608
5.0,1000,12,3800,0.0353217201263332,43243.46021529376,43228.19127455608
5.0,1000,12,3900,0.0327808427136413,43242.36183994575,43228.19127455608
5.0,1000,12,4000,0.0343286493234185,43243.03092874758,43228.19127455608
5.0,1000,12,4100,0.0395409092734101,43245.28409444849,43228.19127455608
5.0,1000,12,4200,0.0454630353135061,43247.84412242063,43228.19127455608
5.0,1000,12,4300,0.0466526325647227,43248.35836379578,43228.19127455608
5.0,1000,12,4400,0.0504546710316362,43250.00191625659,43228.19127455608
5.0,1000,12,4500,0.0621503882639922,43255.05776327272,43228.19127455608
5.0,1000,12,4600,0.0577953789730552,43253.17517152641,43228.19127455608
5.0,1000,12,4700,0.0588448238436233,43253.62882756238,43228.19127455608
5.0,1000,12,4800,0.0569740809000402,43252.82013922448,43228.19127455608
5.0,1000,12,4900,0.0537555782755147,43251.42883875377,43228.19127455608
5.0,1000,12,5000,0.0496569281488286,43249.65706643733,43228.19127455608
5.0,1000,13,0,45.623027358157785,51614.804471561874,35444.12268302594
5.0,1000,13,100,5.557943742695535,37414.08708184051,35444.12268302594
5.0,1000,13,200,2.7883488649865287,36432.42847556253,35444.12268302594
5.0,1000,13,300,0.697406909435758,35691.31244360625,35444.12268302594
5.0,1000,13,400,0.1282625162540082,35489.58420664335,35444.12268302594
5.0,1000,13,500,0.0630974381001816,35466.487016396015,35444.12268302594
5.0,1000,13,600,0.0443641288292516,35459.84715927544,35444.12268302594
5.0,1000,13,700,0.0369686610444988,35457.225900600824,35444.12268302594
5.0,1000,13,800,0.0369302992492462,35457.21230359905,35444.12268302594
5.0,1000,13,900,0.0359761388696816,35456.874109823526,35444.12268302594
5.0,1000,13,1000,0.0340287899181623,35456.18388907208,35444.12268302594
5.0,1000,13,1100,0.0297148454997737,35454.65484931995,35444.12268302594
5.0,1000,13,1200,0.0293614571358743,35454.5295939147,35444.12268302594
5.0,1000,13,1300,0.0293086485516891,35454.51087637534,35444.12268302594
5.0,1000,13,1400,0.0287911695510987,35454.32746048351,35444.12268302594
5.0,1000,13,1500,0.0281008617205945,35454.082786929175,35444.12268302594
5.0,1000,13,1600,0.0226594361055039,35452.15412135846,35444.12268302594
5.0,1000,13,1700,0.0180263537683559,35450.51196597087,35444.12268302594
5.0,1000,13,1800,0.0167552223764081,35450.06142460085,35444.12268302594
5.0,1000,13,1900,0.0157051096283388,35449.68922135011,35444.12268302594
5.0,1000,13,2000,0.0151303046961336,35449.48548678475,35444.12268302594
5.0,1000,13,2100,0.0151539684636076,35449.49387419953,35444.12268302594
5.0,1000,13,2200,0.0134379872677674,35448.88565971926,35444.12268302594
5.0,1000,13,2300,0.0125297657333992,35448.56374856438,35444.12268302594
5.0,1000,13,2400,0.0119113958235661,35448.344572774906,35444.12268302594
5.0,1000,13,2500,0.0123627600617733,35448.50455486924,35444.12268302594
5.0,1000,13,2600,0.0104980060926655,35447.843609184696,35444.12268302594
5.0,1000,13,2700,0.0084664392177069,35447.12353812915,35444.12268302594
5.0,1000,13,2800,0.0067514456741864,35446.51567371358,35444.12268302594
5.0,1000,13,2900,0.0059858287420869,35446.24430750888,35444.12268302594
5.0,1000,13,3000,0.006336799047351,35446.36870585446,35444.12268302594
5.0,1000,13,3100,0.0096708887121099,35447.5504446856,35444.12268302594
5.0,1000,13,3200,0.0093871273473251,35447.44986795934,35444.12268302594
5.0,1000,13,3300,0.0119274285313596,35448.350255427526,35444.12268302594
5.0,1000,13,3400,0.0165403065769292,35449.985249581216,35444.12268302594
5.0,1000,13,3500,0.0152194880242752,35449.51709703299,35444.12268302594
5.0,1000,13,3600,0.0126440561894829,35448.60425781385,35444.12268302594
5.0,1000,13,3700,0.0103430984444115,35447.7887035278,35444.12268302594
5.0,1000,13,3800,0.0077897580742068,35446.88369443447,35444.12268302594
5.0,1000,13,3900,0.0063718022466982,35446.38111243138,35444.12268302594
5.0,1000,13,4000,0.0056658563883212,35446.13089611526,35444.12268302594
5.0,1000,13,4100,0.0050215144581137,35445.90251477102,35444.12268302594
5.0,1000,13,4200,0.0044014143589331,35445.68272573111,35444.12268302594
5.0,1000,13,4300,0.003825246547076,35445.478508105014,35444.12268302594
5.0,1000,13,4400,0.0034404532240979,35445.34212148754,35444.12268302594
5.0,1000,13,4500,0.0019235948313094,35444.804484337874,35444.12268302594
5.0,1000,13,4600,0.0009581502929403,35444.46229099126,35444.12268302594
5.0,1000,13,4700,0.0033903020109122,35445.32434583001,35444.12268302594
5.0,1000,13,4800,0.0076604916852596,35446.83787709699,35444.12268302594
5.0,1000,13,4900,0.0137923090199083,35449.01124595578,35444.12268302594
5.0,1000,13,5000,0.020645385628522,35451.4402588365,35444.12268302594
5.0,1000,14,0,40.09767258821176,50354.34055225719,35942.31054805842
5.0,1000,14,100,5.029657939483532,37750.08582417267,35942.31054805842
5.0,1000,14,200,2.6860405881161458,36907.73559768602,35942.31054805842
5.0,1000,14,300,0.7514221773062907,36212.38904055283,35942.31054805842
5.0,1000,14,400,0.1500495673287482,35996.24182952374,35942.31054805842
5.0,1000,14,500,0.0463362322227058,35958.964860540174,35942.31054805842
5.0,1000,14,600,0.0342571816329715,35954.623370665955,35942.31054805842
5.0,1000,14,700,0.0207643644827321,35949.773740424134,35942.31054805842
5.0,1000,14,800,0.0105270899283293,35946.09422741213,35942.31054805842
5.0,1000,14,900,0.0132261675391828,35947.06433826896,35942.31054805842
5.0,1000,14,1000,0.0328338074364516,35954.11177709198,35942.31054805842
5.0,1000,14,1100,0.0576499933459869,35963.03128769777,35942.31054805842
5.0,1000,14,1200,0.0919571887926005,35975.36208642552,35942.31054805842
5.0,1000,14,1300,0.0630454184616554,35964.97052814823,35942.31054805842
5.0,1000,14,1400,0.0487922942311646,35959.84762597451,35942.31054805842
5.0,1000,14,1500,0.0507532339835404,35960.55243302997,35942.31054805842
5.0,1000,14,1600,0.0529117311979437,35961.32824680194,35942.31054805842
5.0,1000,14,1700,0.0582752327801459,35963.256013196864,35942.31054805842
5.0,1000,14,1800,0.05254337901023,35961.19585251472,35942.31054805842
5.0,1000,14,1900,0.0829388099318023,35972.12067268897,35942.31054805842
5.0,1000,14,2000,0.0823619120043891,35971.91332224436,35942.31054805842
5.0,1000,14,2100,0.0753356604740354,35969.38792509943,35942.31054805842
5.0,1000,14,2200,0.0718889237100696,35968.14908826795,35942.31054805842
5.0,1000,14,2300,0.0656931878986489,35965.92219766187,35942.31054805842
5.0,1000,14,2400,0.0703694187974751,35967.60294309347,35942.31054805842
5.0,1000,14,2500,0.0660375070438226,35966.04595391831,35942.31054805842
5.0,1000,14,2600,0.0646884580457921,35965.56107453799,35942.31054805842
5.0,1000,14,2700,0.0630396433800611,35964.96845245047,35942.31054805842
5.0,1000,14,2800,0.0581567939130529,35963.213443531444,35942.31054805842
5.0,1000,14,2900,0.0608370325118724,35964.17678321206,35942.31054805842
5.0,1000,14,3000,0.0629742959660184,35964.94496507998,35942.31054805842
5.0,1000,14,3100,0.0652788322793021,35965.77326867839,35942.31054805842
5.0,1000,14,3200,0.0672199524616896,35966.47095212246,35942.31054805842
5.0,1000,14,3300,0.0691065782353369,35967.1490490169,35942.31054805842
5.0,1000,14,3400,0.0706870560261293,35967.71710925261,35942.31054805842
5.0,1000,14,3500,0.0736883287974194,35968.79583603246,35942.31054805842
5.0,1000,14,3600,0.0767254199570981,35969.8874367687,35942.31054805842
5.0,1000,14,3700,0.0754973634127211,35969.44604487182,35942.31054805842
5.0,1000,14,3800,0.0733351267426771,35968.668887053085,35942.31054805842
5.0,1000,14,3900,0.0690326897626016,35967.12249179257,35942.31054805842
5.0,1000,14,4000,0.0677015753586969,35966.64405851977,35942.31054805842
5.0,1000,14,4100,0.0649456492777515,35965.65351500928,35942.31054805842
5.0,1000,14,4200,0.0628003272023228,35964.88243668668,35942.31054805842
5.0,1000,14,4300,0.060596010936087,35964.090154488804,35942.31054805842
5.0,1000,14,4400,0.0583791534359291,35963.29336468169,35942.31054805842
5.0,1000,14,4500,0.0562146122666117,35962.51537857267,35942.31054805842
5.0,1000,14,4600,0.0529642003280194,35961.34710541961,35942.31054805842
5.0,1000,14,4700,0.050349948355273,35960.40748285706,35942.31054805842
5.0,1000,14,4800,0.0487213364718093,35959.82212211628,35942.31054805842
5.0,1000,14,4900,0.0486703706387369,35959.803803818286,35942.31054805842
5.0,1000,14,5000,0.0461172855946414,35958.88616606318,35942.31054805842
5.0,1000,15,0,46.40364654936029,49386.62299890918,33733.19187255242
5.0,1000,15,100,5.180486748658722,35480.73540740962,33733.19187255242
5.0,1000,15,200,2.7156856629361235,34649.27932788606,33733.19187255242
5.0,1000,15,300,0.7098582124367905,33972.6497053768,33733.19187255242
5.0,1000,15,400,0.1022037104294383,33767.66844629245,33733.19187255242
5.0,1000,15,500,0.0114285228540664,33737.04707809498,33733.19187255242
5.0,1000,15,600,0.0069319764681955,33735.530249475,33733.19187255242
5.0,1000,15,700,0.0084479777329529,33736.04164509043,33733.19187255242
5.0,1000,15,800,0.0055333168671768,33735.058436948144,33733.19187255242
5.0,1000,15,900,0.0076649903747494,33735.77751846255,33733.19187255242
5.0,1000,15,1000,0.0086169640989925,33736.098649585525,33733.19187255242
5.0,1000,15,1100,0.008867384512023,33736.18312438394,33733.19187255242
5.0,1000,15,1200,0.0088556594609143,33736.17916914995,33733.19187255242
5.0,1000,15,1300,0.0087624714471679,33736.147733858474,33733.19187255242
5.0,1000,15,1400,0.008497043857358,33736.05819666032,33733.19187255242
5.0,1000,15,1500,0.0089131424037571,33736.19855998136,33733.19187255242
5.0,1000,15,1600,0.0091347301448633,33736.27330859923,33733.19187255242
5.0,1000,15,1700,0.0088950678431812,33736.19246285516,33733.19187255242
5.0,1000,15,1800,0.0085631010226348,33736.08047985063,33733.19187255242
5.0,1000,15,1900,0.0068816488010539,33735.51327234648,33733.19187255242
5.0,1000,15,2000,0.0062809319070188,33735.310631364,33733.19187255242
5.0,1000,15,2100,0.0061521678695099,33735.267195144166,33733.19187255242
5.0,1000,15,2200,0.0060651772889832,33735.237850444726,33733.19187255242
5.0,1000,15,2300,0.0059716742613669,33735.20630888901,33733.19187255242
5.0,1000,15,2400,0.0058670114597529,33735.171002785326,33733.19187255242
5.0,1000,15,2500,0.0056849070841557,33735.1095731669,33733.19187255242
5.0,1000,15,2600,0.0056292576951954,33735.09080085174,33733.19187255242
5.0,1000,15,2700,0.0056283341585952,33735.09048931337,33733.19187255242
5.0,1000,15,2800,0.0056655334708456,33735.10303782875,33733.19187255242
5.0,1000,15,2900,0.0046917782271932,33734.77455910404,33733.19187255242
5.0,1000,15,3000,0.0046394176313545,33734.75689620378,33733.19187255242
5.0,1000,15,3100,0.004594185385668,33734.74163792355,33733.19187255242
5.0,1000,15,3200,0.0046547177828992,33734.762057433254,33733.19187255242
5.0,1000,15,3300,0.0047166565107527,33734.782951343164,33733.19187255242
5.0,1000,15,3400,0.0047677561873755,33734.800188895126,33733.19187255242
5.0,1000,15,3500,0.0047230836235509,33734.78511941346,33733.19187255242
5.0,1000,15,3600,0.0046799437541167,33734.77056695853,33733.19187255242
5.0,1000,15,3700,0.0048044048923736,33734.8125516731,33733.19187255242
5.0,1000,15,3800,0.0049335897123832,33734.856129836306,33733.19187255242
5.0,1000,15,3900,0.0049171022611993,33734.85056809276,33733.19187255242
5.0,1000,15,4000,0.0045928805979595,33734.74119777701,33733.19187255242
5.0,1000,15,4100,0.0040795988610507,33734.56805146385,33733.19187255242
5.0,1000,15,4200,0.0035914916853268,33734.40339733372,33733.19187255242
5.0,1000,15,4300,0.0030963195898327,33734.23635998065,33733.19187255242
5.0,1000,15,4400,0.0030421238200107,33734.21807801763,33733.19187255242
5.0,1000,15,4500,0.0030514042067283,33734.221208588286,33733.19187255242
5.0,1000,15,4600,0.0030863822074644,33734.23300778439,33733.19187255242
5.0,1000,15,4700,0.0031052644821182,33734.239377378326,33733.19187255242
5.0,1000,15,4800,0.0031262236383402,33734.24644757071,33733.19187255242
5.0,1000,15,4900,0.0031380972497549,33734.25045291883,33733.19187255242
5.0,1000,15,5000,0.0029815729085244,33734.197652262475,33733.19187255242
5.0,1000,16,0,35.29012764737126,48600.28586547138,35923.009838638216
5.0,1000,16,100,4.530503857006642,37550.5031849306,35923.009838638216
5.0,1000,16,200,2.153047284869202,36696.44922661231,35923.009838638216
5.0,1000,16,300,0.5408581550484185,36117.30236688934,35923.009838638216
5.0,1000,16,400,0.0842329022204541,35953.26883239024,35923.009838638216
5.0,1000,16,500,0.0226877882811094,35931.15997505461,35923.009838638216
5.0,1000,16,600,0.009249688706832,35926.332605222415,35923.009838638216
5.0,1000,16,700,0.0096856937609071,35926.48923136089,35923.009838638216
5.0,1000,16,800,0.0111004236080617,35926.99744490307,35923.009838638216
5.0,1000,16,900,0.0107672190310088,35926.87774779007,35923.009838638216
5.0,1000,16,1000,0.014736479962532,35928.303625785025,35923.009838638216
5.0,1000,16,1100,0.016938760400768,35929.09475120353,35923.009838638216
5.0,1000,16,1200,0.0291150709096971,35933.46884842563,35923.009838638216
5.0,1000,16,1300,0.0477224373505889,35940.153174502906,35923.009838638216
5.0,1000,16,1400,0.0408252174203019,35937.67548550876,35923.009838638216
5.0,1000,16,1500,0.0341612314656268,35935.28158117861,35923.009838638216
5.0,1000,16,1600,0.0288583141190088,35933.37661365845,35923.009838638216
5.0,1000,16,1700,0.0262622293226272,35932.44402186163,35923.009838638216
5.0,1000,16,1800,0.0243908882357278,35931.77177981887,35923.009838638216
5.0,1000,16,1900,0.0158554882257751,35928.705607233525,35923.009838638216
5.0,1000,16,2000,0.0093581228544329,35926.371558031926,35923.009838638216
5.0,1000,16,2100,0.0038379891904277,35924.3885598727,35923.009838638216
5.0,1000,16,2200,0.0030017699755501,35924.088164761866,35923.009838638216
5.0,1000,16,2300,0.0100491111944014,35926.61978184128,35923.009838638216
5.0,1000,16,2400,0.0060763414114962,35925.1926433613,35923.009838638216
5.0,1000,16,2500,0.0020381953262562,35923.7420197458,35923.009838638216
5.0,1000,16,2600,0.0028198373942793,35924.0228091028,35923.009838638216
5.0,1000,16,2700,0.002343954599756,35923.8518576797,35923.009838638216
5.0,1000,16,2800,0.0096046660723141,35926.46012377634,35923.009838638216
5.0,1000,16,2900,0.0153273494129398,35928.51588387583,35923.009838638216
5.0,1000,16,3000,0.0170985426998847,35929.15214981456,35923.009838638216
5.0,1000,16,3100,0.0187266768956964,35929.73702462191,35923.009838638216
5.0,1000,16,3200,0.0205312029215795,35930.385264683726,35923.009838638216
5.0,1000,16,3300,0.0220714115687383,35930.93855398758,35923.009838638216
5.0,1000,16,3400,0.0221053916364024,35930.95076065063,35923.009838638216
5.0,1000,16,3500,0.0216382928643431,35930.78296471279,35923.009838638216
5.0,1000,16,3600,0.0208962236078341,35930.51639110076,35923.009838638216
5.0,1000,16,3700,0.0200735575254285,35930.22086468304,35923.009838638216
5.0,1000,16,3800,0.0206057095371849,35930.41202970258,35923.009838638216
5.0,1000,16,3900,0.0216842267477997,35930.79946554626,35923.009838638216
5.0,1000,16,4000,0.0190964489826236,35929.869857885074,35923.009838638216
5.0,1000,16,4100,0.0173802341897991,35929.2533418762,35923.009838638216
5.0,1000,16,4200,0.0190023269019627,35929.83604640078,35923.009838638216
5.0,1000,16,4300,0.0211680788275264,35930.61404967808,35923.009838638216
5.0,1000,16,4400,0.0225643460776135,35931.1156308997,35923.009838638216
5.0,1000,16,4500,0.0207807640142063,35930.47491453958,35923.009838638216
5.0,1000,16,4600,0.0196770294078374,35930.078419848345,35923.009838638216
5.0,1000,16,4700,0.0192497257319797,35929.924919506826,35923.009838638216
5.0,1000,16,4800,0.0188438331964409,35929.77911069135,35923.009838638216
5.0,1000,16,4900,0.0186306710709352,35929.70253644003,35923.009838638216
5.0,1000,16,5000,0.0183843052118195,35929.61403440822,35923.009838638216
5.0,1000,17,0,47.34147174909215,52385.8083052316,35554.01455093337
5.0,1000,17,100,4.634700797904423,37201.83674701253,35554.01455093337
5.0,1000,17,200,2.5682277013533312,36467.12260157363,35554.01455093337
5.0,1000,17,300,0.8899708079506298,35870.43490149119,35554.01455093337
5.0,1000,17,400,0.2689932810169083,35649.65246120715,35554.01455093337
5.0,1000,17,500,0.1483205393504118,35606.748457076035,35554.01455093337
5.0,1000,17,600,0.1289687882524271,35599.8681326748,35554.01455093337
5.0,1000,17,700,0.1137688253394438,35594.46393564898,35554.01455093337
5.0,1000,17,800,0.1040440411608249,35591.006384467066,35554.01455093337
5.0,1000,17,900,0.0964532118326641,35588.307539903195,35554.01455093337
5.0,1000,17,1000,0.0891886590896386,35585.72469976388,35554.01455093337
5.0,1000,17,1100,0.0805864885915221,35582.66628281328,35554.01455093337
5.0,1000,17,1200,0.0720502021563859,35579.631290292025,35554.01455093337
5.0,1000,17,1300,0.064677042273639,35577.00983595445,35554.01455093337
5.0,1000,17,1400,0.0583090578094707,35574.74576183146,35554.01455093337
5.0,1000,17,1500,0.0547471874543659,35573.47937392712,35554.01455093337
5.0,1000,17,1600,0.0516885003065547,35572.39188785352,35554.01455093337
5.0,1000,17,1700,0.0463660473972593,35570.49954217168,35554.01455093337
5.0,1000,17,1800,0.0415524248540424,35568.78810611224,35554.01455093337
5.0,1000,17,1900,0.0369728501319265,35567.15988344917,35554.01455093337
5.0,1000,17,2000,0.0324744378591825,35565.560517295155,35554.01455093337
5.0,1000,17,2100,0.0295816487089363,35564.53201461975,35554.01455093337
5.0,1000,17,2200,0.0279996234090715,35563.969541114435,35554.01455093337
5.0,1000,17,2300,0.0263293825110186,35563.375703422505,35554.01455093337
5.0,1000,17,2400,0.0239289415722996,35562.52225030187,35554.01455093337
5.0,1000,17,2500,0.0218375290605255,35561.77866919311,35554.01455093337
5.0,1000,17,2600,0.0199201731451188,35561.096972191954,35554.01455093337
5.0,1000,17,2700,0.0184058085674506,35560.558554789655,35554.01455093337
5.0,1000,17,2800,0.0169605264162836,35560.04469896333,35554.01455093337
5.0,1000,17,2900,0.0156103207716134,35559.564646651954,35554.01455093337
5.0,1000,17,3000,0.014127286508779,35559.03736843435,35554.01455093337
5.0,1000,17,3100,0.012913550497692,35558.60583655636,35554.01455093337
5.0,1000,17,3200,0.0118735751318497,35558.23608356346,35554.01455093337
5.0,1000,17,3300,0.0111584559195262,35557.981829974655,35554.01455093337
5.0,1000,17,3400,0.0106477479990429,35557.80025280629,35554.01455093337
5.0,1000,17,3500,0.0101636664816608,35557.628142393165,35554.01455093337
5.0,1000,17,3600,0.0097337759020384,35557.47529903393,35554.01455093337
5.0,1000,17,3700,0.0061541677141721,35556.20260461795,35554.01455093337
5.0,1000,17,3800,0.001027979511978,35554.38003891864,35554.01455093337
5.0,1000,17,3900,0.0126388582699986,35558.508172441754,35554.01455093337
5.0,1000,17,4000,0.0228483891201266,35562.13807052579,35554.01455093337
5.0,1000,17,4100,0.0271634777049068,35563.67225774911,35554.01455093337
5.0,1000,17,4200,0.0256110477929889,35563.12030659233,35554.01455093337
5.0,1000,17,4300,0.0300999727582853,35564.716299627675,35554.01455093337
5.0,1000,17,4400,0.0302876119454871,35564.7830128916,35554.01455093337
5.0,1000,17,4500,0.0287964292251035,35564.25283757021,35554.01455093337
5.0,1000,17,4600,0.034365000242683,35566.23268812008,35554.01455093337
5.0,1000,17,4700,0.0386154403062215,35567.74389019875,35554.01455093337
5.0,1000,17,4800,0.0424147904233903,35569.09471169225,35554.01455093337
5.0,1000,17,4900,0.045965398402968,35570.35709536995,35554.01455093337
5.0,1000,17,5000,0.047984571274997,35571.07499238668,35554.01455093337
5.0,1000,18,0,34.12923960588457,40431.563548976446,30143.735749026506
5.0,1000,18,100,7.850432284891695,32510.14931214052,30143.735749026506
5.0,1000,18,200,3.8719503261774144,31310.886223682995,30143.735749026506
5.0,1000,18,300,1.0782441433748733,30468.758814334786,30143.735749026506
5.0,1000,18,400,0.2332650553821668,30214.050550915726,30143.735749026506
5.0,1000,18,500,0.1079736070952038,30176.283027827976,30143.735749026506
5.0,1000,18,600,0.0585782395636308,30161.393418767,30143.735749026506
5.0,1000,18,700,0.0603732436538768,30161.934500056646,30143.735749026506
5.0,1000,18,800,0.061616854627653,30162.309370862327,30143.735749026506
5.0,1000,18,900,0.0598519442975133,30161.777360956203,30143.735749026506
5.0,1000,18,1000,0.0527158688115454,30159.62628121886,30143.735749026506
5.0,1000,18,1100,0.0392749905480818,30155.57469839277,30143.735749026506
5.0,1000,18,1200,0.031019216991173,30153.086099827746,30143.735749026506
5.0,1000,18,1300,0.0177878095049951,30149.09765931923,30143.735749026506
5.0,1000,18,1400,0.0240474117199479,30150.984537269847,30143.735749026506
5.0,1000,18,1500,0.0251505536090088,30151.317065445823,30143.735749026506
5.0,1000,18,1600,0.0123529137013374,30147.459378689942,30143.735749026506
5.0,1000,18,1700,0.0129999797748195,30147.65442857725,30143.735749026506
5.0,1000,18,1800,0.0083951478658926,30146.26636021494,30143.735749026506
5.0,1000,18,1900,0.0104361085844615,30146.881582020687,30143.735749026506
5.0,1000,18,2000,0.0146112350070542,30148.1401210967,30143.735749026506
5.0,1000,18,2100,0.0237109448568851,30150.883113587763,30143.735749026506
5.0,1000,18,2200,0.0195567197277757,30149.630874942424,30143.735749026506
5.0,1000,18,2300,0.0314784722983995,30153.22453653397,30143.735749026506
5.0,1000,18,2400,0.0336925417388411,30153.8919397754,30143.735749026506
5.0,1000,18,2500,0.0431872549185409,30156.75400102641,30143.735749026506
5.0,1000,18,2600,0.0390083494079519,30155.494322792096,30143.735749026506
5.0,1000,18,2700,0.0325863084568025,30153.558479738087,30143.735749026506
5.0,1000,18,2800,0.0352649436414666,30154.36592044984,30143.735749026506
5.0,1000,18,2900,0.0446464996191552,30157.19387189289,30143.735749026506
5.0,1000,18,3000,0.0530859016960821,30159.73782295376,30143.735749026506
5.0,1000,18,3100,0.0503000005530489,30158.898048274976,30143.735749026506
5.0,1000,18,3200,0.0524760662050698,30159.553995754846,30143.735749026506
5.0,1000,18,3300,0.0494506819027343,30158.64203190536,30143.735749026506
5.0,1000,18,3400,0.0570607160335289,30160.935980484155,30143.735749026506
5.0,1000,18,3500,0.0619619119817284,30162.41338403932,30143.735749026506
5.0,1000,18,3600,0.0625922969476226,30162.603405617643,30143.735749026506
5.0,1000,18,3700,0.0927670837101172,30171.69921360216,30143.735749026506
5.0,1000,18,3800,0.094720140121599,30172.28793776587,30143.735749026506
5.0,1000,18,3900,0.0889813096680994,30170.55803987888,30143.735749026506
5.0,1000,18,4000,0.0863957443159479,30169.77865389151,30143.735749026506
5.0,1000,18,4100,0.0888327869736228,30170.51326959033,30143.735749026506
5.0,1000,18,4200,0.0758347721636788,30166.5951823534,30143.735749026506
5.0,1000,18,4300,0.0729715013966638,30165.732085579613,30143.735749026506
5.0,1000,18,4400,0.0725979262454362,30165.619476073203,30143.735749026506
5.0,1000,18,4500,0.0721289347787929,30165.478104524813,30143.735749026506
5.0,1000,18,4600,0.0721728537769752,30165.49134335157,30143.735749026506
5.0,1000,18,4700,0.0712534578568427,30165.21420307492,30143.735749026506
5.0,1000,18,4800,0.0801620988143709,30167.899600263983,30143.735749026506
5.0,1000,18,4900,0.0815662977820818,30168.3228782902,30143.735749026506
5.0,1000,18,5000,0.082747730735601,30168.67900631776,30143.735749026506
5.0,1000,19,0,51.68834984322061,57847.952804168,38136.05518417036
5.0,1000,19,100,4.40864788390629,39817.33957405262,38136.05518417036
5.0,1000,19,200,2.805002935450441,39205.772651551335,38136.05518417036
5.0,1000,19,300,0.8521371853470929,38461.02669141916,38136.05518417036
5.0,1000,19,400,0.0960050673387413,38172.66772963026,38136.05518417036
5.0,1000,19,500,0.0109050266438338,38140.2139311491,38136.05518417036
5.0,1000,19,600,0.0036232016669748,38137.43693035751,38136.05518417036
5.0,1000,19,700,0.0068658146135282,38138.67353502021,38136.05518417036
5.0,1000,19,800,0.0100708230051985,38139.89579878912,38136.05518417036
5.0,1000,19,900,0.0110256446990813,38140.25993011721,38136.05518417036
5.0,1000,19,1000,0.0097683780367037,38139.78045820903,38136.05518417036
5.0,1000,19,1100,0.0087482688580315,38139.39142880972,38136.05518417036
5.0,1000,19,1200,0.0087936266432981,38139.40872647973,38136.05518417036
5.0,1000,19,1300,0.007938895805056,38139.08276585559,38136.05518417036
5.0,1000,19,1400,0.006777275914326,38138.63976985303,38136.05518417036
5.0,1000,19,1500,0.0049337073850153,38137.93670554133,38136.05518417036
5.0,1000,19,1600,0.0039213269255078,38137.55062357062,38136.05518417036
5.0,1000,19,1700,0.0032024023533051,38137.27645409903,38136.05518417036
5.0,1000,19,1800,0.0029860534754462,38137.19394717158,38136.05518417036
5.0,1000,19,1900,0.0026534352236248,38137.06709969152,38136.05518417036
5.0,1000,19,2000,0.0033230998640659,38137.32248336834,38136.05518417036
5.0,1000,19,2100,0.0039102945540215,38137.54641625934,38136.05518417036
5.0,1000,19,2200,0.0044934891600214,38137.76882367612,38136.05518417036
5.0,1000,19,2300,0.0049144720173932,38137.92936993092,38136.05518417036
5.0,1000,19,2400,0.0052939516576794,38138.07408849595,38136.05518417036
5.0,1000,19,2500,0.0055797183684435,38138.18306864647,38136.05518417036
5.0,1000,19,2600,0.005921042259587,38138.31323611395,38136.05518417036
5.0,1000,19,2700,0.0063043378074881,38138.45940991562,38136.05518417036
5.0,1000,19,2800,0.0068171500855512,38138.65497628897,38136.05518417036
5.0,1000,19,2900,0.0072603481936576,38138.82399456405,38136.05518417036
5.0,1000,19,3000,0.0072219151669974,38138.8093377238,38136.05518417036
5.0,1000,19,3100,0.0045956283413121,38137.80777553066,38136.05518417036
5.0,1000,19,3200,0.0022460209910224,38136.91172797494,38136.05518417036
5.0,1000,19,3300,0.0026085677600174,38137.04998901083,38136.05518417036
5.0,1000,19,3400,0.002640487299282,38137.06216186394,38136.05518417036
5.0,1000,19,3500,0.0023696063018288,38136.95885853727,38136.05518417036
5.0,1000,19,3600,0.0021074047420653,38136.858865205744,38136.05518417036
5.0,1000,19,3700,0.0007583075468082,38136.34437275487,38136.05518417036
5.0,1000,19,3800,0.0008988047961534,38136.397952863415,38136.05518417036
5.0,1000,19,3900,0.0022761954710568,38136.9232353313,38136.05518417036
5.0,1000,19,4000,0.0015632926913068,38136.6513623338,38136.05518417036
5.0,1000,19,4100,0.0009340701371011,38136.4114016733,38136.05518417036
5.0,1000,19,4200,0.0003489642962492,38136.18826538695,38136.05518417036
5.0,1000,19,4300,7.388601919799065e-05,38136.08336138341,38136.05518417036
5.0,1000,19,4400,0.0002941130104515,38136.167347270326,38136.05518417036
5.0,1000,19,4500,0.0004983742616216,38136.24524445379,38136.05518417036
5.0,1000,19,4600,0.0006796644775754,38136.31438139059,38136.05518417036
5.0,1000,19,4700,0.0008764044261964,38136.38941024597,38136.05518417036
5.0,1000,19,4800,0.0010345771619763,38136.44973108777,38136.05518417036
5.0,1000,19,4900,0.0011802266432916,38136.50527605434,38136.05518417036
5.0,1000,19,5000,0.00131829053673,38136.55792817693,38136.05518417036
5.0,1000,20,0,51.23788466049336,58140.70073793333,38443.21207510313
5.0,1000,20,100,4.062015220021013,40004.78120065878,38443.21207510313
5.0,1000,20,200,2.2921847649216747,39324.401525435176,38443.21207510313
5.0,1000,20,300,0.5847190262087093,38667.99685039202,38443.21207510313
5.0,1000,20,400,0.0881798820683782,38477.111254174255,38443.21207510313
5.0,1000,20,500,0.041219423842795,38459.058145627154,38443.21207510313
5.0,1000,20,600,0.0256913777739933,38453.088665945805,38443.21207510313
5.0,1000,20,700,0.0059878373929825,38445.51399213083,38443.21207510313
5.0,1000,20,800,0.0084898751855223,38446.475855825614,38443.21207510313
5.0,1000,20,900,0.0231305773150958,38452.10421199457,38443.21207510313
5.0,1000,20,1000,0.0288754976407009,38454.31274389889,38443.21207510313
5.0,1000,20,1100,0.0292624374114578,38454.46149597556,38443.21207510313
5.0,1000,20,1200,0.0275880910601028,38453.81782345684,38443.21207510313
5.0,1000,20,1300,0.0304042069335328,38454.90042885434,38443.21207510313
5.0,1000,20,1400,0.027402808563613,38453.74659491378,38443.21207510313
5.0,1000,20,1500,0.0289528325745113,38454.3424739315,38443.21207510313
5.0,1000,20,1600,0.0326862437851895,38455.77771712086,38443.21207510313
5.0,1000,20,1700,0.0290979936927365,38454.39827852803,38443.21207510313
5.0,1000,20,1800,0.0181695038095218,38450.19701598562,38443.21207510313
5.0,1000,20,1900,0.0070810301547303,38445.93425054262,38443.21207510313
5.0,1000,20,2000,0.0054208796055956,38445.29603534625,38443.21207510313
5.0,1000,20,2100,0.021439409392715,38451.45407272362,38443.21207510313
5.0,1000,20,2200,0.0351927471726004,38456.74129753375,38443.21207510313
5.0,1000,20,2300,0.0431794108218722,38459.811627578165,38443.21207510313
5.0,1000,20,2400,0.0467468452696515,38461.183063968565,38443.21207510313
5.0,1000,20,2500,0.0459911694461347,38460.89255790913,38443.21207510313
5.0,1000,20,2600,0.0448609705078574,38460.45807313442,38443.21207510313
5.0,1000,20,2700,0.0438310519532349,38460.06213936026,38443.21207510313
5.0,1000,20,2800,0.0436783607364049,38460.00343995196,38443.21207510313
5.0,1000,20,2900,0.0438022563658874,38460.05106941155,38443.21207510313
5.0,1000,20,3000,0.0503249587336222,38462.55860571581,38443.21207510313
5.0,1000,20,3100,0.0567177980626995,38465.01621849671,38443.21207510313
5.0,1000,20,3200,0.0615256116432072,38466.86449646764,38443.21207510313
5.0,1000,20,3300,0.0658190778588043,38468.51504279027,38443.21207510313
5.0,1000,20,3400,0.0723235644896985,38471.01557638018,38443.21207510313
5.0,1000,20,3500,0.0724194649276874,38471.05244358894,38443.21207510313
5.0,1000,20,3600,0.0690981688392146,38469.775630690005,38443.21207510313
5.0,1000,20,3700,0.06626776661809,38468.68753316156,38443.21207510313
5.0,1000,20,3800,0.0574711153268287,38465.30581785015,38443.21207510313
5.0,1000,20,3900,0.0497489891999942,38462.33718452651,38443.21207510313
5.0,1000,20,4000,0.0427866678283752,38459.660644556265,38443.21207510313
5.0,1000,20,4100,0.0382906532511649,38457.93223213742,38443.21207510313
5.0,1000,20,4200,0.0354578468071589,38456.84321034848,38443.21207510313
5.0,1000,20,4300,0.0332411193797352,38455.99102912242,38443.21207510313
5.0,1000,20,4400,0.0305084930672039,38454.94051979388,38443.21207510313
5.0,1000,20,4500,0.0283737295095632,38454.11984811211,38443.21207510313
5.0,1000,20,4600,0.025992896139072,38453.20457929034,38443.21207510313
5.0,1000,20,4700,0.0236313615214698,38452.296729529065,38443.21207510313
5.0,1000,20,4800,0.0198031821983662,38450.82505443327,38443.21207510313
5.0,1000,20,4900,0.0218926008800749,38451.628294088216,38443.21207510313
5.0,1000,20,5000,0.0198505953352531,38450.843281566034,38443.21207510313
10.0,1000,1,0,53.301152087590594,49155.15317218556,32064.438200764547
10.0,1000,1,100,7.68561613170714,34528.787835663774,32064.438200764547
10.0,1000,1,200,2.857016495321941,32980.5244892927,32064.438200764547
10.0,1000,1,300,0.7953151429752199,32319.45153328516,32064.438200764547
10.0,1000,1,400,0.1535374738249365,32113.66912917416,32064.438200764547
10.0,1000,1,500,0.0478472235217343,32079.78014418145,32064.438200764547
10.0,1000,1,600,0.0270148808800196,32073.10037054933,32064.438200764547
10.0,1000,1,700,0.0119858864937081,32068.281407932136,32064.438200764547
10.0,1000,1,800,0.013113512394237,32068.642974842147,32064.438200764547
10.0,1000,1,900,0.0150050817142454,32069.249495917786,32064.438200764547
10.0,1000,1,1000,0.0169436351130476,32069.871082174333,32064.438200764547
10.0,1000,1,1100,0.0186647966985943,32070.422962967263,32064.438200764547
10.0,1000,1,1200,0.0182054672432955,32070.27568155793,32064.438200764547
10.0,1000,1,1300,0.0175468748555408,32070.064507608768,32064.438200764547
10.0,1000,1,1400,0.0144500237975473,32069.071519715108,32064.438200764547
10.0,1000,1,1500,0.014176713336546,32068.983884251244,32064.438200764547
10.0,1000,1,1600,0.0127643618068942,32068.53102166784,32064.438200764547
10.0,1000,1,1700,0.0112148402811201,32068.0341762958,32064.438200764547
10.0,1000,1,1800,0.0097522972634248,32067.565220093733,32064.438200764547
10.0,1000,1,1900,0.0084208138428054,32067.13828741517,32064.438200764547
10.0,1000,1,2000,0.0072590607753518,32066.765777820816,32064.438200764547
10.0,1000,1,2100,0.0055405346736467,32066.21474208097,32064.438200764547
10.0,1000,1,2200,0.0082573388240918,32067.085870068822,32064.438200764547
10.0,1000,1,2300,0.0162435015517947,32069.646588281263,32064.438200764547
10.0,1000,1,2400,0.0147377551898925,32069.16377916959,32064.438200764547
10.0,1000,1,2500,0.009798836128102,32067.58014251924,32064.438200764547
10.0,1000,1,2600,0.0107706295944487,32067.89174263469,32064.438200764547
10.0,1000,1,2700,0.0275840963636433,32073.282886296307,32064.438200764547
10.0,1000,1,2800,0.0258165111777375,32072.716120036726,32064.438200764547
10.0,1000,1,2900,0.0338988907060163,32075.307689625723,32064.438200764547
10.0,1000,1,3000,0.0338677985892654,32075.29772011316,32064.438200764547
10.0,1000,1,3100,0.0510930319933072,32080.82089443293,32064.438200764547
10.0,1000,1,3200,0.0657854983473324,32085.5319512272,32064.438200764547
10.0,1000,1,3300,0.0705431553511044,32087.05746721697,32064.438200764547
10.0,1000,1,3400,0.0627702565956535,32084.56513089912,32064.438200764547
10.0,1000,1,3500,0.0570283619540122,32082.7240246402,32064.438200764547
10.0,1000,1,3600,0.0562916680546338,32082.487807880105,32064.438200764547
10.0,1000,1,3700,0.0597263887031411,32083.58913175981,32064.438200764547
10.0,1000,1,3800,0.06942006742767,32086.69735538382,32064.438200764547
10.0,1000,1,3900,0.0736864638452494,32088.065351426536,32064.438200764547
10.0,1000,1,4000,0.0697218799681239,32086.794129879338,32064.438200764547
10.0,1000,1,4100,0.0666216309881935,32085.80005246109,32064.438200764547
10.0,1000,1,4200,0.0617373189948895,32084.233925260472,32064.438200764547
10.0,1000,1,4300,0.0562875304540323,32082.48648118172,32064.438200764547
10.0,1000,1,4400,0.0506960317309693,32080.693598529164,32064.438200764547
10.0,1000,1,4500,0.0463652636931513,32079.30496208806,32064.438200764547
10.0,1000,1,4600,0.0427544563332419,32078.147176993592,32064.438200764547
10.0,1000,1,4700,0.0451190950257623,32078.905385105827,32064.438200764547
10.0,1000,1,4800,0.0425644385660351,32078.086248864056,32064.438200764547
10.0,1000,1,4900,0.0409130391560141,32077.556736920786,32064.438200764547
10.0,1000,1,5000,0.0404000594720464,32077.39225286704,32064.438200764547
10.0,1000,2,0,56.83985025964285,49544.408190758986,31589.17080623321
10.0,1000,2,100,5.6941300955252885,33387.89928803783,31589.17080623321
10.0,1000,2,200,2.981470160804188,32530.99250786653,31589.17080623321
10.0,1000,2,300,0.7477023271229493,31825.363771470264,31589.17080623321
10.0,1000,2,400,0.0917731285092019,31618.16117655221,31589.17080623321
10.0,1000,2,500,0.0383015028584677,31601.26993339253,31589.17080623321
10.0,1000,2,600,0.062595486480165,31608.944201374423,31589.17080623321
10.0,1000,2,700,0.0762155800265908,31613.246675988776,31589.17080623321
10.0,1000,2,800,0.040602305887289,31601.99673799122,31589.17080623321
10.0,1000,2,900,0.0058917789103522,31591.03197033673,31589.17080623321
10.0,1000,2,1000,0.0047535366140821,31590.672409033574,31589.17080623321
10.0,1000,2,1100,0.0072621204246396,31591.46484985831,31589.17080623321
10.0,1000,2,1200,0.004908017777761,31590.72120835223,31589.17080623321
10.0,1000,2,1300,0.0270705755404515,31597.72217657892,31589.17080623321
10.0,1000,2,1400,0.0030350803042646,31590.129562934635,31589.17080623321
10.0,1000,2,1500,0.0042271596394652,31590.506130911977,31589.17080623321
10.0,1000,2,1600,0.0054211000630956,31590.883286791723,31589.17080623321
10.0,1000,2,1700,0.0054869108480928,31590.904075873004,31589.17080623321
10.0,1000,2,1800,0.0047188061497439,31590.661437967872,31589.17080623321
10.0,1000,2,1900,0.0037060705046959,31590.341523175142,31589.17080623321
10.0,1000,2,2000,0.002779590970729,31590.04885597268,31589.17080623321
10.0,1000,2,2100,0.0227032949640792,31596.34258885806,31589.17080623321
10.0,1000,2,2200,0.0285525229910869,31598.19031149036,31589.17080623321
10.0,1000,2,2300,0.0399229698392756,31601.782141366664,31589.17080623321
10.0,1000,2,2400,0.0546912086807722,31606.447305559377,31589.17080623321
10.0,1000,2,2500,0.0599824586087395,31608.118767536907,31589.17080623321
10.0,1000,2,2600,0.0596850930738556,31608.02483223017,31589.17080623321
10.0,1000,2,2700,0.062193543912187,31608.817231050085,31589.17080623321
10.0,1000,2,2800,0.0622239539154332,31608.82683731796,31589.17080623321
10.0,1000,2,2900,0.0645743998524325,31609.5693236997,31589.17080623321
10.0,1000,2,3000,0.0751053210315145,31612.89595437843,31589.17080623321
10.0,1000,2,3100,0.1027433135931106,31621.62656705613,31589.17080623321
10.0,1000,2,3200,0.09679021127923,31619.746031397925,31589.17080623321
10.0,1000,2,3300,0.0934910081817435,31618.70384049621,31589.17080623321
10.0,1000,2,3400,0.0957064262990712,31619.40367270937,31589.17080623321
10.0,1000,2,3500,0.0918046730097226,31618.17114119836,31589.17080623321
10.0,1000,2,3600,0.0914032509967749,31618.04433531304,31589.17080623321
10.0,1000,2,3700,0.0910134557342941,31617.921202221776,31589.17080623321
10.0,1000,2,3800,0.0913429991809379,31618.025302264017,31589.17080623321
10.0,1000,2,3900,0.0911123307443902,31617.9524360176,31589.17080623321
10.0,1000,2,4000,0.0853255596721363,31616.12444301942,31589.17080623321
10.0,1000,2,4100,0.0813337609451397,31614.863466901308,31589.17080623321
10.0,1000,2,4200,0.0786662319861794,31614.02081662216,31589.17080623321
10.0,1000,2,4300,0.0813451220391139,31614.86705577669,31589.17080623321
10.0,1000,2,4400,0.0858803831982743,31616.299707170765,31589.17080623321
10.0,1000,2,4500,0.0848049266581167,31615.959979367348,31589.17080623321
10.0,1000,2,4600,0.0836768214731126,31615.603620293583,31589.17080623321
10.0,1000,2,4700,0.0776946791858068,31613.71391114857,31589.17080623321
10.0,1000,2,4800,0.0751291416741313,31612.90347912192,31589.17080623321
10.0,1000,2,4900,0.0652823489195712,31609.79295893974,31589.17080623321
10.0,1000,2,5000,0.0596381336523082,31608.00999813829,31589.17080623321
10.0,1000,3,0,56.23239484750437,57753.838075810345,36966.62150777553
10.0,1000,3,100,6.554894164964908,39389.744423973374,36966.62150777553
10.0,1000,3,200,2.977273695663744,38067.21900610211,36966.62150777553
10.0,1000,3,300,0.764051024331095,37249.06535806629,36966.62150777553
10.0,1000,3,400,0.162067087012121,37026.53223441998,36966.62150777553
10.0,1000,3,500,0.0697707784345421,36992.41340736246,36966.62150777553
10.0,1000,3,600,0.0474047199721851,36984.14543118447,36966.62150777553
10.0,1000,3,700,0.0421789202511178,36982.21362958083,36966.62150777553
10.0,1000,3,800,0.0342540752338861,36979.28408211823,36966.62150777553
10.0,1000,3,900,0.0517348872138259,36985.74614771934,36966.62150777553
10.0,1000,3,1000,0.0684512789536157,36991.92563298355,36966.62150777553
10.0,1000,3,1100,0.0844494312543223,36997.83960939279,36966.62150777553
10.0,1000,3,1200,0.1601616677063934,37025.8278652771,36966.62150777553
10.0,1000,3,1300,0.1834602334936506,37034.44055790841,36966.62150777553
10.0,1000,3,1400,0.1817932075258701,37033.82431472847,36966.62150777553
10.0,1000,3,1500,0.1863055582580769,37035.492378344745,36966.62150777553
10.0,1000,3,1600,0.1748551649325558,37031.25955478295,36966.62150777553
10.0,1000,3,1700,0.1447774611219676,37020.14084385706,36966.62150777553
10.0,1000,3,1800,0.1251398462679925,37012.881481100834,36966.62150777553
10.0,1000,3,1900,0.1050024690408004,37005.43737307967,36966.62150777553
10.0,1000,3,2000,0.0833814483554713,36997.4448121968,36966.62150777553
10.0,1000,3,2100,0.0959548621108719,37002.09277847037,36966.62150777553
10.0,1000,3,2200,0.0931011612452,37001.03786167239,36966.62150777553
10.0,1000,3,2300,0.0681984892983319,36991.83218518847,36966.62150777553
10.0,1000,3,2400,0.0544001076773281,36986.73138968043,36966.62150777553
10.0,1000,3,2500,0.0431922866934507,36982.58823691805,36966.62150777553
10.0,1000,3,2600,0.0486875431926321,36984.61964758899,36966.62150777553
10.0,1000,3,2700,0.0480005962394356,36984.36570650884,36966.62150777553
10.0,1000,3,2800,0.0430961520384275,36982.552699184,36966.62150777553
10.0,1000,3,2900,0.0337788660263567,36979.10841332912,36966.62150777553
10.0,1000,3,3000,0.0351435172401959,36979.61287877824,36966.62150777553
10.0,1000,3,3100,0.0243107668630517,36975.60837694744,36966.62150777553
10.0,1000,3,3200,0.0253976890388524,36976.01017535425,36966.62150777553
10.0,1000,3,3300,0.0261507636048686,36976.28856157874,36966.62150777553
10.0,1000,3,3400,0.0418204835684952,36982.08112764902,36966.62150777553
10.0,1000,3,3500,0.0483127983045511,36984.48111706459,36966.62150777553
10.0,1000,3,3600,0.0505836400465626,36985.3205705364,36966.62150777553
10.0,1000,3,3700,0.0600698852770494,36988.827314906055,36966.62150777553
10.0,1000,3,3800,0.0694445403637509,36992.292808169615,36966.62150777553
10.0,1000,3,3900,0.0666437829732095,36991.2574627857,36966.62150777553
10.0,1000,3,4000,0.0693586248726613,36992.26104811521,36966.62150777553
10.0,1000,3,4100,0.0741060792426613,36994.01602160342,36966.62150777553
10.0,1000,3,4200,0.0706948474184508,36992.75500444621,36966.62150777553
10.0,1000,3,4300,0.066014826208705,36991.02495871912,36966.62150777553
10.0,1000,3,4400,0.0655442972494784,36990.85102005968,36966.62150777553
10.0,1000,3,4500,0.0678940599885863,36991.719647957776,36966.62150777553
10.0,1000,3,4600,0.0739241416457255,36993.94876542058,36966.62150777553
10.0,1000,3,4700,0.0741316997234114,36994.02549262957,36966.62150777553
10.0,1000,3,4800,0.081613706256614,36996.79133766588,36966.62150777553
10.0,1000,3,4900,0.0974304078601441,37002.63823788268,36966.62150777553
10.0,1000,3,5000,0.1043574209399944,37005.1989205897,36966.62150777553
10.0,1000,4,0,41.47177659342462,54966.54330372883,38853.36328368664
10.0,1000,4,100,6.231213647565754,41274.39935915802,38853.36328368664
10.0,1000,4,200,3.1927925101518526,40093.87055655028,38853.36328368664
10.0,1000,4,300,1.0699650624902093,39269.08069642448,38853.36328368664
10.0,1000,4,400,0.4603100436156506,39032.20921716392,38853.36328368664
10.0,1000,4,500,0.3881800235317725,39004.18427842414,38853.36328368664
10.0,1000,4,600,0.3706150696025489,38997.359703063405,38853.36328368664
10.0,1000,4,700,0.3636411720384971,38994.65010930781,38853.36328368664
10.0,1000,4,800,0.3590888363667655,38992.88137379138,38853.36328368664
10.0,1000,4,900,0.3610914383717812,38993.65945202352,38853.36328368664
10.0,1000,4,1000,0.3619082400577939,38993.97680694989,38853.36328368664
10.0,1000,4,1100,0.362588363270005,38994.24105769231,38853.36328368664
10.0,1000,4,1200,0.3561569121488284,38991.74222262378,38853.36328368664
10.0,1000,4,1300,0.342448584210183,38986.41607616966,38853.36328368664
10.0,1000,4,1400,0.348774995287581,38988.87409964838,38853.36328368664
10.0,1000,4,1500,0.3461284789329007,38987.84583903474,38853.36328368664
10.0,1000,4,1600,0.3442172003230849,38987.1032430131,38853.36328368664
10.0,1000,4,1700,0.344229360657833,38987.10796771214,38853.36328368664
10.0,1000,4,1800,0.3479408544763128,38988.55000788868,38853.36328368664
10.0,1000,4,1900,0.3407526331488742,38985.7571421427,38853.36328368664
10.0,1000,4,2000,0.3392490387490198,38985.17294514821,38853.36328368664
10.0,1000,4,2100,0.3405261829203958,38985.66915861277,38853.36328368664
10.0,1000,4,2200,0.340921231685113,38985.82264834448,38853.36328368664
10.0,1000,4,2300,0.341608744524569,38986.08977020561,38853.36328368664
10.0,1000,4,2400,0.3366000182942328,38984.14371160745,38853.36328368664
10.0,1000,4,2500,0.3314908916542485,38982.1586440734,38853.36328368664
10.0,1000,4,2600,0.3310143269803031,38981.97348266935,38853.36328368664
10.0,1000,4,2700,0.3332163029246711,38982.82902438243,38853.36328368664
10.0,1000,4,2800,0.3343845067961237,38983.2829108765,38853.36328368664
10.0,1000,4,2900,0.334797358612438,38983.44331769252,38853.36328368664
10.0,1000,4,3000,0.335065915453079,38983.54766105743,38853.36328368664
10.0,1000,4,3100,0.3353417150796254,38983.65481848827,38853.36328368664
10.0,1000,4,3200,0.3355063604192284,38983.7187887402,38853.36328368664
10.0,1000,4,3300,0.3356307312001976,38983.767110971545,38853.36328368664
10.0,1000,4,3400,0.3354434238854577,38983.69433578009,38853.36328368664
10.0,1000,4,3500,0.3341110431624771,38983.17666105747,38853.36328368664
10.0,1000,4,3600,0.3329235408525438,38982.71527647099,38853.36328368664
10.0,1000,4,3700,0.3314007511528884,38982.123621456936,38853.36328368664
10.0,1000,4,3800,0.3307322048760479,38981.86386874328,38853.36328368664
10.0,1000,4,3900,0.3306251363721191,38981.82226902848,38853.36328368664
10.0,1000,4,4000,0.3306799495954526,38981.84356580927,38853.36328368664
10.0,1000,4,4100,0.3298469114562527,38981.51990247476,38853.36328368664
10.0,1000,4,4200,0.3298124105758174,38981.506497722345,38853.36328368664
10.0,1000,4,4300,0.3293304647806975,38981.319245571736,38853.36328368664
10.0,1000,4,4400,0.3277309937394664,38980.69779727747,38853.36328368664
10.0,1000,4,4500,0.32698414600061,38980.40762181232,38853.36328368664
10.0,1000,4,4600,0.3253421313886326,38979.76964390995,38853.36328368664
10.0,1000,4,4700,0.3229708088708084,38978.84830535748,38853.36328368664
10.0,1000,4,4800,0.3207778804875901,38977.99627892619,38853.36328368664
10.0,1000,4,4900,0.3209567072980555,38978.06575915651,38853.36328368664
10.0,1000,4,5000,0.321055909555713,38978.104302570064,38853.36328368664
10.0,1000,5,0,49.64075821873356,50618.01757729345,33826.35732392097
10.0,1000,5,100,5.557978704365841,35706.419060447195,33826.35732392097
10.0,1000,5,200,2.8047747274591885,34775.11044536235,33826.35732392097
10.0,1000,5,300,0.8654745496825744,34119.1158376442,33826.35732392097
10.0,1000,5,400,0.1415844341812616,33874.25018054218,33826.35732392097
10.0,1000,5,500,0.0359980585227001,33838.534155826535,33826.35732392097
10.0,1000,5,600,0.0271625563085727,33835.54542727622,33826.35732392097
10.0,1000,5,700,0.0232190466158336,33834.21148159645,33826.35732392097
10.0,1000,5,800,0.0204113322960959,33833.26173411802,33826.35732392097
10.0,1000,5,900,0.0183978416406897,33832.58064357424,33826.35732392097
10.0,1000,5,1000,0.0171115415716264,33832.14553511662,33826.35732392097
10.0,1000,5,1100,0.0159532068185029,33831.75371266402,33826.35732392097
10.0,1000,5,1200,0.015109278256207,33831.46824237298,33826.35732392097
10.0,1000,5,1300,0.0143268241875572,33831.203566663826,33826.35732392097
10.0,1000,5,1400,0.0135853630367939,33830.95275736555,33826.35732392097
10.0,1000,5,1500,0.0130418191209246,33830.76889625836,33826.35732392097
10.0,1000,5,1600,0.0126235840116884,33830.62742255585,33826.35732392097
10.0,1000,5,1700,0.0122085807354349,33830.48704206472,33826.35732392097
10.0,1000,5,1800,0.0116801850532666,33830.308305053186,33826.35732392097
10.0,1000,5,1900,0.0112839457770566,33830.17427173976,33826.35732392097
10.0,1000,5,2000,0.0109359697693796,33830.056564132,33826.35732392097
10.0,1000,5,2100,0.0106600293031461,33829.96322352389,33826.35732392097
10.0,1000,5,2200,0.0103587343136452,33829.86130640414,33826.35732392097
10.0,1000,5,2300,0.0101036440048876,33829.7750186448,33826.35732392097
10.0,1000,5,2400,0.0098259763399371,33829.681093788284,33826.35732392097
10.0,1000,5,2500,0.0096089078940302,33829.607667440134,33826.35732392097
10.0,1000,5,2600,0.0093998330343088,33829.53694503101,33826.35732392097
10.0,1000,5,2700,0.0092026752652735,33829.470253739564,33826.35732392097
10.0,1000,5,2800,0.0089957364642209,33829.40025388128,33826.35732392097
10.0,1000,5,2900,0.0088444361648594,33829.349074501384,33826.35732392097
10.0,1000,5,3000,0.0086668310547945,33829.28899716223,33826.35732392097
10.0,1000,5,3100,0.0085323579895614,33829.24350982268,33826.35732392097
10.0,1000,5,3200,0.0083476683027391,33829.18103602927,33826.35732392097
10.0,1000,5,3300,0.0082193345278392,33829.13762538801,33826.35732392097
10.0,1000,5,3400,0.0080672630968178,33829.08618516236,33826.35732392097
10.0,1000,5,3500,0.00793631381751,33829.04188979123,33826.35732392097
10.0,1000,5,3600,0.0078283229621215,33829.00536041861,33826.35732392097
10.0,1000,5,3700,0.0077104710470397,33828.9654954087,33826.35732392097
10.0,1000,5,3800,0.0075789906182627,33828.92102036905,33826.35732392097
10.0,1000,5,3900,0.0074955474385025,33828.892794580905,33826.35732392097
10.0,1000,5,4000,0.0073946149944267,33828.85865281172,33826.35732392097
10.0,1000,5,4100,0.0072950647557589,33828.82497859227,33826.35732392097
10.0,1000,5,4200,0.0071603946522498,33828.779424601846,33826.35732392097
10.0,1000,5,4300,0.0070822439366215,33828.752989061526,33826.35732392097
10.0,1000,5,4400,0.0069857251069644,33828.72034025732,33826.35732392097
10.0,1000,5,4500,0.0069209562431017,33828.69843131,33826.35732392097
10.0,1000,5,4600,0.0068367083987247,33828.66993333312,33826.35732392097
10.0,1000,5,4700,0.0067686550102074,33828.64691335075,33826.35732392097
10.0,1000,5,4800,0.0067077147264991,33828.62629947263,33826.35732392097
10.0,1000,5,4900,0.0066593582088837,33828.60994222419,33826.35732392097
10.0,1000,5,5000,0.0066010487256244,33828.59021825003,33826.35732392097
10.0,1000,6,0,39.53160514378771,48363.44310904264,34661.281979236155
10.0,1000,6,100,6.944322379210259,37068.273140641424,34661.281979236155
10.0,1000,6,200,3.172495675481285,35760.9096510938,34661.281979236155
10.0,1000,6,300,0.92517388580765,34981.9591085942,34661.281979236155
10.0,1000,6,400,0.1926975856716345,34728.07343277298,34661.281979236155
10.0,1000,6,500,0.049469140165187,34678.428617401514,34661.281979236155
10.0,1000,6,600,0.0422375552173741,34675.922057351185,34661.281979236155
10.0,1000,6,700,0.0244035363162039,34669.74055777162,34661.281979236155
10.0,1000,6,800,0.0132640362267327,34665.87946423453,34661.281979236155
10.0,1000,6,900,0.014840580807263,34666.42591479712,34661.281979236155
10.0,1000,6,1000,0.0226900030279805,34669.14662516678,34661.281979236155
10.0,1000,6,1100,0.0121999405353036,34665.5106350264,34661.281979236155
10.0,1000,6,1200,0.0095377934495562,34664.5879007183,34661.281979236155
10.0,1000,6,1300,0.0104793364509257,34664.91425159296,34661.281979236155
10.0,1000,6,1400,0.0117253870748461,34665.346148713325,34661.281979236155
10.0,1000,6,1500,0.0128932587466281,34665.75094800664,34661.281979236155
10.0,1000,6,1600,0.0138200987450908,34666.072202632,34661.281979236155
10.0,1000,6,1700,0.0117655621389009,34665.36007390556,34661.281979236155
10.0,1000,6,1800,0.0067150789807642,34663.609511696806,34661.281979236155
10.0,1000,6,1900,0.0035411658901157,34662.50939273068,34661.281979236155
10.0,1000,6,2000,0.0032982017257485,34662.42517823656,34661.281979236155
10.0,1000,6,2100,0.0039044135298654,34662.63529901938,34661.281979236155
10.0,1000,6,2200,0.0035086931854173,34662.49813727494,34661.281979236155
10.0,1000,6,2300,0.0025105822742385,34662.15217923755,34661.281979236155
10.0,1000,6,2400,0.0032300464328197,34662.401554738295,34661.281979236155
10.0,1000,6,2500,0.0087231356586258,34664.30552988422,34661.281979236155
10.0,1000,6,2600,0.0142755841173426,34666.23007970125,34661.281979236155
10.0,1000,6,2700,0.0100767789160977,34664.77471999069,34661.281979236155
10.0,1000,6,2800,0.0119892260841997,34665.43759869633,34661.281979236155
10.0,1000,6,2900,0.021141953606314,34668.61005139156,34661.281979236155
10.0,1000,6,3000,0.017843039912252,34667.46660561381,34661.281979236155
10.0,1000,6,3100,0.0209395409340453,34668.53989256446,34661.281979236155
10.0,1000,6,3200,0.0368790059613784,34674.06471548357,34661.281979236155
10.0,1000,6,3300,0.0429002309292376,34676.15174924828,34661.281979236155
10.0,1000,6,3400,0.040145564576626,34675.196946576216,34661.281979236155
10.0,1000,6,3500,0.0374311882298412,34674.25610893668,34661.281979236155
10.0,1000,6,3600,0.0349502957223571,34673.39619978906,34661.281979236155
10.0,1000,6,3700,0.0303023607923807,34671.78516595677,34661.281979236155
10.0,1000,6,3800,0.0296503863021365,34671.55918324027,34661.281979236155
10.0,1000,6,3900,0.0299339636248484,34671.657474775726,34661.281979236155
10.0,1000,6,4000,0.0349498286153462,34673.39603788378,34661.281979236155
10.0,1000,6,4100,0.0326419711066587,34672.596104885015,34661.281979236155
10.0,1000,6,4200,0.0370278617297411,34674.11631080118,34661.281979236155
10.0,1000,6,4300,0.0350772578557581,34673.44020649212,34661.281979236155
10.0,1000,6,4400,0.0348619983830769,34673.36559479931,34661.281979236155
10.0,1000,6,4500,0.0375653326005884,34674.30260509528,34661.281979236155
10.0,1000,6,4600,0.0478256080189095,34677.85894808987,34661.281979236155
10.0,1000,6,4700,0.0533411880791476,34679.77071884734,34661.281979236155
10.0,1000,6,4800,0.0608574713046517,34682.37595897049,34661.281979236155
10.0,1000,6,4900,0.0632995823791561,34683.22242597627,34661.281979236155
10.0,1000,6,5000,0.0640200048653768,34683.472133645664,34661.281979236155
10.0,1000,7,0,36.95864905290134,45250.06939458463,33039.220018230786
10.0,1000,7,100,8.639888816440532,35893.77189362509,33039.220018230786
10.0,1000,7,200,4.4976855573415575,34525.22024524905,33039.220018230786
10.0,1000,7,300,1.2546959754571947,33453.761782121976,33039.220018230786
10.0,1000,7,400,0.3526667509010096,33155.73836199212,33039.220018230786
10.0,1000,7,500,0.2188060053066355,33111.51181573715,33039.220018230786
10.0,1000,7,600,0.1913241280775331,33102.432017854284,33039.220018230786
10.0,1000,7,700,0.1750695359767544,33097.06162740704,33039.220018230786
10.0,1000,7,800,0.1632149334954051,33093.14495921094,33039.220018230786
10.0,1000,7,900,0.1525182460890854,33089.610857124106,33039.220018230786
10.0,1000,7,1000,0.1450122811766806,33087.130944862205,33039.220018230786
10.0,1000,7,1100,0.1367761780726684,33084.40980063674,33039.220018230786
10.0,1000,7,1200,0.1301516841920127,33082.22111952842,33039.220018230786
10.0,1000,7,1300,0.1240626035224324,33080.20933476891,33039.220018230786
10.0,1000,7,1400,0.1180069223662757,33078.20858494812,33039.220018230786
10.0,1000,7,1500,0.1082849080380529,33074.99650724402,33039.220018230786
10.0,1000,7,1600,0.0993920471051431,33072.05837535448,33039.220018230786
10.0,1000,7,1700,0.091568991464787,33069.47369878931,33039.220018230786
10.0,1000,7,1800,0.084996769244833,33067.302287829974,33039.220018230786
10.0,1000,7,1900,0.078561598798343,33065.17615770761,33039.220018230786
10.0,1000,7,2000,0.0727982971391819,33063.272007792126,33039.220018230786
10.0,1000,7,2100,0.0686193845573475,33061.891327669844,33039.220018230786
10.0,1000,7,2200,0.0665095307840253,33061.19424843961,33039.220018230786
10.0,1000,7,2300,0.0642419857544483,33060.44506924828,33039.220018230786
10.0,1000,7,2400,0.0623778193942434,33059.829163223025,33039.220018230786
10.0,1000,7,2500,0.0577045994989363,33058.28516781988,33039.220018230786
10.0,1000,7,2600,0.0511436338614334,33056.11747594758,33039.220018230786
10.0,1000,7,2700,0.0469547116060529,33054.73348870724,33039.220018230786
10.0,1000,7,2800,0.0456793925964302,33054.31213325371,33039.220018230786
10.0,1000,7,2900,0.0446107183058903,33053.95905160358,33039.220018230786
10.0,1000,7,3000,0.0434559438913536,33053.57752314405,33039.220018230786
10.0,1000,7,3100,0.0421461298850141,33053.144770812665,33039.220018230786
10.0,1000,7,3200,0.0408850309042403,33052.72811354576,33039.220018230786
10.0,1000,7,3300,0.0393114730905329,33052.208222317575,33039.220018230786
10.0,1000,7,3400,0.0378233313984135,33051.71655190973,33039.220018230786
10.0,1000,7,3500,0.0358021903009531,33051.048782655664,33039.220018230786
10.0,1000,7,3600,0.034501138217677,33050.61892519532,33039.220018230786
10.0,1000,7,3700,0.0326706982557651,33050.014162109,33039.220018230786
10.0,1000,7,3800,0.0307661576595201,33049.38491675107,33039.220018230786
10.0,1000,7,3900,0.0289330466982298,33048.77927118739,33039.220018230786
10.0,1000,7,4000,0.0272823995597407,33048.23391024758,33039.220018230786
10.0,1000,7,4100,0.0258291234470992,33047.753759155254,33039.220018230786
10.0,1000,7,4200,0.0241016086662613,33047.183001745965,33039.220018230786
10.0,1000,7,4300,0.0224529855655699,33046.638309532456,33039.220018230786
10.0,1000,7,4400,0.0208807718343122,33046.11886237863,33039.220018230786
10.0,1000,7,4500,0.0194535089710765,33045.647305861006,33039.220018230786
10.0,1000,7,4600,0.0181076275550368,33045.20263713878,33039.220018230786
10.0,1000,7,4700,0.016447544811838,33044.654158748766,33039.220018230786
10.0,1000,7,4800,0.0153407503579962,33044.28848249401,33039.220018230786
10.0,1000,7,4900,0.0144521803416773,33043.994905891304,33039.220018230786
10.0,1000,7,5000,0.0140963825303003,33043.87735306958,33039.220018230786
10.0,1000,8,0,33.765153677468284,63504.0488000436,47474.28388798717
10.0,1000,8,100,3.7755707413301582,49266.70906011803,47474.28388798717
10.0,1000,8,200,2.309949524059949,48570.9158827086,47474.28388798717
10.0,1000,8,300,0.5083855157211999,47715.63627096606,47474.28388798717
10.0,1000,8,400,0.1113671145611824,47527.154628111806,47474.28388798717
10.0,1000,8,500,0.0626557243245473,47504.02924442508,47474.28388798717
10.0,1000,8,600,0.0881608470432879,47516.13761879056,47474.28388798717
10.0,1000,8,700,0.0970302436017855,47520.34830129189,47474.28388798717
10.0,1000,8,800,0.1014207925632202,47522.43268297008,47474.28388798717
10.0,1000,8,900,0.1048669352612857,47524.06871453775,47474.28388798717
10.0,1000,8,1000,0.1060260418338242,47524.61899208256,47474.28388798717
10.0,1000,8,1100,0.1059902064331042,47524.601979482686,47474.28388798717
10.0,1000,8,1200,0.1080035052262057,47525.55777866724,47474.28388798717
10.0,1000,8,1300,0.1052022632981547,47524.22790912192,47474.28388798717
10.0,1000,8,1400,0.0935695139616452,47518.70534467793,47474.28388798717
10.0,1000,8,1500,0.0859676032071687,47515.09639198544,47474.28388798717
10.0,1000,8,1600,0.0704760485458962,47507.741887346885,47474.28388798717
10.0,1000,8,1700,0.0611188754614537,47503.29963643289,47474.28388798717
10.0,1000,8,1800,0.0771106205800542,47510.891602909134,47474.28388798717
10.0,1000,8,1900,0.0947205828954444,47519.25180641131,47474.28388798717
10.0,1000,8,2000,0.0919060782569659,47517.9156404892,47474.28388798717
10.0,1000,8,2100,0.0801019947489345,47512.31173637422,47474.28388798717
10.0,1000,8,2200,0.0690758914761704,47507.077172804726,47474.28388798717
10.0,1000,8,2300,0.0585310912535655,47502.071104411625,47474.28388798717
10.0,1000,8,2400,0.0566960897951212,47501.199950609895,47474.28388798717
10.0,1000,8,2500,0.0609511211810701,47503.21999628958,47474.28388798717
10.0,1000,8,2600,0.0655307947332169,47505.39416351287,47474.28388798717
10.0,1000,8,2700,0.0716020786558505,47508.27646207795,47474.28388798717
10.0,1000,8,2800,0.0754003087455729,47510.07964461346,47474.28388798717
10.0,1000,8,2900,0.0790684486914296,47511.82106778477,47474.28388798717
10.0,1000,8,3000,0.0828686940848499,47513.62520707128,47474.28388798717
10.0,1000,8,3100,0.0871804759290175,47515.67219462461,47474.28388798717
10.0,1000,8,3200,0.0919009350280161,47517.913198778086,47474.28388798717
10.0,1000,8,3300,0.086424339981023,47515.31322449808,47474.28388798717
10.0,1000,8,3400,0.0799202516300798,47512.22545513003,47474.28388798717
10.0,1000,8,3500,0.0706536373035491,47507.826196337846,47474.28388798717
10.0,1000,8,3600,0.0834236476775342,47513.88866731532,47474.28388798717
10.0,1000,8,3700,0.0758962444475103,47510.3150865365,47474.28388798717
10.0,1000,8,3800,0.0686171209111848,47506.85937476431,47474.28388798717
10.0,1000,8,3900,0.0628932882196038,47504.14202618304,47474.28388798717
10.0,1000,8,4000,0.0579523160032565,47501.79633500622,47474.28388798717
10.0,1000,8,4100,0.0548084242753055,47500.30379492216,47474.28388798717
10.0,1000,8,4200,0.051795694518765,47498.87352304477,47474.28388798717
10.0,1000,8,4300,0.0493297458549084,47497.70283157555,47474.28388798717
10.0,1000,8,4400,0.0476056152383098,47496.88431291203,47474.28388798717
10.0,1000,8,4500,0.047779423852017,47496.96682730672,47474.28388798717
10.0,1000,8,4600,0.0487443230930524,47497.42490631165,47474.28388798717
10.0,1000,8,4700,0.0509592620375993,47498.47643271413,47474.28388798717
10.0,1000,8,4800,0.051971113595276,47498.95680199514,47474.28388798717
10.0,1000,8,4900,0.0520718416866486,47499.00462193519,47474.28388798717
10.0,1000,8,5000,0.0482162951399329,47497.17422882217,47474.28388798717
10.0,1000,9,0,41.146232453523744,66767.99057569557,47304.12524307424
10.0,1000,9,100,4.7834502036867965,49566.89451836633,47304.12524307424
10.0,1000,9,200,2.013780133546433,48256.72631956719,47304.12524307424
10.0,1000,9,300,0.491646668432422,47536.694398862914,47304.12524307424
10.0,1000,9,400,0.0724418603770307,47338.3932314354,47304.12524307424
10.0,1000,9,500,0.0147286063711916,47311.09248147863,47304.12524307424
10.0,1000,9,600,0.0134110263051391,47310.469211754,47304.12524307424
10.0,1000,9,700,0.0121385894865263,47309.86729664769,47304.12524307424
10.0,1000,9,800,0.0096109404730156,47308.67161439263,47304.12524307424
10.0,1000,9,900,0.0079649075695054,47307.89297292641,47304.12524307424
10.0,1000,9,1000,0.006945545033159,47307.41077239554,47304.12524307424
10.0,1000,9,1100,0.0053629481263031,47306.66213877263,47304.12524307424
10.0,1000,9,1200,0.004112789545531,47306.07076219184,47304.12524307424
10.0,1000,9,1300,0.0032979231581899,47305.68529677541,47304.12524307424
10.0,1000,9,1400,0.002769543386012,47305.43535134622,47304.12524307424
10.0,1000,9,1500,0.0027114677851092,47305.40787919123,47304.12524307424
10.0,1000,9,1600,0.0036294777021721,47305.842135752144,47304.12524307424
10.0,1000,9,1700,0.0008119833174421,47304.50934467968,47304.12524307424
10.0,1000,9,1800,0.0017808731323971,47304.96766953121,47304.12524307424
10.0,1000,9,1900,0.0016580263427346,47304.90955793197,47304.12524307424
10.0,1000,9,2000,0.0013600716205246,47304.76861305701,47304.12524307424
10.0,1000,9,2100,0.0010564782849637,47304.62500088533,47304.12524307424
10.0,1000,9,2200,0.0008474706620368,47304.52613165761,47304.12524307424
10.0,1000,9,2300,0.0006720465200603,47304.44314880178,47304.12524307424
10.0,1000,9,2400,0.0006035717985749,47304.41075743377,47304.12524307424
10.0,1000,9,2500,0.0004498665085968,47304.33804849089,47304.12524307424
10.0,1000,9,2600,0.0004329695385019,47304.330055527,47304.12524307424
10.0,1000,9,2700,0.0003308179967007,47304.281733633725,47304.12524307424
10.0,1000,9,2800,0.0003518694914477,47304.291691859165,47304.12524307424
10.0,1000,9,2900,0.0004520478879948,47304.339080373335,47304.12524307424
10.0,1000,9,3000,0.0004838726855425,47304.35413481543,47304.12524307424
10.0,1000,9,3100,0.0007704336798868,47304.48968998709,47304.12524307424
10.0,1000,9,3200,0.0009962439489445,47304.59650755957,47304.12524307424
10.0,1000,9,3300,0.0004421274530636,47304.33438759837,47304.12524307424
10.0,1000,9,3400,7.604729041658318e-05,47304.16121657974,47304.12524307424
10.0,1000,9,3500,0.000365528207309,47304.29815299522,47304.12524307424
10.0,1000,9,3600,0.0004552227544916,47304.34058221616,47304.12524307424
10.0,1000,9,3700,0.0003874064675736,47304.30850231486,47304.12524307424
10.0,1000,9,3800,0.0003431398465478,47304.28756237701,47304.12524307424
10.0,1000,9,3900,0.0002924343983373,47304.26357660828,47304.12524307424
10.0,1000,9,4000,0.0002330828168612,47304.23550086185,47304.12524307424
10.0,1000,9,4100,0.0001456433880909,47304.19413840495,47304.12524307424
10.0,1000,9,4200,0.0016288767230819,47304.89576895938,47304.12524307424
10.0,1000,9,4300,0.0086630722006869,47308.22323359795,47304.12524307424
10.0,1000,9,4400,0.0143495179763377,47310.91315702954,47304.12524307424
10.0,1000,9,4500,0.0154765144905823,47311.44627287213,47304.12524307424
10.0,1000,9,4600,0.0142417683991695,47310.86218703461,47304.12524307424
10.0,1000,9,4700,0.0138808044355309,47310.69143618917,47304.12524307424
10.0,1000,9,4800,0.0150942768592874,47311.26545870429,47304.12524307424
10.0,1000,9,4900,0.0162726055192127,47311.82285676936,47304.12524307424
10.0,1000,9,5000,0.0173654334010846,47312.33980943929,47304.12524307424
10.0,1000,10,0,37.52623663462878,41388.716765444144,30095.14240937395
10.0,1000,10,100,6.11681467542915,31936.00649686184,30095.14240937395
10.0,1000,10,200,3.503952070694209,31149.66177500558,30095.14240937395
10.0,1000,10,300,1.232915818574884,30466.19018076176,30095.14240937395
10.0,1000,10,400,0.5849706124702179,30271.19014824985,30095.14240937395
10.0,1000,10,500,0.5255579575329272,30253.309825137283,30095.14240937395
10.0,1000,10,600,0.5151185466666829,30250.168069570387,30095.14240937395
10.0,1000,10,700,0.5001960268548805,30245.67711598196,30095.14240937395
10.0,1000,10,800,0.4978586652836094,30244.973683688462,30095.14240937395
10.0,1000,10,900,0.4954211333614072,30244.2401049852,30095.14240937395
10.0,1000,10,1000,0.4933226021983557,30243.608549043176,30095.14240937395
10.0,1000,10,1100,0.4831866275888541,30240.55811304987,30095.14240937395
10.0,1000,10,1200,0.4816966021755448,30240.1096877798,30095.14240937395
10.0,1000,10,1300,0.479909846226593,30239.57196103245,30095.14240937395
10.0,1000,10,1400,0.4799707380366573,30239.590286509407,30095.14240937395
10.0,1000,10,1500,0.4742766011025612,30237.876627890106,30095.14240937395
10.0,1000,10,1600,0.4719752826190475,30237.1840428152,30095.14240937395
10.0,1000,10,1700,0.4685401929457533,30236.15024768613,30095.14240937395
10.0,1000,10,1800,0.4638228548301433,30234.730558062307,30095.14240937395
10.0,1000,10,1900,0.4601010455913687,30233.610474271693,30095.14240937395
10.0,1000,10,2000,0.4594984304546397,30233.42911638812,30095.14240937395
10.0,1000,10,2100,0.4578974262850035,30232.94729190328,30095.14240937395
10.0,1000,10,2200,0.4570911540307242,30232.70464312015,30095.14240937395
10.0,1000,10,2300,0.4548972742276995,30232.04439186913,30095.14240937395
10.0,1000,10,2400,0.4539358567140411,30231.75505189925,30095.14240937395
10.0,1000,10,2500,0.4521329120333808,30231.212453130047,30095.14240937395
10.0,1000,10,2600,0.4505422320782353,30230.73373573227,30095.14240937395
10.0,1000,10,2700,0.4497797900113184,30230.50427770644,30095.14240937395
10.0,1000,10,2800,0.4588443793162088,30233.232278766573,30095.14240937395
10.0,1000,10,2900,0.4598850818122427,30233.54547966481,30095.14240937395
10.0,1000,10,3000,0.4560253621141706,30232.383891525074,30095.14240937395
10.0,1000,10,3100,0.4643329799827936,30234.884080953463,30095.14240937395
10.0,1000,10,3200,0.4892437414865065,30242.381010103265,30095.14240937395
10.0,1000,10,3300,0.4996621436713073,30245.51644307756,30095.14240937395
10.0,1000,10,3400,0.4972607789659374,30244.79374894972,30095.14240937395
10.0,1000,10,3500,0.4855691349618096,30241.27513203668,30095.14240937395
10.0,1000,10,3600,0.4798062763342258,30239.54079152585,30095.14240937395
10.0,1000,10,3700,0.4725173435242144,30237.347176816555,30095.14240937395
10.0,1000,10,3800,0.4689347080945037,30236.26897758197,30095.14240937395
10.0,1000,10,3900,0.4654819867627336,30235.22987618018,30095.14240937395
10.0,1000,10,4000,0.4625936699112307,30234.36063311049,30095.14240937395
10.0,1000,10,4100,0.456614015340299,30232.56104755177,30095.14240937395
10.0,1000,10,4200,0.4676669781940007,30235.88745246305,30095.14240937395
10.0,1000,10,4300,0.4713941437465351,30237.00914824392,30095.14240937395
10.0,1000,10,4400,0.4668523134832956,30235.642277958206,30095.14240937395
10.0,1000,10,4500,0.4676370961231937,30235.878459411288,30095.14240937395
10.0,1000,10,4600,0.471865108126358,30237.150885644725,30095.14240937395
10.0,1000,10,4700,0.481241988999593,30239.972871297083,30095.14240937395
10.0,1000,10,4800,0.4791321981488703,30239.33792673601,30095.14240937395
10.0,1000,10,4900,0.4722312897402294,30237.261088522897,30095.14240937395
10.0,1000,10,5000,0.4743692654657738,30237.904515362177,30095.14240937395
10.0,1000,11,0,52.56764091987143,43634.00463340689,28599.77670908832
10.0,1000,11,100,6.415859648000381,30434.69824238493,28599.77670908832
10.0,1000,11,200,3.3706074597912075,29563.76291632848,28599.77670908832
10.0,1000,11,300,0.9144932166112608,28861.3197270589,28599.77670908832
10.0,1000,11,400,0.2435631015448034,28669.435212275865,28599.77670908832
10.0,1000,11,500,0.0886386228231576,28625.127157293755,28599.77670908832
10.0,1000,11,600,0.0402265042385158,28611.28139947841,28599.77670908832
10.0,1000,11,700,0.0138960637873288,28603.75095230285,28599.77670908832
10.0,1000,11,800,0.006502373922457,28601.636373510933,28599.77670908832
10.0,1000,11,900,0.006836227550528,28601.731854903097,28599.77670908832
10.0,1000,11,1000,0.0111459389133883,28602.96442272968,28599.77670908832
10.0,1000,11,1100,0.0174750884785197,28604.774545372893,28599.77670908832
10.0,1000,11,1200,0.0146723942330154,28603.97298107684,28599.77670908832
10.0,1000,11,1300,0.0145351977294953,28603.93374318318,28599.77670908832
10.0,1000,11,1400,0.0157540459492156,28604.282331052444,28599.77670908832
10.0,1000,11,1500,0.0284964559069142,28607.926631847706,28599.77670908832
10.0,1000,11,1600,0.0507015985521472,28614.277253062173,28599.77670908832
10.0,1000,11,1700,0.0456389755549718,28612.82935418936,28599.77670908832
10.0,1000,11,1800,0.0431973209721835,28612.13104643068,28599.77670908832
10.0,1000,11,1900,0.0362936404205946,28610.15660920821,28599.77670908832
10.0,1000,11,2000,0.0351515391256775,28609.829970788072,28599.77670908832
10.0,1000,11,2100,0.0301071996888024,28608.38730097268,28599.77670908832
10.0,1000,11,2200,0.0278878563283455,28607.75257372718,28599.77670908832
10.0,1000,11,2300,0.027318115320876,28607.589629071223,28599.77670908832
10.0,1000,11,2400,0.0272008291256822,28607.556085481287,28599.77670908832
10.0,1000,11,2500,0.0219159660999285,28606.04462645654,28599.77670908832
10.0,1000,11,2600,0.0134503565381816,28603.623481024817,28599.77670908832
10.0,1000,11,2700,0.0060175760391112,28601.497722398806,28599.77670908832
10.0,1000,11,2800,0.0042963028330939,28601.00544210533,28599.77670908832
10.0,1000,11,2900,0.0041804670904245,28600.97231334158,28599.77670908832
10.0,1000,11,3000,0.0054294749180659,28601.329526791364,28599.77670908832
10.0,1000,11,3100,0.0067580306798374,28601.70949077269,28599.77670908832
10.0,1000,11,3200,0.0070797313986658,28601.801496459942,28599.77670908832
10.0,1000,11,3300,0.0038726360287492,28600.8842743453,28599.77670908832
10.0,1000,11,3400,0.0032368319039556,28600.7024357853,28599.77670908832
10.0,1000,11,3500,0.019165283229536,28605.257937297632,28599.77670908832
10.0,1000,11,3600,0.0195073567944921,28605.35576957339,28599.77670908832
10.0,1000,11,3700,0.0176978759456714,28604.838262091034,28599.77670908832
10.0,1000,11,3800,0.026388094865519,28607.32364529764,28599.77670908832
10.0,1000,11,3900,0.0234902101276838,28606.49485673333,28599.77670908832
10.0,1000,11,4000,0.0217252094856032,28605.990070490785,28599.77670908832
10.0,1000,11,4100,0.020061109672814,28605.51414166011,28599.77670908832
10.0,1000,11,4200,0.0185021622964077,28605.068286191447,28599.77670908832
10.0,1000,11,4300,0.0171111117189179,28604.67044883237,28599.77670908832
10.0,1000,11,4400,0.0148718928247261,28604.030037228607,28599.77670908832
10.0,1000,11,4500,0.0212880572041033,28605.8650459144,28599.77670908832
10.0,1000,11,4600,0.0208660908896438,28605.744364490674,28599.77670908832
10.0,1000,11,4700,0.0207958729816185,28605.72428232577,28599.77670908832
10.0,1000,11,4800,0.0188831562026836,28605.17724959792,28599.77670908832
10.0,1000,11,4900,0.0186871695799323,28605.12119786143,28599.77670908832
10.0,1000,11,5000,0.019702920899951,28605.411700470875,28599.77670908832
10.0,1000,12,0,49.02951196260079,64422.76248673051,43228.19127455608
10.0,1000,12,100,5.724956801808906,45702.98655122775,43228.19127455608
10.0,1000,12,200,2.852734158585182,44461.376653183885,43228.19127455608
10.0,1000,12,300,0.7322346448523861,43544.72306741144,43228.19127455608
10.0,1000,12,400,0.1277979699446447,43283.43602544876,43228.19127455608
10.0,1000,12,500,0.0394467836543778,43245.24340564586,43228.19127455608
10.0,1000,12,600,0.0520094463594476,43250.67401750918,43228.19127455608
10.0,1000,12,700,0.0565039309882809,43252.61690192134,43228.19127455608
10.0,1000,12,800,0.0455222474107571,43247.86971873928,43228.19127455608
10.0,1000,12,900,0.023678175275812,43238.42692145464,43228.19127455608
10.0,1000,12,1000,0.0237931098071493,43238.47660557368,43228.19127455608
10.0,1000,12,1100,0.0225982319662087,43237.96008149511,43228.19127455608
10.0,1000,12,1200,0.0179775573121158,43235.96264741746,43228.19127455608
10.0,1000,12,1300,0.0122400186077109,43233.48241321187,43228.19127455608
10.0,1000,12,1400,0.0180961651675174,43236.01391944806,43228.19127455608
10.0,1000,12,1500,0.0127716999959925,43233.71224945936,43228.19127455608
10.0,1000,12,1600,0.016828479287979,43235.46592177129,43228.19127455608
10.0,1000,12,1700,0.0236045738468971,43238.39510488816,43228.19127455608
10.0,1000,12,1800,0.0171783924355929,43235.61718289604,43228.19127455608
10.0,1000,12,1900,0.0376778762574655,43244.47873897285,43228.19127455608
10.0,1000,12,2000,0.0334297926440291,43242.64236926293,43228.19127455608
10.0,1000,12,2100,0.0396749373815143,43245.34203237543,43228.19127455608
10.0,1000,12,2200,0.035885486419013,43243.7039212651,43228.19127455608
10.0,1000,12,2300,0.0310075575420866,43241.595280839945,43228.19127455608
10.0,1000,12,2400,0.028865590846085,43240.66934737956,43228.19127455608
10.0,1000,12,2500,0.0221164506690148,43237.75181615443,43228.19127455608
10.0,1000,12,2600,0.0348571390654451,43243.25938530413,43228.19127455608
10.0,1000,12,2700,0.0411125375615018,43245.963480930994,43228.19127455608
10.0,1000,12,2800,0.0308092364673731,43241.50955022643,43228.19127455608
10.0,1000,12,2900,0.0440799401664559,43247.24623540495,43228.19127455608
10.0,1000,12,3000,0.0474144609143888,43248.68768841196,43228.19127455608
10.0,1000,12,3100,0.0468246461144232,43248.43272214206,43228.19127455608
10.0,1000,12,3200,0.0544081711213854,43251.710942837424,43228.19127455608
10.0,1000,12,3300,0.0563403313291882,43252.54618074778,43228.19127455608
10.0,1000,12,3400,0.0590568145701875,43253.720467319145,43228.19127455608
10.0,1000,12,3500,0.0580300587357278,43253.2766193431,43228.19127455608
10.0,1000,12,3600,0.0533657189171455,43251.26030960463,43228.19127455608
10.0,1000,12,3700,0.0535361993484005,43251.33400521154,43228.19127455608
10.0,1000,12,3800,0.0452689734787501,43247.76023299951,43228.19127455608
10.0,1000,12,3900,0.0402319250437512,43245.58280806743,43228.19127455608
10.0,1000,12,4000,0.0408849387133232,43245.86509406557,43228.19127455608
10.0,1000,12,4100,0.0488581331916782,43249.31176182536,43228.19127455608
10.0,1000,12,4200,0.0542367687953197,43251.63684871206,43228.19127455608
10.0,1000,12,4300,0.055248183613719,43252.07406504434,43228.19127455608
10.0,1000,12,4400,0.0590130977085209,43253.70156931056,43228.19127455608
10.0,1000,12,4500,0.070533626424292,43258.68168549966,43228.19127455608
10.0,1000,12,4600,0.0661740027150283,43256.797099023766,43228.19127455608
10.0,1000,12,4700,0.0691098562364077,43258.06621539953,43228.19127455608
10.0,1000,12,4800,0.0664853936178176,43256.93170767884,43228.19127455608
10.0,1000,12,4900,0.0620966590058159,43255.03453708623,43228.19127455608
10.0,1000,12,5000,0.0578266708069351,43253.18869842021,43228.19127455608
10.0,1000,13,0,45.623027358157785,51614.804471561874,35444.12268302594
10.0,1000,13,100,5.557943742695535,37414.08708184051,35444.12268302594
10.0,1000,13,200,2.7883488649865287,36432.42847556253,35444.12268302594
10.0,1000,13,300,0.6959605539440753,35690.799795591345,35444.12268302594
10.0,1000,13,400,0.1273486788136927,35489.26030497988,35444.12268302594
10.0,1000,13,500,0.0465246897965798,35460.61295115534,35444.12268302594
10.0,1000,13,600,0.0406343302244738,35458.52516488213,35444.12268302594
10.0,1000,13,700,0.0334371512047362,35455.974187920656,35444.12268302594
10.0,1000,13,800,0.0256126932173117,35453.20087743231,35444.12268302594
10.0,1000,13,900,0.026587193005008,35453.54628033261,35444.12268302594
10.0,1000,13,1000,0.0320392317985481,35455.47870765132,35444.12268302594
10.0,1000,13,1100,0.0286565452354899,35454.279744075924,35444.12268302594
10.0,1000,13,1200,0.0288803043810163,35454.35905354198,35444.12268302594
10.0,1000,13,1300,0.0266997485269922,35453.58617464991,35444.12268302594
10.0,1000,13,1400,0.0251378339525206,35453.03256773193,35444.12268302594
10.0,1000,13,1500,0.0251015727592159,35453.019715270086,35444.12268302594
10.0,1000,13,1600,0.0200014997822274,35451.2120391472,35444.12268302594
10.0,1000,13,1700,0.0151226886462968,35449.482787342706,35444.12268302594
10.0,1000,13,1800,0.0141712829011458,35449.14556992318,35444.12268302594
10.0,1000,13,1900,0.0136076336262059,35448.94578938267,35444.12268302594
10.0,1000,13,2000,0.0132281153310223,35448.81127245252,35444.12268302594
10.0,1000,13,2100,0.0135608364406114,35448.929202530795,35444.12268302594
10.0,1000,13,2200,0.0119772158308117,35448.367902099024,35444.12268302594
10.0,1000,13,2300,0.0085045777136201,35447.13705598443,35444.12268302594
10.0,1000,13,2400,0.0093541890402348,35447.43819326536,35444.12268302594
10.0,1000,13,2500,0.0092805758731542,35447.41210172411,35444.12268302594
10.0,1000,13,2600,0.0080458635971013,35446.974468790206,35444.12268302594
10.0,1000,13,2700,0.0061535201807519,35446.30374426813,35444.12268302594
10.0,1000,13,2800,0.0058258108347054,35446.187590565474,35444.12268302594
10.0,1000,13,2900,0.0124124078474792,35448.52215209132,35444.12268302594
10.0,1000,13,3000,0.0202305029482602,35451.293207310315,35444.12268302594
10.0,1000,13,3100,0.0290480734985122,35454.41851783381,35444.12268302594
10.0,1000,13,3200,0.0330013365479957,35455.81971723905,35444.12268302594
10.0,1000,13,3300,0.0400382168312017,35458.31387771969,35444.12268302594
10.0,1000,13,3400,0.0432933057189432,35459.4676154185,35444.12268302594
10.0,1000,13,3500,0.0416969656210887,35458.90180667578,35444.12268302594
10.0,1000,13,3600,0.0466807336027854,35460.66825951345,35444.12268302594
10.0,1000,13,3700,0.048450753162269,35461.295627417625,35444.12268302594
10.0,1000,13,3800,0.0446453230700537,35459.94682610712,35444.12268302594
10.0,1000,13,3900,0.0398603840883377,35458.250846464136,35444.12268302594
10.0,1000,13,4000,0.0351473931463691,35456.580368172625,35444.12268302594
10.0,1000,13,4100,0.0308297939130881,35455.05003300342,35444.12268302594
10.0,1000,13,4200,0.0268167570151401,35453.627647281995,35444.12268302594
10.0,1000,13,4300,0.0281896156316369,35454.11424497429,35444.12268302594
10.0,1000,13,4400,0.0331803902646415,35455.88318125805,35444.12268302594
10.0,1000,13,4500,0.0350231706442144,35456.53633859656,35444.12268302594
10.0,1000,13,4600,0.036724880691667,35457.13949479349,35444.12268302594
10.0,1000,13,4700,0.0394871762065792,35458.11856620466,35444.12268302594
10.0,1000,13,4800,0.042370493752593,35459.14053281301,35444.12268302594
10.0,1000,13,4900,0.0473614909776868,35460.90954799258,35444.12268302594
10.0,1000,13,5000,0.0515022227242889,35462.37719403282,35444.12268302594
10.0,1000,14,0,40.09767258821176,50354.34055225719,35942.31054805842
10.0,1000,14,100,5.029657939483532,37750.08582417267,35942.31054805842
10.0,1000,14,200,2.6860405881161458,36907.73559768602,35942.31054805842
10.0,1000,14,300,0.7514221773062907,36212.38904055283,35942.31054805842
10.0,1000,14,400,0.1500495673287482,35996.24182952374,35942.31054805842
10.0,1000,14,500,0.0463362322227058,35958.964860540174,35942.31054805842
10.0,1000,14,600,0.0342571816329715,35954.623370665955,35942.31054805842
10.0,1000,14,700,0.0207643644827321,35949.773740424134,35942.31054805842
10.0,1000,14,800,0.0105270899283293,35946.09422741213,35942.31054805842
10.0,1000,14,900,0.0132261675391828,35947.06433826896,35942.31054805842
10.0,1000,14,1000,0.0328338074364516,35954.11177709198,35942.31054805842
10.0,1000,14,1100,0.0576499933459869,35963.03128769777,35942.31054805842
10.0,1000,14,1200,0.0919571887926005,35975.36208642552,35942.31054805842
10.0,1000,14,1300,0.0630454184616554,35964.97052814823,35942.31054805842
10.0,1000,14,1400,0.0487922942311646,35959.84762597451,35942.31054805842
10.0,1000,14,1500,0.0484780672516675,35959.73468553771,35942.31054805842
10.0,1000,14,1600,0.0509120174140316,35960.60950346365,35942.31054805842
10.0,1000,14,1700,0.0565038166178529,35962.619325298714,35942.31054805842
10.0,1000,14,1800,0.0510532888335421,35960.66027967597,35942.31054805842
10.0,1000,14,1900,0.0815206370876764,35971.61094860123,35942.31054805842
10.0,1000,14,2000,0.0810819885645019,35971.453288186814,35942.31054805842
10.0,1000,14,2100,0.0741747137612036,35968.970654026605,35942.31054805842
10.0,1000,14,2200,0.070831103697151,35967.76888331387,35942.31054805842
10.0,1000,14,2300,0.0647253398265023,35965.57433070215,35942.31054805842
10.0,1000,14,2400,0.0694805337066238,35967.2834572537,35942.31054805842
10.0,1000,14,2500,0.0652183014435328,35965.75151249742,35942.31054805842
10.0,1000,14,2600,0.0639310486514355,35965.28884410135,35942.31054805842
10.0,1000,14,2700,0.0623372927457936,35964.716011404365,35942.31054805842
10.0,1000,14,2800,0.057503709565904,35962.97870992725,35942.31054805842
10.0,1000,14,2900,0.0609112832701364,35964.20347065018,35942.31054805842
10.0,1000,14,3000,0.062974295953427,35964.944965075454,35942.31054805842
10.0,1000,14,3100,0.0629942603836619,35964.95214075297,35942.31054805842
10.0,1000,14,3200,0.0582630946157924,35963.25165046014,35942.31054805842
10.0,1000,14,3300,0.0534656836237728,35961.52735010312,35942.31054805842
10.0,1000,14,3400,0.0485079504346261,35959.74542624413,35942.31054805842
10.0,1000,14,3500,0.045429908521032,35958.63910686075,35942.31054805842
10.0,1000,14,3600,0.0438219323486707,35958.06116307134,35942.31054805842
10.0,1000,14,3700,0.0450950965606785,35958.518767706206,35942.31054805842
10.0,1000,14,3800,0.0430337064097308,35957.777856456545,35942.31054805842
10.0,1000,14,3900,0.0390959363893107,35956.36253092714,35942.31054805842
10.0,1000,14,4000,0.0391801451584897,35956.392797504464,35942.31054805842
10.0,1000,14,4100,0.0378099164097829,35955.900305632385,35942.31054805842
10.0,1000,14,4200,0.0368791845602788,35955.56577910067,35942.31054805842
10.0,1000,14,4300,0.0358064504550261,35955.1802136772,35942.31054805842
10.0,1000,14,4400,0.0346456231298252,35954.76298551505,35942.31054805842
10.0,1000,14,4500,0.0334681962147728,35954.33979107677,35942.31054805842
10.0,1000,14,4600,0.0311418448120394,35953.50364663116,35942.31054805842
10.0,1000,14,4700,0.0294563616746212,35952.89784504767,35942.31054805842
10.0,1000,14,4800,0.0286860608623988,35952.62098113759,35942.31054805842
10.0,1000,14,4900,0.0292914854400909,35952.83858471944,35942.31054805842
10.0,1000,14,5000,0.027416906309345,35952.164817666795,35942.31054805842
10.0,1000,15,0,46.40364654936029,49386.62299890918,33733.19187255242
10.0,1000,15,100,5.180486748658636,35480.73540740959,33733.19187255242
10.0,1000,15,200,2.715685662936145,34649.27932788607,33733.19187255242
10.0,1000,15,300,0.7098582124367689,33972.64970537679,33733.19187255242
10.0,1000,15,400,0.1022037104293735,33767.66844629243,33733.19187255242
10.0,1000,15,500,0.0111494547418916,33736.95293951325,33733.19187255242
10.0,1000,15,600,0.0047855600541454,33734.806194707664,33733.19187255242
10.0,1000,15,700,0.0068707686626707,33735.50960212852,33733.19187255242
10.0,1000,15,800,0.0043256225390417,33734.6510431032,33733.19187255242
10.0,1000,15,900,0.0067106744705865,33735.45559724753,33733.19187255242
10.0,1000,15,1000,0.0079137245060516,33735.861424424314,33733.19187255242
10.0,1000,15,1100,0.008808911768445,33736.16339966116,33733.19187255242
10.0,1000,15,1200,0.0088556594676439,33736.17916915222,33733.19187255242
10.0,1000,15,1300,0.0087624714541348,33736.147733860824,33733.19187255242
10.0,1000,15,1400,0.0084970438645837,33736.05819666276,33733.19187255242
10.0,1000,15,1500,0.0089131424110906,33736.19855998383,33733.19187255242
10.0,1000,15,1600,0.0080471550088264,33735.90643479183,33733.19187255242
10.0,1000,15,1700,0.0072355188346935,33735.632644003905,33733.19187255242
10.0,1000,15,1800,0.0070827920463724,33735.58112438336,33733.19187255242
10.0,1000,15,1900,0.0055530353550122,33735.06508862348,33733.19187255242
10.0,1000,15,2000,0.005081837243471,33734.906138460414,33733.19187255242
10.0,1000,15,2100,0.0049128241362554,33734.84912494467,33733.19187255242
10.0,1000,15,2200,0.0048655127936564,33734.83316531869,33733.19187255242
10.0,1000,15,2300,0.00418892769204,33734.60493156818,33733.19187255242
10.0,1000,15,2400,0.0025923033320261,33734.066339209334,33733.19187255242
10.0,1000,15,2500,0.0009339878594867,33733.50693646913,33733.19187255242
10.0,1000,15,2600,0.0011273305869493,33733.57215714236,33733.19187255242
10.0,1000,15,2700,0.0014536680134874,33733.6822411726,33733.19187255242
10.0,1000,15,2800,0.0005193059333735,33733.36705101933,33733.19187255242
10.0,1000,15,2900,0.0008831488888231,33733.48978686161,33733.19187255242
10.0,1000,15,3000,9.90918985264392e-05,33733.22529941268,33733.19187255242
10.0,1000,15,3100,0.0003523117907815,33733.3107185648,33733.19187255242
10.0,1000,15,3200,0.0009360921251637,33733.50764630511,33733.19187255242
10.0,1000,15,3300,0.001404742042214,33733.66573688084,33733.19187255242
10.0,1000,15,3400,0.0016477767044519,33733.74772022977,33733.19187255242
10.0,1000,15,3500,0.0017330615169606,33733.77648951921,33733.19187255242
10.0,1000,15,3600,0.0017543735546668,33733.78367874978,33733.19187255242
10.0,1000,15,3700,0.0020348227506406,33733.87828321516,33733.19187255242
10.0,1000,15,3800,0.0023078446102926,33733.97038220293,33733.19187255242
10.0,1000,15,3900,0.0019550490991593,33733.851373016245,33733.19187255242
10.0,1000,15,4000,0.0007559845517101,33733.44689027178,33733.19187255242
10.0,1000,15,4100,0.0004294119679606,33733.3367269155,33733.19187255242
10.0,1000,15,4200,0.0001320824233108,33733.23642816971,33733.19187255242
10.0,1000,15,4300,0.0012376039537737,33733.60935586877,33733.19187255242
10.0,1000,15,4400,0.0007015867847842,33733.42854016869,33733.19187255242
10.0,1000,15,4500,0.0052373179675083,33734.95858707138,33733.19187255242
10.0,1000,15,4600,0.0067589869766271,33735.47189459789,33733.19187255242
10.0,1000,15,4700,0.0121896289062567,33737.30382345992,33733.19187255242
10.0,1000,15,4800,0.0134334693778596,33737.7234105528,33733.19187255242
10.0,1000,15,4900,0.0156025582711275,33738.45511347105,33733.19187255242
10.0,1000,15,5000,0.017604044023215,33739.1302785001,33733.19187255242
10.0,1000,16,0,35.29012764737126,48600.28586547138,35923.009838638216
10.0,1000,16,100,4.530503857006642,37550.5031849306,35923.009838638216
10.0,1000,16,200,2.153047284869202,36696.44922661231,35923.009838638216
10.0,1000,16,300,0.5408581550484185,36117.30236688934,35923.009838638216
10.0,1000,16,400,0.0842329022204541,35953.26883239024,35923.009838638216
10.0,1000,16,500,0.0226877882811094,35931.15997505461,35923.009838638216
10.0,1000,16,600,0.009249688706832,35926.332605222415,35923.009838638216
10.0,1000,16,700,0.0096856937609071,35926.48923136089,35923.009838638216
10.0,1000,16,800,0.0111004236080617,35926.99744490307,35923.009838638216
10.0,1000,16,900,0.0107672190310088,35926.87774779007,35923.009838638216
10.0,1000,16,1000,0.014736479962532,35928.303625785025,35923.009838638216
10.0,1000,16,1100,0.0660792787973761,35946.7475044619,35923.009838638216
10.0,1000,16,1200,0.0711006595176597,35948.55133555208,35923.009838638216
10.0,1000,16,1300,0.0842183504634276,35953.26360496113,35923.009838638216
10.0,1000,16,1400,0.0722125259642872,35948.950751445096,35923.009838638216
10.0,1000,16,1500,0.0616434853255804,35945.154033936604,35923.009838638216
10.0,1000,16,1600,0.053102859697423,35942.08598415192,35923.009838638216
10.0,1000,16,1700,0.0477388927534787,35940.159085778905,35923.009838638216
10.0,1000,16,1800,0.0435479589317625,35938.6535762098,35923.009838638216
10.0,1000,16,1900,0.0330494268816964,35934.88218750854,35923.009838638216
10.0,1000,16,2000,0.0248759246388538,35931.946019493684,35923.009838638216
10.0,1000,16,2100,0.014077728162378,35928.066982311044,35923.009838638216
10.0,1000,16,2200,0.0157889349063808,35928.68169927805,35923.009838638216
10.0,1000,16,2300,0.0193949716749202,35929.9770962212,35923.009838638216
10.0,1000,16,2400,0.0143428530358851,35928.16222314544,35923.009838638216
10.0,1000,16,2500,0.0092818409764244,35926.344155285384,35923.009838638216
10.0,1000,16,2600,0.0045785468920996,35924.65459048873,35923.009838638216
10.0,1000,16,2700,0.00560074022469,35925.02179310017,35923.009838638216
10.0,1000,16,2800,0.0131607973485131,35927.737593164566,35923.009838638216
10.0,1000,16,2900,0.0175385792085964,35929.31022417288,35923.009838638216
10.0,1000,16,3000,0.0193208162191562,35929.95045734953,35923.009838638216
10.0,1000,16,3100,0.020849917785802,35930.49975665576,35923.009838638216
10.0,1000,16,3200,0.022523828124791,35931.10107563152,35923.009838638216
10.0,1000,16,3300,0.0239451132124344,35931.61164401339,35923.009838638216
10.0,1000,16,3400,0.0238705068739056,35931.58484317106,35923.009838638216
10.0,1000,16,3500,0.0233039946163957,35931.38133491706,35923.009838638216
10.0,1000,16,3600,0.0224706799686329,35931.08198321416,35923.009838638216
10.0,1000,16,3700,0.0215640656757746,35930.756300072535,35923.009838638216
10.0,1000,16,3800,0.0220188087997254,35930.91965748969,35923.009838638216
10.0,1000,16,3900,0.0230257944772689,35931.28139705371,35923.009838638216
10.0,1000,16,4000,0.0203717822566785,35930.32799598259,35923.009838638216
10.0,1000,16,4100,0.0185941196963731,35929.68940608615,35923.009838638216
10.0,1000,16,4200,0.0201591009608661,35930.25159445977,35923.009838638216
10.0,1000,16,4300,0.0206269062073341,35930.41964418448,35923.009838638216
10.0,1000,16,4400,0.0205551429924262,35930.39386467773,35923.009838638216
10.0,1000,16,4500,0.0189399796984813,35929.81364940874,35923.009838638216
10.0,1000,16,4600,0.0186120159912295,35929.695834973914,35923.009838638216
10.0,1000,16,4700,0.0183278365868377,35929.593749178515,35923.009838638216
10.0,1000,16,4800,0.017891034109091,35929.43683658146,35923.009838638216
10.0,1000,16,4900,0.0176847570266574,35929.36273564484,35923.009838638216
10.0,1000,16,5000,0.0174706272091407,35929.28581376943,35923.009838638216
10.0,1000,17,0,47.34147174909215,52385.8083052316,35554.01455093337
10.0,1000,17,100,4.634700797904423,37201.83674701253,35554.01455093337
10.0,1000,17,200,2.5682277013533725,36467.12260157365,35554.01455093337
10.0,1000,17,300,0.849515766762109,35856.05151026044,35554.01455093337
10.0,1000,17,400,0.2086903191234467,35628.21233736091,35554.01455093337
10.0,1000,17,500,0.0896950638569228,35585.904746988526,35554.01455093337
10.0,1000,17,600,0.1027088303993347,35590.53166343864,35554.01455093337
10.0,1000,17,700,0.108314625630589,35592.524748690856,35554.01455093337
10.0,1000,17,800,0.108530893723088,35592.60164067993,35554.01455093337
10.0,1000,17,900,0.1057773004347559,35591.622627721525,35554.01455093337
10.0,1000,17,1000,0.0893565717269664,35585.78439944739,35554.01455093337
10.0,1000,17,1100,0.0729548621233811,35579.95293322833,35554.01455093337
10.0,1000,17,1200,0.0608500494841289,35575.649186381204,35554.01455093337
10.0,1000,17,1300,0.0619323973810654,35576.03400450997,35554.01455093337
10.0,1000,17,1400,0.0931065291933834,35587.11765987065,35554.01455093337
10.0,1000,17,1500,0.0744298864705044,35580.47736359933,35554.01455093337
10.0,1000,17,1600,0.0546784383891488,35573.45493087447,35554.01455093337
10.0,1000,17,1700,0.0456966674300671,35570.261550720745,35554.01455093337
10.0,1000,17,1800,0.0386365479923385,35567.75139482854,35554.01455093337
10.0,1000,17,1900,0.0335935735734894,35565.958414969864,35554.01455093337
10.0,1000,17,2000,0.0287842799066746,35564.24851799977,35554.01455093337
10.0,1000,17,2100,0.0224320954082046,35561.99006139888,35554.01455093337
10.0,1000,17,2200,0.0202353261010262,35561.209021719755,35554.01455093337
10.0,1000,17,2300,0.0177185945193092,35560.31422260698,35554.01455093337
10.0,1000,17,2400,0.0145586771142835,35559.190745113,35554.01455093337
10.0,1000,17,2500,0.0132017974090844,35558.70831990518,35554.01455093337
10.0,1000,17,2600,0.0130111276233879,35558.64052914183,35554.01455093337
10.0,1000,17,2700,0.0134948719830924,35558.812519681866,35554.01455093337
10.0,1000,17,2800,0.0144681680638548,35559.15856551204,35554.01455093337
10.0,1000,17,2900,0.0135207893808207,35558.821734357225,35554.01455093337
10.0,1000,17,3000,0.0121747205495747,35558.3431528491,35554.01455093337
10.0,1000,17,3100,0.0110849116231655,35557.955682024825,35554.01455093337
10.0,1000,17,3200,0.0101574288756169,35557.625924673805,35554.01455093337
10.0,1000,17,3300,0.0075251686342455,35556.69005048457,35554.01455093337
10.0,1000,17,3400,0.0035813158317447,35555.2878524853,35554.01455093337
10.0,1000,17,3500,0.0053227106647054,35555.9069882576,35554.01455093337
10.0,1000,17,3600,0.0035788462765169,35555.286974459275,35554.01455093337
10.0,1000,17,3700,0.0107962228206844,35557.853041565984,35554.01455093337
10.0,1000,17,3800,0.022585283717602,35562.04452599269,35554.01455093337
10.0,1000,17,3900,0.0335897937189032,35565.957071079814,35554.01455093337
10.0,1000,17,4000,0.0427649572281471,35569.21921004896,35554.01455093337
10.0,1000,17,4100,0.0461204309987906,35570.41221568163,35554.01455093337
10.0,1000,17,4200,0.043676105522389,35569.54315984608,35554.01455093337
10.0,1000,17,4300,0.0482281557495964,35571.161596446225,35554.01455093337
10.0,1000,17,4400,0.0479404058692371,35571.05928981189,35554.01455093337
10.0,1000,17,4500,0.0441565742514705,35569.71398576793,35554.01455093337
10.0,1000,17,4600,0.0482287988615551,35571.161825098345,35554.01455093337
10.0,1000,17,4700,0.0518956070426066,35572.46552261259,35554.01455093337
10.0,1000,17,4800,0.0555539224214155,35573.76620059469,35554.01455093337
10.0,1000,17,4900,0.0640880738971508,35576.80043405217,35554.01455093337
10.0,1000,17,5000,0.072457898136911,35579.776242580265,35554.01455093337
10.0,1000,18,0,34.12923960588457,40431.563548976446,30143.735749026506
10.0,1000,18,100,7.85043228489219,32510.14931214067,30143.735749026506
10.0,1000,18,200,3.87195032617768,31310.88622368308,30143.735749026506
10.0,1000,18,300,1.069436101497148,30466.103741466497,30143.735749026506
10.0,1000,18,400,0.1657026808891491,30193.684727282784,30143.735749026506
10.0,1000,18,500,0.0561582284354866,30160.66393700744,30143.735749026506
10.0,1000,18,600,0.0476319002586385,30158.09378317271,30143.735749026506
10.0,1000,18,700,0.060685585973518,30162.02865170011,30143.735749026506
10.0,1000,18,800,0.0644646776288027,30163.1678111024,30143.735749026506
10.0,1000,18,900,0.0608906375764641,30162.090461913453,30143.735749026506
10.0,1000,18,1000,0.0538939440648884,30159.98139711016,30143.735749026506
10.0,1000,18,1100,0.0405841452067999,30155.969326513645,30143.735749026506
10.0,1000,18,1200,0.0300452003318165,30152.792494819794,30143.735749026506
10.0,1000,18,1300,0.0418114327853986,30156.33927683822,30143.735749026506
10.0,1000,18,1400,0.036453152242915,30154.7240909108,30143.735749026506
10.0,1000,18,1500,0.0269723584746328,30151.86622549038,30143.735749026506
10.0,1000,18,1600,0.047498757920262,30158.05364909806,30143.735749026506
10.0,1000,18,1700,0.0382441156212411,30155.263954178925,30143.735749026506
10.0,1000,18,1800,0.0247520210158388,30151.196932834064,30143.735749026506
10.0,1000,18,1900,0.0341539951213906,30154.03103906364,30143.735749026506
10.0,1000,18,2000,0.0407876184965675,30156.030660964432,30143.735749026506
10.0,1000,18,2100,0.0505756829946763,30158.981149261686,30143.735749026506
10.0,1000,18,2200,0.0416669993345854,30156.295739200472,30143.735749026506
10.0,1000,18,2300,0.0518343824901146,30159.360568311466,30143.735749026506
10.0,1000,18,2400,0.051103808897121,30159.14034613814,30143.735749026506
10.0,1000,18,2500,0.0455400480710018,30157.46322077701,30143.735749026506
10.0,1000,18,2600,0.0470995185373327,30157.933303433463,30143.735749026506
10.0,1000,18,2700,0.073124311674153,30165.778148305857,30143.735749026506
10.0,1000,18,2800,0.0921570153145628,30171.51531619712,30143.735749026506
10.0,1000,18,2900,0.0928382434814236,30171.720663815584,30143.735749026506
10.0,1000,18,3000,0.0971683273176669,30173.02591284489,30143.735749026506
10.0,1000,18,3100,0.0916381048464714,30171.35889719684,30143.735749026506
10.0,1000,18,3200,0.0898656797831519,30170.824622069405,30143.735749026506
10.0,1000,18,3300,0.0837265789073965,30168.97406772405,30143.735749026506
10.0,1000,18,3400,0.0842884803963844,30169.143445824066,30143.735749026506
10.0,1000,18,3500,0.0893628823031302,30170.673060125675,30143.735749026506
10.0,1000,18,3600,0.0937606599205483,30171.9987145895,30143.735749026506
10.0,1000,18,3700,0.1225691412878869,30180.682667086177,30143.735749026506
10.0,1000,18,3800,0.12568517852802,30181.621957117684,30143.735749026506
10.0,1000,18,3900,0.1226376636518497,30180.7033222865,30143.735749026506
10.0,1000,18,4000,0.116923569897295,30178.980880964675,30143.735749026506
10.0,1000,18,4100,0.1179235260507135,30179.282305105167,30143.735749026506
10.0,1000,18,4200,0.1023438014452483,30174.58599408967,30143.735749026506
10.0,1000,18,4300,0.0984406751033082,30173.409445999205,30143.735749026506
10.0,1000,18,4400,0.0972258725532554,30173.043259128644,30143.735749026506
10.0,1000,18,4500,0.0954643019260734,30172.512255933754,30143.735749026506
10.0,1000,18,4600,0.0940133166289071,30172.07487476002,30143.735749026506
10.0,1000,18,4700,0.092016739004141,30171.473031676785,30143.735749026506
10.0,1000,18,4800,0.1000362624860455,30173.890415643506,30143.735749026506
10.0,1000,18,4900,0.1010227727093699,30174.18778667836,30143.735749026506
10.0,1000,18,5000,0.1094092365073229,30176.7157801643,30143.735749026506
10.0,1000,19,0,51.68834984322061,57847.952804168,38136.05518417036
10.0,1000,19,100,4.40864788390629,39817.33957405262,38136.05518417036
10.0,1000,19,200,2.805002935450441,39205.772651551335,38136.05518417036
10.0,1000,19,300,0.8521371853470929,38461.02669141916,38136.05518417036
10.0,1000,19,400,0.0960050673387413,38172.66772963026,38136.05518417036
10.0,1000,19,500,0.0109050266438338,38140.2139311491,38136.05518417036
10.0,1000,19,600,0.0036232016669748,38137.43693035751,38136.05518417036
10.0,1000,19,700,0.0068658146135282,38138.67353502021,38136.05518417036
10.0,1000,19,800,0.0100708230051985,38139.89579878912,38136.05518417036
10.0,1000,19,900,0.0110256446990813,38140.25993011721,38136.05518417036
10.0,1000,19,1000,0.0097683780367037,38139.78045820903,38136.05518417036
10.0,1000,19,1100,0.0087482688580315,38139.39142880972,38136.05518417036
10.0,1000,19,1200,0.0075157406644581,38138.92139117765,38136.05518417036
10.0,1000,19,1300,0.027905189024335,38146.69712245592,38136.05518417036
10.0,1000,19,1400,0.030701262715408,38147.76343466174,38136.05518417036
10.0,1000,19,1500,0.028892601744653,38147.07368271584,38136.05518417036
10.0,1000,19,1600,0.0263132917459728,38146.09003563137,38136.05518417036
10.0,1000,19,1700,0.0239096095095124,38145.17336604722,38136.05518417036
10.0,1000,19,1800,0.0210405481331223,38144.079219217456,38136.05518417036
10.0,1000,19,1900,0.018943328171296,38143.27942225548,38136.05518417036
10.0,1000,19,2000,0.0150418705787415,38141.791560235,38136.05518417036
10.0,1000,19,2100,0.0116602037963907,38140.501925924735,38136.05518417036
10.0,1000,19,2200,0.0085647490127848,38139.32144158026,38136.05518417036
10.0,1000,19,2300,0.0032950555526578,38137.31178837427,38136.05518417036
10.0,1000,19,2400,0.0007523065968835,38136.3420842293,38136.05518417036
10.0,1000,19,2500,0.0004130095191336,38136.21268970849,38136.05518417036
10.0,1000,19,2600,0.0001684639396805,38136.11942967136,38136.05518417036
10.0,1000,19,2700,0.0017582337705701,38136.72570517137,38136.05518417036
10.0,1000,19,2800,0.0026876537178435,38137.08014927535,38136.05518417036
10.0,1000,19,2900,0.006402858019374,38138.49698163799,38136.05518417036
10.0,1000,19,3000,0.0050148568150001,38137.96765273273,38136.05518417036
10.0,1000,19,3100,0.0094950715745678,38139.67622990581,38136.05518417036
10.0,1000,19,3200,0.0134858587232332,38141.19815869511,38136.05518417036
10.0,1000,19,3300,0.01145339799603,38140.423058350585,38136.05518417036
10.0,1000,19,3400,0.0109328171529563,38140.22452935299,38136.05518417036
10.0,1000,19,3500,0.0105874698493422,38140.09282751471,38136.05518417036
10.0,1000,19,3600,0.0103005485692355,38139.98340705699,38136.05518417036
10.0,1000,19,3700,0.0124887349059676,38140.8178950059,38136.05518417036
10.0,1000,19,3800,0.0114419901030431,38140.41870783022,38136.05518417036
10.0,1000,19,3900,0.0150277087874228,38141.786159486444,38136.05518417036
10.0,1000,19,4000,0.0136852518288642,38141.27419935991,38136.05518417036
10.0,1000,19,4100,0.0124719722454382,38140.81150238843,38136.05518417036
10.0,1000,19,4200,0.0113440258124928,38140.38134811432,38136.05518417036
10.0,1000,19,4300,0.0103261082705203,38139.99315451878,38136.05518417036
10.0,1000,19,4400,0.0093673063884172,38139.62750530391,38136.05518417036
10.0,1000,19,4500,0.0084749137621915,38139.28718195952,38136.05518417036
10.0,1000,19,4600,0.0080098179309968,38139.10981275667,38136.05518417036
10.0,1000,19,4700,0.0078360263694325,38139.04353551085,38136.05518417036
10.0,1000,19,4800,0.0062453247949653,38138.4369046806,38136.05518417036
10.0,1000,19,4900,0.0048933645945472,38137.921320392496,38136.05518417036
10.0,1000,19,5000,0.0036268320433955,38137.43831483986,38136.05518417036
10.0,1000,20,0,51.23788466049336,58140.70073793333,38443.21207510313
10.0,1000,20,100,4.062015220021013,40004.78120065878,38443.21207510313
10.0,1000,20,200,2.2921847649216747,39324.401525435176,38443.21207510313
10.0,1000,20,300,0.5847190262087093,38667.99685039202,38443.21207510313
10.0,1000,20,400,0.0881798820683782,38477.111254174255,38443.21207510313
10.0,1000,20,500,0.0420662936221474,38459.38370957243,38443.21207510313
10.0,1000,20,600,0.0176362204562527,38449.99200473516,38443.21207510313
10.0,1000,20,700,0.0483512632083843,38461.79985375932,38443.21207510313
10.0,1000,20,800,0.017517543786391,38449.94638161128,38443.21207510313
10.0,1000,20,900,0.0046513361340516,38445.00019811747,38443.21207510313
10.0,1000,20,1000,0.0188061196735109,38450.44175157232,38443.21207510313
10.0,1000,20,1100,0.025813024012811,38453.135430667375,38443.21207510313
10.0,1000,20,1200,0.0279825877330147,38453.96948064944,38443.21207510313
10.0,1000,20,1300,0.0287999685647954,38454.28370809606,38443.21207510313
10.0,1000,20,1400,0.0262829862778431,38453.3160992576,38443.21207510313
10.0,1000,20,1500,0.0255105526411228,38453.01915095649,38443.21207510313
10.0,1000,20,1600,0.0258157444870613,38453.13647650506,38443.21207510313
10.0,1000,20,1700,0.0234960125328101,38452.24469703031,38443.21207510313
10.0,1000,20,1800,0.0168260368922192,38449.68054414944,38443.21207510313
10.0,1000,20,1900,0.006100852959461,38445.55743894473,38443.21207510313
10.0,1000,20,2000,0.0187418859473541,38450.41705806475,38443.21207510313
10.0,1000,20,2100,0.0336039050021389,38456.13049556862,38443.21207510313
10.0,1000,20,2200,0.0466827308509964,38461.15841632663,38443.21207510313
10.0,1000,20,2300,0.0539712449470941,38463.96035525772,38443.21207510313
10.0,1000,20,2400,0.0574653776069159,38465.30361208632,38443.21207510313
10.0,1000,20,2500,0.0525975298318562,38463.43225504266,38443.21207510313
10.0,1000,20,2600,0.0513212194699355,38462.94160034349,38443.21207510313
10.0,1000,20,2700,0.0503389864095332,38462.56399840501,38443.21207510313
10.0,1000,20,2800,0.0495561897532016,38462.263066226296,38443.21207510313
10.0,1000,20,2900,0.0494793003736726,38462.23350747906,38443.21207510313
10.0,1000,20,3000,0.0515154644039461,38463.016274335416,38443.21207510313
10.0,1000,20,3100,0.0761498331011911,38472.48651693706,38443.21207510313
10.0,1000,20,3200,0.1056030484425138,38483.80927897366,38443.21207510313
10.0,1000,20,3300,0.1410675581342985,38497.44297564587,38443.21207510313
10.0,1000,20,3400,0.1537183758998303,38502.30635634871,38443.21207510313
10.0,1000,20,3500,0.1493545670677084,38500.62876806482,38443.21207510313
10.0,1000,20,3600,0.1443876570041547,38498.71932829551,38443.21207510313
10.0,1000,20,3700,0.1376148293374721,38496.11563579213,38443.21207510313
10.0,1000,20,3800,0.124690165543149,38491.14697987968,38443.21207510313
10.0,1000,20,3900,0.1124922340071839,38486.457703190536,38443.21207510313
10.0,1000,20,4000,0.1024029035957059,38482.57904050349,38443.21207510313
10.0,1000,20,4100,0.0950673555140307,38479.75902019758,38443.21207510313
10.0,1000,20,4200,0.0894563039864114,38477.60195175918,38443.21207510313
10.0,1000,20,4300,0.0849753799322406,38475.87934062211,38443.21207510313
10.0,1000,20,4400,0.0964431395028556,38480.2879157541,38443.21207510313
10.0,1000,20,4500,0.1126918915128033,38486.534457948845,38443.21207510313
10.0,1000,20,4600,0.1131970167602702,38486.72864431897,38443.21207510313
10.0,1000,20,4700,0.1069318044269919,38484.320095454736,38443.21207510313
10.0,1000,20,4800,0.0998762046017584,38481.60769625075,38443.21207510313
10.0,1000,20,4900,0.0988774044148973,38481.22372537671,38443.21207510313
10.0,1000,20,5000,0.0938845248651005,38479.304302102726,38443.21207510313
50.0,1000,1,0,53.301152087590594,49155.15317218556,32064.438200764547
50.0,1000,1,100,7.685616131706959,34528.78783566372,32064.438200764547
50.0,1000,1,200,3.0610597567281927,33045.94981474913,32064.438200764547
50.0,1000,1,300,0.843111437329496,32334.77714655064,32064.438200764547
50.0,1000,1,400,0.0913641892736068,32093.73361477181,32064.438200764547
50.0,1000,1,500,0.1548019443936861,32114.074574558243,32064.438200764547
50.0,1000,1,600,0.3094293196027816,32163.654973723627,32064.438200764547
50.0,1000,1,700,0.3993540145386887,32192.488821958577,32064.438200764547
50.0,1000,1,800,0.3095708288308743,32163.700347862617,32064.438200764547
50.0,1000,1,900,0.2562291937143179,32146.596652235392,32064.438200764547
50.0,1000,1,1000,0.1678454446968461,32118.25689965217,32064.438200764547
50.0,1000,1,1100,0.225364382467539,32136.700023907382,32064.438200764547
50.0,1000,1,1200,0.2838592686198799,32155.45608052831,32064.438200764547
50.0,1000,1,1300,0.2171106615111004,32134.053514652045,32064.438200764547
50.0,1000,1,1400,0.2039849311938737,32129.84482296608,32064.438200764547
50.0,1000,1,1500,0.229256335290067,32137.94795671497,32064.438200764547
50.0,1000,1,1600,0.2795313858061389,32154.068369218097,32064.438200764547
50.0,1000,1,1700,0.2510120571986823,32144.923806721486,32064.438200764547
50.0,1000,1,1800,0.2295380261585052,32138.0382793094,32064.438200764547
50.0,1000,1,1900,0.2164462172679169,32133.84046433831,32064.438200764547
50.0,1000,1,2000,0.2051309196613961,32130.21227773004,32064.438200764547
50.0,1000,1,2100,0.1898252913068119,32125.30461398504,32064.438200764547
50.0,1000,1,2200,0.1774513844392106,32121.33699026446,32064.438200764547
50.0,1000,1,2300,0.1559615386499707,32114.44639194193,32064.438200764547
50.0,1000,1,2400,0.1603127146004928,32115.84157206559,32064.438200764547
50.0,1000,1,2500,0.1736591714690591,32120.121038480203,32064.438200764547
50.0,1000,1,2600,0.1737220846671137,32120.14121124372,32064.438200764547
50.0,1000,1,2700,0.1824357956515963,32122.935213717326,32064.438200764547
50.0,1000,1,2800,0.1930768646791848,32126.34721271958,32064.438200764547
50.0,1000,1,2900,0.1910093207173771,32125.68426636367,32064.438200764547
50.0,1000,1,3000,0.1783890428210311,32121.637645156832,32064.438200764547
50.0,1000,1,3100,0.1917998272658083,32125.937737847365,32064.438200764547
50.0,1000,1,3200,0.1943004207482833,32126.73953909921,32064.438200764547
50.0,1000,1,3300,0.1924514948316808,32126.1466913913,32064.438200764547
50.0,1000,1,3400,0.1896985394068268,32125.2639717004,32064.438200764547
50.0,1000,1,3500,0.1848208021391221,32123.699952648603,32064.438200764547
50.0,1000,1,3600,0.1797664035808159,32122.07928814645,32064.438200764547
50.0,1000,1,3700,0.1790799068110509,32121.859166813963,32064.438200764547
50.0,1000,1,3800,0.1993748854078882,32128.366637684005,32064.438200764547
50.0,1000,1,3900,0.1995529517595471,32128.42373365929,32064.438200764547
50.0,1000,1,4000,0.206226177901143,32130.56346613145,32064.438200764547
50.0,1000,1,4100,0.202587915723708,32129.396877804,32064.438200764547
50.0,1000,1,4200,0.2023245931535788,32129.312444901225,32064.438200764547
50.0,1000,1,4300,0.1906460820554398,32125.5677959274,32064.438200764547
50.0,1000,1,4400,0.1968777245086545,32127.565937070696,32064.438200764547
50.0,1000,1,4500,0.2152498767758296,32133.456864480555,32064.438200764547
50.0,1000,1,4600,0.2175483925316204,32134.193870644605,32064.438200764547
50.0,1000,1,4700,0.2183558181480064,32134.45276713239,32064.438200764547
50.0,1000,1,4800,0.2059739945106926,32130.482604944074,32064.438200764547
50.0,1000,1,4900,0.21191020006698,32132.38601590614,32064.438200764547
50.0,1000,1,5000,0.206970123556955,32130.80200812652,32064.438200764547
50.0,1000,2,0,56.83985025964285,49544.408190758986,31589.17080623321
50.0,1000,2,100,5.847310429498571,33436.28768537821,31589.17080623321
50.0,1000,2,200,2.9348264423570813,32516.25814397589,31589.17080623321
50.0,1000,2,300,0.6710660451979147,31801.15500547341,31589.17080623321
50.0,1000,2,400,0.0318996796686733,31599.2476505304,31589.17080623321
50.0,1000,2,500,0.1301045512012111,31630.26975513885,31589.17080623321
50.0,1000,2,600,0.0099658597098863,31592.31893867928,31589.17080623321
50.0,1000,2,700,0.026417583386843,31597.515901772163,31589.17080623321
50.0,1000,2,800,0.0143950106109056,31593.71807072267,31589.17080623321
50.0,1000,2,900,0.0134521272189923,31593.42022167749,31589.17080623321
50.0,1000,2,1000,0.0088782087214681,31591.975358750773,31589.17080623321
50.0,1000,2,1100,0.0716336031742427,31611.799267494585,31589.17080623321
50.0,1000,2,1200,0.0879693365088511,31616.959590200106,31589.17080623321
50.0,1000,2,1300,0.1254487945707189,31628.79904022452,31589.17080623321
50.0,1000,2,1400,0.1688075453540912,31642.495710068928,31589.17080623321
50.0,1000,2,1500,0.1548090997216699,31638.073717167885,31589.17080623321
50.0,1000,2,1600,0.1957648396402153,31651.01129580571,31589.17080623321
50.0,1000,2,1700,0.2269492878265034,31660.86220440826,31589.17080623321
50.0,1000,2,1800,0.2263217198334749,31660.663960883016,31589.17080623321
50.0,1000,2,1900,0.2110802103348227,31655.84929441404,31589.17080623321
50.0,1000,2,2000,0.2240525340156536,31659.94714389912,31589.17080623321
50.0,1000,2,2100,0.224002307782696,31659.931277848595,31589.17080623321
50.0,1000,2,2200,0.2025912156654689,31653.167691388204,31589.17080623321
50.0,1000,2,2300,0.1915235045698066,31649.67149322585,31589.17080623321
50.0,1000,2,2400,0.1930286380394853,31650.146952408453,31589.17080623321
50.0,1000,2,2500,0.2028498939748113,31653.24940572118,31589.17080623321
50.0,1000,2,2600,0.2119345580493043,31656.119175772845,31589.17080623321
50.0,1000,2,2700,0.2156019420349983,31657.27767196421,31589.17080623321
50.0,1000,2,2800,0.2138891355415247,31656.7366105954,31589.17080623321
50.0,1000,2,2900,0.2019694124741937,31652.97126891604,31589.17080623321
50.0,1000,2,3000,0.2157718264396888,31657.331337038977,31589.17080623321
50.0,1000,2,3100,0.2266696710128725,31660.7738757754,31589.17080623321
50.0,1000,2,3200,0.236890133474436,31664.002435119568,31589.17080623321
50.0,1000,2,3300,0.2147515209341303,31657.00903099008,31589.17080623321
50.0,1000,2,3400,0.219756196442613,31658.58996648476,31589.17080623321
50.0,1000,2,3500,0.2091957431292029,31655.254006849667,31589.17080623321
50.0,1000,2,3600,0.2031962848072547,31653.3588277129,31589.17080623321
50.0,1000,2,3700,0.2078723228824955,31654.83594936745,31589.17080623321
50.0,1000,2,3800,0.2181066334100207,31658.06888320083,31589.17080623321
50.0,1000,2,3900,0.2156316018529164,31657.28704125475,31589.17080623321
50.0,1000,2,4000,0.1985145050573803,31651.87989231094,31589.17080623321
50.0,1000,2,4100,0.1913805147633504,31649.626323931658,31589.17080623321
50.0,1000,2,4200,0.1928202000310582,31650.081108569942,31589.17080623321
50.0,1000,2,4300,0.1857828827347404,31647.85807838904,31589.17080623321
50.0,1000,2,4400,0.1862526977541453,31648.00648905799,31589.17080623321
50.0,1000,2,4500,0.1757132839273021,31644.67717562225,31589.17080623321
50.0,1000,2,4600,0.1800266460691019,31646.03973095672,31589.17080623321
50.0,1000,2,4700,0.1970859955118644,31651.428637990623,31589.17080623321
50.0,1000,2,4800,0.194350074140228,31650.56438311541,31589.17080623321
50.0,1000,2,4900,0.1845974157286601,31647.48359919164,31589.17080623321
50.0,1000,2,5000,0.1849027979243089,31647.58006689503,31589.17080623321
50.0,1000,3,0,56.23239484750437,57753.838075810345,36966.62150777553
50.0,1000,3,100,6.554894164964553,39389.74442397324,36966.62150777553
50.0,1000,3,200,3.074254977487464,38103.06970948728,36966.62150777553
50.0,1000,3,300,0.7623524249846602,37248.43744327496,36966.62150777553
50.0,1000,3,400,0.1161175226984795,37009.546232895686,36966.62150777553
50.0,1000,3,500,0.2329736148909538,37052.743982205255,36966.62150777553
50.0,1000,3,600,0.2682899741949986,37065.79924707951,36966.62150777553
50.0,1000,3,700,0.35168389308169,37096.62716143485,36966.62150777553
50.0,1000,3,800,0.355545202020791,37098.054556895615,36966.62150777553
50.0,1000,3,900,0.3756501447776277,37105.48667498889,36966.62150777553
50.0,1000,3,1000,0.3317909877813584,37089.27342642558,36966.62150777553
50.0,1000,3,1100,0.3262522019359427,37087.22592442598,36966.62150777553
50.0,1000,3,1200,0.3785883235551867,37106.57282041681,36966.62150777553
50.0,1000,3,1300,0.3841510545637696,37108.62917413425,36966.62150777553
50.0,1000,3,1400,0.3495715657620571,37095.8463053896,36966.62150777553
50.0,1000,3,1500,0.3235019282785463,37086.20924117262,36966.62150777553
50.0,1000,3,1600,0.2922893887255859,37074.67101981311,36966.62150777553
50.0,1000,3,1700,0.2600083165421407,37062.737798040405,36966.62150777553
50.0,1000,3,1800,0.2315829335232608,37052.22989428768,36966.62150777553
50.0,1000,3,1900,0.2324043102713732,37052.53352952131,36966.62150777553
50.0,1000,3,2000,0.2735409089822199,37067.74034026792,36966.62150777553
50.0,1000,3,2100,0.2696532709099472,37066.30321181615,36966.62150777553
50.0,1000,3,2200,0.2616722792397016,37063.35290883284,36966.62150777553
50.0,1000,3,2300,0.2530119465282393,37060.15147641808,36966.62150777553
50.0,1000,3,2400,0.2429952038462634,37056.44862506343,36966.62150777553
50.0,1000,3,2500,0.2278758770556034,37050.8595207542,36966.62150777553
50.0,1000,3,2600,0.2262528972599653,37050.259559956,36966.62150777553
50.0,1000,3,2700,0.2416918327724386,37055.96681281173,36966.62150777553
50.0,1000,3,2800,0.2599031894658393,37062.69893611201,36966.62150777553
50.0,1000,3,2900,0.2395390649930611,37055.17100729478,36966.62150777553
50.0,1000,3,3000,0.2405670889408492,37055.55103301657,36966.62150777553
50.0,1000,3,3100,0.2569796072287664,37061.61818653196,36966.62150777553
50.0,1000,3,3200,0.2597809897858595,37062.653763018825,36966.62150777553
50.0,1000,3,3300,0.2604246629189327,37062.89170722968,36966.62150777553
50.0,1000,3,3400,0.2674365419478377,37065.48376201088,36966.62150777553
50.0,1000,3,3500,0.2718854688658721,37067.12837998582,36966.62150777553
50.0,1000,3,3600,0.2627057583051254,37063.73495112732,36966.62150777553
50.0,1000,3,3700,0.2631677899473283,37063.90574861574,36966.62150777553
50.0,1000,3,3800,0.2575551258227306,37061.8309363123,36966.62150777553
50.0,1000,3,3900,0.2397833184224114,37055.26129953553,36966.62150777553
50.0,1000,3,4000,0.2333703076023411,37052.89062609842,36966.62150777553
50.0,1000,3,4100,0.2576445257332059,37061.86398443883,36966.62150777553
50.0,1000,3,4200,0.2607687358326282,37063.01889936139,36966.62150777553
50.0,1000,3,4300,0.2525539200423425,37059.98215950064,36966.62150777553
50.0,1000,3,4400,0.2493269959119563,37058.78927467101,36966.62150777553
50.0,1000,3,4500,0.2502957125905744,37059.14737649908,36966.62150777553
50.0,1000,3,4600,0.2448697954056251,37057.14159823,36966.62150777553
50.0,1000,3,4700,0.2362059813780588,37053.93887889029,36966.62150777553
50.0,1000,3,4800,0.2407535967112579,37055.61997863814,36966.62150777553
50.0,1000,3,4900,0.2481685925756405,37058.361052094144,36966.62150777553
50.0,1000,3,5000,0.2501684200208695,37059.10032073663,36966.62150777553
50.0,1000,4,0,41.47177659342462,54966.54330372883,38853.36328368664
50.0,1000,4,100,6.116914631978276,41229.99034740214,38853.36328368664
50.0,1000,4,200,3.078493494563812,40049.461544794176,38853.36328368664
50.0,1000,4,300,1.0034309691444023,39243.22996342933,38853.36328368664
50.0,1000,4,400,0.3964272863932422,39007.388617424665,38853.36328368664
50.0,1000,4,500,0.428738139656506,39019.9424706231,38853.36328368664
50.0,1000,4,600,0.3980392440524288,39008.01491718997,38853.36328368664
50.0,1000,4,700,0.3735246157654933,38998.490159604,38853.36328368664
50.0,1000,4,800,0.416495114805307,39015.18564370075,38853.36328368664
50.0,1000,4,900,0.4295962855412103,39020.27588916119,38853.36328368664
50.0,1000,4,1000,0.4989929390016737,39047.2388230369,38853.36328368664
50.0,1000,4,1100,0.5345560982424423,39061.05630649188,38853.36328368664
50.0,1000,4,1200,0.5324169098476829,39060.22515985354,38853.36328368664
50.0,1000,4,1300,0.5314798450235004,39059.86107865319,38853.36328368664
50.0,1000,4,1400,0.5250266947191404,39057.3538127222,38853.36328368664
50.0,1000,4,1500,0.4918967761696216,39044.48172511256,38853.36328368664
50.0,1000,4,1600,0.4888705862097898,39043.305948533816,38853.36328368664
50.0,1000,4,1700,0.4893184658655531,39043.47996484354,38853.36328368664
50.0,1000,4,1800,0.4668251639033955,39034.74056051769,38853.36328368664
50.0,1000,4,1900,0.4612083576660372,39032.55824238535,38853.36328368664
50.0,1000,4,2000,0.4449061023025166,39026.224267885525,38853.36328368664
50.0,1000,4,2100,0.4646906311833005,39033.91122276554,38853.36328368664
50.0,1000,4,2200,0.4611443823093925,39032.53338580762,38853.36328368664
50.0,1000,4,2300,0.4455073835672439,39026.45788587967,38853.36328368664
50.0,1000,4,2400,0.428315664648385,39019.77832487341,38853.36328368664
50.0,1000,4,2500,0.4335897376026086,39021.82747959816,38853.36328368664
50.0,1000,4,2600,0.42413482835265,39018.153929359134,38853.36328368664
50.0,1000,4,2700,0.4269757247068608,39019.25771314015,38853.36328368664
50.0,1000,4,2800,0.4439757033424882,39025.8627765976,38853.36328368664
50.0,1000,4,2900,0.4551987959454251,39030.22332553828,38853.36328368664
50.0,1000,4,3000,0.4582401285049907,39031.40498552632,38853.36328368664
50.0,1000,4,3100,0.4566572255916684,39030.78997450697,38853.36328368664
50.0,1000,4,3200,0.4555945741388129,39030.37709867756,38853.36328368664
50.0,1000,4,3300,0.4538433416057225,39029.69668593953,38853.36328368664
50.0,1000,4,3400,0.4556982536930565,39030.41738167142,38853.36328368664
50.0,1000,4,3500,0.4759051361913664,39038.26843513679,38853.36328368664
50.0,1000,4,3600,0.5000809970284948,39047.6615701748,38853.36328368664
50.0,1000,4,3700,0.5078776648981078,39050.690837866205,38853.36328368664
50.0,1000,4,3800,0.4952259568909408,39045.77522379259,38853.36328368664
50.0,1000,4,3900,0.4984393465545569,39047.02373375232,38853.36328368664
50.0,1000,4,4000,0.4987298164200403,39047.13659106438,38853.36328368664
50.0,1000,4,4100,0.4957157898249573,39045.965540361925,38853.36328368664
50.0,1000,4,4200,0.4856005700076157,39042.03543725935,38853.36328368664
50.0,1000,4,4300,0.4760927503328214,39038.34132954074,38853.36328368664
50.0,1000,4,4400,0.4727054222531437,39037.02523865634,38853.36328368664
50.0,1000,4,4500,0.4753408868292085,39038.04920528229,38853.36328368664
50.0,1000,4,4600,0.4735618373804215,39037.35798473696,38853.36328368664
50.0,1000,4,4700,0.4783023536895245,39039.19983476005,38853.36328368664
50.0,1000,4,4800,0.4773367320560949,39038.82465827887,38853.36328368664
50.0,1000,4,4900,0.4883044463283518,39043.08598414899,38853.36328368664
50.0,1000,4,5000,0.4828270531080721,39040.95783266264,38853.36328368664
50.0,1000,5,0,49.64075821873356,50618.01757729345,33826.35732392097
50.0,1000,5,100,5.557978704365818,35706.41906044719,33826.35732392097
50.0,1000,5,200,2.8022494838666723,34774.256247441444,33826.35732392097
50.0,1000,5,300,0.8311592231921777,34107.508212688685,33826.35732392097
50.0,1000,5,400,0.061092179340183,33847.022582801554,33826.35732392097
50.0,1000,5,500,0.1440321017321671,33875.07813731405,33826.35732392097
50.0,1000,5,600,0.1103909291368549,33863.698554064,33826.35732392097
50.0,1000,5,700,0.0884048097311525,33856.261450752165,33826.35732392097
50.0,1000,5,800,0.055407191686434,33845.099558563976,33826.35732392097
50.0,1000,5,900,0.0474985644406016,33842.42435805238,33826.35732392097
50.0,1000,5,1000,0.0476346569328319,33842.470393185096,33826.35732392097
50.0,1000,5,1100,0.0523380106780432,33844.06136642916,33826.35732392097
50.0,1000,5,1200,0.0711396927453601,33850.42129058816,33826.35732392097
50.0,1000,5,1300,0.1124934962001118,33864.409775911794,33826.35732392097
50.0,1000,5,1400,0.1223279618958784,33867.73641741894,33826.35732392097
50.0,1000,5,1500,0.1430880063372847,33874.7587842323,33826.35732392097
50.0,1000,5,1600,0.1551628076571468,33878.84324967291,33826.35732392097
50.0,1000,5,1700,0.1664636992395271,33882.66592964035,33826.35732392097
50.0,1000,5,1800,0.1529625262761309,33878.09897463083,33826.35732392097
50.0,1000,5,1900,0.1312366894527018,33870.74991543533,33826.35732392097
50.0,1000,5,2000,0.1184205909319156,33866.4146961547,33826.35732392097
50.0,1000,5,2100,0.1121443638532215,33864.2916771566,33826.35732392097
50.0,1000,5,2200,0.105860608056766,33862.16611146753,33826.35732392097
50.0,1000,5,2300,0.1015047903598046,33860.69269700898,33826.35732392097
50.0,1000,5,2400,0.1304303674890413,33870.47716608672,33826.35732392097
50.0,1000,5,2500,0.1445284697693466,33875.24604053995,33826.35732392097
50.0,1000,5,2600,0.1454867496433821,33875.5701917143,33826.35732392097
50.0,1000,5,2700,0.1420168468599517,33874.396449999986,33826.35732392097
50.0,1000,5,2800,0.1412247502108465,33874.12851255711,33826.35732392097
50.0,1000,5,2900,0.1438949259886085,33875.03173575687,33826.35732392097
50.0,1000,5,3000,0.1457806726349172,33875.669615155675,33826.35732392097
50.0,1000,5,3100,0.1843504602031058,33888.71636931757,33826.35732392097
50.0,1000,5,3200,0.197062269631687,33893.016311397216,33826.35732392097
50.0,1000,5,3300,0.1902489880148287,33890.71162641201,33826.35732392097
50.0,1000,5,3400,0.1920154631258514,33891.309160595105,33826.35732392097
50.0,1000,5,3500,0.2178314261846475,33900.041760505985,33826.35732392097
50.0,1000,5,3600,0.2229355974271048,33901.76831570888,33826.35732392097
50.0,1000,5,3700,0.2194152327019542,33900.57750455785,33826.35732392097
50.0,1000,5,3800,0.2392067525539622,33907.27225478282,33826.35732392097
50.0,1000,5,3900,0.2780888200876757,33920.424641881706,33826.35732392097
50.0,1000,5,4000,0.3066123923835148,33930.07312736804,33826.35732392097
50.0,1000,5,4100,0.3267610740802302,33936.88869243483,33826.35732392097
50.0,1000,5,4200,0.3373031568571946,33940.45469502435,33826.35732392097
50.0,1000,5,4300,0.3291058095645557,33937.68183103806,33826.35732392097
50.0,1000,5,4400,0.3350138545023828,33939.68030742959,33826.35732392097
50.0,1000,5,4500,0.3456785003719581,33943.28776864876,33826.35732392097
50.0,1000,5,4600,0.3376512286044579,33940.572435017326,33826.35732392097
50.0,1000,5,4700,0.3262184547940894,33936.705144096195,33826.35732392097
50.0,1000,5,4800,0.3236238472002409,33935.827482860346,33826.35732392097
50.0,1000,5,4900,0.3134104486913566,33932.372662185815,33826.35732392097
50.0,1000,5,5000,0.3157553178061393,33933.16584599136,33826.35732392097
50.0,1000,6,0,39.53160514378771,48363.44310904264,34661.281979236155
50.0,1000,6,100,7.092287690842812,37119.55981453784,34661.281979236155
50.0,1000,6,200,3.239428454594217,35784.10941039867,34661.281979236155
50.0,1000,6,300,0.8707513933161185,34963.09557501158,34661.281979236155
50.0,1000,6,400,0.137744786373985,34709.02608805294,34661.281979236155
50.0,1000,6,500,0.0291760816639074,34671.394783172174,34661.281979236155
50.0,1000,6,600,0.0600212185415743,34682.086103042224,34661.281979236155
50.0,1000,6,700,0.1261484197786826,34705.006638727995,34661.281979236155
50.0,1000,6,800,0.1306508967315829,34706.56725496069,34661.281979236155
50.0,1000,6,900,0.1827401865372561,34724.622070581216,34661.281979236155
50.0,1000,6,1000,0.2540822443283542,34749.35014240198,34661.281979236155
50.0,1000,6,1100,0.2674177854581437,34753.97241191643,34661.281979236155
50.0,1000,6,1200,0.2367758044548802,34743.351508476866,34661.281979236155
50.0,1000,6,1300,0.3006861643498281,34765.503658534,34661.281979236155
50.0,1000,6,1400,0.2755804055310622,34756.8016806768,34661.281979236155
50.0,1000,6,1500,0.2361415325492088,34743.131661703126,34661.281979236155
50.0,1000,6,1600,0.244699483892688,34746.097957349935,34661.281979236155
50.0,1000,6,1700,0.304615427247808,34766.86559142677,34661.281979236155
50.0,1000,6,1800,0.3324652606083875,34776.51870069863,34661.281979236155
50.0,1000,6,1900,0.3178625473262129,34771.45721307128,34661.281979236155
50.0,1000,6,2000,0.3133820158485206,34769.904203421625,34661.281979236155
50.0,1000,6,2100,0.3124769369404476,34769.590491469164,34661.281979236155
50.0,1000,6,2200,0.3070046224744298,34767.69371712131,34661.281979236155
50.0,1000,6,2300,0.302400874968911,34766.09799921681,34661.281979236155
50.0,1000,6,2400,0.2834752934806596,34759.538150050954,34661.281979236155
50.0,1000,6,2500,0.2708858819049718,34755.17449860518,34661.281979236155
50.0,1000,6,2600,0.2453916619044592,34746.33787512239,34661.281979236155
50.0,1000,6,2700,0.2527869300123522,34748.90116985439,34661.281979236155
50.0,1000,6,2800,0.2653108384406099,34753.24211706953,34661.281979236155
50.0,1000,6,2900,0.2605774793323266,34751.60147412192,34661.281979236155
50.0,1000,6,3000,0.263947768449836,34752.769659536454,34661.281979236155
50.0,1000,6,3100,0.2599896239604569,34751.397715913845,34661.281979236155
50.0,1000,6,3200,0.2641033621317039,34752.82359030127,34661.281979236155
50.0,1000,6,3300,0.2642282188574745,34752.86686724306,34661.281979236155
50.0,1000,6,3400,0.2409979932541881,34744.81497324229,34661.281979236155
50.0,1000,6,3500,0.2187292752635145,34737.09635010638,34661.281979236155
50.0,1000,6,3600,0.2108272218799266,34734.35739710095,34661.281979236155
50.0,1000,6,3700,0.210540449269184,34734.2579980377,34661.281979236155
50.0,1000,6,3800,0.1965909943288739,34729.42293812627,34661.281979236155
50.0,1000,6,3900,0.1852360901517276,34725.48718277096,34661.281979236155
50.0,1000,6,4000,0.2023073056996429,34731.404284929304,34661.281979236155
50.0,1000,6,4100,0.2177031219955683,34736.74067222864,34661.281979236155
50.0,1000,6,4200,0.2132153744666729,34735.18516140313,34661.281979236155
50.0,1000,6,4300,0.20795885199097,34733.36318332553,34661.281979236155
50.0,1000,6,4400,0.2190882496291774,34737.2207752235,34661.281979236155
50.0,1000,6,4500,0.2184005650879596,34736.98241494554,34661.281979236155
50.0,1000,6,4600,0.2204560762682796,34737.69488147186,34661.281979236155
50.0,1000,6,4700,0.2244898790383828,34739.093049224495,34661.281979236155
50.0,1000,6,4800,0.2274160511621331,34740.107297995506,34661.281979236155
50.0,1000,6,4900,0.2294146420263792,34740.800035210574,34661.281979236155
50.0,1000,6,5000,0.2276905386666574,34740.20243888345,34661.281979236155
50.0,1000,7,0,36.95864905290134,45250.06939458463,33039.220018230786
50.0,1000,7,100,8.143247305333556,35729.68541206859,33039.220018230786
50.0,1000,7,200,4.417990039097762,34498.889467631816,33039.220018230786
50.0,1000,7,300,1.0593956421608144,33389.23607530785,33039.220018230786
50.0,1000,7,400,0.1973496622283452,33104.422807339644,33039.220018230786
50.0,1000,7,500,0.3052499611737828,33140.07222450856,33039.220018230786
50.0,1000,7,600,0.3973438894303254,33170.49934008867,33039.220018230786
50.0,1000,7,700,0.4368311339519742,33183.54561768531,33039.220018230786
50.0,1000,7,800,0.3961302044048985,33170.09834802279,33039.220018230786
50.0,1000,7,900,0.3675891036842814,33160.66859096008,33039.220018230786
50.0,1000,7,1000,0.3747024867691816,33163.01879724824,33039.220018230786
50.0,1000,7,1100,0.4764913516816439,33196.649044280726,33039.220018230786
50.0,1000,7,1200,0.4766818324041842,33196.71197762574,33039.220018230786
50.0,1000,7,1300,0.5149119533910975,33209.34291141184,33039.220018230786
50.0,1000,7,1400,0.4592357841112122,33190.94793934574,33039.220018230786
50.0,1000,7,1500,0.4292856571322855,33181.05265099743,33039.220018230786
50.0,1000,7,1600,0.4194825744528321,33177.8137889424,33039.220018230786
50.0,1000,7,1700,0.397260570142844,33170.47181204596,33039.220018230786
50.0,1000,7,1800,0.3943601881285276,33169.51354845088,33039.220018230786
50.0,1000,7,1900,0.3572369018798874,33157.24830422919,33039.220018230786
50.0,1000,7,2000,0.3624706727571656,33158.97750130459,33039.220018230786
50.0,1000,7,2100,0.3206056213259777,33145.14561485149,33039.220018230786
50.0,1000,7,2200,0.3182695497346887,33144.37379501866,33039.220018230786
50.0,1000,7,2300,0.2851475561326836,33133.43054667807,33039.220018230786
50.0,1000,7,2400,0.2830001172527302,33132.72104962177,33039.220018230786
50.0,1000,7,2500,0.2735819081357756,33129.60934678984,33039.220018230786
50.0,1000,7,2600,0.2749743095404787,33130.06938535348,33039.220018230786
50.0,1000,7,2700,0.265772963197958,33127.02933229073,33039.220018230786
50.0,1000,7,2800,0.2516019297528726,33122.34733337195,33039.220018230786
50.0,1000,7,2900,0.2344993078406786,33116.696760489496,33039.220018230786
50.0,1000,7,3000,0.2495524523787729,33121.6702020331,33039.220018230786
50.0,1000,7,3100,0.2358013504580886,33117.12694521459,33039.220018230786
50.0,1000,7,3200,0.2305219048650745,33115.382657569375,33039.220018230786
50.0,1000,7,3300,0.2215585036630851,33112.42121972513,33039.220018230786
50.0,1000,7,3400,0.2031192595349575,33106.32903728794,33039.220018230786
50.0,1000,7,3500,0.1790543245602034,33098.37817047439,33039.220018230786
50.0,1000,7,3600,0.1741645091187346,33096.7626135922,33039.220018230786
50.0,1000,7,3700,0.1918393883591363,33102.60225583239,33039.220018230786
50.0,1000,7,3800,0.1885108126138173,33101.50252036842,33039.220018230786
50.0,1000,7,3900,0.1980262773477563,33104.64635569762,33039.220018230786
50.0,1000,7,4000,0.2006910198723473,33105.52676584324,33039.220018230786
50.0,1000,7,4100,0.2034561201901216,33106.44033342096,33039.220018230786
50.0,1000,7,4200,0.1926118305026672,33102.857464691704,33039.220018230786
50.0,1000,7,4300,0.1918509390788755,33102.6060721001,33039.220018230786
50.0,1000,7,4400,0.1989637511155681,33104.956089718384,33039.220018230786
50.0,1000,7,4500,0.2104788269453744,33108.76058095706,33039.220018230786
50.0,1000,7,4600,0.2127454262793703,33109.50944769795,33039.220018230786
50.0,1000,7,4700,0.2012119107646294,33105.6988641312,33039.220018230786
50.0,1000,7,4800,0.2076467869055598,33107.8248970173,33039.220018230786
50.0,1000,7,4900,0.2156122210723333,33110.45661433707,33039.220018230786
50.0,1000,7,5000,0.2189570550339481,33111.56172138889,33039.220018230786
50.0,1000,8,0,33.765153677468284,63504.0488000436,47474.28388798717
50.0,1000,8,100,4.507722095585059,49614.292672526746,47474.28388798717
50.0,1000,8,200,1.628788726603527,48247.53967199046,47474.28388798717
50.0,1000,8,300,0.4066256971072065,47667.32652579335,47474.28388798717
50.0,1000,8,400,0.0578447978785685,47501.74529154648,47474.28388798717
50.0,1000,8,500,0.0900900108432364,47517.05347548961,47474.28388798717
50.0,1000,8,600,0.0843466327110232,47514.32684785036,47474.28388798717
50.0,1000,8,700,0.1994560154710012,47568.97420300354,47474.28388798717
50.0,1000,8,800,0.2230561425437539,47580.17819432799,47474.28388798717
50.0,1000,8,900,0.2520051409639675,47593.92152402073,47474.28388798717
50.0,1000,8,1000,0.2212704735184709,47579.33046074562,47474.28388798717
50.0,1000,8,1100,0.2058280117432483,47571.99926260316,47474.28388798717
50.0,1000,8,1200,0.2407337903199521,47588.57053101798,47474.28388798717
50.0,1000,8,1300,0.2456246648039664,47590.89243865512,47474.28388798717
50.0,1000,8,1400,0.1877687036842461,47563.42573542702,47474.28388798717
50.0,1000,8,1500,0.1563084815590129,47548.4902202635,47474.28388798717
50.0,1000,8,1600,0.1343879479334729,47538.08360390035,47474.28388798717
50.0,1000,8,1700,0.1484543952481483,47544.76154903147,47474.28388798717
50.0,1000,8,1800,0.1459634009097095,47543.57896730761,47474.28388798717
50.0,1000,8,1900,0.1555645997456168,47548.137067699616,47474.28388798717
50.0,1000,8,2000,0.161819211469396,47551.106399825454,47474.28388798717
50.0,1000,8,2100,0.1723079450175046,47556.08585096634,47474.28388798717
50.0,1000,8,2200,0.1717055823273213,47555.799883592765,47474.28388798717
50.0,1000,8,2300,0.1931286056071844,47565.97031048204,47474.28388798717
50.0,1000,8,2400,0.1804101775098715,47559.93232782103,47474.28388798717
50.0,1000,8,2500,0.1749234302795873,47557.32753386471,47474.28388798717
50.0,1000,8,2600,0.1682991523110224,47554.18270533638,47474.28388798717
50.0,1000,8,2700,0.173682317785524,47556.73832459591,47474.28388798717
50.0,1000,8,2800,0.1726669450491241,47556.25628366051,47474.28388798717
50.0,1000,8,2900,0.1786382485737268,47559.09111724759,47474.28388798717
50.0,1000,8,3000,0.1786373920654221,47559.090710626406,47474.28388798717
50.0,1000,8,3100,0.1889352527828552,47563.97954625779,47474.28388798717
50.0,1000,8,3200,0.199398647616757,47568.94696802556,47474.28388798717
50.0,1000,8,3300,0.1900955441142781,47564.5303862584,47474.28388798717
50.0,1000,8,3400,0.1955835902796184,47567.135796874834,47474.28388798717
50.0,1000,8,3500,0.1975643818723892,47568.076163498816,47474.28388798717
50.0,1000,8,3600,0.2072066005184999,47572.65373775197,47474.28388798717
50.0,1000,8,3700,0.1952956946425303,47566.99912048278,47474.28388798717
50.0,1000,8,3800,0.1950793061068458,47566.89639157505,47474.28388798717
50.0,1000,8,3900,0.1916958186102935,47565.29010511562,47474.28388798717
50.0,1000,8,4000,0.1868384848984852,47562.98412071989,47474.28388798717
50.0,1000,8,4100,0.1835758676458699,47561.43521654321,47474.28388798717
50.0,1000,8,4200,0.1784696065015965,47559.01105563151,47474.28388798717
50.0,1000,8,4300,0.1818649485933668,47560.62296997513,47474.28388798717
50.0,1000,8,4400,0.1819408667637515,47560.65901158286,47474.28388798717
50.0,1000,8,4500,0.1689826988441943,47554.507214158046,47474.28388798717
50.0,1000,8,4600,0.1671025140857349,47553.6146099082,47474.28388798717
50.0,1000,8,4700,0.1647475772813427,47552.496620524296,47474.28388798717
50.0,1000,8,4800,0.1651177335595104,47552.67234956662,47474.28388798717
50.0,1000,8,4900,0.1607604984254416,47550.60378338941,47474.28388798717
50.0,1000,8,5000,0.1518896621559159,47546.392417395575,47474.28388798717
50.0,1000,9,0,41.146232453523744,66767.99057569557,47304.12524307424
50.0,1000,9,100,4.757247838538842,49554.499718740095,47304.12524307424
50.0,1000,9,200,1.8962218762910783,48201.11641432154,47304.12524307424
50.0,1000,9,300,0.4253027680704009,47505.31099714452,47304.12524307424
50.0,1000,9,400,0.0452208880445529,47325.51658859087,47304.12524307424
50.0,1000,9,500,0.0712125446605334,47337.81171438924,47304.12524307424
50.0,1000,9,600,0.0583194615242174,47331.71275419474,47304.12524307424
50.0,1000,9,700,0.0388490438093148,47322.502443413534,47304.12524307424
50.0,1000,9,800,0.0772551120162279,47340.67009801907,47304.12524307424
50.0,1000,9,900,0.0809262096121356,47342.40667862364,47304.12524307424
50.0,1000,9,1000,0.0971254059156019,47350.0695667314,47304.12524307424
50.0,1000,9,1100,0.0774662934649833,47340.76999555608,47304.12524307424
50.0,1000,9,1200,0.064244485206613,47334.51553481814,47304.12524307424
50.0,1000,9,1300,0.0518616747594905,47328.65795465562,47304.12524307424
50.0,1000,9,1400,0.0429048513319838,47324.42100768368,47304.12524307424
50.0,1000,9,1500,0.0351533154692946,47320.75421145093,47304.12524307424
50.0,1000,9,1600,0.0195880157608132,47313.39118258237,47304.12524307424
50.0,1000,9,1700,0.0169481049909215,47312.14239588547,47304.12524307424
50.0,1000,9,1800,0.0154677482437472,47311.442126075744,47304.12524307424
50.0,1000,9,1900,0.026408409525845,47316.61751019105,47304.12524307424
50.0,1000,9,2000,0.0163128759878344,47311.84190636227,47304.12524307424
50.0,1000,9,2100,0.0253880096785606,47316.13481896931,47304.12524307424
50.0,1000,9,2200,0.0640341293937468,47334.41602784097,47304.12524307424
50.0,1000,9,2300,0.058647412378778,47331.86788847772,47304.12524307424
50.0,1000,9,2400,0.085150783691213,47344.40507643699,47304.12524307424
50.0,1000,9,2500,0.1118608403007582,47357.04003506807,47304.12524307424
50.0,1000,9,2600,0.1257909043294849,47363.629530002654,47304.12524307424
50.0,1000,9,2700,0.1372489622483827,47369.04966407103,47304.12524307424
50.0,1000,9,2800,0.1416680474924835,47371.1400736895,47304.12524307424
50.0,1000,9,2900,0.1452218554178478,47372.82117144141,47304.12524307424
50.0,1000,9,3000,0.1453269135277956,47372.87086826132,47304.12524307424
50.0,1000,9,3100,0.1508912089990755,47375.50300955995,47304.12524307424
50.0,1000,9,3200,0.164610508537104,47381.99280419589,47304.12524307424
50.0,1000,9,3300,0.1716834473585271,47385.33859603434,47304.12524307424
50.0,1000,9,3400,0.1860010985893884,47392.11143570446,47304.12524307424
50.0,1000,9,3500,0.2066115740967535,47401.86104085165,47304.12524307424
50.0,1000,9,3600,0.2102715221987301,47403.592347285645,47304.12524307424
50.0,1000,9,3700,0.1947872432710119,47396.26764458869,47304.12524307424
50.0,1000,9,3800,0.1848887015125233,47391.58522599802,47304.12524307424
50.0,1000,9,3900,0.1841703242222734,47391.24540390492,47304.12524307424
50.0,1000,9,4000,0.2090112140500944,47402.996169540565,47304.12524307424
50.0,1000,9,4100,0.2069698716837922,47402.03053039097,47304.12524307424
50.0,1000,9,4200,0.1970358511703122,47397.3313288856,47304.12524307424
50.0,1000,9,4300,0.1924022594312941,47395.13944884612,47304.12524307424
50.0,1000,9,4400,0.2053119750458254,47401.24627688895,47304.12524307424
50.0,1000,9,4500,0.198063082814237,47397.81725182898,47304.12524307424
50.0,1000,9,4600,0.1966386400683868,47397.14343164847,47304.12524307424
50.0,1000,9,4700,0.1848601533492148,47391.57172153909,47304.12524307424
50.0,1000,9,4800,0.1754042773627575,47387.09870211963,47304.12524307424
50.0,1000,9,4900,0.1645027010277531,47381.94180679665,47304.12524307424
50.0,1000,9,5000,0.1614676711626965,47380.50611246812,47304.12524307424
50.0,1000,10,0,37.52623663462878,41388.716765444144,30095.14240937395
50.0,1000,10,100,6.11681467542915,31936.00649686184,30095.14240937395
50.0,1000,10,200,3.5039520706941243,31149.66177500556,30095.14240937395
50.0,1000,10,300,1.223398947571574,30463.3260648804,30095.14240937395
50.0,1000,10,400,0.5764901641909567,30268.637945263254,30095.14240937395
50.0,1000,10,500,0.4859786499500255,30241.398376155565,30095.14240937395
50.0,1000,10,600,0.4902363373058684,30242.67973322865,30095.14240937395
50.0,1000,10,700,0.4861875862611552,30241.461255835944,30095.14240937395
50.0,1000,10,800,0.4823903657253346,30240.31847690809,30095.14240937395
50.0,1000,10,900,0.4852329341857578,30241.17395193434,30095.14240937395
50.0,1000,10,1000,0.545020558861107,30259.167122723567,30095.14240937395
50.0,1000,10,1100,0.5543930294381455,30261.987781091004,30095.14240937395
50.0,1000,10,1200,0.5522980594355515,30261.35729688529,30095.14240937395
50.0,1000,10,1300,0.5825873541682334,30270.472903269885,30095.14240937395
50.0,1000,10,1400,0.612317490881978,30279.420230252388,30095.14240937395
50.0,1000,10,1500,0.6199872489390706,30281.728454862125,30095.14240937395
50.0,1000,10,1600,0.6073829181561968,30277.93516356327,30095.14240937395
50.0,1000,10,1700,0.6590445744152116,30293.482812585466,30095.14240937395
50.0,1000,10,1800,0.6363852988315853,30286.66347132964,30095.14240937395
50.0,1000,10,1900,0.6168355182983188,30280.77993703743,30095.14240937395
50.0,1000,10,2000,0.5929838857605686,30273.60175425824,30095.14240937395
50.0,1000,10,2100,0.5958170533567773,30274.45440008101,30095.14240937395
50.0,1000,10,2200,0.6217966117186196,30282.27298516733,30095.14240937395
50.0,1000,10,2300,0.6232344221624929,30282.705696268,30095.14240937395
50.0,1000,10,2400,0.6057957144712376,30277.457492353955,30095.14240937395
50.0,1000,10,2500,0.5998325584637187,30275.6628720614,30095.14240937395
50.0,1000,10,2600,0.6075608361934562,30277.988708249955,30095.14240937395
50.0,1000,10,2700,0.5958269773358736,30274.45738671665,30095.14240937395
50.0,1000,10,2800,0.6053914769241301,30277.33583648848,30095.14240937395
50.0,1000,10,2900,0.5947615932406773,30274.136757855995,30095.14240937395
50.0,1000,10,3000,0.6069269000364922,30277.797924260733,30095.14240937395
50.0,1000,10,3100,0.6090264198215962,30278.429777729973,30095.14240937395
50.0,1000,10,3200,0.6271368509940758,30283.88013778228,30095.14240937395
50.0,1000,10,3300,0.6096464749879388,30278.6163842153,30095.14240937395
50.0,1000,10,3400,0.6003253085118163,30275.811165890096,30095.14240937395
50.0,1000,10,3500,0.5874154553633846,30271.925927200235,30095.14240937395
50.0,1000,10,3600,0.5919138706042727,30273.279731673145,30095.14240937395
50.0,1000,10,3700,0.6038162785876385,30276.861778305883,30095.14240937395
50.0,1000,10,3800,0.6088080709115259,30278.364065314538,30095.14240937395
50.0,1000,10,3900,0.6139163979827613,30279.90142362136,30095.14240937395
50.0,1000,10,4000,0.6275690189222599,30284.01019933572,30095.14240937395
50.0,1000,10,4100,0.6250671469312532,30283.257257397123,30095.14240937395
50.0,1000,10,4200,0.6284213623492214,30284.26671330388,30095.14240937395
50.0,1000,10,4300,0.6107461627195754,30278.947336804194,30095.14240937395
50.0,1000,10,4400,0.5965950336532372,30274.688534359146,30095.14240937395
50.0,1000,10,4500,0.591573834596055,30273.17739735223,30095.14240937395
50.0,1000,10,4600,0.5989273628846282,30275.39045216279,30095.14240937395
50.0,1000,10,4700,0.606841172805703,30277.772124528543,30095.14240937395
50.0,1000,10,4800,0.5991905654944314,30275.46966336304,30095.14240937395
50.0,1000,10,4900,0.605103198005156,30277.24907853728,30095.14240937395
50.0,1000,10,5000,0.6198346470290125,30281.682529099973,30095.14240937395
50.0,1000,11,0,52.56764091987143,43634.00463340689,28599.77670908832
50.0,1000,11,100,6.344566340279425,30414.308515568213,28599.77670908832
50.0,1000,11,200,3.261809862361821,29532.647046398823,28599.77670908832
50.0,1000,11,300,0.9299255334205816,28865.73333520741,28599.77670908832
50.0,1000,11,400,0.2189432397436624,28662.39398677465,28599.77670908832
50.0,1000,11,500,0.0612105126557979,28617.282779030367,28599.77670908832
50.0,1000,11,600,0.1899105746699841,28654.090709390883,28599.77670908832
50.0,1000,11,700,0.278049564427183,28679.298263655088,28599.77670908832
50.0,1000,11,800,0.3987057772825939,28713.805671117378,28599.77670908832
50.0,1000,11,900,0.4334968161327357,28723.75583054329,28599.77670908832
50.0,1000,11,1000,0.394034800708101,28712.46978224694,28599.77670908832
50.0,1000,11,1100,0.3786776581820485,28708.07767377559,28599.77670908832
50.0,1000,11,1200,0.3007615770987626,28685.7938485653,28599.77670908832
50.0,1000,11,1300,0.2837423332668087,28680.926382831785,28599.77670908832
50.0,1000,11,1400,0.2547398138758284,28672.631727045955,28599.77670908832
50.0,1000,11,1500,0.2356748927186691,28667.179202165244,28599.77670908832
50.0,1000,11,1600,0.2157405049884574,28661.47801178608,28599.77670908832
50.0,1000,11,1700,0.1778805062099575,28650.650136673365,28599.77670908832
50.0,1000,11,1800,0.188332206401426,28653.639299590428,28599.77670908832
50.0,1000,11,1900,0.208059136886081,28659.2811576606,28599.77670908832
50.0,1000,11,2000,0.2053728392733512,28658.51288254161,28599.77670908832
50.0,1000,11,2100,0.1879448057577986,28653.52850387138,28599.77670908832
50.0,1000,11,2200,0.1793865501750132,28651.08086188451,28599.77670908832
50.0,1000,11,2300,0.1763342050316397,28650.20789798912,28599.77670908832
50.0,1000,11,2400,0.1772694726694117,28650.47538244515,28599.77670908832
50.0,1000,11,2500,0.1548568550650885,28644.065423855653,28599.77670908832
50.0,1000,11,2600,0.1514782294435757,28643.099144472064,28599.77670908832
50.0,1000,11,2700,0.1506964274284556,28642.875550841432,28599.77670908832
50.0,1000,11,2800,0.1501035398781632,28642.70598632592,28599.77670908832
50.0,1000,11,2900,0.1470217072206525,28641.82458906732,28599.77670908832
50.0,1000,11,3000,0.1534042785792495,28643.64999022417,28599.77670908832
50.0,1000,11,3100,0.1523896459293138,28643.359807551875,28599.77670908832
50.0,1000,11,3200,0.1514328983426676,28643.086179878424,28599.77670908832
50.0,1000,11,3300,0.1580327868027562,28644.97373324106,28599.77670908832
50.0,1000,11,3400,0.1533637360102548,28643.63839513997,28599.77670908832
50.0,1000,11,3500,0.1574573386313428,28644.80915634896,28599.77670908832
50.0,1000,11,3600,0.1496663909120327,28642.58096269772,28599.77670908832
50.0,1000,11,3700,0.1432614154715462,28640.749154023462,28599.77670908832
50.0,1000,11,3800,0.1439419311003787,28640.94377997378,28599.77670908832
50.0,1000,11,3900,0.1426826449838857,28640.583626956333,28599.77670908832
50.0,1000,11,4000,0.1462304154605313,28641.598281390805,28599.77670908832
50.0,1000,11,4100,0.1537868271061152,28643.75939824866,28599.77670908832
50.0,1000,11,4200,0.1557375490078205,28644.317300356764,28599.77670908832
50.0,1000,11,4300,0.1489628157360056,28642.37974176839,28599.77670908832
50.0,1000,11,4400,0.1503474490270169,28642.77574379785,28599.77670908832
50.0,1000,11,4500,0.1499634117513043,28642.665909994525,28599.77670908832
50.0,1000,11,4600,0.141758772113238,28640.31940137825,28599.77670908832
50.0,1000,11,4700,0.135528651577811,28638.537600816413,28599.77670908832
50.0,1000,11,4800,0.1355905821708061,28638.555312827724,28599.77670908832
50.0,1000,11,4900,0.1361021099421091,28638.70160862812,28599.77670908832
50.0,1000,11,5000,0.141535352149505,28640.2555037675,28599.77670908832
50.0,1000,12,0,49.02951196260079,64422.76248673051,43228.19127455608
50.0,1000,12,100,5.682642135735901,45684.69468644052,43228.19127455608
50.0,1000,12,200,2.563624630164836,44336.39983324537,43228.19127455608
50.0,1000,12,300,0.6267261144052311,43499.11363805877,43228.19127455608
50.0,1000,12,400,0.0698128680617067,43258.37011469605,43228.19127455608
50.0,1000,12,500,0.1874278945601598,43309.21296331842,43228.19127455608
50.0,1000,12,600,0.120420933575899,43280.24706605688,43228.19127455608
50.0,1000,12,700,0.187157417753474,43309.09604108708,43228.19127455608
50.0,1000,12,800,0.1728599886880628,43302.915521103336,43228.19127455608
50.0,1000,12,900,0.1683997536311205,43300.987442161626,43228.19127455608
50.0,1000,12,1000,0.1229437638344821,43281.33763994659,43228.19127455608
50.0,1000,12,1100,0.1405981676231362,43288.969319384734,43228.19127455608
50.0,1000,12,1200,0.1518705100108826,43293.84214911323,43228.19127455608
50.0,1000,12,1300,0.1511754500682578,43293.54168727176,43228.19127455608
50.0,1000,12,1400,0.184040186552981,43307.74851842126,43228.19127455608
50.0,1000,12,1500,0.1370371380839097,43287.429950724174,43228.19127455608
50.0,1000,12,1600,0.1037423813293656,43273.03722958992,43228.19127455608
50.0,1000,12,1700,0.0700356625697579,43258.46642473214,43228.19127455608
50.0,1000,12,1800,0.0861752819800836,43265.44329028182,43228.19127455608
50.0,1000,12,1900,0.1238128849752759,43281.71334529574,43228.19127455608
50.0,1000,12,2000,0.133306820931348,43285.81740209032,43228.19127455608
50.0,1000,12,2100,0.1523406777696481,43294.0453941313,43228.19127455608
50.0,1000,12,2200,0.2015174871127953,43315.30363933688,43228.19127455608
50.0,1000,12,2300,0.2103433661695026,43319.11890721718,43228.19127455608
50.0,1000,12,2400,0.2100189608920311,43318.978672683326,43228.19127455608
50.0,1000,12,2500,0.2065856471233317,43317.49451324034,43228.19127455608
50.0,1000,12,2600,0.2184266752988367,43322.61317554892,43228.19127455608
50.0,1000,12,2700,0.2201716151012818,43323.367481464345,43228.19127455608
50.0,1000,12,2800,0.2475102751831907,43335.18548973645,43228.19127455608
50.0,1000,12,2900,0.2381862851638393,43331.15489749647,43228.19127455608
50.0,1000,12,3000,0.2312378010173248,43328.15119347893,43228.19127455608
50.0,1000,12,3100,0.2250609543758387,43325.48105439801,43228.19127455608
50.0,1000,12,3200,0.2291982303187542,43327.26952395617,43228.19127455608
50.0,1000,12,3300,0.2336814878451753,43329.20755509503,43228.19127455608
50.0,1000,12,3400,0.2390783728995391,43331.54053088919,43228.19127455608
50.0,1000,12,3500,0.2296669009051384,43327.4721217737,43228.19127455608
50.0,1000,12,3600,0.2403235079533029,43332.07878025186,43228.19127455608
50.0,1000,12,3700,0.2280176612575873,43326.75918530428,43228.19127455608
50.0,1000,12,3800,0.2183209076284435,43322.56745409805,43228.19127455608
50.0,1000,12,3900,0.2814711254898244,43349.86615106547,43228.19127455608
50.0,1000,12,4000,0.2721832728086665,43345.85118034316,43228.19127455608
50.0,1000,12,4100,0.269138745261866,43344.53508615182,43228.19127455608
50.0,1000,12,4200,0.2851828103540226,43351.47064529808,43228.19127455608
50.0,1000,12,4300,0.3090052031382333,43361.76863481701,43228.19127455608
50.0,1000,12,4400,0.3013190237121335,43358.44603847299,43228.19127455608
50.0,1000,12,4500,0.2966733930287686,43356.43781635528,43228.19127455608
50.0,1000,12,4600,0.299686871914754,43357.74048877213,43228.19127455608
50.0,1000,12,4700,0.309509314876235,43361.98655320335,43228.19127455608
50.0,1000,12,4800,0.299083483454928,43357.479654854586,43228.19127455608
50.0,1000,12,4900,0.292318071801229,43354.55508976441,43228.19127455608
50.0,1000,12,5000,0.2759867851990501,43347.49536995443,43228.19127455608
50.0,1000,13,0,45.623027358157785,51614.804471561874,35444.12268302594
50.0,1000,13,100,5.557943742695515,37414.0870818405,35444.12268302594
50.0,1000,13,200,2.8065911700046366,36438.89430053336,35444.12268302594
50.0,1000,13,300,0.6594622955673403,35677.86330811513,35444.12268302594
50.0,1000,13,400,0.1017670539381532,35480.19312247468,35444.12268302594
50.0,1000,13,500,0.0217675802009143,35451.83801085748,35444.12268302594
50.0,1000,13,600,0.0345143204176328,35456.35598109798,35444.12268302594
50.0,1000,13,700,0.0379874671618122,35457.58700749095,35444.12268302594
50.0,1000,13,800,0.0393638790055506,35458.074864593465,35444.12268302594
50.0,1000,13,900,0.0425746067499604,35459.21287887421,35444.12268302594
50.0,1000,13,1000,0.0174099496563737,35450.2934869412,35444.12268302594
50.0,1000,13,1100,0.0179762396431499,35450.49420345885,35444.12268302594
50.0,1000,13,1200,0.0470184330776342,35460.78795412961,35444.12268302594
50.0,1000,13,1300,0.070540193978392,35469.125035920486,35444.12268302594
50.0,1000,13,1400,0.0985802118934557,35479.06357427064,35444.12268302594
50.0,1000,13,1500,0.1605042368694995,35501.01200165342,35444.12268302594
50.0,1000,13,1600,0.151400900464269,35497.7854039297,35444.12268302594
50.0,1000,13,1700,0.1513112317715338,35497.75362164824,35444.12268302594
50.0,1000,13,1800,0.131248013766223,35490.642390044275,35444.12268302594
50.0,1000,13,1900,0.1355079722549166,35492.15229495725,35444.12268302594
50.0,1000,13,2000,0.1613160789255868,35501.29975194777,35444.12268302594
50.0,1000,13,2100,0.1793153840434144,35507.67944773583,35444.12268302594
50.0,1000,13,2200,0.1917017034044651,35512.06966996607,35444.12268302594
50.0,1000,13,2300,0.1867638305332145,35510.31948424765,35444.12268302594
50.0,1000,13,2400,0.1730644141650705,35505.46384630327,35444.12268302594
50.0,1000,13,2500,0.1642438928719994,35502.33748991487,35444.12268302594
50.0,1000,13,2600,0.1611152690877355,35501.228576662485,35444.12268302594
50.0,1000,13,2700,0.1589900500658932,35500.4753114251,35444.12268302594
50.0,1000,13,2800,0.1479452619661029,35496.56058318093,35444.12268302594
50.0,1000,13,2900,0.1768979958857979,35506.82262571152,35444.12268302594
50.0,1000,13,3000,0.1799409176487127,35507.90116263431,35444.12268302594
50.0,1000,13,3100,0.191340451447307,35511.94162737918,35444.12268302594
50.0,1000,13,3200,0.198455814669952,35514.46360544916,35444.12268302594
50.0,1000,13,3300,0.2090350715933898,35518.21333025205,35444.12268302594
50.0,1000,13,3400,0.2230217287596879,35523.17077817733,35444.12268302594
50.0,1000,13,3500,0.2098180229857005,35518.49084050409,35444.12268302594
50.0,1000,13,3600,0.204654507742026,35516.66067782637,35444.12268302594
50.0,1000,13,3700,0.1994199854700908,35514.80534733043,35444.12268302594
50.0,1000,13,3800,0.1838576262195972,35509.28940562531,35444.12268302594
50.0,1000,13,3900,0.1808254014964936,35508.21466017443,35444.12268302594
50.0,1000,13,4000,0.1780618921852183,35507.23515854379,35444.12268302594
50.0,1000,13,4100,0.1679306471361267,35503.64422761927,35444.12268302594
50.0,1000,13,4200,0.1666726356112309,35503.19833647102,35444.12268302594
50.0,1000,13,4300,0.1610478217126061,35501.2046705321,35444.12268302594
50.0,1000,13,4400,0.1634469860991731,35502.05503330064,35444.12268302594
50.0,1000,13,4500,0.1634183935357921,35502.0448989174,35444.12268302594
50.0,1000,13,4600,0.1598069693051758,35500.76486128249,35444.12268302594
50.0,1000,13,4700,0.1799968623247584,35507.920991733925,35444.12268302594
50.0,1000,13,4800,0.2068751956360089,35517.44778116792,35444.12268302594
50.0,1000,13,4900,0.2027860691806298,35515.99842617041,35444.12268302594
50.0,1000,13,5000,0.2079491913717998,35517.82844953412,35444.12268302594
50.0,1000,14,0,40.09767258821176,50354.34055225719,35942.31054805842
50.0,1000,14,100,5.029657939483532,37750.08582417267,35942.31054805842
50.0,1000,14,200,2.6860405881161458,36907.73559768602,35942.31054805842
50.0,1000,14,300,0.7416464251620805,36208.87540935875,35942.31054805842
50.0,1000,14,400,0.0928671744957259,35975.68915631288,35942.31054805842
50.0,1000,14,500,0.010582579601878,35946.11417168292,35942.31054805842
50.0,1000,14,600,0.1066271484571507,35980.63480888543,35942.31054805842
50.0,1000,14,700,0.0633118475757518,35965.06628892781,35942.31054805842
50.0,1000,14,800,0.143317483626386,35993.82216309308,35942.31054805842
50.0,1000,14,900,0.1434379874015587,35993.86547493417,35942.31054805842
50.0,1000,14,1000,0.1808480966675002,36007.311532582906,35942.31054805842
50.0,1000,14,1100,0.1803625705246878,36007.137023268864,35942.31054805842
50.0,1000,14,1200,0.1869058860053919,36009.48884203908,35942.31054805842
50.0,1000,14,1300,0.1471925848413096,35995.2149640058,35942.31054805842
50.0,1000,14,1400,0.1489187594828693,35995.83539105607,35942.31054805842
50.0,1000,14,1500,0.1510417522779736,35996.5984437194,35942.31054805842
50.0,1000,14,1600,0.1603324275249804,35999.93772706869,35942.31054805842
50.0,1000,14,1700,0.1425670829440684,35993.552451749485,35942.31054805842
50.0,1000,14,1800,0.1322199343513069,35989.833447469406,35942.31054805842
50.0,1000,14,1900,0.1692241307398872,36003.1336106512,35942.31054805842
50.0,1000,14,2000,0.1654097954025188,36001.7626503989,35942.31054805842
50.0,1000,14,2100,0.1610892683892778,36000.20975316249,35942.31054805842
50.0,1000,14,2200,0.1675898335349204,36002.546206474515,35942.31054805842
50.0,1000,14,2300,0.1922022101807969,36011.392463321834,35942.31054805842
50.0,1000,14,2400,0.2193975243007336,36021.16708757734,35942.31054805842
50.0,1000,14,2500,0.2040055138230811,36015.634843371874,35942.31054805842
50.0,1000,14,2600,0.2050828779489369,36016.02207293172,35942.31054805842
50.0,1000,14,2700,0.2165556781557311,36020.14566241061,35942.31054805842
50.0,1000,14,2800,0.2122769668796808,36018.607794716314,35942.31054805842
50.0,1000,14,2900,0.2126976036218346,36018.75898128046,35942.31054805842
50.0,1000,14,3000,0.2304264731146533,36025.13114661023,35942.31054805842
50.0,1000,14,3100,0.2383944584900848,36027.99502465829,35942.31054805842
50.0,1000,14,3200,0.2467097956305853,36030.983748956445,35942.31054805842
50.0,1000,14,3300,0.2394950624080539,36028.39060713639,35942.31054805842
50.0,1000,14,3400,0.2551575938559825,36034.02008282909,35942.31054805842
50.0,1000,14,3500,0.2744887811090122,36040.9681581842,35942.31054805842
50.0,1000,14,3600,0.293244686033859,36047.70946377839,35942.31054805842
50.0,1000,14,3700,0.2862169290305152,36045.18352553168,35942.31054805842
50.0,1000,14,3800,0.2796648004908764,36042.82853914446,35942.31054805842
50.0,1000,14,3900,0.2835465737668327,36044.22373815008,35942.31054805842
50.0,1000,14,4000,0.2794548204142384,36042.753067453225,35942.31054805842
50.0,1000,14,4100,0.2669717216848153,36038.266353341874,35942.31054805842
50.0,1000,14,4200,0.2721171383302007,36040.11573497155,35942.31054805842
50.0,1000,14,4300,0.2773670200687471,36042.00266376943,35942.31054805842
50.0,1000,14,4400,0.2811421773674764,36043.35954252941,35942.31054805842
50.0,1000,14,4500,0.2783260835515542,36042.34737334477,35942.31054805842
50.0,1000,14,4600,0.2865424834473579,36045.30053731119,35942.31054805842
50.0,1000,14,4700,0.2854788069049503,36044.91822738509,35942.31054805842
50.0,1000,14,4800,0.2836080454961199,36044.24583250992,35942.31054805842
50.0,1000,14,4900,0.2911213254225378,36046.94627891341,35942.31054805842
50.0,1000,14,5000,0.2874085295330152,36045.611814284784,35942.31054805842
50.0,1000,15,0,46.40364654936029,49386.62299890918,33733.19187255242
50.0,1000,15,100,5.180486748658678,35480.73540740961,33733.19187255242
50.0,1000,15,200,2.715685662936102,34649.279327886055,33733.19187255242
50.0,1000,15,300,0.7044751751231283,33970.83383507121,33733.19187255242
50.0,1000,15,400,0.0456177686312888,33748.58020197279,33733.19187255242
50.0,1000,15,500,0.1854966761666398,33795.76582224092,33733.19187255242
50.0,1000,15,600,0.1519417198055688,33784.44666442889,33733.19187255242
50.0,1000,15,700,0.1260731432426951,33775.72036786224,33733.19187255242
50.0,1000,15,800,0.0677487875568669,33756.04570105031,33733.19187255242
50.0,1000,15,900,0.0787976625490866,33759.77283925119,33733.19187255242
50.0,1000,15,1000,0.1185259025216824,33773.17444266874,33733.19187255242
50.0,1000,15,1100,0.1695049593909343,33790.37130573726,33733.19187255242
50.0,1000,15,1200,0.1346289358173672,33778.60650978767,33733.19187255242
50.0,1000,15,1300,0.1491328727951718,33783.49915067747,33733.19187255242
50.0,1000,15,1400,0.1484500195807614,33783.26880249244,33733.19187255242
50.0,1000,15,1500,0.1376379170435933,33779.62153519812,33733.19187255242
50.0,1000,15,1600,0.1339374877903465,33778.37326229802,33733.19187255242
50.0,1000,15,1700,0.1175328426434599,33772.839451874606,33733.19187255242
50.0,1000,15,1800,0.1259061584203636,33775.664038551724,33733.19187255242
50.0,1000,15,1900,0.1244343690456132,33775.16755701798,33733.19187255242
50.0,1000,15,2000,0.1223487701897524,33774.46401795424,33733.19187255242
50.0,1000,15,2100,0.1354706628889788,33778.89045119578,33733.19187255242
50.0,1000,15,2200,0.1234390755421652,33774.83181275077,33733.19187255242
50.0,1000,15,2300,0.1278985599264722,33776.33613917465,33733.19187255242
50.0,1000,15,2400,0.1361395470199259,33779.11608716308,33733.19187255242
50.0,1000,15,2500,0.1437133288613102,33781.67096552364,33733.19187255242
50.0,1000,15,2600,0.1407974784518421,33780.6873561103,33733.19187255242
50.0,1000,15,2700,0.1318019796772832,33777.65288724878,33733.19187255242
50.0,1000,15,2800,0.1381829049514645,33779.80537701477,33733.19187255242
50.0,1000,15,2900,0.1447168881255508,33782.0094980958,33733.19187255242
50.0,1000,15,3000,0.1413390384876029,33780.87004159627,33733.19187255242
50.0,1000,15,3100,0.1451980794681406,33782.17181929467,33733.19187255242
50.0,1000,15,3200,0.1373978600710481,33779.54055631897,33733.19187255242
50.0,1000,15,3300,0.1388469576839036,33780.029383197136,33733.19187255242
50.0,1000,15,3400,0.1410372712762529,33780.76824588385,33733.19187255242
50.0,1000,15,3500,0.1415911725938633,33780.95509447811,33733.19187255242
50.0,1000,15,3600,0.1379376224018638,33779.72263538168,33733.19187255242
50.0,1000,15,3700,0.1444158849749168,33781.907960125456,33733.19187255242
50.0,1000,15,3800,0.1370916823216202,33779.437272791285,33733.19187255242
50.0,1000,15,3900,0.1471110841888496,33782.81713684764,33733.19187255242
50.0,1000,15,4000,0.146962733994504,33782.76709359194,33733.19187255242
50.0,1000,15,4100,0.1410252483991785,33780.76419018366,33733.19187255242
50.0,1000,15,4200,0.1435250975133996,33781.607469081886,33733.19187255242
50.0,1000,15,4300,0.146179826003577,33782.50299373717,33733.19187255242
50.0,1000,15,4400,0.1379195518011223,33779.71653959126,33733.19187255242
50.0,1000,15,4500,0.1380196781762308,33779.75031541349,33733.19187255242
50.0,1000,15,4600,0.1345761316016709,33778.58869724027,33733.19187255242
50.0,1000,15,4700,0.1569644876341947,33786.141004337835,33733.19187255242
50.0,1000,15,4800,0.1594688199942352,33786.98579557797,33733.19187255242
50.0,1000,15,4900,0.1571166727089511,33786.1923412211,33733.19187255242
50.0,1000,15,5000,0.1526657655452741,33784.69090816751,33733.19187255242
50.0,1000,16,0,35.29012764737126,48600.28586547138,35923.009838638216
50.0,1000,16,100,4.339545979137133,37481.90536767588,35923.009838638216
50.0,1000,16,200,2.8178587212691,36935.26950431864,35923.009838638216
50.0,1000,16,300,0.6936477899507069,36172.189002467705,35923.009838638216
50.0,1000,16,400,0.0776811427091194,35950.91524317638,35923.009838638216
50.0,1000,16,500,0.0259471668963545,35932.33084195524,35923.009838638216
50.0,1000,16,600,0.0064566378334869,35925.329257282385,35923.009838638216
50.0,1000,16,700,0.0061580628798055,35925.2220001724,35923.009838638216
50.0,1000,16,800,0.0230791433626276,35931.300561579046,35923.009838638216
50.0,1000,16,900,0.0037156837146859,35924.344624064615,35923.009838638216
50.0,1000,16,1000,0.0278467069813636,35933.01321392687,35923.009838638216
50.0,1000,16,1100,0.0651939865766928,35946.42948085036,35923.009838638216
50.0,1000,16,1200,0.1193723112511011,35965.89196575356,35923.009838638216
50.0,1000,16,1300,0.198325241751334,35994.25423474505,35923.009838638216
50.0,1000,16,1400,0.1905610187155229,35991.46509214,35923.009838638216
50.0,1000,16,1500,0.1880058309973353,35990.5471918046,35923.009838638216
50.0,1000,16,1600,0.1851534565831258,35989.52253306315,35923.009838638216
50.0,1000,16,1700,0.2220531354379164,36002.77800832858,35923.009838638216
50.0,1000,16,1800,0.2580692425936309,36015.716078045625,35923.009838638216
50.0,1000,16,1900,0.2383159253814145,36008.62009196002,35923.009838638216
50.0,1000,16,2000,0.220030417548824,36002.05138718228,35923.009838638216
50.0,1000,16,2100,0.2118587863809299,35999.11589131386,35923.009838638216
50.0,1000,16,2200,0.2019459512999442,35995.55490259243,35923.009838638216
50.0,1000,16,2300,0.1916165270420484,35991.84426249999,35923.009838638216
50.0,1000,16,2400,0.1854802431244084,35989.63992462453,35923.009838638216
50.0,1000,16,2500,0.1733724270333047,35985.29043265888,35923.009838638216
50.0,1000,16,2600,0.1650200944245425,35982.290023394075,35923.009838638216
50.0,1000,16,2700,0.152289577217669,35977.71683844534,35923.009838638216
50.0,1000,16,2800,0.1468888950021808,35975.77675084172,35923.009838638216
50.0,1000,16,2900,0.1425265859573089,35974.209678134335,35923.009838638216
50.0,1000,16,3000,0.1331614986421903,35970.84545689673,35923.009838638216
50.0,1000,16,3100,0.131441387824785,35970.22754131856,35923.009838638216
50.0,1000,16,3200,0.1388029234183663,35972.87202647411,35923.009838638216
50.0,1000,16,3300,0.1305570780552053,35969.909870633026,35923.009838638216
50.0,1000,16,3400,0.1135071459930134,35963.785021860844,35923.009838638216
50.0,1000,16,3500,0.1115804214027082,35963.092884396705,35923.009838638216
50.0,1000,16,3600,0.1324885846286918,35970.60372592945,35923.009838638216
50.0,1000,16,3700,0.1268044612136624,35968.56181771583,35923.009838638216
50.0,1000,16,3800,0.1203268920170142,35966.234879896016,35923.009838638216
50.0,1000,16,3900,0.1245707801751621,35967.75941225661,35923.009838638216
50.0,1000,16,4000,0.1263387300924672,35968.39451307934,35923.009838638216
50.0,1000,16,4100,0.123373151114023,35967.329187851145,35923.009838638216
50.0,1000,16,4200,0.1178474105919928,35965.34417553976,35923.009838638216
50.0,1000,16,4300,0.1243818671848812,35967.69154902452,35923.009838638216
50.0,1000,16,4400,0.1419541174907438,35974.00403023077,35923.009838638216
50.0,1000,16,4500,0.136816528233309,35972.15845353635,35923.009838638216
50.0,1000,16,4600,0.1307605041434969,35969.98294740674,35923.009838638216
50.0,1000,16,4700,0.1428005749766348,35974.308103236704,35923.009838638216
50.0,1000,16,4800,0.1596601868168718,35980.36458325683,35923.009838638216
50.0,1000,16,4900,0.1812515355497618,35988.12084558644,35923.009838638216
50.0,1000,16,5000,0.1720838345070267,35984.82753143888,35923.009838638216
50.0,1000,17,0,47.34147174909215,52385.8083052316,35554.01455093337
50.0,1000,17,100,4.634700797904423,37201.83674701253,35554.01455093337
50.0,1000,17,200,2.5682277013533725,36467.12260157365,35554.01455093337
50.0,1000,17,300,0.7065341600976693,35805.21580902181,35554.01455093337
50.0,1000,17,400,0.1171452839817981,35595.66440224599,35554.01455093337
50.0,1000,17,500,0.1178021334803921,35595.897938612296,35554.01455093337
50.0,1000,17,600,0.2132531565928164,35629.8346092587,35554.01455093337
50.0,1000,17,700,0.3847158216700166,35690.79647014967,35554.01455093337
50.0,1000,17,800,0.3771142568972093,35688.093808704245,35554.01455093337
50.0,1000,17,900,0.3672981673433315,35684.60379479593,35554.01455093337
50.0,1000,17,1000,0.3243326847048015,35669.327840846745,35554.01455093337
50.0,1000,17,1100,0.3053419031334041,35662.575855603514,35554.01455093337
50.0,1000,17,1200,0.232984348794403,35636.84984020513,35554.01455093337
50.0,1000,17,1300,0.1777107971339862,35617.197873604964,35554.01455093337
50.0,1000,17,1400,0.1901753519794412,35621.629523248426,35554.01455093337
50.0,1000,17,1500,0.2018097723567321,35625.766026762285,35554.01455093337
50.0,1000,17,1600,0.2793282239338631,35653.32694831568,35554.01455093337
50.0,1000,17,1700,0.2699648249694969,35649.997884085424,35554.01455093337
50.0,1000,17,1800,0.2725123851921885,35650.90364401769,35554.01455093337
50.0,1000,17,1900,0.2921716961004031,35657.89331827861,35554.01455093337
50.0,1000,17,2000,0.3057470202386187,35662.71989099805,35554.01455093337
50.0,1000,17,2100,0.2850702984620889,35655.36848632897,35554.01455093337
50.0,1000,17,2200,0.2969125651268806,35659.57888754213,35554.01455093337
50.0,1000,17,2300,0.2766075148824399,35652.359627023645,35554.01455093337
50.0,1000,17,2400,0.2653818988940723,35648.36846988171,35554.01455093337
50.0,1000,17,2500,0.2706239274514407,35650.23222147776,35554.01455093337
50.0,1000,17,2600,0.3019893167133557,35661.3838765399,35554.01455093337
50.0,1000,17,2700,0.2946372407120304,35658.76991836859,35554.01455093337
50.0,1000,17,2800,0.3051776503541183,35662.51745714647,35554.01455093337
50.0,1000,17,2900,0.3005978638023264,35660.88915916944,35554.01455093337
50.0,1000,17,3000,0.2926647112474322,35658.068604955726,35554.01455093337
50.0,1000,17,3100,0.2810606066889856,35653.94287993251,35554.01455093337
50.0,1000,17,3200,0.2771174954502302,35652.540945588924,35554.01455093337
50.0,1000,17,3300,0.2734094874037178,35651.22259986852,35554.01455093337
50.0,1000,17,3400,0.2921526612003743,35657.88655060749,35554.01455093337
50.0,1000,17,3500,0.2803923653021558,35653.7052932926,35554.01455093337
50.0,1000,17,3600,0.2879194657693786,35656.38147968798,35554.01455093337
50.0,1000,17,3700,0.2897129277955402,35657.01912743773,35554.01455093337
50.0,1000,17,3800,0.2873970057156292,35656.19572416445,35554.01455093337
50.0,1000,17,3900,0.2892737846277093,35656.86299441194,35554.01455093337
50.0,1000,17,4000,0.297926841451624,35659.93950349421,35554.01455093337
50.0,1000,17,4100,0.2848783818248562,35655.30025225984,35554.01455093337
50.0,1000,17,4200,0.2713896631154537,35650.504471247164,35554.01455093337
50.0,1000,17,4300,0.2563618483011204,35645.16147978139,35554.01455093337
50.0,1000,17,4400,0.2594386832458419,35646.25541812534,35554.01455093337
50.0,1000,17,4500,0.2529210949888864,35643.938153848096,35554.01455093337
50.0,1000,17,4600,0.2522696210424426,35643.70652870638,35554.01455093337
50.0,1000,17,4700,0.2478668643582388,35642.14117195424,35554.01455093337
50.0,1000,17,4800,0.2510791291964253,35643.28326106222,35554.01455093337
50.0,1000,17,4900,0.2671758702900002,35649.00629873286,35554.01455093337
50.0,1000,17,5000,0.27253267151303,35650.91085661916,35554.01455093337
50.0,1000,18,0,34.12923960588457,40431.563548976446,30143.735749026506
50.0,1000,18,100,7.624022900907724,32441.901065721395,30143.735749026506
50.0,1000,18,200,3.698419802317368,31258.57764112672,30143.735749026506
50.0,1000,18,300,0.8794557908473045,30408.83657864903,30143.735749026506
50.0,1000,18,400,0.11552509351205,30178.5593279386,30143.735749026506
50.0,1000,18,500,0.0441368278442344,30157.040237779875,30143.735749026506
50.0,1000,18,600,0.030867809388741,30153.04045992016,30143.735749026506
50.0,1000,18,700,0.2041823696959218,30205.283942993745,30143.735749026506
50.0,1000,18,800,0.1909054407244874,30201.28178060901,30143.735749026506
50.0,1000,18,900,0.2613249215902752,30222.50884283703,30143.735749026506
50.0,1000,18,1000,0.2598409227567468,30222.06151015013,30143.735749026506
50.0,1000,18,1100,0.2599971056657404,30222.108589513504,30143.735749026506
50.0,1000,18,1200,0.2451544191031631,30217.634449298024,30143.735749026506
50.0,1000,18,1300,0.3036634727145454,30235.271263807896,30143.735749026506
50.0,1000,18,1400,0.2751581364248049,30226.678690562345,30143.735749026506
50.0,1000,18,1500,0.318705039405546,30239.805353923744,30143.735749026506
50.0,1000,18,1600,0.3142338811988628,30238.457579809,30143.735749026506
50.0,1000,18,1700,0.3007556495223,30234.394737268776,30143.735749026506
50.0,1000,18,1800,0.26994013662716,30225.10579049196,30143.735749026506
50.0,1000,18,1900,0.2594523224862468,30221.944371511472,30143.735749026506
50.0,1000,18,2000,0.2415778882434123,30216.55634928668,30143.735749026506
50.0,1000,18,2100,0.2579827682182097,30221.501392956223,30143.735749026506
50.0,1000,18,2200,0.2445616990099815,30217.455781319404,30143.735749026506
50.0,1000,18,2300,0.2351880948351415,30214.63022684678,30143.735749026506
50.0,1000,18,2400,0.280809201440871,30228.3821326678,30143.735749026506
50.0,1000,18,2500,0.253441339611519,30220.132436717795,30143.735749026506
50.0,1000,18,2600,0.2491959780769828,30218.85272615524,30143.735749026506
50.0,1000,18,2700,0.262106555172634,30222.74445639862,30143.735749026506
50.0,1000,18,2800,0.2672153073554033,30224.284425156668,30143.735749026506
50.0,1000,18,2900,0.2491689455920038,30218.844577554395,30143.735749026506
50.0,1000,18,3000,0.2603600578689575,30222.217996866537,30143.735749026506
50.0,1000,18,3100,0.272632474746302,30225.917361780062,30143.735749026506
50.0,1000,18,3200,0.2879263434466905,30230.52750514691,30143.735749026506
50.0,1000,18,3300,0.2730164683767632,30226.03311180532,30143.735749026506
50.0,1000,18,3400,0.2645460594706245,30223.4798141278,30143.735749026506
50.0,1000,18,3500,0.2959045798536218,30232.93244364685,30143.735749026506
50.0,1000,18,3600,0.297684621860167,30233.469014805523,30143.735749026506
50.0,1000,18,3700,0.3261751822597366,30242.057134045783,30143.735749026506
50.0,1000,18,3800,0.3213698791696049,30240.60863618036,30143.735749026506
50.0,1000,18,3900,0.3341029535869365,30244.446860485445,30143.735749026506
50.0,1000,18,4000,0.3269498157951637,30242.29063753173,30143.735749026506
50.0,1000,18,4100,0.3130571878165722,30238.102880465267,30143.735749026506
50.0,1000,18,4200,0.3153603942922833,30238.79715293906,30143.735749026506
50.0,1000,18,4300,0.3268456286951213,30242.259231647608,30143.735749026506
50.0,1000,18,4400,0.349548694798644,30249.10278390078,30143.735749026506
50.0,1000,18,4500,0.3628830124814273,30253.12224538701,30143.735749026506
50.0,1000,18,4600,0.3496705257798578,30249.139508309818,30143.735749026506
50.0,1000,18,4700,0.3392524207963893,30245.999102273545,30143.735749026506
50.0,1000,18,4800,0.3265809288771904,30242.17944123396,30143.735749026506
50.0,1000,18,4900,0.3228208121125339,30241.04600157257,30143.735749026506
50.0,1000,18,5000,0.3382573327560373,30245.69914556419,30143.735749026506
50.0,1000,19,0,51.68834984322061,57847.952804168,38136.05518417036
50.0,1000,19,100,4.408647883906308,39817.33957405263,38136.05518417036
50.0,1000,19,200,2.8050029354501933,39205.77265155124,38136.05518417036
50.0,1000,19,300,0.8183838441567569,38448.15449859631,38136.05518417036
50.0,1000,19,400,0.049995306726545,38155.12142193309,38136.05518417036
50.0,1000,19,500,0.2036164870507619,38213.7064800361,38136.05518417036
50.0,1000,19,600,0.2463208222446468,38229.99222887168,38136.05518417036
50.0,1000,19,700,0.3608777091542873,38273.679706480805,38136.05518417036
50.0,1000,19,800,0.3900196058811286,38284.79327629827,38136.05518417036
50.0,1000,19,900,0.3301555447703002,38261.96348491756,38136.05518417036
50.0,1000,19,1000,0.2426325478903223,38228.58566652857,38136.05518417036
50.0,1000,19,1100,0.2354447563487025,38225.84452637973,38136.05518417036
50.0,1000,19,1200,0.2175867875788649,38219.034201554896,38136.05518417036
50.0,1000,19,1300,0.1836064783180794,38206.07545206345,38136.05518417036
50.0,1000,19,1400,0.1686951417142703,38200.388856507525,38136.05518417036
50.0,1000,19,1500,0.1895327240559926,38208.33548840841,38136.05518417036
50.0,1000,19,1600,0.2340067749180738,38225.29613698781,38136.05518417036
50.0,1000,19,1700,0.2286956002581756,38223.27066448858,38136.05518417036
50.0,1000,19,1800,0.2552926895306219,38233.41374513091,38136.05518417036
50.0,1000,19,1900,0.2548304125609998,38233.23745093067,38136.05518417036
50.0,1000,19,2000,0.2583840867133915,38234.59268206649,38136.05518417036
50.0,1000,19,2100,0.2672889124315966,38237.98863131644,38136.05518417036
50.0,1000,19,2200,0.2414854630813958,38228.14821363283,38136.05518417036
50.0,1000,19,2300,0.2474241361837509,38230.41298928435,38136.05518417036
50.0,1000,19,2400,0.245921189526165,38229.83982471762,38136.05518417036
50.0,1000,19,2500,0.2493685957853797,38231.15452947106,38136.05518417036
50.0,1000,19,2600,0.2465545372164235,38230.08135854229,38136.05518417036
50.0,1000,19,2700,0.2461263782275583,38229.91807559402,38136.05518417036
50.0,1000,19,2800,0.2622259560975627,38236.05781949494,38136.05518417036
50.0,1000,19,2900,0.2565343805215029,38233.887277092406,38136.05518417036
50.0,1000,19,3000,0.2431054960818526,38228.76603031188,38136.05518417036
50.0,1000,19,3100,0.2157094628797853,38218.31826397167,38136.05518417036
50.0,1000,19,3200,0.2148583327984717,38217.99367653417,38136.05518417036
50.0,1000,19,3300,0.205376573133395,38214.377707435866,38136.05518417036
50.0,1000,19,3400,0.1910436212809221,38208.911685007886,38136.05518417036
50.0,1000,19,3500,0.170629082969679,38201.12638541192,38136.05518417036
50.0,1000,19,3600,0.1678581424649068,38200.0696580119,38136.05518417036
50.0,1000,19,3700,0.1735969278106915,38202.258204358266,38136.05518417036
50.0,1000,19,3800,0.1656742612124448,38199.2368118523,38136.05518417036
50.0,1000,19,3900,0.1611227714908948,38197.50105322039,38136.05518417036
50.0,1000,19,4000,0.1565853004124525,38195.77064074595,38136.05518417036
50.0,1000,19,4100,0.1453223523428247,38191.47539665475,38136.05518417036
50.0,1000,19,4200,0.181446711787717,38205.25180230758,38136.05518417036
50.0,1000,19,4300,0.1988673896622377,38211.89536163527,38136.05518417036
50.0,1000,19,4400,0.2051164335538927,38214.27850046227,38136.05518417036
50.0,1000,19,4500,0.2033219349533498,38213.59414948569,38136.05518417036
50.0,1000,19,4600,0.196892618391768,38211.1422617738,38136.05518417036
50.0,1000,19,4700,0.184446916734031,38206.39596212155,38136.05518417036
50.0,1000,19,4800,0.1965709848597986,38211.01960343256,38136.05518417036
50.0,1000,19,4900,0.1982969352874729,38211.677812840106,38136.05518417036
50.0,1000,19,5000,0.1974743226964113,38211.36410084843,38136.05518417036
50.0,1000,20,0,51.23788466049336,58140.70073793333,38443.21207510313
50.0,1000,20,100,5.290657450688655,40477.11073903862,38443.21207510313
50.0,1000,20,200,2.379450680295641,39357.94934635167,38443.21207510313
50.0,1000,20,300,0.6543066958111775,38694.74858579542,38443.21207510313
50.0,1000,20,400,0.0752183874010887,38472.128439291206,38443.21207510313
50.0,1000,20,500,0.0371276207346148,38457.48512508058,38443.21207510313
50.0,1000,20,600,0.0376662460970421,38457.69218997095,38443.21207510313
50.0,1000,20,700,0.0341261091618437,38456.3312476212,38443.21207510313
50.0,1000,20,800,0.0106250441080644,38447.29668334267,38443.21207510313
50.0,1000,20,900,0.0373126381069527,38457.55625170141,38443.21207510313
50.0,1000,20,1000,0.1029014243371338,38482.77068788936,38443.21207510313
50.0,1000,20,1100,0.1405104788447947,38497.22881647318,38443.21207510313
50.0,1000,20,1200,0.1062888072586735,38484.07290668968,38443.21207510313
50.0,1000,20,1300,0.0909576604129479,38478.17912139424,38443.21207510313
50.0,1000,20,1400,0.08874497790164,38477.32849516386,38443.21207510313
50.0,1000,20,1500,0.163212237054404,38505.95610152648,38443.21207510313
50.0,1000,20,1600,0.1431184321867098,38498.23139750723,38443.21207510313
50.0,1000,20,1700,0.1258286540292931,38491.58465142286,38443.21207510313
50.0,1000,20,1800,0.1093721669933205,38485.25824921151,38443.21207510313
50.0,1000,20,1900,0.1135973634977047,38486.88255046428,38443.21207510313
50.0,1000,20,2000,0.1176543735234635,38488.44219543239,38443.21207510313
50.0,1000,20,2100,0.1419233014553318,38497.7719508656,38443.21207510313
50.0,1000,20,2200,0.1366196445718523,38495.73305480214,38443.21207510313
50.0,1000,20,2300,0.1343088716340609,38494.84471946109,38443.21207510313
50.0,1000,20,2400,0.1303070505719845,38493.30629090333,38443.21207510313
50.0,1000,20,2500,0.1232603685195676,38490.59731997766,38443.21207510313
50.0,1000,20,2600,0.1400895920748872,38497.06701407963,38443.21207510313
50.0,1000,20,2700,0.1366758483543591,38495.754661341445,38443.21207510313
50.0,1000,20,2800,0.1504092824001828,38501.03423451688,38443.21207510313
50.0,1000,20,2900,0.131289246290008,38493.683878486205,38443.21207510313
50.0,1000,20,3000,0.1192293679302007,38489.047673872345,38443.21207510313
50.0,1000,20,3100,0.14674342979693,38499.62496302625,38443.21207510313
50.0,1000,20,3200,0.1734866297162069,38509.90590808688,38443.21207510313
50.0,1000,20,3300,0.2082331722883773,38523.26359513667,38443.21207510313
50.0,1000,20,3400,0.2234919879905758,38529.12957401721,38443.21207510313
50.0,1000,20,3500,0.2211067931012102,38528.21262848749,38443.21207510313
50.0,1000,20,3600,0.2146470114069066,38525.72928091116,38443.21207510313
50.0,1000,20,3700,0.2143407483698613,38525.61154356232,38443.21207510313
50.0,1000,20,3800,0.2333592394470834,38532.92286242062,38443.21207510313
50.0,1000,20,3900,0.2176165290453855,38526.87085887453,38443.21207510313
50.0,1000,20,4000,0.2052737533150041,38522.12589942454,38443.21207510313
50.0,1000,20,4100,0.1910422040844173,38516.65483477226,38443.21207510313
50.0,1000,20,4200,0.1844880239251085,38514.13519739383,38443.21207510313
50.0,1000,20,4300,0.183111500158155,38513.60601744284,38443.21207510313
50.0,1000,20,4400,0.2059755019122176,38522.395674126,38443.21207510313
50.0,1000,20,4500,0.2159610348162498,38526.23443371713,38443.21207510313
50.0,1000,20,4600,0.212490450621719,38524.90022967498,38443.21207510313
50.0,1000,20,4700,0.2093046764655225,38523.67551575988,38443.21207510313
50.0,1000,20,4800,0.2009450053216975,38520.46178965328,38443.21207510313
50.0,1000,20,4900,0.2062201723264144,38522.48973329222,38443.21207510313
50.0,1000,20,5000,0.1960708825476966,38518.58802029847,38443.21207510313
100.0,1000,1,0,53.301152087590594,49155.15317218556,32064.438200764547
100.0,1000,1,100,8.04489675106226,34643.98914782422,32064.438200764547
100.0,1000,1,200,2.9270213292889413,33002.9711460176,32064.438200764547
100.0,1000,1,300,0.7874258892798865,32316.92188840952,32064.438200764547
100.0,1000,1,400,0.0850510346201102,32091.709337199423,32064.438200764547
100.0,1000,1,500,0.2988311343441325,32160.256725160965,32064.438200764547
100.0,1000,1,600,0.4149236429723386,32197.481135845774,32064.438200764547
100.0,1000,1,700,0.4630437402190548,32212.910574689595,32064.438200764547
100.0,1000,1,800,0.3906381096142163,32189.694116010432,32064.438200764547
100.0,1000,1,900,0.3569535635103372,32178.893355541742,32064.438200764547
100.0,1000,1,1000,0.2476785617601717,32143.85494013668,32064.438200764547
100.0,1000,1,1100,0.3013097205912334,32161.05146991642,32064.438200764547
100.0,1000,1,1200,0.3577769818893887,32179.15738001903,32064.438200764547
100.0,1000,1,1300,0.2837136294025176,32155.409382131464,32064.438200764547
100.0,1000,1,1400,0.2741906723381379,32152.35589944867,32064.438200764547
100.0,1000,1,1500,0.3045053511756867,32162.076130910296,32064.438200764547
100.0,1000,1,1600,0.3494301401097706,32176.48101209489,32064.438200764547
100.0,1000,1,1700,0.3143347822808739,32165.227882772502,32064.438200764547
100.0,1000,1,1800,0.302886592346704,32161.55708498596,32064.438200764547
100.0,1000,1,1900,0.2816718590952541,32154.75469995309,32064.438200764547
100.0,1000,1,2000,0.2620183488700402,32148.452912312645,32064.438200764547
100.0,1000,1,2100,0.2389672487547479,32141.06170656158,32064.438200764547
100.0,1000,1,2200,0.2408089120860302,32141.652225562302,32064.438200764547
100.0,1000,1,2300,0.229585573107799,32138.05352497157,32064.438200764547
100.0,1000,1,2400,0.2434542315481685,32142.500432386456,32064.438200764547
100.0,1000,1,2500,0.2581911674461594,32147.22574809016,32064.438200764547
100.0,1000,1,2600,0.2526582921843155,32145.45166272109,32064.438200764547
100.0,1000,1,2700,0.2744192076794207,32152.429178021943,32064.438200764547
100.0,1000,1,2800,0.2915968483853496,32157.937092010445,32064.438200764547
100.0,1000,1,2900,0.2872506598891459,32156.54351108599,32064.438200764547
100.0,1000,1,3000,0.2918240914318578,32158.00995621665,32064.438200764547
100.0,1000,1,3100,0.3076085796652084,32163.071163691548,32064.438200764547
100.0,1000,1,3200,0.3064624521935318,32162.70366435669,32064.438200764547
100.0,1000,1,3300,0.3002547672699185,32160.71320506066,32064.438200764547
100.0,1000,1,3400,0.2982458469768567,32160.06905605479,32064.438200764547
100.0,1000,1,3500,0.290234494640344,32157.5002609358,32064.438200764547
100.0,1000,1,3600,0.3000503281030345,32160.647652790336,32064.438200764547
100.0,1000,1,3700,0.2951268947246555,32159.06898153737,32064.438200764547
100.0,1000,1,3800,0.3237433482514746,32168.244686593727,32064.438200764547
100.0,1000,1,3900,0.320498200771467,32167.20414828548,32064.438200764547
100.0,1000,1,4000,0.3200686407492057,32167.066412277603,32064.438200764547
100.0,1000,1,4100,0.3171021518010463,32166.11522426209,32064.438200764547
100.0,1000,1,4200,0.3238983631174486,32168.29439123963,32064.438200764547
100.0,1000,1,4300,0.3125590431086571,32164.658501983024,32064.438200764547
100.0,1000,1,4400,0.3251115159458202,32168.683381878564,32064.438200764547
100.0,1000,1,4500,0.3356310595514828,32172.056414437004,32064.438200764547
100.0,1000,1,4600,0.3391665786014498,32173.190058757857,32064.438200764547
100.0,1000,1,4700,0.3385863782428657,32173.00402077244,32064.438200764547
100.0,1000,1,4800,0.317343651819043,32166.19265988612,32064.438200764547
100.0,1000,1,4900,0.3209188407528478,32167.33902413236,32064.438200764547
100.0,1000,1,5000,0.3189670950364832,32166.71320783329,32064.438200764547
100.0,1000,2,0,56.83985025964285,49544.408190758986,31589.17080623321
100.0,1000,2,100,5.847310429498571,33436.28768537821,31589.17080623321
100.0,1000,2,200,2.785394844889043,32469.05394141323,31589.17080623321
100.0,1000,2,300,0.5959708060621552,31777.43304211548,31589.17080623321
100.0,1000,2,400,0.0577821419457185,31607.423705747948,31589.17080623321
100.0,1000,2,500,0.3306637015006003,31693.62472769445,31589.17080623321
100.0,1000,2,600,0.3977098242513712,31714.80404192915,31589.17080623321
100.0,1000,2,700,0.3760450113328809,31707.96030717148,31589.17080623321
100.0,1000,2,800,0.2816962878534779,31678.156327758068,31589.17080623321
100.0,1000,2,900,0.399609156824368,31715.404025339813,31589.17080623321
100.0,1000,2,1000,0.3348538559854213,31694.948362751707,31589.17080623321
100.0,1000,2,1100,0.3353515235297327,31695.105571802327,31589.17080623321
100.0,1000,2,1200,0.3136778473296117,31688.25903720748,31589.17080623321
100.0,1000,2,1300,0.321117708007356,31690.60922750472,31589.17080623321
100.0,1000,2,1400,0.3441472962866809,31697.884083482248,31589.17080623321
100.0,1000,2,1500,0.3114790511342389,31687.564455721644,31589.17080623321
100.0,1000,2,1600,0.3279514541384605,31692.76795124254,31589.17080623321
100.0,1000,2,1700,0.310172479251995,31687.151720498056,31589.17080623321
100.0,1000,2,1800,0.3175241206508848,31689.474043056613,31589.17080623321
100.0,1000,2,1900,0.2884210021056323,31680.28060922941,31589.17080623321
100.0,1000,2,2000,0.3052119289345844,31685.58472378536,31589.17080623321
100.0,1000,2,2100,0.3152410623296419,31688.75284386391,31589.17080623321
100.0,1000,2,2200,0.2829540545186014,31678.553645818258,31589.17080623321
100.0,1000,2,2300,0.285500576164877,31679.35807089072,31589.17080623321
100.0,1000,2,2400,0.2968192394078641,31682.933542755527,31589.17080623321
100.0,1000,2,2500,0.3111829795486813,31687.470929162773,31589.17080623321
100.0,1000,2,2600,0.3035466099797006,31685.05866333624,31589.17080623321
100.0,1000,2,2700,0.2954992049095883,31682.516554803165,31589.17080623321
100.0,1000,2,2800,0.291539226901111,31681.26563058618,31589.17080623321
100.0,1000,2,2900,0.2909589436273123,31681.08232391165,31589.17080623321
100.0,1000,2,3000,0.2954114101709718,31682.488821173225,31589.17080623321
100.0,1000,2,3100,0.3045597557550452,31685.37870768572,31589.17080623321
100.0,1000,2,3200,0.3193348998483067,31690.04605319021,31589.17080623321
100.0,1000,2,3300,0.3059070753680938,31685.804314779594,31589.17080623321
100.0,1000,2,3400,0.3130422029697904,31688.058242424937,31589.17080623321
100.0,1000,2,3500,0.2967791036277025,31682.920864195377,31589.17080623321
100.0,1000,2,3600,0.2950494267026508,31682.374473597127,31589.17080623321
100.0,1000,2,3700,0.3027478725357913,31684.806348800783,31589.17080623321
100.0,1000,2,3800,0.3048196652824068,31685.460810950262,31589.17080623321
100.0,1000,2,3900,0.2999178348002057,31683.912363346608,31589.17080623321
100.0,1000,2,4000,0.3001899509986174,31683.99832259732,31589.17080623321
100.0,1000,2,4100,0.3111508086110027,31687.46076663032,31589.17080623321
100.0,1000,2,4200,0.3131116467026406,31688.08017912432,31589.17080623321
100.0,1000,2,4300,0.3044947195673385,31685.358163293306,31589.17080623321
100.0,1000,2,4400,0.3097214484761603,31687.00924361589,31589.17080623321
100.0,1000,2,4500,0.2974908369362348,31683.14569484589,31589.17080623321
100.0,1000,2,4600,0.295103380741026,31682.391517230462,31589.17080623321
100.0,1000,2,4700,0.3165130016028785,31689.154638933484,31589.17080623321
100.0,1000,2,4800,0.3193275744444158,31690.043739155863,31589.17080623321
100.0,1000,2,4900,0.3150688783590157,31688.698452375327,31589.17080623321
100.0,1000,2,5000,0.3102451356875298,31687.17467206358,31589.17080623321
100.0,1000,3,0,56.23239484750437,57753.838075810345,36966.62150777553
100.0,1000,3,100,6.554894164964553,39389.74442397324,36966.62150777553
100.0,1000,3,200,3.16685431234425,38137.3005551225,36966.62150777553
100.0,1000,3,300,0.7340712387048166,37237.98284418498,36966.62150777553
100.0,1000,3,400,0.0909625612330057,37000.24729350032,36966.62150777553
100.0,1000,3,500,0.3710053135320624,37103.76963780267,36966.62150777553
100.0,1000,3,600,0.4486414451137975,37132.469092717765,36966.62150777553
100.0,1000,3,700,0.4896325667785668,37147.62212551537,36966.62150777553
100.0,1000,3,800,0.4650521850258594,37138.53558882768,36966.62150777553
100.0,1000,3,900,0.4829878858056401,37145.16581144971,36966.62150777553
100.0,1000,3,1000,0.4409609968800261,37129.62989048909,36966.62150777553
100.0,1000,3,1100,0.4230221306189871,37122.99849769558,36966.62150777553
100.0,1000,3,1200,0.4646434261393037,37138.38448447721,36966.62150777553
100.0,1000,3,1300,0.4687831547740744,37139.91480229308,36966.62150777553
100.0,1000,3,1400,0.4240622846281311,37123.38300749124,36966.62150777553
100.0,1000,3,1500,0.3912094655565207,37111.2384302104,36966.62150777553
100.0,1000,3,1600,0.3534748396076265,37097.2892138585,36966.62150777553
100.0,1000,3,1700,0.3335340441953623,37089.91777549281,36966.62150777553
100.0,1000,3,1800,0.3096991260992243,37081.10681153352,36966.62150777553
100.0,1000,3,1900,0.3086099081020943,37080.70416443913,36966.62150777553
100.0,1000,3,2000,0.3426560262036668,37093.28986405583,36966.62150777553
100.0,1000,3,2100,0.3364697513851571,37091.00300725824,36966.62150777553
100.0,1000,3,2200,0.3229300487637094,37085.99783663689,36966.62150777553
100.0,1000,3,2300,0.3253985633681099,37086.91036308756,36966.62150777553
100.0,1000,3,2400,0.3271031076605983,37087.5404755246,36966.62150777553
100.0,1000,3,2500,0.3302143195641889,37088.6905854533,36966.62150777553
100.0,1000,3,2600,0.3236729496242922,37086.2724619862,36966.62150777553
100.0,1000,3,2700,0.337537547649228,37091.39773546165,36966.62150777553
100.0,1000,3,2800,0.3497641681192023,37095.91750397398,36966.62150777553
100.0,1000,3,2900,0.345756388229553,37094.43596315131,36966.62150777553
100.0,1000,3,3000,0.3523615011511097,37096.87765024518,36966.62150777553
100.0,1000,3,3100,0.3713772303294604,37103.907122877485,36966.62150777553
100.0,1000,3,3200,0.3697637120041456,37103.31065966521,36966.62150777553
100.0,1000,3,3300,0.3851590809540324,37109.00180743464,36966.62150777553
100.0,1000,3,3400,0.3923138205569439,37111.64667294351,36966.62150777553
100.0,1000,3,3500,0.392813132502184,37111.83125170045,36966.62150777553
100.0,1000,3,3600,0.3838660075101452,37108.52380186882,36966.62150777553
100.0,1000,3,3700,0.3846522733644523,37108.81445779122,36966.62150777553
100.0,1000,3,3800,0.3774657368040616,37106.15783802143,36966.62150777553
100.0,1000,3,3900,0.3664909235679256,37102.10082035124,36966.62150777553
100.0,1000,3,4000,0.3631341096933589,37100.85991967151,36966.62150777553
100.0,1000,3,4100,0.3837431071986998,37108.478369775854,36966.62150777553
100.0,1000,3,4200,0.3816258734596548,37107.69569999311,36966.62150777553
100.0,1000,3,4300,0.3740681202873065,37104.90185398339,36966.62150777553
100.0,1000,3,4400,0.3739074956542585,37104.842476483245,36966.62150777553
100.0,1000,3,4500,0.3654391494252254,37101.71201498479,36966.62150777553
100.0,1000,3,4600,0.3662923002094361,37102.02739600608,36966.62150777553
100.0,1000,3,4700,0.353151076138365,37097.16952944224,36966.62150777553
100.0,1000,3,4800,0.3557577070363162,37098.13311282039,36966.62150777553
100.0,1000,3,4900,0.3526500438228163,37096.98431472252,36966.62150777553
100.0,1000,3,5000,0.3547335350046738,37097.75451102186,36966.62150777553
100.0,1000,4,0,41.47177659342462,54966.54330372883,38853.36328368664
100.0,1000,4,100,5.8485789947863225,41125.73292746436,38853.36328368664
100.0,1000,4,200,3.1454123214854297,40075.46175972321,38853.36328368664
100.0,1000,4,300,1.0014785804699693,39242.47139476494,38853.36328368664
100.0,1000,4,400,0.3657925855138151,38995.48600580111,38853.36328368664
100.0,1000,4,500,0.5403962093138713,39063.32538606263,38853.36328368664
100.0,1000,4,600,0.4703849140834645,39036.12364318714,38853.36328368664
100.0,1000,4,700,0.4315015108801456,39021.0161332835,38853.36328368664
100.0,1000,4,800,0.4504755082859217,39028.388169425,38853.36328368664
100.0,1000,4,900,0.440209997748146,39024.399673322834,38853.36328368664
100.0,1000,4,1000,0.5078624865164394,39050.684940554434,38853.36328368664
100.0,1000,4,1100,0.5452327821081318,39065.20455726086,38853.36328368664
100.0,1000,4,1200,0.5622490798502692,39071.81596124005,38853.36328368664
100.0,1000,4,1300,0.610563894114669,39090.587891546034,38853.36328368664
100.0,1000,4,1400,0.6274363346084671,39097.14340214591,38853.36328368664
100.0,1000,4,1500,0.5809679656294997,39079.08887793451,38853.36328368664
100.0,1000,4,1600,0.5963659130777914,39085.07149839483,38853.36328368664
100.0,1000,4,1700,0.5861016518590589,39081.08348769513,38853.36328368664
100.0,1000,4,1800,0.6007700264639351,39086.78264456817,38853.36328368664
100.0,1000,4,1900,0.5915126168891535,39083.18582959542,38853.36328368664
100.0,1000,4,2000,0.5829361308463096,39079.85357631622,38853.36328368664
100.0,1000,4,2100,0.5912222105521132,39083.07299696629,38853.36328368664
100.0,1000,4,2200,0.5757601903450883,39077.06548208426,38853.36328368664
100.0,1000,4,2300,0.5560999327852695,39069.42681079204,38853.36328368664
100.0,1000,4,2400,0.5599663471971834,39070.92904282955,38853.36328368664
100.0,1000,4,2500,0.5432383876266427,39064.42966792766,38853.36328368664
100.0,1000,4,2600,0.5210054927665412,39055.791440519184,38853.36328368664
100.0,1000,4,2700,0.5076285808199922,39050.59406032445,38853.36328368664
100.0,1000,4,2800,0.5206760580583731,39055.66344405524,38853.36328368664
100.0,1000,4,2900,0.5477515772604398,39066.18319389176,38853.36328368664
100.0,1000,4,3000,0.571937315270918,39075.58016654381,38853.36328368664
100.0,1000,4,3100,0.5650663780011377,39072.91057632539,38853.36328368664
100.0,1000,4,3200,0.5568546446431175,39069.72004173191,38853.36328368664
100.0,1000,4,3300,0.5515086419142112,39067.64293987049,38853.36328368664
100.0,1000,4,3400,0.5481765560384593,39066.34831244026,38853.36328368664
100.0,1000,4,3500,0.5607519215076946,39071.23426487028,38853.36328368664
100.0,1000,4,3600,0.5733782657101042,39076.14002425269,38853.36328368664
100.0,1000,4,3700,0.5808510617546816,39079.043456847336,38853.36328368664
100.0,1000,4,3800,0.5759060927010449,39077.12217005666,38853.36328368664
100.0,1000,4,3900,0.584780616666044,39080.57022109248,38853.36328368664
100.0,1000,4,4000,0.5797554133754083,39078.61776060223,38853.36328368664
100.0,1000,4,4100,0.575860554485926,39077.10447692851,38853.36328368664
100.0,1000,4,4200,0.5687097727952947,39074.32615774062,38853.36328368664
100.0,1000,4,4300,0.5608648617980196,39071.27814597157,38853.36328368664
100.0,1000,4,4400,0.5563945779258235,39069.54129033889,38853.36328368664
100.0,1000,4,4500,0.5560766008386804,39069.41774554607,38853.36328368664
100.0,1000,4,4600,0.566222803961243,39073.35988670478,38853.36328368664
100.0,1000,4,4700,0.563108218320527,39072.14976543101,38853.36328368664
100.0,1000,4,4800,0.5546147864529665,39068.84978149225,38853.36328368664
100.0,1000,4,4900,0.5717926809585635,39075.523971249,38853.36328368664
100.0,1000,4,5000,0.564007677584286,39072.499235606345,38853.36328368664
100.0,1000,5,0,49.64075821873356,50618.01757729345,33826.35732392097
100.0,1000,5,100,5.557978704365818,35706.41906044719,33826.35732392097
100.0,1000,5,200,2.802249483866887,34774.25624744152,33826.35732392097
100.0,1000,5,300,0.7747849169078916,34088.43883840608,33826.35732392097
100.0,1000,5,400,0.0177620360006249,33832.36557368655,33826.35732392097
100.0,1000,5,500,0.2581929715677776,33913.69460106874,33826.35732392097
100.0,1000,5,600,0.1873552974220277,33889.73279629224,33826.35732392097
100.0,1000,5,700,0.217289124865401,33899.858319723964,33826.35732392097
100.0,1000,5,800,0.2964437882445802,33926.63345899715,33826.35732392097
100.0,1000,5,900,0.2283817247065323,33903.61054218274,33826.35732392097
100.0,1000,5,1000,0.2451963751176343,33909.298325913565,33826.35732392097
100.0,1000,5,1100,0.216544539347356,33899.60645356605,33826.35732392097
100.0,1000,5,1200,0.2158332351261057,33899.36584525851,33826.35732392097
100.0,1000,5,1300,0.2812220203373094,33921.48448939382,33826.35732392097
100.0,1000,5,1400,0.2470342818167178,33909.92002280088,33826.35732392097
100.0,1000,5,1500,0.2478178735850459,33910.18508335239,33826.35732392097
100.0,1000,5,1600,0.2545433714662709,33912.46007429751,33826.35732392097
100.0,1000,5,1700,0.2854341679606071,33922.90930549989,33826.35732392097
100.0,1000,5,1800,0.2589390838088155,33913.94698366143,33826.35732392097
100.0,1000,5,1900,0.2798139512505395,33921.00819091316,33826.35732392097
100.0,1000,5,2000,0.3314534677374427,33938.47595828037,33826.35732392097
100.0,1000,5,2100,0.3553378865355498,33946.55518712776,33826.35732392097
100.0,1000,5,2200,0.4498121984161333,33978.5124054438,33826.35732392097
100.0,1000,5,2300,0.4402185240785732,33975.26721488188,33826.35732392097
100.0,1000,5,2400,0.4486121482596932,33978.106472189815,33826.35732392097
100.0,1000,5,2500,0.442419150722501,33976.01160671382,33826.35732392097
100.0,1000,5,2600,0.4226390826394376,33969.32073020513,33826.35732392097
100.0,1000,5,2700,0.4142362104527729,33966.4783446338,33826.35732392097
100.0,1000,5,2800,0.3968040764904729,33960.581688710525,33826.35732392097
100.0,1000,5,2900,0.3807517589559311,33955.15177442252,33826.35732392097
100.0,1000,5,3000,0.3649191015093491,33949.79616314077,33826.35732392097
100.0,1000,5,3100,0.388274694165568,33957.69650936778,33826.35732392097
100.0,1000,5,3200,0.3905604542127498,33958.469698728906,33826.35732392097
100.0,1000,5,3300,0.3714269420591073,33951.9975285392,33826.35732392097
100.0,1000,5,3400,0.3759243514445606,33953.51883830824,33826.35732392097
100.0,1000,5,3500,0.3968839837208789,33960.60871841581,33826.35732392097
100.0,1000,5,3600,0.4296257081902263,33971.684051128825,33826.35732392097
100.0,1000,5,3700,0.4300812951825388,33971.838159612766,33826.35732392097
100.0,1000,5,3800,0.4412614365776569,33975.6199941904,33826.35732392097
100.0,1000,5,3900,0.4546814323944749,33980.15948992825,33826.35732392097
100.0,1000,5,4000,0.4713291910912957,33985.79082027146,33826.35732392097
100.0,1000,5,4100,0.4836288439993585,33989.951344813744,33826.35732392097
100.0,1000,5,4200,0.4784343702722433,33988.19424356971,33826.35732392097
100.0,1000,5,4300,0.4406544223333714,33975.41466338312,33826.35732392097
100.0,1000,5,4400,0.4326538341715187,33972.708355843475,33826.35732392097
100.0,1000,5,4500,0.4376923603559055,33974.412705714465,33826.35732392097
100.0,1000,5,4600,0.421955900057485,33969.089634423784,33826.35732392097
100.0,1000,5,4700,0.4120421650861983,33965.73617900825,33826.35732392097
100.0,1000,5,4800,0.4044778782757789,33963.17745632275,33826.35732392097
100.0,1000,5,4900,0.3910141931128523,33958.62318207057,33826.35732392097
100.0,1000,5,5000,0.3868778598717768,33957.22401120834,33826.35732392097
100.0,1000,6,0,39.53160514378771,48363.44310904264,34661.281979236155
100.0,1000,6,100,7.092287690842812,37119.55981453784,34661.281979236155
100.0,1000,6,200,3.0985965249756577,35735.29525815678,34661.281979236155
100.0,1000,6,300,0.7443840711943359,34919.29504116134,34661.281979236155
100.0,1000,6,400,0.0772827507991118,34688.069171411946,34661.281979236155
100.0,1000,6,500,0.2649417651786107,34753.11419154548,34661.281979236155
100.0,1000,6,600,0.3549964257518014,34784.3282913822,34661.281979236155
100.0,1000,6,700,0.4720079836945755,34824.88599742904,34661.281979236155
100.0,1000,6,800,0.4655073091335777,34822.6327802889,34661.281979236155
100.0,1000,6,900,0.4851371272414009,34829.43672689526,34661.281979236155
100.0,1000,6,1000,0.5536796109970087,34853.194430465366,34661.281979236155
100.0,1000,6,1100,0.5055010728351189,34836.4951314996,34661.281979236155
100.0,1000,6,1200,0.4716756671349411,34824.77081224924,34661.281979236155
100.0,1000,6,1300,0.5208652547448622,34841.82055391514,34661.281979236155
100.0,1000,6,1400,0.4750612606929053,34825.94430237904,34661.281979236155
100.0,1000,6,1500,0.4729195951930123,34825.20197366107,34661.281979236155
100.0,1000,6,1600,0.4499715886844515,34817.24790041652,34661.281979236155
100.0,1000,6,1700,0.4858811348580369,34829.69460947321,34661.281979236155
100.0,1000,6,1800,0.5063667861355259,34836.795198827785,34661.281979236155
100.0,1000,6,1900,0.4788863851861739,34827.270139565706,34661.281979236155
100.0,1000,6,2000,0.4582800371800309,34820.127715177674,34661.281979236155
100.0,1000,6,2100,0.446461761596457,34816.03134935257,34661.281979236155
100.0,1000,6,2200,0.4560382638827145,34819.35068781376,34661.281979236155
100.0,1000,6,2300,0.473848669823268,34825.52400283846,34661.281979236155
100.0,1000,6,2400,0.4596214744511013,34820.592674532774,34661.281979236155
100.0,1000,6,2500,0.4329525456809998,34811.34888193093,34661.281979236155
100.0,1000,6,2600,0.4061494972289384,34802.05860172793,34661.281979236155
100.0,1000,6,2700,0.433438357753762,34811.51727062336,34661.281979236155
100.0,1000,6,2800,0.438873206429506,34813.401058848,34661.281979236155
100.0,1000,6,2900,0.4345075473550162,34811.88786544594,34661.281979236155
100.0,1000,6,3000,0.4243411017392396,34808.36404506379,34661.281979236155
100.0,1000,6,3100,0.4218586098892784,34807.503581563564,34661.281979236155
100.0,1000,6,3200,0.4164375581858042,34805.62457554638,34661.281979236155
100.0,1000,6,3300,0.4096236572738638,34803.26279013751,34661.281979236155
100.0,1000,6,3400,0.3931674872250202,34797.5588706339,34661.281979236155
100.0,1000,6,3500,0.392601024086327,34797.362527248086,34661.281979236155
100.0,1000,6,3600,0.3779584937188131,34792.28723850851,34661.281979236155
100.0,1000,6,3700,0.3811028357802852,34793.377107776825,34661.281979236155
100.0,1000,6,3800,0.3818850854048552,34793.64824552498,34661.281979236155
100.0,1000,6,3900,0.3918330847066038,34797.09634961425,34661.281979236155
100.0,1000,6,4000,0.4108266497271249,34803.67976274392,34661.281979236155
100.0,1000,6,4100,0.4214540637578521,34807.363360688214,34661.281979236155
100.0,1000,6,4200,0.4226338330590059,34807.77228385239,34661.281979236155
100.0,1000,6,4300,0.4087780335643403,34802.96968611907,34661.281979236155
100.0,1000,6,4400,0.4171374762831401,34805.867176131724,34661.281979236155
100.0,1000,6,4500,0.4044284627047315,34801.46206909853,34661.281979236155
100.0,1000,6,4600,0.4114567102768129,34803.89814980769,34661.281979236155
100.0,1000,6,4700,0.4094599069391738,34803.20603217226,34661.281979236155
100.0,1000,6,4800,0.403656427115486,34801.194471665964,34661.281979236155
100.0,1000,6,4900,0.4001518700662855,34799.97974726502,34661.281979236155
100.0,1000,6,5000,0.395966168105848,34798.5289293057,34661.281979236155
100.0,1000,7,0,36.95864905290134,45250.06939458463,33039.220018230786
100.0,1000,7,100,8.143247305333665,35729.685412068626,33039.220018230786
100.0,1000,7,200,4.417990039100669,34498.889467632776,33039.220018230786
100.0,1000,7,300,1.0447518680777437,33384.39788656957,33039.220018230786
100.0,1000,7,400,0.4745259293666984,33195.999684077804,33039.220018230786
100.0,1000,7,500,0.6301181808660836,33247.406150382005,33039.220018230786
100.0,1000,7,600,0.6164163303421618,33242.87916584084,33039.220018230786
100.0,1000,7,700,0.7682805594976054,33293.053922640494,33039.220018230786
100.0,1000,7,800,0.638036166411004,33250.0221910472,33039.220018230786
100.0,1000,7,900,0.5805485859983514,33231.02874287151,33039.220018230786
100.0,1000,7,1000,0.6628185115360459,33258.21008457874,33039.220018230786
100.0,1000,7,1100,0.7311254604941496,33280.77816773275,33039.220018230786
100.0,1000,7,1200,0.7129636058466956,33274.77763261639,33039.220018230786
100.0,1000,7,1300,0.6747572833137185,33262.15456165384,33039.220018230786
100.0,1000,7,1400,0.5749564416505378,33229.1811419967,33039.220018230786
100.0,1000,7,1500,0.5622939943409615,33224.997568170395,33039.220018230786
100.0,1000,7,1600,0.5580766172570323,33223.60417967664,33039.220018230786
100.0,1000,7,1700,0.5893073654315122,33233.92257527934,33039.220018230786
100.0,1000,7,1800,0.5668201502053957,33226.49297476481,33039.220018230786
100.0,1000,7,1900,0.5378497262882719,33216.92137266662,33039.220018230786
100.0,1000,7,2000,0.516661506272162,33209.92095003755,33039.220018230786
100.0,1000,7,2100,0.4729713509788908,33195.4860635039,33039.220018230786
100.0,1000,7,2200,0.4906002199097726,33201.3105042967,33039.220018230786
100.0,1000,7,2300,0.4626624979445755,33192.08009886854,33039.220018230786
100.0,1000,7,2400,0.4679841814792738,33193.83834160024,33039.220018230786
100.0,1000,7,2500,0.4485714739686706,33187.42453445432,33039.220018230786
100.0,1000,7,2600,0.512490321906,33208.54282325745,33039.220018230786
100.0,1000,7,2700,0.5013408489913297,33204.8591243703,33039.220018230786
100.0,1000,7,2800,0.5010419243284764,33204.76036199325,33039.220018230786
100.0,1000,7,2900,0.5297661410040417,33214.2506191392,33039.220018230786
100.0,1000,7,3000,0.5346849253331508,33215.87574711592,33039.220018230786
100.0,1000,7,3100,0.5546029550984961,33222.45650879339,33039.220018230786
100.0,1000,7,3200,0.6182660657277582,33243.49030398464,33039.220018230786
100.0,1000,7,3300,0.590154217705948,33234.20236866552,33039.220018230786
100.0,1000,7,3400,0.573687947735194,33228.76204150109,33039.220018230786
100.0,1000,7,3500,0.5777136546408236,33230.09210366293,33039.220018230786
100.0,1000,7,3600,0.5598960297868466,33224.2052993854,33039.220018230786
100.0,1000,7,3700,0.5635685717211869,33225.41867859535,33039.220018230786
100.0,1000,7,3800,0.5641783648336464,33225.62014948343,33039.220018230786
100.0,1000,7,3900,0.5541553479362439,33222.308622878234,33039.220018230786
100.0,1000,7,4000,0.5486810414422004,33220.499954711195,33039.220018230786
100.0,1000,7,4100,0.5452445996771069,33219.36458115563,33039.220018230786
100.0,1000,7,4200,0.5823169431355398,33231.61299427677,33039.220018230786
100.0,1000,7,4300,0.5692770767901508,33227.30472414484,33039.220018230786
100.0,1000,7,4400,0.5600695947929488,33224.26264390964,33039.220018230786
100.0,1000,7,4500,0.5599397580162999,33224.21974685134,33039.220018230786
100.0,1000,7,4600,0.5466450019016555,33219.827263127736,33039.220018230786
100.0,1000,7,4700,0.5429294241642182,33218.59966522412,33039.220018230786
100.0,1000,7,4800,0.5367807631115235,33216.56819557074,33039.220018230786
100.0,1000,7,4900,0.5384100716497556,33217.10650640346,33039.220018230786
100.0,1000,7,5000,0.5378092281962793,33216.907992412904,33039.220018230786
100.0,1000,8,0,33.765153677468284,63504.0488000436,47474.28388798717
100.0,1000,8,100,3.943208588098337,49346.29392739647,47474.28388798717
100.0,1000,8,200,1.6300113640580718,48248.12011036655,47474.28388798717
100.0,1000,8,300,0.4474014792422461,47686.68453636169,47474.28388798717
100.0,1000,8,400,0.0574464353688567,47501.55617179771,47474.28388798717
100.0,1000,8,500,0.1413997058830088,47541.41238577485,47474.28388798717
100.0,1000,8,600,0.1954723983114246,47567.08300928419,47474.28388798717
100.0,1000,8,700,0.3117565445505349,47622.28807498647,47474.28388798717
100.0,1000,8,800,0.3666296140999794,47648.33867180243,47474.28388798717
100.0,1000,8,900,0.3807878792632495,47655.06020679965,47474.28388798717
100.0,1000,8,1000,0.4183477895451359,47672.89150523495,47474.28388798717
100.0,1000,8,1100,0.4189045518457426,47673.15582415012,47474.28388798717
100.0,1000,8,1200,0.4420817418438617,47684.15902912709,47474.28388798717
100.0,1000,8,1300,0.4465701724656584,47686.28987942259,47474.28388798717
100.0,1000,8,1400,0.3765466166102968,47653.04669772735,47474.28388798717
100.0,1000,8,1500,0.3658572626778761,47647.97200349568,47474.28388798717
100.0,1000,8,1600,0.359075318471022,47644.7523240498,47474.28388798717
100.0,1000,8,1700,0.3548492696979254,47642.74603765801,47474.28388798717
100.0,1000,8,1800,0.3264169595591382,47629.24800202681,47474.28388798717
100.0,1000,8,1900,0.3145062894547866,47623.59349668851,47474.28388798717
100.0,1000,8,2000,0.2945716541442513,47614.12967132915,47474.28388798717
100.0,1000,8,2100,0.3025380583693469,47617.91166468664,47474.28388798717
100.0,1000,8,2200,0.310215886459901,47621.55665859078,47474.28388798717
100.0,1000,8,2300,0.3513603808209923,47641.08971264804,47474.28388798717
100.0,1000,8,2400,0.3180615442659021,47625.28132845048,47474.28388798717
100.0,1000,8,2500,0.2963627433511719,47614.97997810393,47474.28388798717
100.0,1000,8,2600,0.2920428364368325,47612.92913323172,47474.28388798717
100.0,1000,8,2700,0.2979234748979645,47615.72092422919,47474.28388798717
100.0,1000,8,2800,0.2866307430823639,47610.35978066834,47474.28388798717
100.0,1000,8,2900,0.295365385756027,47614.50648972784,47474.28388798717
100.0,1000,8,3000,0.2771751083216078,47605.87078577861,47474.28388798717
100.0,1000,8,3100,0.280139201093483,47607.27796759583,47474.28388798717
100.0,1000,8,3200,0.2840056954153629,47609.11355808671,47474.28388798717
100.0,1000,8,3300,0.2752487084360275,47604.95624122811,47474.28388798717
100.0,1000,8,3400,0.2944356817788452,47614.06511942239,47474.28388798717
100.0,1000,8,3500,0.3089204082556412,47620.94163959038,47474.28388798717
100.0,1000,8,3600,0.31779484283212,47625.154713854674,47474.28388798717
100.0,1000,8,3700,0.3052264101079088,47619.18794042291,47474.28388798717
100.0,1000,8,3800,0.3077170014202021,47620.370330813,47474.28388798717
100.0,1000,8,3900,0.3145915468401294,47623.633972021664,47474.28388798717
100.0,1000,8,4000,0.3142277175385796,47623.46124666618,47474.28388798717
100.0,1000,8,4100,0.3119527461545984,47622.38122029298,47474.28388798717
100.0,1000,8,4200,0.2994704320793107,47616.455331073084,47474.28388798717
100.0,1000,8,4300,0.2918030284901985,47612.81528612635,47474.28388798717
100.0,1000,8,4400,0.3025330274749843,47617.90927630557,47474.28388798717
100.0,1000,8,4500,0.2841601899409579,47609.18690325639,47474.28388798717
100.0,1000,8,4600,0.2700563159666722,47602.49119008663,47474.28388798717
100.0,1000,8,4700,0.2630196144013418,47599.15056640915,47474.28388798717
100.0,1000,8,4800,0.2637506052106756,47599.49759906117,47474.28388798717
100.0,1000,8,4900,0.2553350222809339,47595.50236133028,47474.28388798717
100.0,1000,8,5000,0.262794421356698,47599.04365762384,47474.28388798717
100.0,1000,9,0,41.146232453523744,66767.99057569557,47304.12524307424
100.0,1000,9,100,4.050846801377288,49220.34288740282,47304.12524307424
100.0,1000,9,200,1.890904507184596,48198.601079379776,47304.12524307424
100.0,1000,9,300,0.4330407975616178,47508.9714043064,47304.12524307424
100.0,1000,9,400,0.0321838085504417,47319.34951217893,47304.12524307424
100.0,1000,9,500,0.1492650024101517,47374.733746758415,47304.12524307424
100.0,1000,9,600,0.1589007351277169,47379.29184583122,47304.12524307424
100.0,1000,9,700,0.135843198097308,47368.38467963639,47304.12524307424
100.0,1000,9,800,0.1927480789865714,47395.30303576167,47304.12524307424
100.0,1000,9,900,0.17920668495816,47388.89739777081,47304.12524307424
100.0,1000,9,1000,0.1769425797901758,47387.82638262651,47304.12524307424
100.0,1000,9,1100,0.1804224044504221,47389.47248324203,47304.12524307424
100.0,1000,9,1200,0.261499724504298,47427.825400264046,47304.12524307424
100.0,1000,9,1300,0.2722277245817733,47432.90018685677,47304.12524307424
100.0,1000,9,1400,0.2992724990246357,47445.69348083093,47304.12524307424
100.0,1000,9,1500,0.2736451823627136,47433.570702860736,47304.12524307424
100.0,1000,9,1600,0.2462135442337407,47420.59440640398,47304.12524307424
100.0,1000,9,1700,0.2102433222950023,47403.57900756787,47304.12524307424
100.0,1000,9,1800,0.2717698274939855,47432.68358264488,47304.12524307424
100.0,1000,9,1900,0.2562982337552556,47425.36488056561,47304.12524307424
100.0,1000,9,2000,0.2234879015956367,47409.84423994816,47304.12524307424
100.0,1000,9,2100,0.2414389027999334,47418.33580404022,47304.12524307424
100.0,1000,9,2200,0.2526678841087167,47423.64757542205,47304.12524307424
100.0,1000,9,2300,0.2260033239691774,47411.03413849813,47304.12524307424
100.0,1000,9,2400,0.2295782664641574,47412.72523377332,47304.12524307424
100.0,1000,9,2500,0.2516347773244884,47423.15887329495,47304.12524307424
100.0,1000,9,2600,0.2836543954160315,47438.30547353932,47304.12524307424
100.0,1000,9,2700,0.3323180407047842,47461.32538525456,47304.12524307424
100.0,1000,9,2800,0.3637755373258092,47476.206078854506,47304.12524307424
100.0,1000,9,2900,0.3964891533997481,47491.68096877366,47304.12524307424
100.0,1000,9,3000,0.3738299870416078,47480.96224834057,47304.12524307424
100.0,1000,9,3100,0.371795065707573,47479.99964660412,47304.12524307424
100.0,1000,9,3200,0.3796889579914017,47483.733783296615,47304.12524307424
100.0,1000,9,3300,0.380293695481143,47484.01984907616,47304.12524307424
100.0,1000,9,3400,0.382576461086788,47485.09969137725,47304.12524307424
100.0,1000,9,3500,0.3860765585862525,47486.75538188203,47304.12524307424
100.0,1000,9,3600,0.376713993782337,47482.32650250122,47304.12524307424
100.0,1000,9,3700,0.3550328408840192,47472.07042278006,47304.12524307424
100.0,1000,9,3800,0.3677928084569783,47478.10641382175,47304.12524307424
100.0,1000,9,3900,0.3814258922538177,47484.5554248555,47304.12524307424
100.0,1000,9,4000,0.3974676965668014,47492.14386005896,47304.12524307424
100.0,1000,9,4100,0.3850480674577421,47486.268863150486,47304.12524307424
100.0,1000,9,4200,0.3761065068797031,47482.039136135965,47304.12524307424
100.0,1000,9,4300,0.3810221142526268,47484.36442120411,47304.12524307424
100.0,1000,9,4400,0.3987073428273778,47492.73026387864,47304.12524307424
100.0,1000,9,4500,0.3904167154123338,47488.80845510279,47304.12524307424
100.0,1000,9,4600,0.383974621691021,47485.76107902058,47304.12524307424
100.0,1000,9,4700,0.3639557532568148,47476.29132842422,47304.12524307424
100.0,1000,9,4800,0.3570356797615394,47473.0178481911,47304.12524307424
100.0,1000,9,4900,0.3698777077017147,47479.09265717167,47304.12524307424
100.0,1000,9,5000,0.3753120264042213,47481.66331409681,47304.12524307424
100.0,1000,10,0,37.52623663462878,41388.716765444144,30095.14240937395
100.0,1000,10,100,5.777980623046789,31834.033906265915,30095.14240937395
100.0,1000,10,200,3.429975994776882,31127.398569609395,30095.14240937395
100.0,1000,10,300,1.039589288656548,30408.008286267737,30095.14240937395
100.0,1000,10,400,0.516424271438237,30250.56102929986,30095.14240937395
100.0,1000,10,500,0.649267872179728,30290.54050012476,30095.14240937395
100.0,1000,10,600,0.7680449309237867,30326.286625103443,30095.14240937395
100.0,1000,10,700,0.6689648634727192,30296.46833770474,30095.14240937395
100.0,1000,10,800,0.813455558126065,30339.95301802896,30095.14240937395
100.0,1000,10,900,0.9840177560632362,30391.28395439471,30095.14240937395
100.0,1000,10,1000,0.9565036065251602,30383.003531908496,30095.14240937395
100.0,1000,10,1100,0.907644944625118,30368.299448030364,30095.14240937395
100.0,1000,10,1200,0.7689786125381688,30326.56761791494,30095.14240937395
100.0,1000,10,1300,0.769528143132901,30326.73299993001,30095.14240937395
100.0,1000,10,1400,0.812916710041571,30339.79085093056,30095.14240937395
100.0,1000,10,1500,0.8365847227904973,30346.91377307281,30095.14240937395
100.0,1000,10,1600,0.7499650659960531,30320.84546400602,30095.14240937395
100.0,1000,10,1700,0.7691339720379947,30326.61437357766,30095.14240937395
100.0,1000,10,1800,0.7592384975094242,30323.636316426204,30095.14240937395
100.0,1000,10,1900,0.7431632846999767,30318.79845823859,30095.14240937395
100.0,1000,10,2000,0.70410466149367,30307.043709961512,30095.14240937395
100.0,1000,10,2100,0.696843149660357,30304.858347634203,30095.14240937395
100.0,1000,10,2200,0.7183411947154381,30311.32821490876,30095.14240937395
100.0,1000,10,2300,0.7096705359989126,30308.71876782019,30095.14240937395
100.0,1000,10,2400,0.6938447920547768,30303.95598764286,30095.14240937395
100.0,1000,10,2500,0.6819238378687259,30300.368359504013,30095.14240937395
100.0,1000,10,2600,0.685932008793275,30301.574624251767,30095.14240937395
100.0,1000,10,2700,0.7022054063959131,30306.472126435125,30095.14240937395
100.0,1000,10,2800,0.6924624044026018,30303.53995611029,30095.14240937395
100.0,1000,10,2900,0.6693291867327993,30296.57798130869,30095.14240937395
100.0,1000,10,3000,0.6725425432135483,30297.54504551769,30095.14240937395
100.0,1000,10,3100,0.6733640208808085,30297.79227039152,30095.14240937395
100.0,1000,10,3200,0.6918467886114037,30303.35468566124,30095.14240937395
100.0,1000,10,3300,0.7149475993927058,30310.306907563587,30095.14240937395
100.0,1000,10,3400,0.6988992917568034,30305.477146526267,30095.14240937395
100.0,1000,10,3500,0.700557653764294,30305.976232934085,30095.14240937395
100.0,1000,10,3600,0.6923654131838641,30303.51076646489,30095.14240937395
100.0,1000,10,3700,0.695609192733999,30304.486986539945,30095.14240937395
100.0,1000,10,3800,0.6970741792198824,30304.92787630915,30095.14240937395
100.0,1000,10,3900,0.7263634656197367,30313.742528761875,30095.14240937395
100.0,1000,10,4000,0.7487212147675893,30320.47112520745,30095.14240937395
100.0,1000,10,4100,0.7498396124903277,30320.807708594813,30095.14240937395
100.0,1000,10,4200,0.7561267750575388,30322.699839122924,30095.14240937395
100.0,1000,10,4300,0.7493126311327698,30320.649112804786,30095.14240937395
100.0,1000,10,4400,0.7278480241367499,30314.18930876172,30095.14240937395
100.0,1000,10,4500,0.716795480404099,30310.86302998552,30095.14240937395
100.0,1000,10,4600,0.7226659013329353,30312.629741524084,30095.14240937395
100.0,1000,10,4700,0.7252290353169972,30313.40112034673,30095.14240937395
100.0,1000,10,4800,0.7241876503463436,30313.087714056783,30095.14240937395
100.0,1000,10,4900,0.7235650139138727,30312.90033073573,30095.14240937395
100.0,1000,10,5000,0.7428037513110932,30318.6902561532,30095.14240937395
100.0,1000,11,0,52.56764091987143,43634.00463340689,28599.77670908832
100.0,1000,11,100,6.344566340279158,30414.308515568136,28599.77670908832
100.0,1000,11,200,3.1911681632904463,29512.443678200903,28599.77670908832
100.0,1000,11,300,0.9028195161724548,28857.981074799714,28599.77670908832
100.0,1000,11,400,0.2040690611280956,28658.14000490329,28599.77670908832
100.0,1000,11,500,0.1390627849127368,28639.548355058803,28599.77670908832
100.0,1000,11,600,0.377203929955562,28707.65619079352,28599.77670908832
100.0,1000,11,700,0.4911205542735822,28740.236090983,28599.77670908832
100.0,1000,11,800,0.5760509618532887,28764.52599790892,28599.77670908832
100.0,1000,11,900,0.6094910191072086,28774.08977961493,28599.77670908832
100.0,1000,11,1000,0.5269638204614431,28750.48718507797,28599.77670908832
100.0,1000,11,1100,0.4842362797902834,28738.26720385273,28599.77670908832
100.0,1000,11,1200,0.3982772930709383,28713.68312558961,28599.77670908832
100.0,1000,11,1300,0.4059873546636049,28715.888185989246,28599.77670908832
100.0,1000,11,1400,0.3352222793843004,28695.649532471347,28599.77670908832
100.0,1000,11,1500,0.3159828539372145,28690.14709975337,28599.77670908832
100.0,1000,11,1600,0.294584413631858,28684.02719360681,28599.77670908832
100.0,1000,11,1700,0.2484666815696948,28670.83762521373,28599.77670908832
100.0,1000,11,1800,0.2761551911556185,28678.756477129384,28599.77670908832
100.0,1000,11,1900,0.3239710645722923,28692.431710158053,28599.77670908832
100.0,1000,11,2000,0.3102989719500251,28688.521522196625,28599.77670908832
100.0,1000,11,2100,0.2968891182119623,28684.686333970523,28599.77670908832
100.0,1000,11,2200,0.2773002846326639,28679.08397130693,28599.77670908832
100.0,1000,11,2300,0.2699831606911023,28676.991290198115,28599.77670908832
100.0,1000,11,2400,0.2604242022166981,28674.25744941872,28599.77670908832
100.0,1000,11,2500,0.2431564491736245,28669.318910605725,28599.77670908832
100.0,1000,11,2600,0.2366574272105208,28667.460204836003,28599.77670908832
100.0,1000,11,2700,0.2388558753447684,28668.088956093463,28599.77670908832
100.0,1000,11,2800,0.2397852099191593,28668.35474370662,28599.77670908832
100.0,1000,11,2900,0.2312123539981929,28665.90292605563,28599.77670908832
100.0,1000,11,3000,0.2302720879878573,28665.634012076203,28599.77670908832
100.0,1000,11,3100,0.2207507140828953,28662.910920399747,28599.77670908832
100.0,1000,11,3200,0.2160853374615839,28661.576633103414,28599.77670908832
100.0,1000,11,3300,0.2183681240220105,28662.22950496244,28599.77670908832
100.0,1000,11,3400,0.2111490809292742,28660.164874757385,28599.77670908832
100.0,1000,11,3500,0.211555569986595,28660.28112972013,28599.77670908832
100.0,1000,11,3600,0.1965916941126927,28656.001494633165,28599.77670908832
100.0,1000,11,3700,0.187034756588488,28653.26823184101,28599.77670908832
100.0,1000,11,3800,0.1840749888458321,28652.421744875508,28599.77670908832
100.0,1000,11,3900,0.1853701738256877,28652.79216488772,28599.77670908832
100.0,1000,11,4000,0.1861287301780998,28653.00911031072,28599.77670908832
100.0,1000,11,4100,0.1914452920317131,28654.529635129453,28599.77670908832
100.0,1000,11,4200,0.1945814788681044,28655.42657756184,28599.77670908832
100.0,1000,11,4300,0.1969188781494028,28656.09506853709,28599.77670908832
100.0,1000,11,4400,0.2013292467009934,28657.35642409489,28599.77670908832
100.0,1000,11,4500,0.1991466187978282,28656.7321973882,28599.77670908832
100.0,1000,11,4600,0.192536081372715,28654.841598445342,28599.77670908832
100.0,1000,11,4700,0.1882486903087561,28653.61541417441,28599.77670908832
100.0,1000,11,4800,0.1873547964655277,28653.35976253123,28599.77670908832
100.0,1000,11,4900,0.1924516098802276,28654.81743978711,28599.77670908832
100.0,1000,11,5000,0.1936082924556885,28655.148248420926,28599.77670908832
100.0,1000,12,0,49.02951196260079,64422.76248673051,43228.19127455608
100.0,1000,12,100,5.649468547724071,45670.35434436213,43228.19127455608
100.0,1000,12,200,2.4434172402059726,44284.4363527878,43228.19127455608
100.0,1000,12,300,0.4966815167039585,43442.89771062224,43228.19127455608
100.0,1000,12,400,0.3874942413720467,43395.69802639428,43228.19127455608
100.0,1000,12,500,0.3351539850853324,43373.07228029307,43228.19127455608
100.0,1000,12,600,0.4103060905895482,43405.55917620729,43228.19127455608
100.0,1000,12,700,0.4842775207227225,43437.53568751378,43228.19127455608
100.0,1000,12,800,0.4196647112163155,43409.604738632486,43228.19127455608
100.0,1000,12,900,0.3796254964170031,43392.29651027421,43228.19127455608
100.0,1000,12,1000,0.4478986664360048,43421.809766799226,43228.19127455608
100.0,1000,12,1100,0.4550595424899911,43424.90528399678,43228.19127455608
100.0,1000,12,1200,0.4195465482937344,43409.5536589383,43228.19127455608
100.0,1000,12,1300,0.3578163681840429,43382.86881860635,43228.19127455608
100.0,1000,12,1400,0.381017062511109,43392.89805912708,43228.19127455608
100.0,1000,12,1500,0.3213452305772483,43367.10300548168,43228.19127455608
100.0,1000,12,1600,0.3658272425916932,43386.331774718055,43228.19127455608
100.0,1000,12,1700,0.2950359137141005,43355.72996366505,43228.19127455608
100.0,1000,12,1800,0.2889257353637434,43353.08864408054,43228.19127455608
100.0,1000,12,1900,0.2950728979304587,43355.74595127284,43228.19127455608
100.0,1000,12,2000,0.269156339430522,43344.5426917927,43228.19127455608
100.0,1000,12,2100,0.2782411696714151,43348.469899586205,43228.19127455608
100.0,1000,12,2200,0.3248700698117729,43368.6267297281,43228.19127455608
100.0,1000,12,2300,0.3187439762477956,43365.97853028461,43228.19127455608
100.0,1000,12,2400,0.3081127106969056,43361.38282647736,43228.19127455608
100.0,1000,12,2500,0.2964960719392173,43356.36116365552,43228.19127455608
100.0,1000,12,2600,0.3152123025099216,43364.451851606005,43228.19127455608
100.0,1000,12,2700,0.3320155225242725,43371.71557969409,43228.19127455608
100.0,1000,12,2800,0.3457768629680983,43377.66435826309,43228.19127455608
100.0,1000,12,2900,0.3398435741679613,43375.0995048317,43228.19127455608
100.0,1000,12,3000,0.3282022850952633,43370.06718612453,43228.19127455608
100.0,1000,12,3100,0.3229156746586903,43367.781880053066,43228.19127455608
100.0,1000,12,3200,0.3099962042191295,43362.19702665979,43228.19127455608
100.0,1000,12,3300,0.3247157157929208,43368.56000527759,43228.19127455608
100.0,1000,12,3400,0.3257040080994995,43368.98722616623,43228.19127455608
100.0,1000,12,3500,0.3524038953191702,43380.52910448364,43228.19127455608
100.0,1000,12,3600,0.3628371675322102,43385.03921935209,43228.19127455608
100.0,1000,12,3700,0.3432421519963214,43376.56864855596,43228.19127455608
100.0,1000,12,3800,0.3335272891050976,43372.36908904328,43228.19127455608
100.0,1000,12,3900,0.3932990037133099,43398.2073201622,43228.19127455608
100.0,1000,12,4000,0.3749098789688018,43390.25803414392,43228.19127455608
100.0,1000,12,4100,0.3698155103077736,43388.0558307149,43228.19127455608
100.0,1000,12,4200,0.385349394489657,43394.77084788142,43228.19127455608
100.0,1000,12,4300,0.4151684707969538,43407.66109522384,43228.19127455608
100.0,1000,12,4400,0.4162063597172656,43408.10975583153,43228.19127455608
100.0,1000,12,4500,0.429016404609875,43413.647306540064,43228.19127455608
100.0,1000,12,4600,0.4312287781901839,43414.60367562307,43228.19127455608
100.0,1000,12,4700,0.435454069484128,43416.43019262552,43228.19127455608
100.0,1000,12,4800,0.4350522603673183,43416.25649781195,43228.19127455608
100.0,1000,12,4900,0.4304107648442866,43414.25006324925,43228.19127455608
100.0,1000,12,5000,0.4507872937602369,43423.05846814416,43228.19127455608
100.0,1000,13,0,45.623027358157785,51614.804471561874,35444.12268302594
100.0,1000,13,100,5.557943742695515,37414.0870818405,35444.12268302594
100.0,1000,13,200,2.760942359872731,36422.71448026686,35444.12268302594
100.0,1000,13,300,0.609493511229216,35660.152310891106,35444.12268302594
100.0,1000,13,400,0.0609748803982012,35465.73469444011,35444.12268302594
100.0,1000,13,500,0.3508769129035333,35568.48792650188,35444.12268302594
100.0,1000,13,600,0.28711887271228,35545.8894485162,35444.12268302594
100.0,1000,13,700,0.2686670328068881,35539.34935574286,35444.12268302594
100.0,1000,13,800,0.1897989301705741,35511.39524868667,35444.12268302594
100.0,1000,13,900,0.1692119056376158,35504.09835845442,35444.12268302594
100.0,1000,13,1000,0.1760210656843959,35506.51180549509,35444.12268302594
100.0,1000,13,1100,0.1550640444113745,35499.08377316437,35444.12268302594
100.0,1000,13,1200,0.2439182918346206,35530.577381630144,35444.12268302594
100.0,1000,13,1300,0.2610646416702069,35536.65475490153,35444.12268302594
100.0,1000,13,1400,0.2917700991313429,35547.53803491444,35444.12268302594
100.0,1000,13,1500,0.3465591429742375,35566.95753083097,35444.12268302594
100.0,1000,13,1600,0.3176559068132888,35556.71303234672,35444.12268302594
100.0,1000,13,1700,0.3414519529740451,35565.14733214165,35444.12268302594
100.0,1000,13,1800,0.3760819790545756,35577.4216410708,35444.12268302594
100.0,1000,13,1900,0.4035660935350877,35587.16314432561,35444.12268302594
100.0,1000,13,2000,0.4082675955371707,35588.829550463175,35444.12268302594
100.0,1000,13,2100,0.4074151094405089,35588.52739424522,35444.12268302594
100.0,1000,13,2200,0.4049418909836465,35587.65078366115,35444.12268302594
100.0,1000,13,2300,0.3806666141263495,35579.046624750205,35444.12268302594
100.0,1000,13,2400,0.3429018912097218,35565.66125002873,35444.12268302594
100.0,1000,13,2500,0.3185242784671837,35557.02081906107,35444.12268302594
100.0,1000,13,2600,0.3090546991299446,35553.664409743214,35444.12268302594
100.0,1000,13,2700,0.2936106721316214,35548.19040986673,35444.12268302594
100.0,1000,13,2800,0.3047109974838369,35552.12482280278,35444.12268302594
100.0,1000,13,2900,0.327388767030579,35560.162759262705,35444.12268302594
100.0,1000,13,3000,0.3322736877072962,35561.89417654033,35444.12268302594
100.0,1000,13,3100,0.3425730103529935,35565.54468109439,35444.12268302594
100.0,1000,13,3200,0.3400087627711907,35564.6358060356,35444.12268302594
100.0,1000,13,3300,0.3428003950580835,35565.625275608225,35444.12268302594
100.0,1000,13,3400,0.3385104823475041,35564.10475368409,35444.12268302594
100.0,1000,13,3500,0.3145671847282851,35555.618261901574,35444.12268302594
100.0,1000,13,3600,0.2922805244157052,35547.718950678434,35444.12268302594
100.0,1000,13,3700,0.2755720740424345,35541.7967870297,35444.12268302594
100.0,1000,13,3800,0.2511238836434911,35533.13134043092,35444.12268302594
100.0,1000,13,3900,0.2607422965962011,35536.54050251804,35444.12268302594
100.0,1000,13,4000,0.2635101105066951,35537.52152987611,35444.12268302594
100.0,1000,13,4100,0.2651225146249229,35538.09303236992,35444.12268302594
100.0,1000,13,4200,0.2731502423048617,35540.93839001746,35444.12268302594
100.0,1000,13,4300,0.2718781241104724,35540.487498883966,35444.12268302594
100.0,1000,13,4400,0.2754420595735801,35541.75070454185,35444.12268302594
100.0,1000,13,4500,0.2777673728140551,35542.57489141957,35444.12268302594
100.0,1000,13,4600,0.2697888483833009,35539.74697343204,35444.12268302594
100.0,1000,13,4700,0.2900835123113588,35546.94023901281,35444.12268302594
100.0,1000,13,4800,0.3207024252139359,35557.79284406621,35444.12268302594
100.0,1000,13,4900,0.3182503385424521,35556.92372345807,35444.12268302594
100.0,1000,13,5000,0.3185901737764295,35557.04417507532,35444.12268302594
100.0,1000,14,0,40.09767258821176,50354.34055225719,35942.31054805842
100.0,1000,14,100,4.87181288381742,37693.3526640804,35942.31054805842
100.0,1000,14,200,2.428913946239384,36815.31834156088,35942.31054805842
100.0,1000,14,300,0.6704080235236521,36183.27068181239,35942.31054805842
100.0,1000,14,400,0.0593445764827414,35963.64036003128,35942.31054805842
100.0,1000,14,500,0.2319678038611021,36025.68513649369,35942.31054805842
100.0,1000,14,600,0.3485962259504486,36067.60408614834,35942.31054805842
100.0,1000,14,700,0.2549037025400117,36033.92882842385,35942.31054805842
100.0,1000,14,800,0.3003148339153506,36050.25063828616,35942.31054805842
100.0,1000,14,900,0.2507777752992824,36032.445874842,35942.31054805842
100.0,1000,14,1000,0.2523478790321336,36033.01020640159,35942.31054805842
100.0,1000,14,1100,0.22834087292374,36024.38153371282,35942.31054805842
100.0,1000,14,1200,0.2717245470922647,36039.97462860963,35942.31054805842
100.0,1000,14,1300,0.3148769786918832,36055.4846095842,35942.31054805842
100.0,1000,14,1400,0.3567578106039755,36070.53754825016,35942.31054805842
100.0,1000,14,1500,0.3431375132227147,36065.64209866781,35942.31054805842
100.0,1000,14,1600,0.332011012931676,36061.64297738008,35942.31054805842
100.0,1000,14,1700,0.3582046264536868,36071.05756729592,35942.31054805842
100.0,1000,14,1800,0.3363312996690903,36063.195788255805,35942.31054805842
100.0,1000,14,1900,0.3701072397041671,36075.33564151374,35942.31054805842
100.0,1000,14,2000,0.3446326554701007,36066.179487337504,35942.31054805842
100.0,1000,14,2100,0.3293510084879512,36060.68691032232,35942.31054805842
100.0,1000,14,2200,0.3226001514934155,36058.26049633669,35942.31054805842
100.0,1000,14,2300,0.3357566567113831,36062.98924829941,35942.31054805842
100.0,1000,14,2400,0.3495894120054619,36067.96106016456,35942.31054805842
100.0,1000,14,2500,0.3282487619914783,36060.290737463554,35942.31054805842
100.0,1000,14,2600,0.310897193059217,36054.05418267296,35942.31054805842
100.0,1000,14,2700,0.3128830412641122,36054.76794240178,35942.31054805842
100.0,1000,14,2800,0.2984845791535814,36049.592802435865,35942.31054805842
100.0,1000,14,2900,0.3013706947216604,36050.63013905612,35942.31054805842
100.0,1000,14,3000,0.3098472931106941,36053.67682437302,35942.31054805842
100.0,1000,14,3100,0.3232872194550638,36058.50744443714,35942.31054805842
100.0,1000,14,3200,0.3312639142478092,36061.37445285102,35942.31054805842
100.0,1000,14,3300,0.3220248846414181,36058.053732138265,35942.31054805842
100.0,1000,14,3400,0.3224041547947205,36058.19005059458,35942.31054805842
100.0,1000,14,3500,0.3354086728684136,36062.86417486591,35942.31054805842
100.0,1000,14,3600,0.3478897670834487,36067.35016850847,35942.31054805842
100.0,1000,14,3700,0.3377375791072535,36063.70123757864,35942.31054805842
100.0,1000,14,3800,0.3336732662269119,36062.240429621546,35942.31054805842
100.0,1000,14,3900,0.3391538115019512,36064.21026422403,35942.31054805842
100.0,1000,14,4000,0.3338673569729523,36062.31019032023,35942.31054805842
100.0,1000,14,4100,0.3280483903230815,36060.21871925625,35942.31054805842
100.0,1000,14,4200,0.3329688335367979,36061.98724023646,35942.31054805842
100.0,1000,14,4300,0.3357912186484798,36063.00167065817,35942.31054805842
100.0,1000,14,4400,0.3373437907802536,36063.55970095525,35942.31054805842
100.0,1000,14,4500,0.3453239468279354,36066.42795342413,35942.31054805842
100.0,1000,14,4600,0.3489289748793089,36067.7236838017,35942.31054805842
100.0,1000,14,4700,0.34588979591643,36066.63133266075,35942.31054805842
100.0,1000,14,4800,0.3402231467487028,36064.594608019215,35942.31054805842
100.0,1000,14,4900,0.3600849438701458,36071.73339682103,35942.31054805842
100.0,1000,14,5000,0.363077785666796,36072.809093313794,35942.31054805842
100.0,1000,15,0,46.40364654936029,49386.62299890918,33733.19187255242
100.0,1000,15,100,5.0803255696891245,35446.947844726,33733.19187255242
100.0,1000,15,200,2.6041269337671897,34611.647007724925,33733.19187255242
100.0,1000,15,300,0.6415724580950498,33949.61474084308,33733.19187255242
100.0,1000,15,400,0.114129670704662,33771.69145335474,33733.19187255242
100.0,1000,15,500,0.3572950553392628,33853.71889912116,33733.19187255242
100.0,1000,15,600,0.3292613562174867,33844.26223760744,33733.19187255242
100.0,1000,15,700,0.2861991198974667,33829.73597080499,33733.19187255242
100.0,1000,15,800,0.204803020537862,33802.27846843124,33733.19187255242
100.0,1000,15,900,0.2327246265916002,33811.69731737525,33733.19187255242
100.0,1000,15,1000,0.2666244252426218,33823.13280149861,33733.19187255242
100.0,1000,15,1100,0.3249366389856967,33842.80337244569,33733.19187255242
100.0,1000,15,1200,0.3632639429392301,33855.73239542791,33733.19187255242
100.0,1000,15,1300,0.3436731380916901,33849.123791639315,33733.19187255242
100.0,1000,15,1400,0.3211800592055654,33841.536158180614,33733.19187255242
100.0,1000,15,1500,0.3214885542389766,33841.64022340215,33733.19187255242
100.0,1000,15,1600,0.2985551147636639,33833.90404226097,33733.19187255242
100.0,1000,15,1700,0.2632205969255034,33821.98458156138,33733.19187255242
100.0,1000,15,1800,0.2562928808050356,33819.64764179008,33733.19187255242
100.0,1000,15,1900,0.2437624603458279,33815.420731014136,33733.19187255242
100.0,1000,15,2000,0.2285753525205168,33810.29763479153,33733.19187255242
100.0,1000,15,2100,0.232395179152114,33811.58618423837,33733.19187255242
100.0,1000,15,2200,0.2087239808568735,33803.6011334989,33733.19187255242
100.0,1000,15,2300,0.2006404934515416,33800.87431518247,33733.19187255242
100.0,1000,15,2400,0.1929628945464176,33798.2844160126,33733.19187255242
100.0,1000,15,2500,0.2011692141532307,33801.05266955124,33733.19187255242
100.0,1000,15,2600,0.1999759654174214,33800.65014866567,33733.19187255242
100.0,1000,15,2700,0.1920739615928737,33797.98455055376,33733.19187255242
100.0,1000,15,2800,0.2158569735747947,33806.00731961869,33733.19187255242
100.0,1000,15,2900,0.2131557555145348,33805.09611254753,33733.19187255242
100.0,1000,15,3000,0.2028658788839733,33801.62500872029,33733.19187255242
100.0,1000,15,3100,0.2050852505352441,33802.37367361778,33733.19187255242
100.0,1000,15,3200,0.1977212148511712,33799.88954933091,33733.19187255242
100.0,1000,15,3300,0.2084189107643058,33803.49822361923,33733.19187255242
100.0,1000,15,3400,0.218083728864226,33806.75847525301,33733.19187255242
100.0,1000,15,3500,0.2156501247931868,33805.93754292231,33733.19187255242
100.0,1000,15,3600,0.2095102207871075,33803.866357323146,33733.19187255242
100.0,1000,15,3700,0.2120910775206586,33804.73696267703,33733.19187255242
100.0,1000,15,3800,0.2022130192731397,33801.40477833511,33733.19187255242
100.0,1000,15,3900,0.2107492636442403,33804.284326027526,33733.19187255242
100.0,1000,15,4000,0.2086163023278154,33803.56481009409,33733.19187255242
100.0,1000,15,4100,0.207779803528258,33803.28263234902,33733.19187255242
100.0,1000,15,4200,0.2142640360905713,33805.46997096073,33733.19187255242
100.0,1000,15,4300,0.2240175806349677,33808.760152856266,33733.19187255242
100.0,1000,15,4400,0.21197504552059,33804.697821379814,33733.19187255242
100.0,1000,15,4500,0.2125297319052692,33804.88493480225,33733.19187255242
100.0,1000,15,4600,0.209223679598845,33803.76969783432,33733.19187255242
100.0,1000,15,4700,0.2302816425675251,33810.87322088699,33733.19187255242
100.0,1000,15,4800,0.2310003189642562,33811.11565337484,33733.19187255242
100.0,1000,15,4900,0.2293992851031438,33810.57557355053,33733.19187255242
100.0,1000,15,5000,0.2225628455104737,33808.26942426548,33733.19187255242
100.0,1000,16,0,35.29012764737126,48600.28586547138,35923.009838638216
100.0,1000,16,100,4.339545979137133,37481.90536767588,35923.009838638216
100.0,1000,16,200,2.81785872126912,36935.26950431865,35923.009838638216
100.0,1000,16,300,0.6162378136658654,36144.381009070814,35923.009838638216
100.0,1000,16,400,0.165897033000165,35982.605046124874,35923.009838638216
100.0,1000,16,500,0.241585698101009,36009.794692735784,35923.009838638216
100.0,1000,16,600,0.3174005699921758,36037.0296766244,35923.009838638216
100.0,1000,16,700,0.364325537548206,36053.88653733633,35923.009838638216
100.0,1000,16,800,0.3618961738296282,36053.01383676869,35923.009838638216
100.0,1000,16,900,0.3409675698598744,36045.49565230554,35923.009838638216
100.0,1000,16,1000,0.295193482555134,36029.05222241952,35923.009838638216
100.0,1000,16,1100,0.2562207039763772,36015.05202733628,35923.009838638216
100.0,1000,16,1200,0.2805645538124368,36023.79707090799,35923.009838638216
100.0,1000,16,1300,0.3488413606376179,36048.32415494131,35923.009838638216
100.0,1000,16,1400,0.3058373350812655,36032.87581460969,35923.009838638216
100.0,1000,16,1500,0.3436188310825377,36046.44806513541,35923.009838638216
100.0,1000,16,1600,0.3618168304530209,36052.9853342397,35923.009838638216
100.0,1000,16,1700,0.3882503154036886,36062.48103763923,35923.009838638216
100.0,1000,16,1800,0.417673358534791,36073.05068031804,35923.009838638216
100.0,1000,16,1900,0.3799814173624082,36059.51060058231,35923.009838638216
100.0,1000,16,2000,0.3469856508485499,36047.6575281312,35923.009838638216
100.0,1000,16,2100,0.3349894121589107,36043.34811812646,35923.009838638216
100.0,1000,16,2200,0.342223222819071,36045.946720641616,35923.009838638216
100.0,1000,16,2300,0.3226600115908147,36038.919026347336,35923.009838638216
100.0,1000,16,2400,0.3084770183741552,36033.8240682987,35923.009838638216
100.0,1000,16,2500,0.301765351970716,36031.41303571626,35923.009838638216
100.0,1000,16,2600,0.2790196821918422,36023.24210652373,35923.009838638216
100.0,1000,16,2700,0.2673365599537184,36019.04517737267,35923.009838638216
100.0,1000,16,2800,0.272129536895578,36020.766958951055,35923.009838638216
100.0,1000,16,2900,0.2547286969567111,36014.51605350781,35923.009838638216
100.0,1000,16,3000,0.232829527693057,36006.64921277865,35923.009838638216
100.0,1000,16,3100,0.2226826164196328,36003.00413684358,35923.009838638216
100.0,1000,16,3200,0.2249717311414085,36003.8264557503,35923.009838638216
100.0,1000,16,3300,0.2165905135402325,36000.81567012683,35923.009838638216
100.0,1000,16,3400,0.2127004276172771,35999.418234178,35923.009838638216
100.0,1000,16,3500,0.213161432294775,35999.58384093365,35923.009838638216
100.0,1000,16,3600,0.2306888992745776,36005.88023462127,35923.009838638216
100.0,1000,16,3700,0.2310716042679882,36006.017713773705,35923.009838638216
100.0,1000,16,3800,0.220132558673595,36002.08807934858,35923.009838638216
100.0,1000,16,3900,0.2350162502052853,36007.43474932186,35923.009838638216
100.0,1000,16,4000,0.2307130735311795,36005.888918741846,35923.009838638216
100.0,1000,16,4100,0.2275643905715327,36004.757817052465,35923.009838638216
100.0,1000,16,4200,0.2450760442517417,36011.048530126915,35923.009838638216
100.0,1000,16,4300,0.250808012087316,36013.10762549644,35923.009838638216
100.0,1000,16,4400,0.2614300026450504,36016.92336420955,35923.009838638216
100.0,1000,16,4500,0.2493541146111882,36012.58534176304,35923.009838638216
100.0,1000,16,4600,0.2394799449038662,36009.0382428076,35923.009838638216
100.0,1000,16,4700,0.2476937305284581,36011.988881825644,35923.009838638216
100.0,1000,16,4800,0.2613873555682814,36016.908044095966,35923.009838638216
100.0,1000,16,4900,0.2784485614900145,36023.03694277782,35923.009838638216
100.0,1000,16,5000,0.2743725266807877,36021.57270839228,35923.009838638216
100.0,1000,17,0,47.34147174909215,52385.8083052316,35554.01455093337
100.0,1000,17,100,4.634700797904362,37201.83674701251,35554.01455093337
100.0,1000,17,200,2.568227701353148,36467.12260157357,35554.01455093337
100.0,1000,17,300,0.7003475256886255,35803.0162121238,35554.01455093337
100.0,1000,17,400,0.128805631511066,35599.81012390323,35554.01455093337
100.0,1000,17,500,0.2606300526777695,35646.67899778653,35554.01455093337
100.0,1000,17,600,0.4084299786281107,35699.22780496518,35554.01455093337
100.0,1000,17,700,0.5472811121560607,35748.59495718384,35554.01455093337
100.0,1000,17,800,0.5449682550177479,35747.772643620345,35554.01455093337
100.0,1000,17,900,0.518659867805071,35738.418955802634,35554.01455093337
100.0,1000,17,1000,0.4284878440347449,35706.35918135046,35554.01455093337
100.0,1000,17,1100,0.3909198396339178,35693.002247599296,35554.01455093337
100.0,1000,17,1200,0.426376317351085,35705.608448846106,35554.01455093337
100.0,1000,17,1300,0.4085365695879506,35699.26570233055,35554.01455093337
100.0,1000,17,1400,0.4010698219392262,35696.61097378504,35554.01455093337
100.0,1000,17,1500,0.4051834300023695,35698.07352659438,35554.01455093337
100.0,1000,17,1600,0.458586737034834,35717.06054614738,35554.01455093337
100.0,1000,17,1700,0.4264329172945373,35705.62857239824,35554.01455093337
100.0,1000,17,1800,0.4165891678881304,35702.128724301925,35554.01455093337
100.0,1000,17,1900,0.4214841261077252,35703.86907845958,35554.01455093337
100.0,1000,17,2000,0.4474874375774852,35713.114299603265,35554.01455093337
100.0,1000,17,2100,0.432248339066262,35707.69618830115,35554.01455093337
100.0,1000,17,2200,0.4551349871346834,35715.83331048562,35554.01455093337
100.0,1000,17,2300,0.4436100052011257,35711.73571673197,35554.01455093337
100.0,1000,17,2400,0.3894588910446337,35692.48282172528,35554.01455093337
100.0,1000,17,2500,0.3948975755856074,35694.41649241836,35554.01455093337
100.0,1000,17,2600,0.4233779684185379,35704.54241543034,35554.01455093337
100.0,1000,17,2700,0.463267336511094,35718.72468716624,35554.01455093337
100.0,1000,17,2800,0.4784767838394589,35724.132256282486,35554.01455093337
100.0,1000,17,2900,0.4710420272689717,35721.48890184959,35554.01455093337
100.0,1000,17,3000,0.4622298682072132,35718.35582553452,35554.01455093337
100.0,1000,17,3100,0.4418537302686844,35711.11129048694,35554.01455093337
100.0,1000,17,3200,0.4276308138968805,35706.05447273054,35554.01455093337
100.0,1000,17,3300,0.4141940155650362,35701.277151496455,35554.01455093337
100.0,1000,17,3400,0.4254568267142167,35705.28153301128,35554.01455093337
100.0,1000,17,3500,0.4078446462850366,35699.01969581875,35554.01455093337
100.0,1000,17,3600,0.4077010932870633,35698.968656964964,35554.01455093337
100.0,1000,17,3700,0.4041393381223493,35697.70231001543,35554.01455093337
100.0,1000,17,3800,0.4069341216392372,35698.695967753694,35554.01455093337
100.0,1000,17,3900,0.4020196337732392,35696.94867002271,35554.01455093337
100.0,1000,17,4000,0.4088804112834963,35699.38795185702,35554.01455093337
100.0,1000,17,4100,0.3913407033018531,35693.15188152903,35554.01455093337
100.0,1000,17,4200,0.3695980542262828,35685.421496912946,35554.01455093337
100.0,1000,17,4300,0.3546043240246151,35680.09062389532,35554.01455093337
100.0,1000,17,4400,0.3565212481433225,35680.77216737541,35554.01455093337
100.0,1000,17,4500,0.3470918052940271,35677.4196218927,35554.01455093337
100.0,1000,17,4600,0.3381158844812612,35674.22832170085,35554.01455093337
100.0,1000,17,4700,0.3417385762894555,35675.51633407347,35554.01455093337
100.0,1000,17,4800,0.3447144143371326,35676.57436396596,35554.01455093337
100.0,1000,17,4900,0.3622404380831784,35682.805568998825,35554.01455093337
100.0,1000,17,5000,0.3634118864957905,35683.2220659379,35554.01455093337
100.0,1000,18,0,34.12923960588457,40431.563548976446,30143.735749026506
100.0,1000,18,100,7.047038790835091,32267.97650026723,30143.735749026506
100.0,1000,18,200,3.5697878274782786,31219.803158542472,30143.735749026506
100.0,1000,18,300,0.7587481130880233,30372.450775236484,30143.735749026506
100.0,1000,18,400,0.0596440612063888,30161.714697226547,30143.735749026506
100.0,1000,18,500,0.2446011642008048,30217.46767760224,30143.735749026506
100.0,1000,18,600,0.3121231029697139,30237.82131239736,30143.735749026506
100.0,1000,18,700,0.4872648128384265,30290.61556660651,30143.735749026506
100.0,1000,18,800,0.5249181341293343,30301.965684277173,30143.735749026506
100.0,1000,18,900,0.5453358976965833,30308.120360972745,30143.735749026506
100.0,1000,18,1000,0.5509544026363385,30309.81398825483,30143.735749026506
100.0,1000,18,1100,0.474222491949148,30286.684123862105,30143.735749026506
100.0,1000,18,1200,0.4418771212852554,30276.93402080214,30143.735749026506
100.0,1000,18,1300,0.4657126844923497,30284.118949989577,30143.735749026506
100.0,1000,18,1400,0.4009389303169682,30264.593720696223,30143.735749026506
100.0,1000,18,1500,0.4144492726805996,30268.666242597108,30143.735749026506
100.0,1000,18,1600,0.4199572010232504,30270.32653796196,30143.735749026506
100.0,1000,18,1700,0.4282262457469489,30272.819136952443,30143.735749026506
100.0,1000,18,1800,0.3912587018162005,30261.675738197053,30143.735749026506
100.0,1000,18,1900,0.3731298294044374,30256.211018802973,30143.735749026506
100.0,1000,18,2000,0.3447583432050035,30247.658792974944,30143.735749026506
100.0,1000,18,2100,0.3497069476878122,30249.150487233503,30143.735749026506
100.0,1000,18,2200,0.3377920195339399,30245.55888277612,30143.735749026506
100.0,1000,18,2300,0.3308616408858238,30243.46980775002,30143.735749026506
100.0,1000,18,2400,0.3715490123691546,30255.73450149318,30143.735749026506
100.0,1000,18,2500,0.3826829267126608,30259.09067921141,30143.735749026506
100.0,1000,18,2600,0.3721175375082975,30255.90587620879,30143.735749026506
100.0,1000,18,2700,0.3820376133770481,30258.89615766477,30143.735749026506
100.0,1000,18,2800,0.3960707842179302,30263.126279600256,30143.735749026506
100.0,1000,18,2900,0.3848484275763138,30259.7434420694,30143.735749026506
100.0,1000,18,3000,0.3855988556281328,30259.96964911832,30143.735749026506
100.0,1000,18,3100,0.3980317877540425,30263.71739932421,30143.735749026506
100.0,1000,18,3200,0.4033026156747289,30265.306223764408,30143.735749026506
100.0,1000,18,3300,0.3811900717485296,30258.640676955907,30143.735749026506
100.0,1000,18,3400,0.403854600516608,30265.47261261652,30143.735749026506
100.0,1000,18,3500,0.4571139997092895,30281.52698517068,30143.735749026506
100.0,1000,18,3600,0.4577241965285889,30281.71092128744,30143.735749026506
100.0,1000,18,3700,0.4894151204257073,30291.26374964341,30143.735749026506
100.0,1000,18,3800,0.4800392192054327,30288.43750275548,30143.735749026506
100.0,1000,18,3900,0.4873925286336441,30290.65406491833,30143.735749026506
100.0,1000,18,4000,0.4836414631072845,30289.52335363829,30143.735749026506
100.0,1000,18,4100,0.4996450266781527,30294.34742555152,30143.735749026506
100.0,1000,18,4200,0.4997636934250124,30294.38319614212,30143.735749026506
100.0,1000,18,4300,0.5261128184775548,30302.32580677013,30143.735749026506
100.0,1000,18,4400,0.544981761689838,30308.01361115068,30143.735749026506
100.0,1000,18,4500,0.5495697413989035,30309.3965996304,30143.735749026506
100.0,1000,18,4600,0.5334006540363543,30304.522632662804,30143.735749026506
100.0,1000,18,4700,0.5244988109475613,30301.839284605325,30143.735749026506
100.0,1000,18,4800,0.505171749833921,30296.013386375176,30143.735749026506
100.0,1000,18,4900,0.4965181189303447,30293.404858742902,30143.735749026506
100.0,1000,18,5000,0.5098636258241659,30297.427693075348,30143.735749026506
100.0,1000,19,0,51.68834984322061,57847.952804168,38136.05518417036
100.0,1000,19,100,4.408647883906308,39817.33957405263,38136.05518417036
100.0,1000,19,200,2.5753927337147275,39118.20837830892,38136.05518417036
100.0,1000,19,300,0.6867039821464578,38397.936993753625,38136.05518417036
100.0,1000,19,400,0.253526806863174,38232.74030714236,38136.05518417036
100.0,1000,19,500,0.3614829633157707,38273.91052654183,38136.05518417036
100.0,1000,19,600,0.4528049393664565,38308.7371257238,38136.05518417036
100.0,1000,19,700,0.5101989148274357,38330.62492387799,38136.05518417036
100.0,1000,19,800,0.5241877116278921,38335.95969914541,38136.05518417036
100.0,1000,19,900,0.4818064477366208,38319.797156960085,38136.05518417036
100.0,1000,19,1000,0.5210197477744163,38334.75156270203,38136.05518417036
100.0,1000,19,1100,0.5106008314911018,38330.77819903864,38136.05518417036
100.0,1000,19,1200,0.4606784139268612,38311.739758327065,38136.05518417036
100.0,1000,19,1300,0.3884239871350597,38284.18477025274,38136.05518417036
100.0,1000,19,1400,0.3645306559953106,38275.072796303946,38136.05518417036
100.0,1000,19,1500,0.3583002340833153,38272.69675916538,38136.05518417036
100.0,1000,19,1600,0.3732441615078887,38278.3957835747,38136.05518417036
100.0,1000,19,1700,0.3544650005111487,38271.23415237386,38136.05518417036
100.0,1000,19,1800,0.3747271570294961,38278.9613395652,38136.05518417036
100.0,1000,19,1900,0.4002526102324248,38288.69574048468,38136.05518417036
100.0,1000,19,2000,0.3811071521082114,38281.39441800917,38136.05518417036
100.0,1000,19,2100,0.369101124583671,38276.81579272698,38136.05518417036
100.0,1000,19,2200,0.3372641809474999,38264.674438332935,38136.05518417036
100.0,1000,19,2300,0.3648612234038814,38275.1988616733,38136.05518417036
100.0,1000,19,2400,0.3639227359425934,38274.840959577166,38136.05518417036
100.0,1000,19,2500,0.363571084745298,38274.70685368251,38136.05518417036
100.0,1000,19,2600,0.37301590878408,38278.30873698999,38136.05518417036
100.0,1000,19,2700,0.3726836171893715,38278.18201408406,38136.05518417036
100.0,1000,19,2800,0.3888155731277155,38284.33410570299,38136.05518417036
100.0,1000,19,2900,0.3830842796892988,38282.14841647455,38136.05518417036
100.0,1000,19,3000,0.3638799386663423,38274.82463838428,38136.05518417036
100.0,1000,19,3100,0.3531248915637515,38270.72308768615,38136.05518417036
100.0,1000,19,3200,0.3460173580726834,38268.01255479176,38136.05518417036
100.0,1000,19,3300,0.3377657414635523,38264.86571372812,38136.05518417036
100.0,1000,19,3400,0.3238675607983567,38259.56549588005,38136.05518417036
100.0,1000,19,3500,0.333864655998659,38263.377993622446,38136.05518417036
100.0,1000,19,3600,0.340414644612704,38265.875900894855,38136.05518417036
100.0,1000,19,3700,0.3466786420374107,38268.26474240948,38136.05518417036
100.0,1000,19,3800,0.3478952776755458,38268.72871924783,38136.05518417036
100.0,1000,19,3900,0.3405203821858587,38265.9162250341,38136.05518417036
100.0,1000,19,4000,0.335802212513743,38264.11690124426,38136.05518417036
100.0,1000,19,4100,0.341294524813637,38266.21145249384,38136.05518417036
100.0,1000,19,4200,0.3674602060376043,38276.19001112472,38136.05518417036
100.0,1000,19,4300,0.3796848094169794,38280.85199261553,38136.05518417036
100.0,1000,19,4400,0.3813985598753845,38281.505549436064,38136.05518417036
100.0,1000,19,4500,0.3770624706735394,38279.85193606521,38136.05518417036
100.0,1000,19,4600,0.367772072809952,38276.30894480913,38136.05518417036
100.0,1000,19,4700,0.3525330028812823,38270.497364691575,38136.05518417036
100.0,1000,19,4800,0.3581830701653139,38272.65207746896,38136.05518417036
100.0,1000,19,4900,0.3548113182968061,38271.36622431571,38136.05518417036
100.0,1000,19,5000,0.3480582442224841,38268.7908682601,38136.05518417036
100.0,1000,20,0,51.23788466049336,58140.70073793333,38443.21207510313
100.0,1000,20,100,5.309933923332175,40484.521234297565,38443.21207510313
100.0,1000,20,200,1.9885450576729,39207.67266883331,38443.21207510313
100.0,1000,20,300,0.4605824209193169,38620.27475195779,38443.21207510313
100.0,1000,20,400,0.1673560055248117,38507.54909922746,38443.21207510313
100.0,1000,20,500,0.1343293729086984,38494.85260080958,38443.21207510313
100.0,1000,20,600,0.1922602321980628,38517.12308390312,38443.21207510313
100.0,1000,20,700,0.1439162712075434,38498.53811245403,38443.21207510313
100.0,1000,20,800,0.1012125346232406,38482.12142443493,38443.21207510313
100.0,1000,20,900,0.3148226821791988,38564.24002647381,38443.21207510313
100.0,1000,20,1000,0.3661041554279668,38583.95427199007,38443.21207510313
100.0,1000,20,1100,0.3642009083843922,38583.2226026928,38443.21207510313
100.0,1000,20,1200,0.2904235998281171,38554.8602355012,38443.21207510313
100.0,1000,20,1300,0.2634497508750488,38544.49062154336,38443.21207510313
100.0,1000,20,1400,0.3025540095404576,38559.5235546325,38443.21207510313
100.0,1000,20,1500,0.3796449253995467,38589.15977890685,38443.21207510313
100.0,1000,20,1600,0.3114446986571673,38562.94142110457,38443.21207510313
100.0,1000,20,1700,0.2253777169399591,38529.85450879639,38443.21207510313
100.0,1000,20,1800,0.1973840455224793,38519.09284232576,38443.21207510313
100.0,1000,20,1900,0.2065653923563596,38522.62244696046,38443.21207510313
100.0,1000,20,2000,0.196697048471178,38518.828738592376,38443.21207510313
100.0,1000,20,2100,0.2148141917400448,38525.79355040118,38443.21207510313
100.0,1000,20,2200,0.2026491767737274,38521.11692789871,38443.21207510313
100.0,1000,20,2300,0.2280309981849869,38530.87451533236,38443.21207510313
100.0,1000,20,2400,0.2579469882313034,38542.37518283024,38443.21207510313
100.0,1000,20,2500,0.2462210165386346,38537.86734266456,38443.21207510313
100.0,1000,20,2600,0.2636444360536036,38544.56546477943,38443.21207510313
100.0,1000,20,2700,0.2582407525280302,38542.48811526183,38443.21207510313
100.0,1000,20,2800,0.2548547860246931,38541.18644097816,38443.21207510313
100.0,1000,20,2900,0.2208832492330623,38528.12669104418,38443.21207510313
100.0,1000,20,3000,0.2212983114717072,38528.28625430082,38443.21207510313
100.0,1000,20,3100,0.2509493862165624,38539.685079847535,38443.21207510313
100.0,1000,20,3200,0.2862536223237835,38553.25716220573,38443.21207510313
100.0,1000,20,3300,0.3159485105451255,38564.672831060125,38443.21207510313
100.0,1000,20,3400,0.3304893184436855,38570.262784678,38443.21207510313
100.0,1000,20,3500,0.3425504936206623,38574.89948783004,38443.21207510313
100.0,1000,20,3600,0.3332427389983789,38571.32128798116,38443.21207510313
100.0,1000,20,3700,0.3218569783473579,38566.944235867726,38443.21207510313
100.0,1000,20,3800,0.3359705648124638,38572.36995184391,38443.21207510313
100.0,1000,20,3900,0.3583415475129084,38580.970076166726,38443.21207510313
100.0,1000,20,4000,0.374646025999631,38587.23804140912,38443.21207510313
100.0,1000,20,4100,0.3572545272740194,38580.55219067099,38443.21207510313
100.0,1000,20,4200,0.356700222052107,38580.33909793899,38443.21207510313
100.0,1000,20,4300,0.3497173065097798,38577.654640908026,38443.21207510313
100.0,1000,20,4400,0.3783185306413336,38588.649870156994,38443.21207510313
100.0,1000,20,4500,0.3777370601623259,38588.4263342276,38443.21207510313
100.0,1000,20,4600,0.3736439201377999,38586.85279972744,38443.21207510313
100.0,1000,20,4700,0.3669751982252873,38584.28912881991,38443.21207510313
100.0,1000,20,4800,0.347208430171643,38576.69014825665,38443.21207510313
100.0,1000,20,4900,0.3462173738968479,38576.30915439115,38443.21207510313
100.0,1000,20,5000,0.3292019812793109,38569.76789092178,38443.21207510313
